"trip_date","operator","trips","shared_requests","shared_requested_matches","shared_orphan_matches","actual_shared_trips","wav_requests","wav_requested_matches","wav_unrequested_matches","actual_wav_trips","access_a_ride_trips","access_a_ride_wav_requests","access_a_ride_wav_requested_matches","access_a_ride_wav_matches","all_trips_with_wait","all_sum_wait_sec","all_wait_gt10","all_wait_gt15","regular_trips_with_wait","regular_sum_wait_sec","regular_wait_gt10","regular_wait_gt15","shared_matched_trips_with_wait","shared_matched_sum_wait_sec","shared_matched_wait_gt10","shared_matched_wait_gt15","shared_unmatched_trips_with_wait","shared_unmatched_sum_wait_sec","shared_unmatched_wait_gt10","shared_unmatched_wait_gt15","wav_requested_trips_with_wait","wav_requested_sum_wait_sec","wav_requested_wait_gt10","wav_requested_wait_gt15","aar_trips_with_wait","aar_sum_wait_sec","aar_wait_gt10","aar_wait_gt15","shared_request_rate","shared_match_rate","actual_shared_rate","wav_request_rate","wav_fulfillment_rate","actual_wav_rate","access_a_ride_rate"
"2025-01-01","Lyft",157721,0,0,12,12,357,357,17026,17383,156,11,11,32,156326,51467310,12356,2359,139143,45839605,10974,2109,0,0,0,0,0,0,0,0,155,75482,48,9,153,50681,9,2,0,\N,0.0001,0.0023,1,0.1102,0.001
"2025-01-01","Uber",505485,35910,23300,0,23300,742,742,39152,39894,376,34,34,55,502022,195568167,74606,19115,429387,163151499,58857,14972,22896,12255208,7995,2225,12399,5815478,2375,478,705,479447,395,155,376,161027,68,27,0.071,0.6488,0.0461,0.0015,1,0.0789,0.0007
"2025-01-02","Lyft",124586,0,0,1,1,514,514,20006,20520,247,36,36,68,122267,33780743,5595,1038,102110,28282817,4704,883,0,0,0,0,0,0,0,0,297,119735,45,11,232,71018,16,4,0,\N,0,0.0041,1,0.1647,0.002
"2025-01-02","Uber",404442,24094,12932,0,12932,1336,1336,26670,28006,459,61,61,87,400238,106027266,20731,4917,350096,88984127,15209,3505,12750,6061693,3484,946,10978,3985664,640,125,1314,705661,414,128,459,138677,38,7,0.0596,0.5367,0.032,0.0033,1,0.0692,0.0011
"2025-01-03","Lyft",150340,0,0,1,1,519,519,25665,26184,241,27,27,71,148093,40882630,6330,946,122324,33761438,5217,794,0,0,0,0,0,0,0,0,314,120685,40,8,228,71421,12,3,0,\N,0,0.0035,1,0.1742,0.0016
"2025-01-03","Uber",462169,27979,16093,0,16093,1307,1307,30221,31528,575,60,60,96,458429,115644203,19535,4373,400867,96426159,13317,2790,15943,7530954,4357,1228,11742,4157278,613,78,1282,677016,397,99,575,170529,35,7,0.0605,0.5752,0.0348,0.0028,1,0.0682,0.0012
"2025-01-04","Lyft",168076,0,0,5,5,350,350,27244,27594,192,22,22,49,166817,44295820,5668,942,139440,36999426,4672,760,0,0,0,0,0,0,0,0,205,83055,29,6,180,49145,4,0,0,\N,0,0.0021,1,0.1642,0.0011
"2025-01-04","Uber",504053,30552,18304,0,18304,777,777,33193,33970,420,45,45,73,501472,122668049,19255,4580,438831,102317777,12821,2844,18185,8496423,4835,1392,12143,4196657,579,119,768,371016,201,46,420,118714,24,6,0.0606,0.5991,0.0363,0.0015,1,0.0674,0.0008
"2025-01-05","Lyft",143306,0,0,0,0,317,317,23934,24251,137,14,14,28,141981,38636989,5339,952,118023,32089084,4392,768,0,0,0,0,0,0,0,0,165,67289,19,6,133,40399,7,1,0,\N,0,0.0022,1,0.1692,0.001
"2025-01-05","Uber",442342,28005,16553,0,16553,676,676,28996,29672,404,37,37,54,439806,112831753,20074,4988,384054,94197416,14050,3312,16425,7761093,4449,1302,11333,3980118,524,103,667,324993,168,45,404,118226,20,5,0.0633,0.5911,0.0374,0.0015,1,0.0671,0.0009
"2025-01-06","Lyft",150259,0,0,4,4,534,534,22521,23055,187,30,30,56,147130,42992161,7947,1353,124623,36484719,6717,1151,0,0,0,0,0,0,0,0,338,141019,63,11,176,54947,12,0,0,\N,0,0.0036,1,0.1534,0.0012
"2025-01-06","Uber",412356,23581,12035,0,12035,1230,1230,26746,27976,476,48,48,78,408027,110621458,21401,4790,358273,93512285,15942,3380,11888,5748485,3336,985,11380,4173386,710,102,1207,653895,387,107,476,147234,31,4,0.0572,0.5104,0.0292,0.003,1,0.0678,0.0012
"2025-01-07","Lyft",165416,0,0,6,6,554,554,21670,22224,216,20,20,45,162389,47705646,9503,1816,140618,41376318,8257,1565,0,0,0,0,0,0,0,0,352,141900,61,12,202,59083,12,3,0,\N,0,0.0033,1,0.1344,0.0013
"2025-01-07","Uber",442847,26385,14083,0,14083,1423,1423,29382,30805,533,50,50,78,438802,118213563,22206,5121,383559,99071944,15868,3537,13919,6684832,3890,1056,12152,4470301,797,143,1389,785774,512,147,533,160917,48,8,0.0596,0.5338,0.0318,0.0032,1,0.0696,0.0012
"2025-01-08","Lyft",175747,0,0,15,15,537,537,24161,24698,202,24,24,53,172498,49386092,8758,1479,148256,42522685,7623,1294,0,0,0,0,0,0,0,0,365,145476,58,11,196,66306,18,7,0,\N,0.0001,0.0031,1,0.1405,0.0011
"2025-01-08","Uber",464979,27875,15077,0,15077,1477,1477,32091,33568,557,75,75,114,460768,121030883,21237,4721,401535,100945483,14898,3038,14902,7111379,4111,1196,12638,4555401,718,131,1448,771208,458,129,557,175486,39,10,0.0599,0.5409,0.0324,0.0032,1,0.0722,0.0012
"2025-01-09","Lyft",186872,0,0,7,7,514,514,21382,21896,230,31,31,50,183516,50058732,7864,1314,162063,44349407,7016,1173,0,0,0,0,0,0,0,0,325,127263,45,14,214,63764,9,4,0,\N,0,0.0028,1,0.1172,0.0012
"2025-01-09","Uber",499862,28889,16402,0,16402,1522,1522,37927,39449,562,56,56,99,495267,130052636,23001,5488,429499,108063579,16046,3733,16197,7729717,4441,1245,12334,4491859,769,122,1499,774209,453,116,562,171828,41,14,0.0578,0.5678,0.0328,0.003,1,0.0789,0.0011
"2025-01-10","Lyft",178250,0,0,5,5,534,534,21036,21570,239,22,22,49,175466,46579169,6901,1204,154300,41027008,6097,1050,0,0,0,0,0,0,0,0,325,122006,41,9,231,74067,21,7,0,\N,0,0.003,1,0.121,0.0013
"2025-01-10","Uber",535409,31058,18004,0,18004,1365,1365,41772,43137,572,69,69,118,531037,137860895,23265,5514,459553,114290860,15908,3628,17808,8488075,4931,1356,12901,4734094,804,146,1343,695216,412,117,572,176649,47,8,0.058,0.5797,0.0336,0.0025,1,0.0806,0.0011
"2025-01-11","Lyft",181679,0,0,1,1,333,333,21867,22200,177,16,16,31,180457,45805802,4727,693,158428,40257742,4104,607,0,0,0,0,0,0,0,0,185,65091,18,5,167,44005,9,0,0,\N,0,0.0018,1,0.1222,0.001
"2025-01-11","Uber",572041,33350,20637,0,20637,746,746,44320,45066,421,55,55,80,569685,144851881,21833,4876,493716,119989702,14266,2905,20525,9737507,5588,1564,12600,4530811,645,139,742,371080,196,51,421,127392,25,8,0.0583,0.6188,0.0361,0.0013,1,0.0788,0.0007
"2025-01-12","Lyft",147780,0,0,4,4,315,315,19046,19361,143,21,21,30,146728,39637036,5547,889,127540,34482903,4774,768,0,0,0,0,0,0,0,0,166,69999,24,7,134,35918,3,0,0,\N,0,0.0021,1,0.131,0.001
"2025-01-12","Uber",485540,30750,18913,0,18913,661,661,36379,37040,390,45,45,83,483207,129596444,23902,5811,417771,107364121,16655,3952,18779,8884704,5088,1421,11761,4262989,620,118,655,328339,188,37,390,114810,24,5,0.0633,0.6151,0.039,0.0014,1,0.0763,0.0008
"2025-01-13","Lyft",136203,0,0,5,5,560,560,21960,22520,215,25,25,60,133349,38711203,7020,1167,111362,32359395,5880,980,0,0,0,0,0,0,0,0,371,139857,47,6,203,63369,14,1,0,\N,0,0.0041,1,0.1653,0.0016
"2025-01-13","Uber",437247,24144,12457,0,12457,1443,1443,28473,29916,473,59,59,86,432678,114474776,20933,4984,380592,96851876,15477,3631,12319,5863182,3322,882,11547,4199315,667,93,1417,750865,420,113,473,145757,37,9,0.0552,0.5159,0.0285,0.0033,1,0.0684,0.0011
"2025-01-14","Lyft",139558,0,0,8,8,505,505,20052,20557,212,25,25,58,136809,38689762,6673,993,116707,33010000,5636,853,0,0,0,0,0,0,0,0,321,127960,54,13,198,55546,10,0,0,\N,0.0001,0.0036,1,0.1473,0.0015
"2025-01-14","Uber",475963,26592,13877,0,13877,1500,1500,34631,36131,563,64,64,102,471396,123363768,20290,4138,410785,103141329,14425,2715,13698,6408474,3473,931,12590,4546347,693,115,1471,786202,478,140,563,177168,36,12,0.0559,0.5218,0.0292,0.0032,1,0.0759,0.0012
"2025-01-15","Lyft",146566,0,0,7,7,490,490,17239,17729,175,31,31,53,143751,40211515,7237,1390,126419,35414022,6359,1198,0,0,0,0,0,0,0,0,323,131255,57,18,163,49788,12,2,0,\N,0,0.0033,1,0.121,0.0012
"2025-01-15","Uber",510089,28701,16008,0,16008,1560,1560,40459,42019,543,77,77,111,504984,133153611,22102,4807,436844,110519443,15310,3001,15804,7572786,4318,1292,12587,4562555,712,135,1532,802724,470,124,543,172216,41,10,0.0563,0.5578,0.0314,0.0031,1,0.0824,0.0011
"2025-01-16","Lyft",169822,0,0,8,8,537,537,20597,21134,220,26,26,53,166757,47353947,9184,1643,146044,41500705,8009,1446,0,0,0,0,0,0,0,0,354,142388,60,11,210,61248,14,4,0,\N,0,0.0032,1,0.1244,0.0013
"2025-01-16","Uber",516906,26667,14923,0,14923,1511,1511,42293,43804,522,59,59,107,511808,140400762,26710,6070,443866,117463740,19739,4278,14730,7135507,4078,1200,11647,4308211,753,136,1477,764802,431,115,522,165154,38,7,0.0516,0.5596,0.0289,0.0029,1,0.0847,0.001
"2025-01-17","Lyft",176759,0,0,3,3,533,533,21785,22318,225,29,29,50,173805,48626596,7785,1348,151908,42560812,6833,1179,0,0,0,0,0,0,0,0,362,150816,56,17,211,61942,14,3,0,\N,0,0.003,1,0.1263,0.0013
"2025-01-17","Uber",549740,26516,15122,0,15122,1413,1413,43883,45296,617,72,72,114,544867,146932303,25432,6021,475440,123975701,18652,4145,14921,7228103,4090,1303,11291,4242760,811,145,1381,734156,438,128,617,205168,63,13,0.0482,0.5703,0.0275,0.0026,1,0.0824,0.0011
"2025-01-18","Lyft",189922,0,0,8,8,372,372,23099,23471,175,10,10,24,188464,50562921,6240,936,165189,44305095,5424,815,0,0,0,0,0,0,0,0,214,82867,34,3,171,51928,12,2,0,\N,0,0.002,1,0.1236,0.0009
"2025-01-18","Uber",567017,29342,17964,0,17964,822,822,44534,45356,413,54,54,76,564458,149420340,23756,5223,492047,125341075,16407,3283,17839,8665283,5057,1491,11318,4182672,690,144,814,426469,258,61,413,134552,35,8,0.0517,0.6122,0.0317,0.0014,1,0.08,0.0007
"2025-01-19","Lyft",166245,0,0,47,47,282,282,19239,19521,151,15,15,34,164992,52182415,12332,2906,145583,46105036,10871,2613,0,0,0,0,0,0,0,0,158,65561,30,8,148,49025,13,5,0,\N,0.0003,0.0017,1,0.1174,0.0009
"2025-01-19","Uber",493788,29450,18207,0,18207,587,587,40758,41345,331,35,35,58,491409,159019093,45648,12111,423387,132313192,34746,9249,18029,9258237,5672,1551,11165,4816700,1632,353,583,321864,200,59,331,121797,41,10,0.0596,0.6182,0.0369,0.0012,1,0.0837,0.0007
"2025-01-20","Lyft",135966,0,0,18,18,270,270,17752,18022,107,6,6,27,133745,43075193,11613,3703,116096,37488872,10119,3224,0,0,0,0,0,0,0,0,146,56004,24,8,102,30738,8,2,0,\N,0.0001,0.002,1,0.1325,0.0008
"2025-01-20","Uber",434918,22012,11438,0,11438,630,630,33590,34220,284,24,24,39,431398,132239710,34517,9704,377306,112964256,28099,7996,11267,5554057,3155,888,10465,4360470,1221,234,619,325934,188,59,284,93974,22,6,0.0506,0.5196,0.0263,0.0014,1,0.0787,0.0007
"2025-01-21","Lyft",152250,0,0,22,22,435,435,18131,18566,206,17,17,46,148881,44549467,9756,1935,130693,39192312,8559,1680,0,0,0,0,0,0,0,0,297,118920,54,17,194,60544,17,6,0,\N,0.0001,0.0029,1,0.1219,0.0014
"2025-01-21","Uber",493158,22197,11345,0,11345,1329,1329,38471,39800,427,36,36,74,488138,142768790,34888,9306,428478,122114667,28028,7481,11081,5447635,3178,940,10682,4164287,971,182,1310,708912,439,129,427,141660,44,5,0.045,0.5111,0.023,0.0027,1,0.0807,0.0009
"2025-01-22","Lyft",171499,0,0,29,29,440,440,20623,21063,178,11,11,28,168165,48481798,9216,1681,147503,42553598,8056,1485,0,0,0,0,0,0,0,0,311,125037,49,8,173,50850,10,1,0,\N,0.0002,0.0026,1,0.1228,0.001
"2025-01-22","Uber",514215,23891,12385,0,12385,1459,1459,40845,42304,451,53,53,85,509397,141074212,27890,6096,445616,119447454,21251,4398,12143,5946726,3391,1032,11344,4244011,763,122,1434,789267,504,154,450,150145,46,13,0.0465,0.5184,0.0241,0.0028,1,0.0823,0.0009
"2025-01-23","Lyft",180422,0,0,58,58,540,540,21959,22499,190,23,23,44,176939,51054171,9790,1811,154883,44741726,8569,1571,0,0,0,0,0,0,0,0,364,148424,56,17,185,54315,8,2,0,\N,0.0003,0.003,1,0.1247,0.0011
"2025-01-23","Uber",517586,24796,13134,0,13134,1468,1468,41687,43155,453,66,66,93,512567,140944855,27377,5952,447114,118944268,20720,4290,12917,6208012,3454,1030,11514,4268451,749,125,1450,784917,510,142,453,145104,38,7,0.0479,0.5297,0.0254,0.0028,1,0.0834,0.0009
"2025-01-24","Lyft",193088,0,0,16,16,504,504,23489,23993,210,27,27,47,189719,52856173,7758,1181,166180,46365365,6793,1047,0,0,0,0,0,0,0,0,329,135461,55,9,198,61651,17,0,0,\N,0.0001,0.0026,1,0.1243,0.0011
"2025-01-24","Uber",561211,28303,16422,0,16422,1391,1391,44207,45598,540,72,72,109,556775,149020127,24827,5306,485168,125113415,17674,3419,16263,7895506,4537,1358,11784,4365053,736,148,1370,712834,407,114,540,179159,41,15,0.0504,0.5802,0.0293,0.0025,1,0.0812,0.001
"2025-01-25","Lyft",196908,0,0,30,30,330,330,23933,24263,206,14,14,33,195539,53799200,6953,1086,171387,47151611,6018,935,0,0,0,0,0,0,0,0,200,78450,24,5,201,52774,7,1,0,\N,0.0002,0.0017,1,0.1232,0.001
"2025-01-25","Uber",594322,31532,19334,0,19334,759,759,47874,48633,394,50,50,74,592095,161676915,28001,6255,514341,134971877,19511,4085,19225,9316123,5362,1558,12152,4529737,813,147,747,395656,236,73,394,131051,39,8,0.0531,0.6132,0.0325,0.0013,1,0.0818,0.0007
"2025-01-26","Lyft",159299,0,0,22,22,319,319,19503,19822,149,14,14,25,157921,44090816,6540,1081,138285,38655820,5716,938,0,0,0,0,0,0,0,0,161,63954,22,7,144,42621,6,1,0,\N,0.0001,0.002,1,0.1244,0.0009
"2025-01-26","Uber",497252,28558,17425,0,17425,692,692,38538,39230,348,47,47,69,495096,139840187,27783,6164,429379,116853319,20159,4208,17333,8387856,4804,1368,11094,4206228,806,148,688,365196,219,57,348,113186,27,8,0.0574,0.6102,0.035,0.0014,1,0.0789,0.0007
"2025-01-27","Lyft",136619,0,0,3,3,512,512,16367,16879,185,16,16,33,133334,35064043,4640,784,116926,30800472,4056,679,0,0,0,0,0,0,0,0,351,129752,49,11,181,49841,10,1,0,\N,0,0.0037,1,0.1235,0.0014
"2025-01-27","Uber",434453,21020,10094,0,10094,1414,1414,31628,33042,412,65,65,90,430032,111996080,18396,3976,377770,95149958,13835,2784,9970,4727288,2584,786,10870,3944806,579,101,1382,694233,379,99,412,124793,30,4,0.0484,0.4802,0.0232,0.0033,1,0.0761,0.0009
"2025-01-28","Lyft",144588,0,0,15,15,476,476,16623,17099,201,17,17,47,141421,37258743,4886,719,124742,32897807,4305,635,0,0,0,0,0,0,0,0,312,127876,47,17,196,53486,9,2,0,\N,0.0001,0.0033,1,0.1183,0.0014
"2025-01-28","Uber",458308,20927,10090,0,10090,1472,1472,34015,35487,490,60,60,88,454204,117167685,18673,3853,399482,99532921,13755,2690,9984,4689053,2644,701,10764,3879936,547,90,1436,756168,434,122,490,148384,36,8,0.0457,0.4822,0.022,0.0032,1,0.0774,0.0011
"2025-01-29","Lyft",150057,0,0,14,14,507,507,17265,17772,210,19,19,41,146768,37420888,4105,656,129373,32972362,3581,572,0,0,0,0,0,0,0,0,336,122557,40,9,201,52485,5,0,0,\N,0.0001,0.0034,1,0.1184,0.0014
"2025-01-29","Uber",467200,19487,9632,0,9632,1508,1508,34078,35586,487,67,67,95,462944,116592567,18237,3748,409447,99674349,13629,2678,9539,4428849,2407,630,9804,3523331,479,82,1468,753708,441,120,487,148107,36,7,0.0417,0.4943,0.0206,0.0032,1,0.0762,0.001
"2025-01-30","Lyft",165676,0,0,23,23,549,549,19751,20300,199,22,22,49,162125,45050041,7457,1366,142277,39561647,6488,1179,0,0,0,0,0,0,0,0,371,149165,62,16,195,57645,15,2,0,\N,0.0001,0.0033,1,0.1225,0.0012
"2025-01-30","Uber",520969,24432,12745,0,12745,1463,1463,40412,41875,482,50,50,80,516533,137714525,24493,5317,452223,116525669,18356,3838,12650,5942168,3286,897,11614,4222121,667,115,1437,749037,454,115,482,154880,44,14,0.0469,0.5217,0.0245,0.0028,1,0.0804,0.0009
"2025-01-31","Lyft",193440,0,0,27,27,517,517,22826,23343,194,15,15,36,189991,54884842,8780,1359,167117,48308957,7672,1202,0,0,0,0,0,0,0,0,335,138431,64,11,189,54689,10,0,0,\N,0.0001,0.0027,1,0.1207,0.001
"2025-01-31","Uber",570844,28929,16445,0,16445,1329,1329,46136,47465,507,61,61,85,566571,158557209,29040,6098,492679,133094293,21280,4319,16323,7790089,4405,1162,12409,4753730,890,133,1299,722675,463,134,507,172746,50,11,0.0507,0.5685,0.0288,0.0023,1,0.0831,0.0009
"2025-02-01","Lyft",204646,0,0,16,16,412,412,23812,24224,216,21,21,48,203143,57008783,7100,1001,179119,50198005,6157,862,0,0,0,0,0,0,0,0,213,92992,42,10,211,67676,13,4,0,\N,0.0001,0.002,1,0.1184,0.0011
"2025-02-01","Uber",593395,30858,18627,0,18627,846,846,46932,47778,516,60,60,98,591511,165465181,30578,6677,515098,138641864,21819,4540,18532,8918292,5109,1358,12192,4630423,854,151,839,456178,272,71,516,166006,41,9,0.052,0.6036,0.0314,0.0014,1,0.0805,0.0009
"2025-02-02","Lyft",181599,0,0,27,27,340,340,21729,22069,167,22,22,38,180282,53335739,9059,1721,158358,46867231,7925,1521,0,0,0,0,0,0,0,0,184,78595,40,5,161,49605,12,1,0,\N,0.0001,0.0019,1,0.1215,0.0009
"2025-02-02","Uber",510657,29983,17951,0,17951,731,731,39930,40661,427,38,38,61,508639,151837645,34103,8124,440204,126782577,25246,5974,17834,8666454,5055,1326,11995,4804622,1126,196,723,390457,244,69,427,140709,38,8,0.0587,0.5987,0.0352,0.0014,1,0.0796,0.0008
"2025-02-03","Lyft",140678,0,0,16,16,574,574,16344,16918,221,34,34,62,137360,37803857,6216,1113,120893,33337931,5480,986,0,0,0,0,0,0,0,0,353,138195,66,14,204,58103,10,0,0,\N,0.0001,0.0041,1,0.1203,0.0016
"2025-02-03","Uber",432639,20857,9959,0,9959,1520,1520,31283,32803,520,75,75,110,428519,115831336,21780,4722,376525,98631607,16791,3616,9857,4645090,2609,634,10826,4059377,744,100,1498,774971,456,115,520,165027,50,9,0.0482,0.4775,0.023,0.0035,1,0.0758,0.0012
"2025-02-04","Lyft",143336,0,0,11,11,506,506,16555,17061,216,37,37,53,140192,37026376,4872,890,123552,32606385,4231,792,0,0,0,0,0,0,0,0,336,131682,60,10,194,54452,14,3,0,\N,0.0001,0.0035,1,0.119,0.0015
"2025-02-04","Uber",467357,21162,10106,0,10106,1551,1551,36377,37928,523,72,72,105,463339,120656754,20899,4843,406025,102249770,15741,3633,9946,4665265,2581,696,10975,3969070,581,81,1524,789239,479,122,523,160334,35,5,0.0453,0.4776,0.0216,0.0033,1,0.0812,0.0011
"2025-02-05","Lyft",162797,0,0,18,18,557,557,17897,18454,264,50,50,75,159169,42297301,5512,909,141081,37468101,4822,797,0,0,0,0,0,0,0,0,386,142296,48,10,244,69561,17,0,0,\N,0.0001,0.0034,1,0.1134,0.0016
"2025-02-05","Uber",488775,23059,11352,0,11352,1575,1575,39800,41375,565,71,71,115,484305,126198442,21933,5010,421954,106121377,16273,3612,11189,5265647,2950,807,11615,4204298,602,103,1549,786928,432,120,564,170587,39,11,0.0472,0.4923,0.0232,0.0032,1,0.0847,0.0012
"2025-02-06","Lyft",179018,0,0,23,23,452,452,18482,18934,197,21,21,40,174976,48381070,7839,1563,156472,43252190,6927,1363,0,0,0,0,0,0,0,0,272,102082,35,10,190,57069,14,1,0,\N,0.0001,0.0025,1,0.1058,0.0011
"2025-02-06","Uber",530229,25794,13305,0,13305,1263,1263,44731,45994,465,49,49,91,525264,140228367,26035,5746,456066,117760882,19462,4211,13064,6271913,3605,962,12341,4583791,839,129,1238,629548,356,90,465,145473,36,8,0.0486,0.5158,0.0251,0.0024,1,0.0867,0.0009
"2025-02-07","Lyft",202427,0,0,10,10,577,577,21088,21665,273,30,30,50,198923,56109128,7887,1365,177590,50031810,6932,1209,0,0,0,0,0,0,0,0,375,144279,48,7,261,79066,15,2,0,\N,0,0.0029,1,0.107,0.0013
"2025-02-07","Uber",567666,29352,16403,0,16403,1435,1435,48174,49609,588,54,54,96,563263,152241042,25759,5825,486963,126932794,18434,4042,16178,7766273,4476,1194,12842,4846272,830,149,1413,748839,447,124,587,181673,39,8,0.0517,0.5588,0.0289,0.0025,1,0.0874,0.001
"2025-02-08","Lyft",199897,0,0,24,24,388,388,20375,20763,205,16,16,35,198263,63601850,17725,6131,177648,57005771,15830,5484,0,0,0,0,0,0,0,0,214,84769,30,9,194,53769,11,1,0,\N,0.0001,0.0019,1,0.1039,0.001
"2025-02-08","Uber",578510,33661,19616,0,19616,846,846,50056,50902,493,43,43,71,575954,177594214,51111,15332,494436,146864601,38670,11901,19411,9882087,6176,1735,13955,5888331,2012,496,840,441974,262,70,493,167246,50,13,0.0582,0.5828,0.0339,0.0015,1,0.088,0.0009
"2025-02-09","Lyft",171049,0,0,22,22,280,280,18813,19093,153,13,13,27,169468,57856738,16254,4567,150524,51455440,14427,4037,0,0,0,0,0,0,0,0,145,69905,38,15,147,47748,10,2,0,\N,0.0001,0.0016,1,0.1116,0.0009
"2025-02-09","Uber",524754,34008,20505,0,20505,555,555,45677,46232,331,33,33,53,521840,184779182,62527,19354,445150,153517929,49057,15850,20217,10509156,6672,1698,13400,6029070,2214,450,546,326754,212,79,331,130351,54,19,0.0648,0.6029,0.0391,0.0011,1,0.0881,0.0006
"2025-02-10","Lyft",149437,0,0,6,6,481,481,15234,15715,227,29,29,58,145790,41970581,7394,1371,130445,37558344,6570,1213,0,0,0,0,0,0,0,0,329,139832,64,23,214,67571,16,6,0,\N,0,0.0032,1,0.1052,0.0015
"2025-02-10","Uber",462163,23595,11627,0,11627,1569,1569,36585,38154,504,54,54,89,457447,130184313,27452,6323,397920,109957580,21355,4833,11416,5510338,3141,841,11858,4605258,889,159,1541,840568,530,163,504,169352,46,10,0.0511,0.4928,0.0252,0.0034,1,0.0826,0.0011
"2025-02-11","Lyft",151742,0,0,11,11,543,543,15047,15590,226,32,32,51,148108,40990946,6003,964,132882,36771293,5333,854,0,0,0,0,0,0,0,0,357,135307,48,15,217,64446,12,5,0,\N,0.0001,0.0036,1,0.1027,0.0015
"2025-02-11","Uber",483930,24138,11553,0,11553,1445,1445,40483,41928,598,70,70,120,479402,128662389,22499,4804,415759,107630935,16568,3441,11369,5421280,3069,786,12472,4603988,718,107,1421,739686,456,127,598,189457,44,10,0.0499,0.4786,0.0239,0.003,1,0.0866,0.0012
"2025-02-12","Lyft",160939,0,0,13,13,529,529,16154,16683,248,15,15,49,156855,43857866,7059,1148,140588,39252204,6240,1011,0,0,0,0,0,0,0,0,372,137892,50,14,243,67391,8,2,0,\N,0.0001,0.0033,1,0.1037,0.0015
"2025-02-12","Uber",511676,25382,12816,0,12816,1411,1411,44292,45703,520,59,59,103,506719,138415174,26614,5671,438235,115791057,19966,4084,12625,6042010,3375,909,12462,4665829,846,139,1383,702949,405,119,520,166185,50,12,0.0496,0.5049,0.025,0.0028,1,0.0893,0.001
"2025-02-13","Lyft",177388,0,0,21,21,490,490,18599,19089,246,17,17,37,173378,50720205,8785,1464,154693,45202200,7741,1283,0,0,0,0,0,0,0,0,339,137619,59,17,237,69035,12,3,0,\N,0.0001,0.0028,1,0.1076,0.0014
"2025-02-13","Uber",537205,27608,14787,0,14787,1522,1522,47332,48854,590,63,63,116,531888,151800068,30687,6755,458278,126371198,22834,4921,14555,7069213,4064,1066,12720,4834802,927,146,1500,801257,471,140,590,193198,52,12,0.0514,0.5356,0.0275,0.0028,1,0.0909,0.0011
"2025-02-14","Lyft",202308,0,0,30,30,552,552,21968,22520,289,31,31,56,198828,67618032,17473,3300,176689,60048626,15489,2916,0,0,0,0,0,0,0,0,345,157923,79,20,273,97009,33,5,0,\N,0.0001,0.0027,1,0.1113,0.0014
"2025-02-14","Uber",610585,31343,18147,0,18147,1526,1526,54497,56023,650,94,94,129,605627,201365276,53878,12711,521397,168802855,42030,9927,17923,9127816,5475,1419,13093,5648209,1761,283,1507,929000,645,243,650,264191,106,27,0.0513,0.579,0.0297,0.0025,1,0.0918,0.0011
"2025-02-15","Lyft",215827,0,0,14,14,356,356,22938,23294,223,15,15,36,214157,65136355,10659,1595,190979,57970391,9369,1392,0,0,0,0,0,0,0,0,205,84906,33,10,218,70558,17,2,0,\N,0.0001,0.0016,1,0.1079,0.001
"2025-02-15","Uber",600825,35415,21874,0,21874,768,768,54110,54878,475,45,45,95,597953,180807203,39431,8858,511006,148857783,28571,6292,21664,10666583,6246,1598,13468,5377749,1225,237,757,406554,254,79,475,166133,51,13,0.0589,0.6176,0.0364,0.0013,1,0.0913,0.0008
"2025-02-16","Lyft",172449,0,0,20,20,300,300,17924,18224,145,15,15,31,171069,52591029,10832,1917,152988,46982947,9565,1689,0,0,0,0,0,0,0,0,175,71906,28,6,140,41875,7,1,0,\N,0.0001,0.0017,1,0.1057,0.0008
"2025-02-16","Uber",522188,30378,18106,0,18106,619,619,46216,46835,326,31,31,55,519493,155883593,33968,7500,445200,129199248,25093,5481,17915,8827353,5157,1285,12205,4877323,1131,191,615,321742,189,52,326,121322,44,14,0.0582,0.596,0.0347,0.0012,1,0.0897,0.0006
"2025-02-17","Lyft",148434,0,0,3,3,352,352,14981,15333,169,18,18,42,146251,39376677,5586,1294,131134,35267129,4909,1093,0,0,0,0,0,0,0,0,223,78654,27,5,165,47839,6,2,0,\N,0,0.0024,1,0.1033,0.0011
"2025-02-17","Uber",442539,24068,12305,0,12305,852,852,35988,36840,353,41,41,68,439036,118008990,22569,5534,380393,99197978,17517,4280,12173,5699437,3114,834,11695,4301188,648,121,838,410086,224,45,353,103476,23,1,0.0544,0.5113,0.0278,0.0019,1,0.0832,0.0008
"2025-02-18","Lyft",157658,0,0,7,7,506,506,14934,15440,215,27,27,45,154141,41539572,6162,1314,139108,37476070,5450,1165,0,0,0,0,0,0,0,0,322,115817,40,7,199,58530,9,1,0,\N,0,0.0032,1,0.0979,0.0014
"2025-02-18","Uber",476932,22814,11065,0,11065,1411,1411,38421,39832,516,74,74,112,472242,125276261,22761,5193,411700,105858930,17495,3935,10896,5117391,2813,758,11652,4270604,662,102,1384,698175,374,91,516,155330,27,6,0.0478,0.485,0.0232,0.003,1,0.0835,0.0011
"2025-02-19","Lyft",159865,0,0,12,12,510,510,17209,17719,271,32,32,61,156459,40671936,4808,808,139064,36138719,4221,694,0,0,0,0,0,0,0,0,335,131538,48,14,260,73124,15,4,0,\N,0.0001,0.0032,1,0.1108,0.0017
"2025-02-19","Uber",494156,20994,10086,0,10086,1500,1500,41307,42807,516,85,85,136,489599,125753379,20072,4257,427858,106575510,15224,3164,9941,4634649,2546,661,10835,3914211,550,106,1474,710420,367,68,516,171255,57,7,0.0425,0.4804,0.0204,0.003,1,0.0866,0.001
"2025-02-20","Lyft",177754,0,0,50,50,531,531,20784,21315,256,33,33,61,174165,48425008,7250,1242,153255,42659426,6355,1105,0,0,0,0,0,0,0,0,346,132443,48,12,244,66089,5,2,0,\N,0.0003,0.003,1,0.1199,0.0014
"2025-02-20","Uber",526954,22330,11295,0,11295,1481,1481,44319,45800,463,73,73,107,522455,141916258,25886,5680,456651,119953035,19505,4201,11126,5284194,2946,759,10955,4039080,643,112,1451,746445,432,106,463,147303,33,3,0.0424,0.5058,0.0214,0.0028,1,0.0869,0.0009
"2025-02-21","Lyft",212455,0,0,10,10,552,552,25384,25936,291,33,33,67,209058,56911920,6601,1111,183527,49939424,5711,967,0,0,0,0,0,0,0,0,344,132919,49,5,276,83238,17,2,0,\N,0,0.0026,1,0.1221,0.0014
"2025-02-21","Uber",559889,23924,12704,0,12704,1360,1360,45225,46585,413,43,43,70,555712,145897473,22407,4884,487405,124069877,16690,3415,12547,6004119,3358,981,11124,4145514,651,123,1330,693439,409,97,413,130546,27,9,0.0427,0.531,0.0227,0.0024,1,0.0832,0.0007
"2025-02-22","Lyft",194128,0,0,33,33,394,394,23283,23677,251,15,15,41,192616,54574393,7967,1292,169070,47977383,6993,1142,0,0,0,0,0,0,0,0,226,91633,34,3,245,72217,11,0,0,\N,0.0002,0.002,1,0.122,0.0013
"2025-02-22","Uber",607152,25874,15227,0,15227,935,935,50168,51103,450,54,54,79,604789,168520409,30203,6707,529979,143330139,22809,4883,15069,7361364,4252,1212,10581,4056669,776,150,928,478874,282,70,450,154847,43,7,0.0426,0.5885,0.0251,0.0015,1,0.0842,0.0007
"2025-02-23","Lyft",182844,0,0,36,36,389,389,22004,22393,174,17,17,38,181372,52638610,8521,1486,159197,46245275,7438,1317,0,0,0,0,0,0,0,0,227,92501,39,3,167,53234,12,3,0,\N,0.0002,0.0021,1,0.1225,0.001
"2025-02-23","Uber",478561,22935,13033,0,13033,754,754,37299,38053,359,38,38,62,476239,135890773,27246,6381,417193,115542949,20926,4798,12906,6304044,3653,1018,9853,3805925,743,146,746,393792,247,61,359,119149,30,7,0.0479,0.5683,0.0272,0.0016,1,0.0795,0.0008
"2025-02-24","Lyft",147929,0,0,6,6,546,546,17516,18062,237,31,31,60,144385,38908385,5927,1307,126753,34184399,5171,1120,0,0,0,0,0,0,0,0,360,136985,49,14,219,66348,12,2,0,\N,0,0.0037,1,0.1221,0.0016
"2025-02-24","Uber",434856,17490,8008,0,8008,1500,1500,31519,33019,384,66,66,93,430351,114867538,21159,5085,381557,99212280,16847,4053,7864,3765563,2110,578,9400,3475734,579,93,1465,756684,454,104,384,131794,42,8,0.0402,0.4579,0.0184,0.0034,1,0.0759,0.0009
"2025-02-25","Lyft",160646,0,0,14,14,529,529,18553,19082,268,29,29,50,157183,41830789,5540,971,138444,36881633,4859,844,0,0,0,0,0,0,0,0,374,144094,51,13,257,73698,14,2,0,\N,0.0001,0.0033,1,0.1188,0.0017
"2025-02-25","Uber",446239,16658,7794,0,7794,1569,1569,34556,36125,425,49,49,79,441934,116120117,20687,4498,390793,99852683,16212,3474,7665,3657109,2062,561,8750,3225191,523,83,1547,799351,464,118,424,130492,30,4,0.0373,0.4679,0.0175,0.0035,1,0.081,0.001
"2025-02-26","Lyft",172984,0,0,27,27,583,583,20041,20624,325,33,33,78,169150,47258757,7610,1450,148936,41615724,6646,1261,0,0,0,0,0,0,0,0,382,167134,81,18,316,91425,18,4,0,\N,0.0002,0.0034,1,0.1192,0.0019
"2025-02-26","Uber",469371,17597,8018,0,8018,1700,1700,36591,38291,479,63,63,90,464762,124404740,22695,5062,410529,106880513,17831,3908,7866,3801555,2197,608,9478,3487525,581,89,1668,871956,483,129,479,157294,45,7,0.0375,0.4556,0.0171,0.0036,1,0.0816,0.001
"2025-02-27","Lyft",185375,0,0,41,41,595,595,19721,20316,318,33,33,56,181403,53660409,10296,2085,161533,47766209,9112,1848,0,0,0,0,0,0,0,0,384,164006,68,20,307,97386,22,5,0,\N,0.0002,0.0032,1,0.1096,0.0017
"2025-02-27","Uber",507343,20421,10129,0,10129,1564,1564,42986,44550,439,51,51,84,502385,139646032,26756,6264,439556,118812579,20861,4868,9982,4810967,2699,703,10206,3788188,666,114,1528,847238,559,168,439,156620,50,17,0.0403,0.496,0.02,0.0031,1,0.0878,0.0009
"2025-02-28","Lyft",203891,0,0,42,42,620,620,19473,20093,306,35,35,73,200326,64443076,14093,2482,180534,57959305,12505,2174,0,0,0,0,0,0,0,0,400,172092,86,16,299,98424,21,4,0,\N,0.0002,0.003,1,0.0985,0.0015
"2025-02-28","Uber",544264,23619,12785,0,12785,1524,1524,50817,52341,495,64,64,107,539800,162778921,35752,8116,466298,136960105,27640,6210,12632,6272516,3683,961,10761,4354112,1082,169,1502,871919,583,196,495,183593,68,14,0.0434,0.5413,0.0235,0.0028,1,0.0962,0.0009
"2025-03-01","Lyft",215596,0,0,74,74,459,459,19485,19944,294,31,31,49,213960,70645982,17594,3531,194015,63818781,15622,3134,0,0,0,0,0,0,0,0,275,121264,59,13,281,91014,29,4,0,\N,0.0003,0.0021,1,0.0925,0.0014
"2025-03-01","Uber",573760,26931,15764,0,15764,894,894,53744,54638,465,57,57,86,571495,184024252,50325,12726,492398,154321116,39366,10069,15611,7979397,4964,1321,11115,4694220,1438,272,890,508609,348,105,465,179184,63,17,0.0469,0.5853,0.0275,0.0016,1,0.0952,0.0008
"2025-03-02","Lyft",199047,0,0,80,80,386,386,17523,17909,249,17,17,45,197441,65767019,17494,4286,179552,59683322,15671,3855,0,0,0,0,0,0,0,0,225,100904,48,12,241,78912,21,5,0,\N,0.0004,0.0019,1,0.09,0.0013
"2025-03-02","Uber",500681,26255,15208,0,15208,756,756,45789,46545,366,40,40,79,498309,160070104,45293,12415,428181,134092633,35777,10054,15099,7606781,4593,1167,10987,4601313,1361,252,752,413076,262,75,366,131054,40,11,0.0524,0.5792,0.0304,0.0015,1,0.093,0.0007
"2025-03-03","Lyft",165302,0,0,13,13,579,579,13066,13645,299,52,52,82,161734,46863257,8955,1919,148412,42837956,7991,1687,0,0,0,0,0,0,0,0,395,151447,61,16,281,89523,25,5,0,\N,0.0001,0.0035,1,0.0825,0.0018
"2025-03-03","Uber",437400,19340,8996,0,8996,1509,1509,36716,38225,428,52,52,85,432979,120840311,25726,5935,377395,102499941,20375,4668,8857,4289545,2455,655,10239,3890240,780,124,1492,753994,407,123,428,142845,38,10,0.0442,0.4651,0.0206,0.0034,1,0.0874,0.001
"2025-03-04","Lyft",166214,0,0,33,33,567,567,12937,13504,311,37,37,66,162742,45152268,7078,1274,149462,41319511,6324,1143,0,0,0,0,0,0,0,0,387,141360,47,7,296,86175,20,1,0,\N,0.0002,0.0034,1,0.0812,0.0019
"2025-03-04","Uber",439105,18193,8433,0,8433,1464,1464,38701,40165,506,58,58,102,434741,115164001,20761,4515,378328,97060639,15790,3304,8304,3988179,2252,623,9672,3495898,472,83,1441,719825,407,102,506,156134,20,7,0.0414,0.4635,0.0192,0.0033,1,0.0915,0.0012
"2025-03-05","Lyft",184755,0,0,121,121,618,618,15364,15982,260,44,44,72,180774,60796758,19280,5810,165093,55140882,17176,5188,0,0,0,0,0,0,0,0,408,167774,76,24,246,90051,30,11,0,\N,0.0007,0.0033,1,0.0865,0.0014
"2025-03-05","Uber",510936,22490,11134,0,11134,1514,1514,48169,49683,552,81,81,131,505649,156979939,46011,12405,436184,131394799,36493,9830,10926,5409009,3177,858,11253,4494618,1131,208,1477,779397,470,136,552,202685,70,15,0.044,0.4951,0.0218,0.003,1,0.0972,0.0011
"2025-03-06","Lyft",192130,0,0,49,49,621,621,15697,16318,279,38,38,67,187905,54868027,10133,1975,171885,49954278,9028,1773,0,0,0,0,0,0,0,0,432,161971,61,13,268,76477,22,2,0,\N,0.0003,0.0032,1,0.0849,0.0015
"2025-03-06","Uber",481996,18435,8697,0,8697,1612,1612,44142,45754,556,77,77,115,477094,132173222,27728,6008,414887,111801148,21889,4590,8560,4165753,2386,694,9637,3576632,623,118,1568,825061,484,130,556,194629,60,19,0.0382,0.4718,0.018,0.0033,1,0.0949,0.0012
"2025-03-07","Lyft",206374,0,0,42,42,559,559,17974,18533,244,13,13,37,202556,58563569,10156,1875,184357,53122514,9076,1661,0,0,0,0,0,0,0,0,359,130197,47,10,239,71044,10,3,0,\N,0.0002,0.0027,1,0.0898,0.0012
"2025-03-07","Uber",536085,19383,9679,0,9679,1476,1476,49821,51297,570,81,81,135,531587,145493110,28590,6016,462855,123734352,22675,4659,9580,4674428,2770,722,9638,3605011,623,104,1450,755500,446,120,570,198614,71,13,0.0362,0.4994,0.0181,0.0028,1,0.0957,0.0011
"2025-03-08","Lyft",211988,0,0,51,51,418,418,17937,18355,233,16,16,46,210427,62066938,11405,2122,192109,56348409,10115,1857,0,0,0,0,0,0,0,0,257,109757,49,12,224,67858,16,7,0,\N,0.0002,0.002,1,0.0866,0.0011
"2025-03-08","Uber",555418,21337,11799,0,11799,863,863,50920,51783,471,52,52,95,553092,158770344,36361,8231,481838,134987372,28949,6460,11714,5792920,3492,962,9496,3636101,782,135,853,425410,232,59,471,168277,53,12,0.0384,0.553,0.0212,0.0016,1,0.0932,0.0008
"2025-03-09","Lyft",170651,0,0,71,71,365,365,14823,15188,191,25,25,47,169288,55760469,13189,3726,154118,50454986,11631,3265,0,0,0,0,0,0,0,0,232,97864,37,8,177,50857,9,0,0,\N,0.0004,0.0021,1,0.089,0.0011
"2025-03-09","Uber",465995,20175,11121,0,11121,724,724,41930,42654,378,47,47,80,463959,146043760,37495,10425,402981,123754012,30087,8380,11041,5912930,3427,1004,9015,3673566,891,184,719,384883,226,71,378,139883,55,14,0.0433,0.5512,0.0239,0.0016,1,0.0915,0.0008
"2025-03-10","Lyft",153159,0,0,8,8,492,492,11829,12321,248,15,15,47,149782,42105151,7551,1478,137724,38560737,6706,1301,0,0,0,0,0,0,0,0,330,124987,49,14,239,67634,15,2,0,\N,0.0001,0.0032,1,0.0804,0.0016
"2025-03-10","Uber",414392,14694,6287,0,6287,1415,1415,34443,35858,502,74,74,104,410146,111928765,23660,5117,361115,96550479,19431,4153,6209,3035477,1773,474,8344,3113475,567,84,1386,676607,378,93,502,164817,51,8,0.0355,0.4279,0.0152,0.0034,1,0.0865,0.0012
"2025-03-11","Lyft",158714,0,0,24,24,520,520,12221,12741,248,29,29,49,155404,42489982,6410,1115,142848,38918641,5717,987,0,0,0,0,0,0,0,0,362,137107,48,9,235,73862,16,6,0,\N,0.0002,0.0033,1,0.0803,0.0016
"2025-03-11","Uber",431006,14788,6108,0,6108,1549,1549,37245,38794,532,61,61,100,426622,112297577,20093,4002,374535,96138690,15960,3053,6044,2890361,1647,465,8603,3126778,489,82,1521,756064,424,101,532,173334,47,12,0.0343,0.413,0.0142,0.0036,1,0.09,0.0012
"2025-03-12","Lyft",173556,0,0,34,34,558,558,13984,14542,254,31,31,59,169843,47092286,7548,1382,155590,43001985,6720,1232,0,0,0,0,0,0,0,0,382,140105,47,9,235,70068,15,2,0,\N,0.0002,0.0032,1,0.0838,0.0015
"2025-03-12","Uber",459119,15408,6672,0,6672,1600,1600,41872,43472,526,61,61,93,454325,120172832,22130,4458,396978,102442892,17553,3429,6579,3151224,1788,494,8667,3135750,476,80,1572,765596,419,103,526,177802,57,19,0.0336,0.433,0.0145,0.0035,1,0.0947,0.0011
"2025-03-13","Lyft",191342,0,0,56,56,537,537,16192,16729,248,32,32,67,187375,54924952,10220,1875,170963,49877049,9145,1667,0,0,0,0,0,0,0,0,347,133269,41,12,234,70925,15,1,0,\N,0.0003,0.0028,1,0.0874,0.0013
"2025-03-13","Uber",496970,16810,7940,0,7940,1611,1611,47291,48902,543,59,59,110,492002,136011627,27516,5720,428053,115352306,21799,4412,7853,3793638,2136,584,8810,3241620,551,77,1586,820907,487,133,543,181857,56,8,0.0338,0.4723,0.016,0.0032,1,0.0984,0.0011
"2025-03-14","Lyft",213019,0,0,29,29,588,588,18730,19318,242,33,33,63,209515,62085893,11217,1958,190483,56256149,9987,1745,0,0,0,0,0,0,0,0,377,139954,53,10,223,79892,26,8,0,\N,0.0001,0.0028,1,0.0907,0.0011
"2025-03-14","Uber",533794,18180,9131,0,9131,1499,1499,51230,52729,630,68,68,126,528902,147494565,29658,6382,459711,125489607,23722,4972,9038,4463958,2656,762,8995,3438107,701,108,1470,758188,440,131,630,230153,75,18,0.0341,0.5023,0.0171,0.0028,1,0.0988,0.0012
"2025-03-15","Lyft",218396,0,0,25,25,436,436,18714,19150,192,26,26,41,216746,64056707,10723,1744,197705,58204461,9545,1555,0,0,0,0,0,0,0,0,278,115063,51,10,179,61024,15,3,0,\N,0.0001,0.002,1,0.0877,0.0009
"2025-03-15","Uber",560475,20881,11678,0,11678,914,914,52568,53482,474,81,81,112,557837,163606124,38962,8267,485459,139100466,31142,6497,11596,5793473,3463,938,9158,3608138,877,160,901,470064,291,75,474,179040,65,12,0.0373,0.5593,0.0208,0.0016,1,0.0954,0.0008
"2025-03-16","Lyft",170529,0,0,21,21,371,371,15485,15856,163,27,27,42,168770,52243571,10899,2147,153080,47233802,9632,1894,0,0,0,0,0,0,0,0,234,100192,50,7,152,50690,10,5,0,\N,0.0001,0.0022,1,0.093,0.001
"2025-03-16","Uber",460756,20398,11152,0,11152,723,723,43212,43935,394,44,44,77,458027,137878946,35206,8321,395683,116666794,28480,6615,11071,5478169,3212,891,9197,3646741,840,181,715,373427,216,69,394,146778,45,11,0.0443,0.5467,0.0242,0.0016,1,0.0954,0.0009
"2025-03-17","Lyft",160431,0,0,27,27,586,586,13128,13714,210,29,29,52,156715,47207341,10873,2574,143314,42966325,9681,2266,0,0,0,0,0,0,0,0,404,153921,53,18,197,59026,10,4,0,\N,0.0002,0.0037,1,0.0855,0.0013
"2025-03-17","Uber",432116,15601,6915,0,6915,1387,1387,37359,38746,441,56,56,84,427273,124111474,31442,7509,374606,106863487,26164,6192,6802,3388170,1992,560,8606,3300077,779,131,1359,699358,387,124,441,152785,46,11,0.0361,0.4432,0.016,0.0032,1,0.0897,0.001
"2025-03-18","Lyft",167694,0,0,29,29,563,563,12954,13517,229,29,29,50,164215,45451938,7154,1250,150937,41626282,6337,1083,0,0,0,0,0,0,0,0,405,150023,63,10,215,61376,11,2,0,\N,0.0002,0.0034,1,0.0806,0.0014
"2025-03-18","Uber",426980,12940,6072,0,6072,1584,1584,36616,38200,490,66,66,98,422542,111104425,19620,4162,372771,95899458,15796,3272,5998,2861238,1610,434,6797,2465497,404,60,1553,776861,427,104,490,163278,47,10,0.0303,0.4692,0.0142,0.0037,1,0.0895,0.0011
"2025-03-19","Lyft",172879,0,0,20,20,638,638,12669,13307,245,40,40,65,169168,46767463,7310,1390,156122,43029250,6571,1242,0,0,0,0,0,0,0,0,444,165200,58,13,233,63953,11,2,0,\N,0.0001,0.0037,1,0.077,0.0014
"2025-03-19","Uber",447306,13263,6456,0,6456,1649,1649,39830,41479,514,82,82,118,442388,114231301,18899,3973,389129,98229058,14995,3067,6376,3028825,1739,448,6723,2446558,374,57,1593,783160,393,111,514,168474,42,11,0.0297,0.4868,0.0144,0.0037,1,0.0927,0.0011
"2025-03-20","Lyft",198518,0,0,37,37,561,561,15689,16250,287,30,30,53,194638,56757844,9858,1718,178637,51859893,8820,1494,0,0,0,0,0,0,0,0,381,147881,57,7,279,80204,13,1,0,\N,0.0002,0.0028,1,0.0819,0.0014
"2025-03-20","Uber",499098,14818,7695,0,7695,1535,1535,45512,47047,484,68,68,109,493676,140985767,32687,7860,433554,121142931,26455,6361,7592,3807423,2335,637,7018,2710162,625,89,1510,742573,420,96,484,167366,48,11,0.0297,0.5193,0.0154,0.0031,1,0.0943,0.001
"2025-03-21","Lyft",201545,0,0,19,19,542,542,16460,17002,240,20,20,49,197790,57186185,8909,1564,181060,52165957,7954,1373,0,0,0,0,0,0,0,0,364,143067,58,11,231,73462,18,4,0,\N,0.0001,0.0027,1,0.0844,0.0012
"2025-03-21","Uber",510721,18260,10107,0,10107,1525,1525,47567,49092,505,59,59,98,505751,138705844,27378,6027,440398,117696825,21244,4590,10003,4840455,2838,726,8068,3105167,715,137,1494,786217,474,146,505,180214,56,15,0.0358,0.5535,0.0198,0.003,1,0.0961,0.001
"2025-03-22","Lyft",211111,0,0,40,40,416,416,16288,16704,215,29,29,42,209390,59156019,8975,1626,192728,54213773,8021,1433,0,0,0,0,0,0,0,0,256,95628,34,8,199,63531,14,1,0,\N,0.0002,0.002,1,0.0791,0.001
"2025-03-22","Uber",520703,21908,13482,0,13482,915,915,48409,49324,417,49,49,89,518198,149596456,37059,7898,448999,126451651,29462,6102,13407,6561478,3943,1061,8386,3213914,758,143,905,455735,255,63,417,142096,42,7,0.0421,0.6154,0.0259,0.0018,1,0.0947,0.0008
"2025-03-23","Lyft",198947,0,0,34,34,422,422,16018,16440,196,23,23,41,197180,59218899,11536,2413,180884,54103919,10278,2140,0,0,0,0,0,0,0,0,226,92058,40,9,184,54401,9,2,0,\N,0.0002,0.0021,1,0.0826,0.001
"2025-03-23","Uber",446830,21700,13683,0,13683,717,717,40452,41169,355,44,44,64,444256,137497340,41428,10103,383472,116008942,33407,8098,13606,6689479,4094,1101,7984,3143430,809,179,715,374546,232,63,355,126041,38,9,0.0486,0.6306,0.0306,0.0016,1,0.0921,0.0008
"2025-03-24","Lyft",186806,0,0,14,14,549,549,14316,14865,211,20,20,44,182797,52326615,9260,1843,168325,48001942,8239,1623,0,0,0,0,0,0,0,0,339,129974,56,10,200,57829,10,3,0,\N,0.0001,0.0029,1,0.0796,0.0011
"2025-03-24","Uber",422170,16131,7972,0,7972,1321,1321,37870,39191,443,49,49,93,417456,114951331,25522,5467,363912,97512185,20222,4183,7888,3860272,2245,641,8082,3088388,704,134,1289,685325,417,121,443,152424,47,16,0.0382,0.4942,0.0189,0.0031,1,0.0928,0.001
"2025-03-25","Lyft",179954,0,0,14,14,607,607,12729,13336,218,28,28,45,176238,47323316,6342,997,163180,43660992,5701,900,0,0,0,0,0,0,0,0,394,147570,40,8,206,59718,8,1,0,\N,0.0001,0.0034,1,0.0741,0.0012
"2025-03-25","Uber",388582,13591,6284,0,6284,1531,1531,33991,35522,476,64,64,104,384255,97321210,16751,3154,336593,82890700,13023,2269,6210,2969335,1729,492,7240,2583611,387,66,1490,722289,355,101,476,151710,33,7,0.035,0.4624,0.0162,0.0039,1,0.0914,0.0012
"2025-03-26","Lyft",195411,0,0,8,8,694,694,14529,15223,247,30,30,58,191434,51616275,6584,961,176555,47482895,5946,867,0,0,0,0,0,0,0,0,449,166009,51,9,236,66720,12,2,0,\N,0,0.0036,1,0.0779,0.0013
"2025-03-26","Uber",400902,13913,6433,0,6433,1541,1541,35928,37469,474,58,58,100,396298,100354778,17247,3151,346557,85357954,13401,2282,6345,3052252,1784,489,7389,2639785,403,69,1503,730380,380,95,474,151351,36,11,0.0347,0.4624,0.016,0.0038,1,0.0935,0.0012
"2025-03-27","Lyft",218779,0,0,30,30,668,667,16335,17002,236,15,15,35,214604,61555059,10102,1751,197943,56598409,9119,1577,0,0,0,0,0,0,0,0,407,148363,47,4,231,65405,9,2,0,\N,0.0001,0.0031,0.9985,0.0777,0.0011
"2025-03-27","Uber",426428,15668,7975,0,7975,1589,1589,38757,40346,458,51,51,96,421539,111754199,21069,4208,367395,94853234,16355,3118,7883,3756137,2172,587,7613,2768581,478,76,1537,780743,422,118,458,153424,45,15,0.0367,0.509,0.0187,0.0037,1,0.0946,0.0011
"2025-03-28","Lyft",226698,0,0,16,16,670,668,17152,17820,247,18,18,44,222931,63026041,8799,1345,205450,57906423,7900,1194,0,0,0,0,0,0,0,0,426,157345,53,13,236,69785,16,3,0,\N,0.0001,0.003,0.997,0.0786,0.0011
"2025-03-28","Uber",478254,18828,10349,0,10349,1389,1389,45302,46691,453,47,47,84,474032,126390200,23068,4484,410600,106163490,17284,3102,10245,5014921,3029,866,8411,3143787,615,121,1360,683830,388,97,453,150411,42,7,0.0394,0.5497,0.0216,0.0029,1,0.0976,0.0009
"2025-03-29","Lyft",251846,0,0,33,33,520,520,20433,20953,243,25,25,42,249984,76839535,13980,2363,229139,70107730,12475,2071,0,0,0,0,0,0,0,0,314,137950,63,17,232,77375,21,7,0,\N,0.0001,0.0021,1,0.0832,0.001
"2025-03-29","Uber",493943,22390,13493,0,13493,942,942,46018,46960,421,50,50,98,491744,153234174,40742,9518,424560,128191135,31203,7213,13415,6883302,4343,1156,8845,3707593,1206,253,929,511071,341,95,421,159813,58,16,0.0453,0.6026,0.0273,0.0019,1,0.0951,0.0009
"2025-03-30","Lyft",188097,0,0,46,46,428,428,18458,18886,169,19,19,41,186333,70809054,21541,4380,167631,63604968,19170,3869,0,0,0,0,0,0,0,0,227,113818,59,20,163,65647,28,2,0,\N,0.0002,0.0023,1,0.1004,0.0009
"2025-03-30","Uber",407861,22358,13796,0,13796,682,682,37998,38680,310,25,25,45,405575,152051554,51936,13477,346827,126442576,40272,10508,13714,7432047,4926,1303,8505,4175502,1952,392,677,437162,351,107,310,132239,56,16,0.0548,0.617,0.0338,0.0017,1,0.0948,0.0008
"2025-03-31","Lyft",177081,0,0,23,23,587,587,13815,14402,212,9,9,27,173649,52242085,10217,2578,159573,47762521,9044,2256,0,0,0,0,0,0,0,0,352,138440,64,13,207,56857,6,2,0,\N,0.0001,0.0033,1,0.0813,0.0012
"2025-03-31","Uber",379989,14608,7412,0,7412,1396,1396,33305,34701,383,59,59,94,375810,109463512,27399,6468,328056,92990733,21823,5060,7327,3684516,2255,590,7144,2923765,842,193,1372,695656,383,106,383,130036,34,7,0.0384,0.5074,0.0195,0.0037,1,0.0913,0.001
"2025-04-01","Lyft",162212,0,0,12,12,625,625,10850,11475,245,36,36,59,159058,44647806,7962,1934,147780,41293180,7146,1730,0,0,0,0,0,0,0,0,408,163993,64,17,232,71137,19,4,0,\N,0.0001,0.0039,1,0.0707,0.0015
"2025-04-01","Uber",431045,15764,8018,0,8018,1634,1634,36810,38444,565,65,65,120,427079,113629174,22822,4440,374337,96874327,17932,3329,7963,3840331,2212,589,7684,2870767,598,108,1596,806051,462,115,565,180286,47,8,0.0366,0.5086,0.0186,0.0038,1,0.0892,0.0013
"2025-04-02","Lyft",163405,0,0,15,15,598,598,10739,11337,246,34,34,54,160180,42871743,6129,1073,149099,39752362,5534,950,0,0,0,0,0,0,0,0,384,142238,50,11,237,68218,14,3,0,\N,0.0001,0.0037,1,0.0694,0.0015
"2025-04-02","Uber",477227,15915,8187,0,8187,1673,1673,41671,43344,535,66,66,109,472897,122722955,21033,4447,415221,105031547,16270,3296,8127,3883954,2287,639,7666,2756156,462,76,1641,828376,485,121,535,175830,48,12,0.0333,0.5144,0.0172,0.0035,1,0.0908,0.0011
"2025-04-03","Lyft",165958,0,0,33,33,613,613,11134,11747,267,32,32,56,162335,44835353,7356,1499,150856,41498292,6656,1347,0,0,0,0,0,0,0,0,386,150971,54,13,245,71038,14,3,0,\N,0.0002,0.0037,1,0.0708,0.0016
"2025-04-03","Uber",503365,16356,8622,0,8622,1752,1752,45168,46920,573,78,78,135,498491,131046912,22104,4698,436879,112165325,17207,3585,8555,4058802,2299,580,7675,2802307,508,80,1713,869960,493,125,573,202598,65,15,0.0325,0.5271,0.0171,0.0035,1,0.0932,0.0011
"2025-04-04","Lyft",186755,0,0,16,16,599,599,13083,13682,293,37,37,61,183514,50570609,7293,1227,170051,46694224,6584,1095,0,0,0,0,0,0,0,0,382,155838,63,13,287,87358,14,3,0,\N,0.0001,0.0032,1,0.0733,0.0016
"2025-04-04","Uber",536095,18380,10260,0,10260,1498,1498,49311,50809,592,61,61,114,531665,140509623,23983,5479,464150,119492699,18184,4055,10193,4934219,2938,803,8069,3035996,668,107,1469,748324,425,116,592,210174,70,18,0.0343,0.5582,0.0191,0.0028,1,0.0948,0.0011
"2025-04-05","Lyft",218170,0,0,18,18,430,430,15706,16136,213,14,14,37,216649,61231407,8177,1281,200582,56500814,7362,1134,0,0,0,0,0,0,0,0,258,110362,58,10,206,67821,20,4,0,\N,0.0001,0.002,1,0.074,0.001
"2025-04-05","Uber",585046,21780,13389,0,13389,871,871,54895,55766,452,57,57,89,582696,157960491,26251,5717,507083,133649689,19480,4095,13347,6456146,3789,1027,8361,3162459,674,114,863,437517,253,50,452,160746,49,11,0.0372,0.6147,0.0229,0.0015,1,0.0953,0.0008
"2025-04-06","Lyft",167656,0,0,24,24,331,331,12213,12544,181,14,14,26,166241,49136208,8833,1936,153760,45193437,7846,1689,0,0,0,0,0,0,0,0,183,74021,26,5,175,47156,4,0,0,\N,0.0001,0.002,1,0.0748,0.0011
"2025-04-06","Uber",491276,20584,12732,0,12732,782,782,44707,45489,416,42,42,71,488878,143273870,32518,8562,424793,121165906,25134,6657,12687,6328821,3830,1067,7824,3047058,748,139,773,388895,220,55,416,143821,41,7,0.0419,0.6185,0.0259,0.0016,1,0.0926,0.0008
"2025-04-07","Lyft",165892,0,0,24,24,550,550,11494,12044,255,30,30,48,162305,46412141,8514,1689,150492,42859258,7618,1510,0,0,0,0,0,0,0,0,361,134832,49,11,250,76073,17,1,0,\N,0.0001,0.0033,1,0.0726,0.0015
"2025-04-07","Uber",448039,13975,6780,0,6780,1504,1504,38454,39958,502,67,67,112,443249,120683861,23361,5369,390828,103986238,18628,4199,6729,3264245,1922,511,7134,2690576,568,98,1470,782929,466,141,502,182623,59,18,0.0312,0.4852,0.0151,0.0034,1,0.0892,0.0011
"2025-04-08","Lyft",171924,0,0,16,16,612,612,11137,11749,255,42,42,61,168509,45993104,6537,1102,157000,42740817,5916,989,0,0,0,0,0,0,0,0,431,162203,54,12,241,70159,12,1,0,\N,0.0001,0.0036,1,0.0683,0.0015
"2025-04-08","Uber",446338,13219,6152,0,6152,1647,1647,39022,40669,547,67,67,121,441941,113369205,18043,3668,389358,97540296,14103,2772,6106,2887458,1665,428,7013,2541136,430,70,1610,834979,482,111,547,183272,61,10,0.0296,0.4654,0.0138,0.0037,1,0.0911,0.0012
"2025-04-09","Lyft",175816,0,0,17,17,606,606,11808,12414,267,31,31,52,171939,48294946,8114,1607,159796,44737444,7340,1454,0,0,0,0,0,0,0,0,396,155847,63,16,254,75572,14,4,0,\N,0.0001,0.0034,1,0.0706,0.0015
"2025-04-09","Uber",474886,14256,7001,0,7001,1786,1786,42000,43786,577,67,67,123,470025,123243261,20802,4377,413443,105934028,16333,3391,6939,3304239,1909,489,7202,2649009,497,81,1745,885627,508,131,577,190237,53,11,0.03,0.4911,0.0147,0.0038,1,0.0922,0.0012
"2025-04-10","Lyft",190603,0,0,30,30,607,607,13018,13625,266,28,28,48,186728,53422845,9543,1870,173348,49417808,8639,1675,0,0,0,0,0,0,0,0,389,160268,73,22,254,79342,20,5,0,\N,0.0002,0.0032,1,0.0715,0.0014
"2025-04-10","Uber",496965,16247,8439,0,8439,1598,1598,44983,46581,591,78,78,135,491895,129810988,21766,4668,430833,111056034,16912,3523,8378,3961691,2252,577,7751,2811674,476,86,1561,787567,454,119,591,200997,66,19,0.0327,0.5194,0.017,0.0032,1,0.0937,0.0012
"2025-04-11","Lyft",230179,0,0,40,40,593,593,17822,18415,257,30,30,56,226601,69852229,13418,2384,208450,64049835,12088,2104,0,0,0,0,0,0,0,0,398,179106,92,21,244,80616,23,4,0,\N,0.0002,0.0026,1,0.08,0.0011
"2025-04-11","Uber",562156,20588,11670,0,11670,1494,1494,52961,54455,571,68,68,120,557533,159159645,30551,6827,484617,134590241,23099,5092,11612,5738829,3434,877,8871,3509602,893,142,1461,824523,542,160,571,214670,75,19,0.0366,0.5668,0.0208,0.0027,1,0.0969,0.001
"2025-04-12","Lyft",248364,0,0,24,24,494,494,19381,19875,222,28,28,47,246601,74121337,11808,2012,226816,68050848,10685,1809,0,0,0,0,0,0,0,0,310,132467,56,10,209,62017,7,0,0,\N,0.0001,0.002,1,0.08,0.0009
"2025-04-12","Uber",568808,24236,14673,0,14673,938,938,53603,54541,432,52,52,86,566380,159804622,29369,6648,489831,133913804,21471,4772,14616,7228601,4378,1132,9539,3797023,913,202,926,497344,312,81,432,152496,41,11,0.0426,0.6054,0.0258,0.0016,1,0.0959,0.0008
"2025-04-13","Lyft",189648,0,0,21,21,433,433,13756,14189,194,14,14,39,188169,54454765,8630,1963,174044,50119735,7670,1698,0,0,0,0,0,0,0,0,271,100627,30,8,187,56402,13,4,0,\N,0.0001,0.0023,1,0.0748,0.001
"2025-04-13","Uber",446825,20508,12172,0,12172,829,829,40760,41589,432,43,43,82,444604,123117835,24126,6516,384315,103068568,17968,4947,12127,5915971,3530,921,8315,3172386,670,131,823,412793,232,50,432,142045,37,10,0.0459,0.5935,0.0272,0.0019,1,0.0931,0.001
"2025-04-14","Lyft",155159,0,0,2,2,477,477,9734,10211,225,22,22,41,152208,38938652,4340,805,142190,36282824,3850,710,0,0,0,0,0,0,0,0,326,114584,34,4,220,61618,12,2,0,\N,0,0.0031,1,0.0658,0.0015
"2025-04-14","Uber",376291,13847,6691,0,6691,1273,1273,32624,33897,451,57,57,102,372204,92654828,14880,3261,325891,78856051,11410,2463,6654,3115030,1756,442,7114,2531406,400,62,1249,613207,317,79,451,141820,35,5,0.0368,0.4832,0.0178,0.0034,1,0.0901,0.0012
"2025-04-15","Lyft",160545,0,0,10,10,512,512,9741,10253,231,34,34,48,157471,40996195,4826,929,147368,38246224,4356,827,0,0,0,0,0,0,0,0,359,132283,38,8,218,59247,11,2,0,\N,0.0001,0.0032,1,0.0639,0.0014
"2025-04-15","Uber",412629,14325,7093,0,7093,1443,1443,36275,37718,529,56,56,93,408654,102061689,16005,3487,357959,86965961,12329,2578,7046,3269934,1802,478,7188,2561187,367,69,1407,677054,353,78,529,165162,38,4,0.0347,0.4951,0.0172,0.0035,1,0.0914,0.0013
"2025-04-16","Lyft",172102,0,0,7,7,534,534,10588,11122,251,27,27,43,168870,43351909,4898,963,157934,40419098,4370,861,0,0,0,0,0,0,0,0,357,129784,43,8,242,67769,15,4,0,\N,0,0.0031,1,0.0646,0.0015
"2025-04-16","Uber",441322,15871,7980,0,7980,1431,1431,40415,41846,532,52,52,101,437130,107405231,16068,3579,380977,91006752,12171,2641,7925,3672719,2042,527,7859,2739176,341,56,1399,670453,345,79,532,156023,28,7,0.036,0.5028,0.0181,0.0032,1,0.0948,0.0012
"2025-04-17","Lyft",179469,0,0,18,18,593,593,11775,12368,269,38,38,62,176302,46960113,5863,1305,164149,43539228,5215,1135,0,0,0,0,0,0,0,0,382,138547,45,12,249,72492,16,3,0,\N,0.0001,0.0033,1,0.0689,0.0015
"2025-04-17","Uber",455383,17089,9164,0,9164,1552,1552,42041,43593,549,75,75,129,450745,115044427,18416,4759,391820,97264689,13975,3664,9122,4222630,2337,573,7902,2822235,385,77,1524,757058,422,103,549,181697,52,14,0.0375,0.5363,0.0201,0.0034,1,0.0957,0.0012
"2025-04-18","Lyft",195027,0,0,9,9,576,576,13560,14136,257,29,29,51,192170,51502531,6119,1108,178240,47655143,5454,949,0,0,0,0,0,0,0,0,372,154082,70,16,241,70303,15,2,0,\N,0,0.003,1,0.0725,0.0013
"2025-04-18","Uber",480009,19867,11290,0,11290,1422,1422,46733,48155,547,80,80,128,476332,123224769,19971,4595,410265,102823216,14543,3294,11258,5281526,3006,744,8543,3126077,503,83,1392,727301,417,118,547,187876,46,10,0.0414,0.5683,0.0235,0.003,1,0.1003,0.0011
"2025-04-19","Lyft",214371,0,0,16,16,457,457,15665,16122,207,13,13,50,212883,60788563,8470,1363,196823,56011122,7594,1210,0,0,0,0,0,0,0,0,300,127129,54,15,201,59483,16,1,0,\N,0.0001,0.0021,1,0.0752,0.001
"2025-04-19","Uber",522302,23387,14563,0,14563,1049,1049,49133,50182,471,54,54,89,520155,142701256,25290,5486,448566,118982715,18239,3876,14531,6966762,4027,1011,8803,3335503,689,134,1039,526773,297,66,471,158577,34,5,0.0448,0.6227,0.0279,0.002,1,0.0961,0.0009
"2025-04-20","Lyft",183038,0,0,26,26,519,519,12313,12832,194,14,14,30,181549,56236583,10922,2143,168775,52082682,9873,1936,0,0,0,0,0,0,0,0,333,146097,74,17,189,63357,26,4,0,\N,0.0001,0.0028,1,0.0701,0.0011
"2025-04-20","Uber",458966,23081,14615,0,14615,1127,1127,40832,41959,486,65,65,105,456760,137755070,32466,7788,393601,115120747,24556,5917,14563,7068237,4195,982,8449,3394727,909,182,1104,624521,421,125,486,190570,73,22,0.0503,0.6332,0.0318,0.0025,1,0.0914,0.0011
"2025-04-21","Lyft",142575,0,0,5,5,521,521,8532,9053,202,27,27,37,139491,37959205,6357,1534,130630,35372467,5703,1356,0,0,0,0,0,0,0,0,349,138465,56,13,186,54155,11,2,0,\N,0,0.0037,1,0.0635,0.0014
"2025-04-21","Uber",415999,16248,8223,0,8223,1472,1472,35445,36917,458,66,66,105,411882,109032694,21543,5305,360291,92871493,17042,4217,8185,3887458,2234,594,7991,2887314,468,75,1429,687641,341,78,458,151837,40,11,0.0391,0.5061,0.0198,0.0035,1,0.0887,0.0011
"2025-04-22","Lyft",148693,0,0,6,6,585,585,9152,9737,201,25,25,45,145300,38574932,5297,1097,135818,35926111,4740,972,0,0,0,0,0,0,0,0,409,155966,66,14,186,56275,12,3,0,\N,0,0.0039,1,0.0655,0.0014
"2025-04-22","Uber",433953,15667,7724,0,7724,1603,1603,37785,39388,526,73,73,112,429835,111003821,19839,4571,376365,94632430,15529,3506,7681,3594468,1983,534,7904,2827773,436,60,1561,785462,436,106,526,169767,44,12,0.0361,0.493,0.0178,0.0037,1,0.0908,0.0012
"2025-04-23","Lyft",160805,0,0,15,15,581,581,9969,10550,217,23,23,43,157039,42637350,6249,1404,146734,39711197,5660,1244,0,0,0,0,0,0,0,0,392,155365,62,15,210,61732,13,1,0,\N,0.0001,0.0036,1,0.0656,0.0013
"2025-04-23","Uber",459226,16457,8300,0,8300,1623,1623,41282,42905,507,62,62,108,454796,117052089,19885,4670,397043,99511298,15375,3587,8258,3852211,2152,568,8122,2887492,418,66,1588,788786,420,104,507,168965,41,9,0.0358,0.5043,0.0181,0.0035,1,0.0934,0.0011
"2025-04-24","Lyft",162309,0,0,17,17,541,541,11023,11564,239,19,19,38,158494,44622511,7279,1456,147166,41278465,6569,1282,0,0,0,0,0,0,0,0,358,143770,61,12,227,64498,8,1,0,\N,0.0001,0.0033,1,0.0712,0.0015
"2025-04-24","Uber",485411,17774,9458,0,9458,1642,1642,43937,45579,512,59,59,101,480520,127313071,23173,5378,419026,108275775,18020,4180,9412,4436189,2490,621,8276,2978334,489,67,1593,815988,482,128,512,171740,57,9,0.0366,0.5321,0.0195,0.0034,1,0.0939,0.0011
"2025-04-25","Lyft",203624,0,0,19,19,561,560,14058,14618,223,28,28,48,200005,57872393,9666,1653,185635,53601736,8741,1502,0,0,0,0,0,0,0,0,383,158862,78,18,217,69617,14,3,0,\N,0.0001,0.0028,0.9982,0.0718,0.0011
"2025-04-25","Uber",534953,21404,12233,0,12233,1548,1548,49582,51130,492,52,52,89,530391,143437974,26043,5767,460057,120788142,19530,4216,12183,5783906,3242,863,9138,3411990,688,103,1513,828943,539,156,492,170897,54,12,0.04,0.5715,0.0229,0.0029,1,0.0956,0.0009
"2025-04-26","Lyft",219262,0,0,33,33,416,416,15859,16275,173,25,25,39,217256,64730794,11494,2012,201093,59718702,10347,1769,0,0,0,0,0,0,0,0,260,111047,52,16,164,53895,13,4,0,\N,0.0002,0.0019,1,0.0742,0.0008
"2025-04-26","Uber",582730,25974,16443,0,16443,859,859,54639,55498,439,57,57,100,580224,167638825,37143,8637,501103,140666894,28354,6633,16397,7921277,4624,1131,9504,3701120,851,159,849,453639,291,76,439,157607,56,12,0.0446,0.6331,0.0282,0.0015,1,0.0952,0.0008
"2025-04-27","Lyft",183035,0,0,57,57,374,374,14068,14442,176,22,22,32,180795,59557136,14419,3620,166469,54570826,12900,3181,0,0,0,0,0,0,0,0,223,100736,42,12,164,56778,14,5,0,\N,0.0003,0.002,1,0.0789,0.001
"2025-04-27","Uber",487536,23394,14443,0,14443,851,851,44574,45425,391,50,50,83,484693,151954434,38749,10062,418077,127932358,30477,8043,14382,7046784,4160,1035,8928,3585378,881,167,844,463514,292,76,391,143372,38,8,0.048,0.6174,0.0296,0.0017,1,0.0932,0.0008
"2025-04-28","Lyft",146003,0,0,4,4,522,521,9562,10083,180,18,18,38,142429,39763488,7038,1647,132633,36867416,6316,1453,0,0,0,0,0,0,0,0,369,141067,48,7,173,48230,8,1,0,\N,0,0.0036,0.9981,0.0691,0.0012
"2025-04-28","Uber",423468,15316,7608,0,7608,1511,1511,36731,38242,462,64,64,103,418899,111302822,21957,5403,366949,95009660,17455,4265,7562,3587490,2052,556,7657,2801171,474,86,1472,753135,419,107,462,154041,46,9,0.0362,0.4967,0.018,0.0036,1,0.0903,0.0011
"2025-04-29","Lyft",151041,0,0,15,15,531,531,9381,9912,207,25,25,40,147680,39915445,5953,1118,138001,37191410,5385,1010,0,0,0,0,0,0,0,0,348,132958,50,11,194,53939,12,3,0,\N,0.0001,0.0035,1,0.0656,0.0014
"2025-04-29","Uber",441993,13507,6477,0,6477,1707,1707,38982,40689,515,82,82,123,437831,111964627,18610,3905,384958,96121028,14653,2988,6448,3008151,1693,422,6995,2516820,389,71,1671,844613,453,124,515,169880,48,9,0.0306,0.4795,0.0147,0.0039,1,0.0921,0.0012
"2025-04-30","Lyft",165571,0,0,18,18,590,590,10963,11553,221,17,17,36,161790,45480043,7597,1476,150482,42154495,6842,1303,0,0,0,0,0,0,0,0,382,154816,63,14,210,63719,11,3,0,\N,0.0001,0.0036,1,0.0698,0.0013
"2025-04-30","Uber",473357,14710,7345,0,7345,1694,1694,42473,44167,493,58,58,95,468802,124182623,22511,5051,411397,106573322,17835,3963,7318,3472650,2032,516,7333,2619564,392,56,1660,854669,481,134,493,164368,45,6,0.0311,0.4993,0.0155,0.0036,1,0.0933,0.001
"2025-05-01","Lyft",181704,0,0,42,42,597,597,12487,13084,215,19,19,41,177805,52962554,10440,2178,164969,48949385,9423,1926,0,0,0,0,0,0,0,0,407,174810,82,20,208,68759,20,3,0,\N,0.0002,0.0033,1,0.072,0.0012
"2025-05-01","Uber",492763,15569,7927,0,7927,1723,1723,44932,46655,610,77,77,132,487857,134955944,26424,5761,427201,115769113,21093,4546,7884,3766203,2177,541,7607,2817858,525,86,1684,882041,534,143,610,204186,54,14,0.0316,0.5092,0.0161,0.0035,1,0.0947,0.0012
"2025-05-02","Lyft",207976,0,0,31,31,583,583,14540,15123,281,34,34,54,204226,60583011,11378,2083,189329,55976589,10280,1861,0,0,0,0,0,0,0,0,398,175284,83,21,264,83609,18,2,0,\N,0.0001,0.0028,1,0.0727,0.0014
"2025-05-02","Uber",536917,18327,10035,0,10035,1625,1625,50250,51875,655,94,94,155,532521,146187959,27434,5962,464095,124335531,21310,4572,9995,4799844,2759,718,8266,3103563,602,96,1591,825141,499,123,655,237088,81,17,0.0341,0.5476,0.0187,0.003,1,0.0966,0.0012
"2025-05-03","Lyft",228621,0,0,51,51,513,513,16685,17198,247,34,34,50,226566,68666015,12885,2224,209410,63287329,11631,1992,0,0,0,0,0,0,0,0,326,153366,79,24,231,77292,24,5,0,\N,0.0002,0.0022,1,0.0752,0.0011
"2025-05-03","Uber",574273,22557,13848,0,13848,1100,1100,53797,54897,563,79,79,133,571890,167686003,35946,8248,496390,141897097,27891,6356,13799,6738541,3976,1010,8686,3365747,740,136,1090,580322,357,89,563,200268,72,12,0.0393,0.6139,0.0241,0.0019,1,0.0956,0.001
"2025-05-04","Lyft",189969,0,0,74,74,426,425,15166,15591,178,22,22,30,187966,64355302,17167,4391,172492,58802264,15398,3873,0,0,0,0,0,0,0,0,243,124220,74,21,163,58306,19,4,0,\N,0.0004,0.0022,0.9977,0.0821,0.0009
"2025-05-04","Uber",480251,21641,13015,0,13015,827,827,45467,46294,397,49,49,87,477688,160519649,46172,12182,411804,135628522,37078,9942,12980,6496446,3910,1014,8601,3572002,1021,173,824,502053,371,123,397,168953,75,18,0.0451,0.6014,0.0271,0.0017,1,0.0964,0.0008
"2025-05-05","Lyft",179514,0,0,29,29,560,560,12611,13171,253,29,29,42,175482,55445949,13434,3236,162622,51180849,12179,2877,0,0,0,0,0,0,0,0,350,164294,87,34,243,84789,32,7,0,\N,0.0002,0.0031,1,0.0734,0.0014
"2025-05-05","Uber",477427,14787,7140,0,7140,1589,1589,41811,43400,531,78,78,111,472563,142675471,34683,8224,415822,123254089,28630,6776,7101,3451603,1987,526,7593,2989317,696,112,1552,885240,610,176,531,211614,89,28,0.031,0.4829,0.015,0.0033,1,0.0909,0.0011
"2025-05-06","Lyft",174610,0,0,41,41,537,537,11388,11925,278,23,23,54,170933,51688310,11195,3008,159177,47993898,10199,2717,0,0,0,0,0,0,0,0,355,150735,70,19,274,87274,19,4,0,\N,0.0002,0.0031,1,0.0683,0.0016
"2025-05-06","Uber",458254,12744,5756,0,5756,1633,1633,39607,41240,451,53,53,96,453862,128179403,27120,5980,401186,111404398,22422,4906,5718,2745256,1589,380,6933,2583289,496,82,1600,857968,519,164,451,157975,48,8,0.0278,0.4517,0.0126,0.0036,1,0.09,0.001
"2025-05-07","Lyft",174257,0,0,20,20,602,602,11012,11614,265,34,34,62,170438,49841652,9412,1884,159069,46328653,8563,1693,0,0,0,0,0,0,0,0,400,165210,68,14,249,81695,24,6,0,\N,0.0001,0.0035,1,0.0666,0.0015
"2025-05-07","Uber",460814,18354,9455,0,9455,1726,1726,41310,43036,584,47,47,93,456072,126846144,25395,5372,396575,107535838,19887,4156,9428,4463335,2506,624,8863,3209612,549,77,1674,888891,545,152,584,195818,60,12,0.0398,0.5151,0.0205,0.0037,1,0.0934,0.0013
"2025-05-08","Lyft",192065,0,0,52,52,663,663,12975,13638,275,35,35,56,187913,57309935,12001,2635,174591,53020960,10836,2342,0,0,0,0,0,0,0,0,415,182206,93,29,259,82002,20,3,0,\N,0.0003,0.0035,1,0.071,0.0014
"2025-05-08","Uber",487182,19666,10698,0,10698,1725,1725,45059,46784,620,81,81,126,482249,138727935,29962,6947,417844,117424154,23603,5480,10666,5013400,2831,662,8936,3299650,616,110,1673,913753,594,159,620,226951,72,17,0.0404,0.544,0.022,0.0035,1,0.096,0.0013
"2025-05-09","Lyft",221848,0,0,86,86,584,584,16251,16835,257,21,21,47,217791,70802211,17259,3784,201240,65158808,15566,3363,0,0,0,0,0,0,0,0,357,169668,98,30,242,78754,12,4,0,\N,0.0004,0.0026,1,0.0759,0.0012
"2025-05-09","Uber",565820,24751,14256,0,14256,1362,1362,53277,54639,622,52,52,116,560806,172359544,41836,9872,484019,145286067,32801,7762,14197,6902708,4097,1004,10449,4181457,1126,192,1328,814214,591,198,622,239969,90,28,0.0437,0.576,0.0252,0.0024,1,0.0966,0.0011
"2025-05-10","Lyft",218874,0,0,57,57,540,540,15557,16097,245,19,19,45,216918,67469155,13026,2481,200901,62231460,11762,2196,0,0,0,0,0,0,0,0,317,147017,77,23,229,72735,15,4,0,\N,0.0003,0.0025,1,0.0735,0.0011
"2025-05-10","Uber",550307,25985,16209,0,16209,1059,1059,52210,53269,555,69,69,121,547946,166804015,37386,8219,471064,139279419,28215,6051,16163,7936253,4604,1249,9759,3860475,987,164,1048,582815,390,99,555,219414,86,27,0.0472,0.6238,0.0295,0.0019,1,0.0968,0.001
"2025-05-11","Lyft",189358,0,0,63,63,584,584,14375,14959,236,23,23,36,187539,66208128,18654,4280,172648,60672308,16782,3855,0,0,0,0,0,0,0,0,380,213272,149,48,226,78251,24,3,0,\N,0.0003,0.0031,1,0.079,0.0012
"2025-05-11","Uber",495108,24510,15427,0,15427,1372,1372,46711,48083,557,72,72,118,492595,173481957,53886,12999,422199,145148662,42324,10215,15394,7779627,4811,1231,9062,3958264,1375,240,1358,886134,718,243,557,241824,117,27,0.0495,0.6294,0.0312,0.0028,1,0.0971,0.0011
"2025-05-12","Lyft",156783,0,0,20,20,558,558,10240,10798,236,29,29,44,153256,45765194,9538,2190,142686,42353909,8540,1921,0,0,0,0,0,0,0,0,365,157204,81,15,226,76129,20,8,0,\N,0.0001,0.0036,1,0.0689,0.0015
"2025-05-12","Uber",418332,16933,8643,0,8643,1573,1573,36019,37592,503,71,71,110,413614,122125837,29669,7391,360809,103987714,23798,5890,8602,4217695,2508,644,8264,3165410,698,137,1535,824079,492,152,503,188977,73,17,0.0405,0.5104,0.0207,0.0038,1,0.0899,0.0012
"2025-05-13","Lyft",170305,0,0,38,38,535,535,10916,11451,250,24,24,45,166725,49673973,10365,2359,155458,46004506,9316,2085,0,0,0,0,0,0,0,0,364,160892,88,26,242,78145,20,5,0,\N,0.0002,0.0031,1,0.0672,0.0015
"2025-05-13","Uber",458848,18309,9319,0,9319,1563,1563,40636,42199,525,59,59,102,454134,131617959,29168,7031,395488,111979280,23286,5597,9274,4447356,2552,650,8955,3338114,605,95,1528,820870,499,132,525,202798,84,20,0.0399,0.509,0.0203,0.0034,1,0.092,0.0011
"2025-05-14","Lyft",189998,0,0,58,58,587,587,13484,14071,230,24,24,40,185749,63484264,19755,5315,171998,58463522,17879,4791,0,0,0,0,0,0,0,0,373,188539,116,41,215,76104,21,7,0,\N,0.0003,0.0031,1,0.0741,0.0012
"2025-05-14","Uber",530127,22933,12382,0,12382,1656,1656,48414,50070,470,50,50,87,524857,170651558,48773,11923,454441,144779596,39556,9674,12314,5997027,3519,874,10490,4145988,1011,175,1629,1018155,715,263,470,196807,87,22,0.0433,0.5399,0.0234,0.0031,1,0.0944,0.0009
"2025-05-15","Lyft",187956,0,0,52,52,652,652,12820,13472,250,24,24,49,183959,57133426,12817,3109,170832,52729913,11561,2789,0,0,0,0,0,0,0,0,367,158819,80,24,235,70725,18,2,0,\N,0.0003,0.0035,1,0.0717,0.0013
"2025-05-15","Uber",499776,21974,12162,0,12162,1680,1680,46188,47868,549,67,67,112,494012,148295637,35561,8575,426619,125095419,28104,6787,12120,5832005,3387,842,9757,3725248,821,152,1642,902309,573,162,549,201143,66,14,0.044,0.5535,0.0243,0.0034,1,0.0958,0.0011
"2025-05-16","Lyft",210827,0,0,47,47,634,634,14834,15468,211,20,20,39,206944,66788636,16174,3860,191852,61488453,14518,3448,0,0,0,0,0,0,0,0,374,193123,117,40,205,78655,30,11,0,\N,0.0002,0.003,1,0.0734,0.001
"2025-05-16","Uber",537494,23825,13927,0,13927,1561,1561,51318,52879,559,66,66,116,531972,171301156,47454,12322,457885,144077106,37467,9856,13868,6817518,4071,1012,9844,4047554,1249,221,1528,929691,649,244,559,214779,78,18,0.0443,0.5846,0.0259,0.0029,1,0.0984,0.001
"2025-05-17","Lyft",234066,0,0,96,96,520,520,17750,18270,199,18,18,36,231528,78487114,19190,3975,213419,72001483,17260,3593,0,0,0,0,0,0,0,0,285,136754,84,17,195,67710,13,2,0,\N,0.0004,0.0022,1,0.0781,0.0009
"2025-05-17","Uber",559580,26363,16800,0,16800,1008,1008,53866,54874,532,63,63,107,556128,191161251,55680,13465,477427,160059675,43447,10561,16739,8542203,5323,1335,9537,4172936,1445,289,998,621179,467,160,532,226812,96,20,0.0471,0.6373,0.03,0.0018,1,0.0981,0.001
"2025-05-18","Lyft",196230,0,0,83,83,489,489,14950,15439,202,17,17,36,194183,65780852,16656,3664,178852,60242533,14969,3268,0,0,0,0,0,0,0,0,266,128242,80,17,195,73718,33,7,0,\N,0.0004,0.0025,1,0.0787,0.001
"2025-05-18","Uber",474764,22599,13981,0,13981,929,929,46159,47088,387,52,52,82,471691,173634775,63016,17999,404252,146230852,51318,15001,13949,7142837,4526,1147,8597,3794814,1390,261,923,582424,424,138,387,168644,68,26,0.0476,0.6187,0.0294,0.002,1,0.0992,0.0008
"2025-05-19","Lyft",170297,0,0,22,22,574,574,11530,12104,233,21,21,40,166520,50490659,9997,2147,154729,46621851,8967,1922,0,0,0,0,0,0,0,0,355,154109,78,11,222,68984,12,1,0,\N,0.0001,0.0034,1,0.0711,0.0014
"2025-05-19","Uber",414872,26283,15828,0,15828,1641,1641,37399,39040,464,59,59,92,409602,124243500,30870,7187,347101,101510559,22748,5312,15734,7591249,4393,1059,10396,4047085,968,164,1607,881947,571,144,464,165533,52,9,0.0634,0.6022,0.0382,0.004,1,0.0941,0.0011
"2025-05-20","Lyft",176602,0,0,37,37,632,632,11489,12121,201,30,30,37,172816,52575951,11024,2383,161020,48705297,9936,2160,0,0,0,0,0,0,0,0,402,191625,110,23,187,59242,14,3,0,\N,0.0002,0.0036,1,0.0686,0.0011
"2025-05-20","Uber",433681,15401,7499,0,7499,1760,1760,38445,40205,509,75,75,123,428631,124346604,27299,6214,374669,106170317,21753,4910,7454,3566326,2056,474,7843,3015862,648,132,1730,946540,632,179,509,185289,66,10,0.0355,0.4869,0.0173,0.0041,1,0.0927,0.0012
"2025-05-21","Lyft",209528,0,0,64,64,685,685,14544,15229,222,22,22,44,205273,65624938,15394,3346,190485,60611228,13971,3015,0,0,0,0,0,0,0,0,357,166232,81,24,214,71608,17,6,0,\N,0.0003,0.0033,1,0.0727,0.0011
"2025-05-21","Uber",487610,17892,9187,0,9187,1594,1594,45045,46639,460,61,61,101,481375,142435691,31712,7329,419127,121509831,25607,5890,9089,4283721,2344,570,8620,3277593,623,119,1560,908563,631,220,460,176084,66,18,0.0367,0.5135,0.0188,0.0033,1,0.0956,0.0009
"2025-05-22","Lyft",199585,0,0,81,81,564,564,14270,14834,203,17,17,35,195203,64719289,17803,4824,180793,59548171,16051,4331,0,0,0,0,0,0,0,0,232,114732,71,21,191,67839,23,10,0,\N,0.0004,0.0028,1,0.0743,0.001
"2025-05-22","Uber",516231,17552,8933,0,8933,1405,1405,48600,50005,493,54,54,116,509678,167660850,47872,12774,444511,144571622,40498,10845,8857,4394790,2579,744,8519,3423242,909,176,1375,804175,534,178,493,187503,66,20,0.034,0.5089,0.0173,0.0027,1,0.0969,0.001
"2025-05-23","Lyft",232672,0,0,32,32,676,676,15982,16658,227,19,19,32,228486,70694935,15219,3324,212356,65293281,13696,2959,0,0,0,0,0,0,0,0,268,120811,65,18,213,71276,21,8,0,\N,0.0001,0.0029,1,0.0716,0.001
"2025-05-23","Uber",473915,19300,10656,0,10656,1404,1404,45832,47236,486,62,62,104,468753,140538629,30856,7829,404496,118403805,24091,6077,10599,5136110,2864,796,8589,3357576,823,142,1371,816079,569,199,486,187443,69,20,0.0407,0.5521,0.0225,0.003,1,0.0997,0.001
"2025-05-24","Lyft",221835,0,0,31,31,510,510,12977,13487,197,16,16,34,219717,59084029,7845,1706,206449,55163759,7095,1543,0,0,0,0,0,0,0,0,210,80470,28,8,185,54216,9,4,0,\N,0.0001,0.0023,1,0.0608,0.0009
"2025-05-24","Uber",462421,21069,12964,0,12964,900,900,46354,47254,361,40,40,74,459897,127205332,22443,5591,393760,105592713,16271,3946,12937,6169329,3512,977,8084,3006482,618,126,894,450203,252,74,361,119503,27,6,0.0456,0.6153,0.028,0.0019,1,0.1022,0.0008
"2025-05-25","Lyft",196808,0,0,36,36,469,469,13323,13792,148,13,13,24,195096,58325740,10421,2068,181537,53977386,9416,1882,0,0,0,0,0,0,0,0,179,67914,28,6,140,42662,5,3,0,\N,0.0002,0.0024,1,0.0701,0.0008
"2025-05-25","Uber",436788,20624,12789,0,12789,942,942,44233,45175,373,43,43,79,434576,133807250,29593,7200,370815,111122866,22290,5395,12763,6242584,3702,948,7818,3109104,786,141,937,506103,319,87,373,142428,53,14,0.0472,0.6201,0.0293,0.0022,1,0.1034,0.0009
"2025-05-26","Lyft",165582,0,0,18,18,439,439,11059,11498,137,8,8,20,163682,50301048,10868,2561,152473,46571550,9817,2305,0,0,0,0,0,0,0,0,171,69196,29,8,135,44639,9,5,0,\N,0.0001,0.0027,1,0.0694,0.0008
"2025-05-26","Uber",355795,16279,9334,0,9334,914,914,7653,8567,308,37,37,41,353422,112315678,29036,7573,328816,101969600,24707,6436,9305,4526981,2578,682,6929,2800004,747,175,909,505443,322,100,308,115863,41,11,0.0458,0.5734,0.0262,0.0026,1,0.0241,0.0009
"2025-05-27","Lyft",165010,0,0,8,8,573,573,8678,9251,194,26,26,46,161335,44467688,7257,1573,152551,41687521,6479,1357,0,0,0,0,0,0,0,0,214,81197,33,10,178,48711,5,1,0,\N,0,0.0035,1,0.0561,0.0012
"2025-05-27","Uber",400768,15616,8050,0,8050,1737,1737,4106,5843,461,66,66,68,396336,108757755,20137,4843,374810,100315871,17032,4088,8007,3678437,1940,502,7519,2733152,458,73,1705,885505,521,137,461,153175,44,8,0.039,0.5155,0.0201,0.0043,1,0.0146,0.0012
"2025-05-28","Lyft",189763,0,0,43,43,672,672,11655,12327,196,19,19,32,185926,55501801,11529,2541,174064,51504723,10387,2273,0,0,0,0,0,0,0,0,268,103941,42,11,184,55735,12,2,0,\N,0.0002,0.0035,1,0.065,0.001
"2025-05-28","Uber",459069,19173,10485,0,10485,1726,1726,5029,6755,445,65,65,68,454496,132425487,27709,6603,428638,121956734,23587,5569,10398,4853394,2677,674,8630,3190668,578,112,1679,920630,578,173,445,162414,56,14,0.0418,0.5469,0.0228,0.0038,1,0.0147,0.001
"2025-05-29","Lyft",190361,0,0,37,37,636,636,10947,11583,187,25,25,40,186278,53063699,9752,2120,175170,49428857,8770,1827,0,0,0,0,0,0,0,0,271,103003,36,5,171,51047,14,3,0,\N,0.0002,0.0033,1,0.0608,0.001
"2025-05-29","Uber",471880,19107,10568,0,10568,1727,1727,5264,6991,483,76,76,81,466757,129810721,24145,5728,440694,119492778,20225,4745,10500,4856217,2586,662,8499,3110225,578,115,1681,859885,485,132,483,167675,56,19,0.0405,0.5531,0.0224,0.0037,1,0.0148,0.001
"2025-05-30","Lyft",215396,0,0,25,25,636,636,13226,13862,209,13,13,32,211499,59506033,9310,1674,198095,55314986,8324,1460,0,0,0,0,0,0,0,0,251,105211,52,19,202,57094,13,3,0,\N,0.0001,0.003,1,0.0644,0.001
"2025-05-30","Uber",504696,22399,13336,0,13336,1553,1553,5920,7473,487,64,64,70,499888,141287588,26647,6016,470069,129348595,21894,4908,13263,6126828,3349,808,9006,3336753,623,109,1524,808942,503,136,487,176262,56,9,0.0444,0.5954,0.0264,0.0031,1,0.0148,0.001
"2025-05-31","Lyft",213447,0,0,53,53,528,528,12669,13197,172,11,11,22,211439,59206293,9640,1915,198443,55103400,8658,1731,0,0,0,0,0,0,0,0,227,86191,27,5,167,49974,10,1,0,\N,0.0002,0.0025,1,0.0618,0.0008
"2025-05-31","Uber",553991,27379,18090,0,18090,1040,1040,6447,7487,414,54,54,57,551570,159940626,32451,7315,516794,145609771,26371,5816,18047,8520503,4782,1219,9262,3476060,714,141,1029,511138,274,74,414,139686,33,6,0.0494,0.6607,0.0327,0.0019,1,0.0135,0.0007
"2025-06-01","Lyft",184147,0,0,27,27,487,487,11750,12237,180,21,21,37,182344,54348185,10141,2179,170344,50280277,9010,1901,0,0,0,0,0,0,0,0,192,79686,43,4,172,52867,11,3,0,\N,0.0001,0.0026,1,0.0665,0.001
"2025-06-01","Uber",466418,24368,15544,0,15544,946,946,5523,6469,486,48,48,54,464034,144718782,34174,8287,433152,131611277,28483,6886,15506,7451382,4219,1088,8810,3414031,768,159,938,503686,318,68,486,177338,53,12,0.0522,0.6379,0.0333,0.002,1,0.0139,0.001
"2025-06-02","Lyft",135448,0,0,7,7,555,555,6883,7438,222,19,19,41,131848,34230576,4337,834,124789,32125652,3846,697,0,0,0,0,0,0,0,0,235,85003,34,7,214,66379,14,2,0,\N,0.0001,0.0041,1,0.0549,0.0016
"2025-06-02","Uber",400560,16978,8885,0,8885,1501,1501,33555,35056,507,62,62,105,396132,107584320,20248,4573,345695,91548644,15883,3564,8830,4036263,2190,521,8047,2874812,460,82,1468,719707,370,100,507,163305,31,5,0.0424,0.5233,0.0222,0.0037,1,0.0875,0.0013
"2025-06-03","Lyft",147396,0,0,17,17,578,578,7672,8250,264,27,27,46,144090,38063831,5136,911,136139,35689246,4583,777,0,0,0,0,0,0,0,0,269,101182,40,8,252,71618,19,3,0,\N,0.0001,0.0039,1,0.056,0.0018
"2025-06-03","Uber",436567,15933,8037,0,8037,1647,1647,38943,40590,497,62,62,103,432139,117152807,21935,4948,377332,99963424,17334,3880,7978,3640874,1967,486,7840,2803484,448,76,1607,814586,444,122,497,169659,48,12,0.0365,0.5044,0.0184,0.0038,1,0.093,0.0011
"2025-06-04","Lyft",167997,0,0,41,41,685,685,9830,10515,259,36,36,59,164229,48023653,8966,1754,154125,44771127,8129,1559,0,0,0,0,0,0,0,0,287,121826,57,18,244,81865,23,7,0,\N,0.0002,0.0041,1,0.0626,0.0015
"2025-06-04","Uber",480259,18485,10067,0,10067,1836,1836,43862,45698,612,80,80,137,475117,136070398,29651,7223,412926,115430954,23456,5641,10014,4703851,2619,699,8369,3071294,552,95,1790,970828,590,173,612,218448,68,19,0.0385,0.5446,0.021,0.0038,1,0.0952,0.0013
"2025-06-05","Lyft",183663,0,0,46,46,649,649,12248,12897,300,31,31,65,179757,56488759,12127,2411,167295,52264191,10948,2179,0,0,0,0,0,0,0,0,257,111908,62,16,284,92170,22,5,0,\N,0.0003,0.0035,1,0.0702,0.0016
"2025-06-05","Uber",497488,19937,11313,0,11313,1788,1788,46721,48509,651,84,84,149,492084,149466176,35152,8220,425852,126316721,27794,6490,11253,5365173,2984,749,8595,3285192,665,112,1746,1002440,681,194,651,245129,88,22,0.0401,0.5674,0.0227,0.0036,1,0.0975,0.0013
"2025-06-06","Lyft",191553,0,0,97,97,672,672,15790,16462,237,31,31,52,187638,70123767,21944,5218,171615,63897644,19779,4720,0,0,0,0,0,0,0,0,266,145063,102,35,215,93309,39,13,0,\N,0.0005,0.0035,1,0.0859,0.0012
"2025-06-06","Uber",506471,24511,14569,0,14569,1543,1543,48027,49570,622,82,82,141,501208,186949283,62914,17300,429635,156775468,49959,14049,14493,7448490,4635,1123,9892,4620100,1937,350,1519,1040922,829,318,622,287459,130,32,0.0484,0.5944,0.0288,0.003,1,0.0979,0.0012
"2025-06-07","Lyft",200018,0,0,108,108,470,470,15607,16077,210,17,17,42,197659,68484429,17309,4025,181740,62611826,15524,3625,0,0,0,0,0,0,0,0,184,88975,47,17,202,74258,22,3,0,\N,0.0005,0.0023,1,0.0804,0.001
"2025-06-07","Uber",560954,29908,19384,0,19384,1029,1029,53341,54370,516,59,59,115,557900,196692782,61485,16680,476446,163440169,47665,13196,19333,9933205,6150,1588,10488,4737959,1791,395,1017,635027,466,169,516,222221,102,29,0.0533,0.6481,0.0346,0.0018,1,0.0969,0.0009
"2025-06-08","Lyft",174743,0,0,102,102,431,431,13840,14271,189,21,21,35,172539,62701020,17985,4567,158446,57197655,16100,4085,0,0,0,0,0,0,0,0,159,82858,61,12,177,66238,27,9,0,\N,0.0006,0.0025,1,0.0817,0.0011
"2025-06-08","Uber",479259,26951,17607,0,17607,995,995,46590,47585,434,63,63,94,476113,170217050,53481,14182,404328,140865949,41347,11187,17565,8869382,5412,1282,9317,4130003,1451,306,987,632886,500,160,434,178664,71,12,0.0562,0.6533,0.0367,0.0021,1,0.0993,0.0009
"2025-06-09","Lyft",155019,0,0,63,63,546,546,9475,10021,206,26,26,35,150913,46181620,9683,2370,141283,42910113,8753,2152,0,0,0,0,0,0,0,0,218,93193,47,13,196,66073,16,7,0,\N,0.0004,0.0035,1,0.0646,0.0013
"2025-06-09","Uber",432917,18319,9853,0,9853,1672,1672,38252,39924,480,89,89,136,427681,124898605,28431,6654,371525,105711543,22461,5225,9798,4693378,2651,660,8430,3234571,740,128,1634,900647,542,166,480,186999,71,19,0.0423,0.5379,0.0228,0.0039,1,0.0922,0.0011
"2025-06-10","Lyft",166709,0,0,74,74,543,543,10285,10828,241,18,18,33,162729,48571359,9372,1963,152268,45174213,8478,1765,0,0,0,0,0,0,0,0,208,90958,51,14,230,73205,20,2,0,\N,0.0004,0.0033,1,0.065,0.0014
"2025-06-10","Uber",455485,16030,8120,0,8120,1607,1607,40439,42046,557,66,66,96,450573,129052478,28002,6401,394225,110515220,22658,5160,8045,3742261,1976,489,7849,2925784,575,98,1572,904746,596,181,557,203586,73,22,0.0352,0.5066,0.0178,0.0035,1,0.0923,0.0012
"2025-06-11","Lyft",174416,0,0,38,38,632,632,11060,11692,269,38,38,63,170267,51024566,9499,1756,159053,47383158,8612,1572,0,0,0,0,0,0,0,0,266,113503,60,16,249,79697,20,4,0,\N,0.0002,0.0036,1,0.067,0.0015
"2025-06-11","Uber",463150,16636,8558,0,8558,1922,1922,42313,44235,596,95,95,155,458142,131237146,27523,6376,399155,111780679,22015,5066,8497,3931335,2100,531,8015,2984758,515,94,1874,1015264,656,177,596,225448,83,29,0.0359,0.5144,0.0185,0.0041,1,0.0955,0.0013
"2025-06-12","Lyft",191534,0,0,55,55,672,672,12740,13412,236,34,34,58,187286,59830131,13524,2640,174453,55389346,12260,2340,0,0,0,0,0,0,0,0,249,114247,66,26,217,75362,25,3,0,\N,0.0003,0.0035,1,0.07,0.0012
"2025-06-12","Uber",492083,17798,9818,0,9818,1886,1886,45050,46936,633,81,81,134,486548,146879282,34455,8425,423805,125206087,27707,6747,9757,4632778,2571,644,7910,3046997,656,112,1839,1085111,732,257,633,239043,85,23,0.0362,0.5516,0.02,0.0038,1,0.0954,0.0013
"2025-06-13","Lyft",215558,0,0,40,40,686,686,14155,14841,263,19,19,47,211715,66231405,13526,2505,197369,61424424,12269,2270,0,0,0,0,0,0,0,0,265,123835,72,21,250,80746,19,4,0,\N,0.0002,0.0032,1,0.0688,0.0012
"2025-06-13","Uber",504085,20497,11544,0,11544,1550,1550,48588,50138,520,65,65,117,498986,144636063,30382,7065,430728,121628365,23511,5402,11474,5466435,3019,789,8895,3466491,803,156,1505,837058,556,158,520,193576,67,15,0.0407,0.5632,0.0229,0.0031,1,0.0995,0.001
"2025-06-14","Lyft",226902,0,0,65,65,550,550,15399,15949,157,18,18,33,224794,72165461,15476,2822,209143,66794378,14067,2555,0,0,0,0,0,0,0,0,215,98265,59,15,145,49051,11,3,0,\N,0.0003,0.0024,1,0.0703,0.0007
"2025-06-14","Uber",538796,25771,16201,0,16201,947,947,51843,52790,436,52,52,94,536141,163712477,38452,9467,460013,136653562,29448,7270,16154,7862512,4554,1177,9539,3812981,948,201,934,519499,346,95,436,162192,47,10,0.0478,0.6287,0.0301,0.0018,1,0.098,0.0008
"2025-06-15","Lyft",188891,0,0,56,56,487,487,13493,13980,165,11,11,23,187194,61457609,14249,2894,173437,56621610,12919,2589,0,0,0,0,0,0,0,0,177,77844,37,11,158,54112,11,2,0,\N,0.0003,0.0026,1,0.074,0.0009
"2025-06-15","Uber",452993,22872,14239,0,14239,1020,1020,44766,45786,360,36,36,60,450495,144172871,37155,9061,384059,119636259,28606,7009,14214,6964352,4137,1049,8609,3527206,978,170,1010,576815,379,112,360,138446,42,14,0.0505,0.6226,0.0314,0.0023,1,0.1011,0.0008
"2025-06-16","Lyft",161395,0,0,23,23,623,623,9577,10200,225,19,19,36,157668,46511739,8521,1635,147917,43423701,7785,1494,0,0,0,0,0,0,0,0,242,93660,36,8,212,63210,9,3,0,\N,0.0001,0.0039,1,0.0632,0.0014
"2025-06-16","Uber",413536,15946,8346,0,8346,1542,1542,37390,38932,527,78,78,128,408968,117341953,26303,6243,355902,99745753,21103,5018,8280,3925095,2178,542,7532,2855080,581,97,1509,779553,460,126,527,178045,44,9,0.0386,0.5234,0.0202,0.0037,1,0.0941,0.0013
"2025-06-17","Lyft",166415,0,0,33,33,605,605,9991,10596,222,18,18,36,162846,47421969,8235,1496,152680,44189696,7477,1348,0,0,0,0,0,0,0,0,246,96355,37,7,212,66483,17,3,0,\N,0.0002,0.0036,1,0.0637,0.0013
"2025-06-17","Uber",433424,14657,7199,0,7199,1680,1680,38797,40477,502,68,68,108,428878,120027240,24782,5820,375384,102827887,19995,4747,7127,3318249,1812,404,7403,2725669,479,78,1645,888389,554,156,502,179931,51,20,0.0338,0.4912,0.0166,0.0039,1,0.0934,0.0012
"2025-06-18","Lyft",186949,0,0,54,54,695,695,11908,12603,259,38,38,55,182977,58317964,13227,2728,170853,54146094,12047,2450,0,0,0,0,0,0,0,0,279,129270,72,21,249,83276,20,4,0,\N,0.0003,0.0037,1,0.0674,0.0014
"2025-06-18","Uber",473540,17656,9377,0,9377,1806,1806,44320,46126,610,71,71,119,468093,139265207,32009,7876,406248,118200425,25656,6370,9310,4353802,2380,562,8219,3136197,633,114,1753,984012,643,189,610,227974,84,16,0.0373,0.5311,0.0198,0.0038,1,0.0974,0.0013
"2025-06-19","Lyft",197818,0,0,40,40,613,613,12577,13190,191,26,26,45,194200,59554124,12071,2462,181463,55339786,10980,2217,0,0,0,0,0,0,0,0,253,107659,52,15,183,60177,14,4,0,\N,0.0002,0.0031,1,0.0667,0.001
"2025-06-19","Uber",468848,19339,10833,0,10833,1280,1280,45314,46594,502,55,55,104,464310,136423291,31682,8125,400403,114890032,25169,6496,10782,5057704,2778,679,8477,3200506,664,127,1261,703109,456,135,502,186344,66,13,0.0412,0.5602,0.0231,0.0027,1,0.0994,0.0011
"2025-06-20","Lyft",207697,0,0,30,30,711,711,13913,14624,255,30,30,52,204236,64442215,14145,2968,190081,59625155,12803,2688,0,0,0,0,0,0,0,0,271,121754,61,12,243,84169,25,4,0,\N,0.0001,0.0034,1,0.0704,0.0012
"2025-06-20","Uber",499579,24437,14457,0,14457,1722,1722,47486,49208,557,57,57,110,494840,147435104,34891,8772,423911,122763950,26848,6759,14389,6806861,3828,946,9935,3819121,874,158,1676,967260,639,203,557,208720,72,18,0.0489,0.5916,0.0289,0.0034,1,0.0985,0.0011
"2025-06-21","Lyft",219694,0,0,57,57,668,668,15097,15765,230,32,32,51,217717,74095798,19906,4219,202286,68430741,18072,3833,0,0,0,0,0,0,0,0,244,124839,82,24,215,82756,29,9,0,\N,0.0003,0.003,1,0.0718,0.001
"2025-06-21","Uber",536818,30926,20441,0,20441,1255,1255,50595,51850,492,75,75,116,534006,174658123,49385,12972,454148,144207589,37720,10030,20399,9989223,5872,1526,10466,4259342,1248,261,1241,713700,491,132,492,200102,76,20,0.0576,0.661,0.0381,0.0023,1,0.0966,0.0009
"2025-06-22","Lyft",193556,0,0,49,49,521,521,14324,14845,146,16,16,26,191488,66626162,18674,4602,176957,61246733,16878,4162,0,0,0,0,0,0,0,0,183,80763,44,10,143,52918,19,6,0,\N,0.0003,0.0027,1,0.0767,0.0008
"2025-06-22","Uber",472400,27487,18028,0,18028,959,959,45310,46269,421,36,36,74,469511,155453903,43759,11237,398396,128272168,33568,8742,17987,8840594,5198,1254,9441,3942367,1150,260,950,554875,378,114,421,162260,51,17,0.0582,0.6559,0.0382,0.002,1,0.0979,0.0009
"2025-06-23","Lyft",182155,0,0,48,48,647,647,12808,13455,181,19,19,36,178038,63535248,19666,5300,165126,58695313,17916,4826,0,0,0,0,0,0,0,0,276,131343,74,21,171,70900,29,7,0,\N,0.0003,0.0036,1,0.0739,0.001
"2025-06-23","Uber",448058,18174,9481,0,9481,1652,1652,39584,41236,491,56,56,99,442814,143831183,39090,10248,385371,122676619,31864,8408,9418,4559569,2567,647,8636,3488061,906,153,1613,1014845,756,263,491,201867,82,20,0.0406,0.5217,0.0212,0.0037,1,0.092,0.0011
"2025-06-24","Lyft",196908,0,0,77,77,636,636,13728,14364,210,17,17,34,192684,70890712,23677,5633,178789,65454232,21573,5127,0,0,0,0,0,0,0,0,254,133223,91,29,203,84520,33,10,0,\N,0.0004,0.0032,1,0.0729,0.0011
"2025-06-24","Uber",488411,17868,9309,0,9309,1578,1578,43965,45543,506,54,54,103,483024,154161976,40256,9985,421636,131803834,32765,8143,9213,4391249,2416,604,8484,3449657,881,129,1539,958066,714,237,506,200391,69,23,0.0366,0.521,0.0191,0.0032,1,0.0932,0.001
"2025-06-25","Lyft",199660,0,0,80,80,636,636,13700,14336,194,15,15,29,195314,70670477,23053,5650,181502,65335783,21015,5134,0,0,0,0,0,0,0,0,230,118107,78,19,188,74832,28,8,0,\N,0.0004,0.0032,1,0.0718,0.001
"2025-06-25","Uber",487608,18370,10152,0,10152,1649,1649,44578,46227,517,63,63,109,482071,148255705,35394,8818,419708,126171249,28329,7091,10072,4754281,2663,606,8147,3196681,736,131,1600,980037,694,230,517,214421,79,23,0.0377,0.5526,0.0208,0.0034,1,0.0948,0.0011
"2025-06-26","Lyft",197411,0,0,74,74,648,648,12784,13432,213,27,27,46,193199,64969468,17973,4376,180263,60204477,16373,3956,0,0,0,0,0,0,0,0,240,113266,62,19,192,68642,16,8,0,\N,0.0004,0.0033,1,0.068,0.0011
"2025-06-26","Uber",470087,19559,11206,0,11206,1794,1794,43297,45091,520,61,61,117,464358,135666942,29253,7210,402147,114474762,22727,5613,11108,5267080,2962,764,8285,3121546,623,109,1736,1008448,715,212,520,192130,75,16,0.0416,0.5729,0.0238,0.0038,1,0.0959,0.0011
"2025-06-27","Lyft",216334,0,0,17,17,637,637,13674,14311,206,33,33,45,212611,64684141,12391,2753,198831,60128596,11226,2484,0,0,0,0,0,0,0,0,253,120602,64,19,191,61483,15,5,0,\N,0.0001,0.0029,1,0.0662,0.001
"2025-06-27","Uber",475954,21612,12794,0,12794,1589,1589,45515,47104,469,69,69,106,470712,132094692,26383,6462,404395,110159203,19970,4903,12736,5986948,3330,843,8780,3263743,605,115,1525,851905,561,154,469,174152,59,13,0.0454,0.592,0.0269,0.0033,1,0.099,0.001
"2025-06-28","Lyft",244171,0,0,49,49,619,619,16536,17155,193,30,30,42,242027,80774007,20278,4641,225198,74734933,18401,4206,0,0,0,0,0,0,0,0,240,114386,60,22,181,63603,16,3,0,\N,0.0002,0.0025,1,0.0703,0.0008
"2025-06-28","Uber",502051,26166,16846,0,16846,978,978,48799,49777,405,49,49,83,499323,144130517,29637,6663,425815,118712521,21586,4701,16816,8058666,4569,1148,9301,3580618,782,156,968,520870,334,91,405,142566,44,7,0.0521,0.6438,0.0336,0.0019,1,0.0991,0.0008
"2025-06-29","Lyft",217677,0,0,103,103,566,566,15906,16472,176,22,22,44,215533,82551725,28081,7080,199357,76014004,25527,6439,0,0,0,0,0,0,0,0,203,113709,80,30,165,62098,24,7,0,\N,0.0005,0.0026,1,0.0757,0.0008
"2025-06-29","Uber",442624,24123,15382,0,15382,933,933,42028,42961,344,42,42,74,439972,144909601,39341,10328,375289,120219157,30348,8079,15343,7559550,4407,1139,8721,3616590,970,196,925,546779,390,120,344,139585,53,12,0.0545,0.6376,0.0348,0.0021,1,0.0971,0.0008
"2025-06-30","Lyft",196096,0,0,16,16,676,676,11754,12430,205,20,20,33,192119,58064078,10765,2205,180205,54181079,9785,1996,0,0,0,0,0,0,0,0,271,120435,72,14,191,63489,13,4,0,\N,0.0001,0.0034,1,0.0634,0.001
"2025-06-30","Uber",378741,14811,7611,0,7611,1399,1399,33923,35322,414,47,47,75,374259,103919406,21031,5032,325802,88064204,16528,3927,7560,3540102,1914,476,7155,2633409,427,81,1370,767435,493,152,414,139723,41,11,0.0391,0.5139,0.0201,0.0037,1,0.0933,0.0011
"2025-07-01","Lyft",181170,0,0,38,38,665,665,10288,10953,214,19,19,35,177485,52399527,9870,1961,166960,48973818,8983,1767,0,0,0,0,0,0,0,0,267,106965,51,9,207,65740,14,3,0,\N,0.0002,0.0037,1,0.0605,0.0012
"2025-07-01","Uber",419972,16066,8235,0,8235,1628,1628,38000,39628,541,72,72,123,415510,115371654,23584,5380,361596,97769582,18563,4140,8176,3819544,2091,566,7782,2840761,492,83,1593,877269,551,162,541,186513,60,16,0.0383,0.5126,0.0196,0.0039,1,0.0944,0.0013
"2025-07-02","Lyft",169303,0,0,4,4,658,658,8715,9373,228,31,31,44,165470,44063905,5756,1083,156560,41426895,5198,961,0,0,0,0,0,0,0,0,275,112375,43,13,216,68351,18,5,0,\N,0,0.0039,1,0.0554,0.0013
"2025-07-02","Uber",413898,16791,9006,0,9006,1626,1626,38636,40262,533,68,68,109,409134,106184646,18663,4311,353836,89212963,14188,3233,8945,4132392,2234,586,7748,2705733,376,63,1594,812394,433,116,533,179387,46,9,0.0406,0.5364,0.0218,0.0039,1,0.0973,0.0013
"2025-07-03","Lyft",188954,0,0,12,12,701,701,10450,11151,272,31,31,55,185059,51295629,7614,1619,174404,48070228,6903,1449,0,0,0,0,0,0,0,0,288,123046,64,18,254,74586,15,2,0,\N,0.0001,0.0037,1,0.059,0.0014
"2025-07-03","Uber",438803,19562,11256,0,11256,1729,1729,42390,44119,624,78,78,146,434402,118231348,23223,5563,372694,98386764,17440,4078,11200,5208924,2891,775,8267,3006505,533,114,1701,897445,544,146,624,220366,69,21,0.0446,0.5754,0.0257,0.0039,1,0.1005,0.0014
"2025-07-04","Lyft",176266,0,0,34,34,568,568,11654,12222,211,30,30,49,173986,55240765,12891,3431,162107,51077761,11596,3055,0,0,0,0,0,0,0,0,216,95697,45,14,199,77871,24,8,0,\N,0.0002,0.0032,1,0.0693,0.0012
"2025-07-04","Uber",396430,19248,11546,0,11546,1100,1100,40646,41746,407,68,68,107,394184,128549983,37981,10984,335180,106654031,29949,8761,11520,5622061,3285,864,7678,3079374,835,165,1080,635339,421,128,407,175271,75,19,0.0486,0.5999,0.0291,0.0028,1,0.1053,0.001
"2025-07-05","Lyft",176608,0,0,23,23,506,506,10159,10665,212,20,20,35,175165,50391429,9532,2389,164691,47063087,8663,2181,0,0,0,0,0,0,0,0,187,70213,25,7,202,62981,18,4,0,\N,0.0001,0.0029,1,0.0604,0.0012
"2025-07-05","Uber",436144,24771,16113,0,16113,1073,1073,43474,44547,454,59,59,92,434280,123354371,27500,6877,367287,100366073,19639,4892,16080,7716772,4494,1158,8643,3342714,795,190,1055,533354,314,78,454,161992,43,10,0.0568,0.6505,0.0369,0.0025,1,0.1021,0.001
"2025-07-06","Lyft",163702,0,0,7,7,416,416,8955,9371,179,21,21,34,162196,45150390,7229,1600,153006,42289822,6476,1423,0,0,0,0,0,0,0,0,162,62769,29,7,169,54312,16,6,0,\N,0,0.0025,1,0.0572,0.0011
"2025-07-06","Uber",400146,22061,14172,0,14172,837,837,39567,40404,386,40,40,69,398083,114517271,26694,6571,337787,93966721,19944,4834,14149,6708950,3817,1026,7869,2959551,594,126,830,458017,288,83,386,138007,48,7,0.0551,0.6424,0.0354,0.0021,1,0.101,0.001
"2025-07-07","Lyft",142045,0,0,2,2,606,606,6853,7459,215,25,25,51,138894,36399384,5151,1139,131834,34347348,4670,1032,0,0,0,0,0,0,0,0,267,95056,32,10,203,53275,4,1,0,\N,0,0.0043,1,0.0525,0.0015
"2025-07-07","Uber",386646,15495,8080,0,8080,1477,1477,34697,36174,527,61,61,104,382746,100529685,19132,4373,332735,84991569,14899,3339,8037,3722952,2039,534,7365,2628506,435,77,1454,718204,385,96,527,166637,38,7,0.0401,0.5215,0.0209,0.0038,1,0.0936,0.0014
"2025-07-08","Lyft",155302,0,0,21,21,553,553,7684,8237,216,25,25,40,152076,41278011,6480,1592,144153,38928008,5952,1460,0,0,0,0,0,0,0,0,243,90304,32,6,204,64176,16,3,0,\N,0.0001,0.0036,1,0.053,0.0014
"2025-07-08","Uber",443302,17092,9122,0,9122,1700,1700,39332,41032,524,59,59,103,439042,115627791,21541,4735,382748,98170215,16856,3659,9067,4126891,2214,540,7929,2793086,421,70,1667,839688,458,125,524,166160,34,6,0.0386,0.5337,0.0206,0.0038,1,0.0926,0.0012
"2025-07-09","Lyft",164089,0,0,37,37,703,703,8267,8970,219,34,34,47,160494,44170118,7232,1683,151910,41571669,6579,1536,0,0,0,0,0,0,0,0,336,139468,73,12,204,62639,17,2,0,\N,0.0002,0.0043,1,0.0547,0.0013
"2025-07-09","Uber",446298,18888,10599,0,10599,1788,1788,39542,41330,524,56,56,99,441743,117446997,21322,4923,383474,99034769,16227,3716,10537,4831313,2634,659,8244,2902178,438,81,1762,911481,521,137,524,182531,52,11,0.0423,0.5611,0.0237,0.004,1,0.0926,0.0012
"2025-07-10","Lyft",166914,0,0,17,17,634,634,8139,8773,235,15,15,33,163197,42123191,5055,1035,154848,39756720,4595,933,0,0,0,0,0,0,0,0,257,96065,35,11,225,65640,14,5,0,\N,0.0001,0.0038,1,0.0526,0.0014
"2025-07-10","Uber",459520,21269,12337,0,12337,1733,1733,41788,43521,611,76,76,119,454755,116665019,19659,4420,392144,97323304,14394,3133,12275,5591733,3031,809,8879,3092683,467,78,1698,852413,442,117,611,194039,45,8,0.0463,0.58,0.0268,0.0038,1,0.0947,0.0013
"2025-07-11","Lyft",195958,0,0,11,11,688,688,10274,10962,270,42,42,58,192462,50436786,5451,1006,181886,47408057,4905,905,0,0,0,0,0,0,0,0,311,122378,52,7,255,74032,14,3,0,\N,0.0001,0.0035,1,0.0559,0.0014
"2025-07-11","Uber",488464,24149,14777,0,14777,1659,1659,46225,47884,556,69,69,120,483959,126698315,22088,5141,414403,104616470,15677,3556,14718,6827662,3830,997,9337,3337913,566,110,1605,817268,457,128,556,183446,44,12,0.0494,0.6119,0.0303,0.0034,1,0.098,0.0011
"2025-07-12","Lyft",219387,0,0,51,51,578,578,13288,13866,232,26,26,48,217361,64646133,11727,2741,203722,60211717,10643,2518,0,0,0,0,0,0,0,0,215,89855,46,10,224,71041,17,5,0,\N,0.0002,0.0026,1,0.0632,0.0011
"2025-07-12","Uber",528082,29006,19646,0,19646,1105,1105,50115,51220,454,58,58,98,525579,146828579,28384,6532,448086,120550659,19976,4447,19604,9292293,5275,1404,9337,3497393,726,158,1090,561562,337,71,454,157037,41,5,0.0549,0.6773,0.0372,0.0021,1,0.097,0.0009
"2025-07-13","Lyft",191151,0,0,66,66,523,523,12044,12567,213,30,30,58,189298,58758986,12082,2847,176936,54561165,10923,2586,0,0,0,0,0,0,0,0,201,89492,51,12,200,67490,18,3,0,\N,0.0003,0.0027,1,0.0657,0.0011
"2025-07-13","Uber",448595,26885,17972,0,17972,990,990,42739,43729,441,65,65,100,446112,135443375,31729,7771,378093,110848245,23245,5667,17937,8653661,4984,1320,8896,3505394,809,159,983,552164,350,97,441,159863,47,10,0.0599,0.6685,0.0401,0.0022,1,0.0975,0.001
"2025-07-14","Lyft",154226,0,0,52,52,574,574,9220,9794,201,25,25,37,150426,47368914,10964,2826,141016,44148614,9976,2582,0,0,0,0,0,0,0,0,238,89695,38,7,191,57274,13,3,0,\N,0.0003,0.0037,1,0.0635,0.0013
"2025-07-14","Uber",454046,19907,11846,0,11846,1517,1517,40170,41687,493,66,66,99,449250,133770159,32177,8038,389710,113006390,25258,6266,11779,5709232,3324,884,8020,3083905,685,140,1484,783353,457,133,493,173618,57,16,0.0438,0.5951,0.0261,0.0033,1,0.0918,0.0011
"2025-07-15","Lyft",159929,0,0,56,56,587,587,8632,9219,196,25,25,44,156179,44871726,7861,1956,147337,42066897,7176,1782,0,0,0,0,0,0,0,0,242,92981,35,11,186,60352,16,5,0,\N,0.0004,0.0037,1,0.0576,0.0012
"2025-07-15","Uber",434718,17094,10384,0,10384,1662,1662,37479,39141,516,57,57,100,429858,119532896,25525,6315,375454,101749587,20042,4981,10337,4829572,2711,694,6679,2397777,396,74,1624,860551,533,138,516,175668,45,7,0.0393,0.6075,0.0239,0.0038,1,0.09,0.0012
"2025-07-16","Lyft",168744,0,0,64,64,628,628,9282,9910,250,36,36,49,164743,47212101,8104,1674,155214,44238441,7397,1527,0,0,0,0,0,0,0,0,270,106708,47,11,233,71417,13,5,0,\N,0.0004,0.0037,1,0.0587,0.0015
"2025-07-16","Uber",469327,18044,11171,0,11171,1717,1717,41237,42954,547,72,72,124,464335,125427156,24020,5503,405143,106529573,18490,4147,11126,5174757,2844,746,6830,2427390,395,69,1676,882689,518,133,547,183624,54,9,0.0384,0.6191,0.0238,0.0037,1,0.0915,0.0012
"2025-07-17","Lyft",184902,0,0,50,50,655,655,10642,11297,220,31,31,46,180762,51749790,8461,1688,169902,48358642,7701,1530,0,0,0,0,0,0,0,0,268,114235,65,13,202,64738,13,3,0,\N,0.0003,0.0035,1,0.0611,0.0012
"2025-07-17","Uber",491088,16642,10120,0,10120,1733,1733,44672,46405,496,78,78,114,485841,132002665,25062,5850,424557,112706798,19701,4546,10064,4663096,2550,639,6482,2305031,371,65,1687,879192,518,141,496,177579,58,7,0.0339,0.6081,0.0206,0.0035,1,0.0945,0.001
"2025-07-18","Lyft",198995,0,0,25,25,641,641,11797,12438,249,30,30,45,195365,55212486,7924,1521,183339,51466192,7135,1340,0,0,0,0,0,0,0,0,258,106312,44,12,238,76540,17,4,0,\N,0.0001,0.0032,1,0.0625,0.0013
"2025-07-18","Uber",494580,16263,9938,0,9938,1610,1610,46842,48452,567,69,69,117,489768,133305669,25013,5858,426699,113424942,19479,4472,9884,4676596,2649,713,6282,2320032,466,83,1572,846737,506,139,567,197205,54,17,0.0329,0.6111,0.0201,0.0033,1,0.098,0.0011
"2025-07-19","Lyft",211483,0,0,65,65,607,607,13120,13727,206,24,24,38,209415,63852978,11908,2433,195980,59364364,10759,2200,0,0,0,0,0,0,0,0,217,92439,46,9,198,64789,10,2,0,\N,0.0003,0.0029,1,0.0649,0.001
"2025-07-19","Uber",537214,17647,11258,0,11258,1127,1127,50450,51577,461,63,63,99,534627,149246024,27982,6379,466899,127258910,21744,4862,11221,5381082,3055,813,6372,2422769,523,93,1108,577719,352,81,461,164168,55,9,0.0328,0.638,0.021,0.0021,1,0.096,0.0009
"2025-07-20","Lyft",190442,0,0,76,76,500,500,12685,13185,166,22,22,40,188590,60987724,13494,3148,175625,56390058,12168,2821,0,0,0,0,0,0,0,0,186,88033,46,13,155,55314,16,5,0,\N,0.0004,0.0026,1,0.0692,0.0009
"2025-07-20","Uber",463356,15466,9537,0,9537,934,934,43478,44412,385,56,56,91,460930,138646150,31706,7954,402428,118722475,25682,6437,9514,4648108,2685,734,5916,2314717,521,91,926,496167,307,78,385,142311,52,10,0.0334,0.6166,0.0206,0.002,1,0.0958,0.0008
"2025-07-21","Lyft",148681,0,0,13,13,567,567,8147,8714,225,30,30,51,144981,40859790,6645,1494,136657,38285792,6029,1359,0,0,0,0,0,0,0,0,254,101914,47,11,202,61413,18,1,0,\N,0.0001,0.0038,1,0.0586,0.0015
"2025-07-21","Uber",409147,11028,5516,0,5516,1592,1592,35426,37018,462,68,68,94,404585,110279705,21971,5089,357722,95723032,18133,4149,5482,2576474,1407,370,5476,1988735,346,47,1555,793087,461,119,462,159802,56,14,0.027,0.5002,0.0135,0.0039,1,0.0905,0.0011
"2025-07-22","Lyft",154483,0,0,19,19,591,591,7745,8336,197,34,34,47,150911,41344309,5857,1234,142971,38971884,5361,1126,0,0,0,0,0,0,0,0,280,112612,43,13,184,57432,13,5,0,\N,0.0001,0.0038,1,0.054,0.0013
"2025-07-22","Uber",414555,12996,6898,0,6898,1648,1648,35579,37227,474,66,66,96,410211,108520954,20131,4537,361381,93568608,16323,3599,6843,3142730,1691,451,6071,2096701,287,51,1591,799469,450,115,474,146333,28,4,0.0313,0.5308,0.0166,0.004,1,0.0898,0.0011
"2025-07-23","Lyft",164559,0,0,20,20,654,654,8538,9192,194,23,23,39,160844,43131816,5789,1113,152130,40561573,5269,1014,0,0,0,0,0,0,0,0,261,111718,44,14,181,55853,10,5,0,\N,0.0001,0.004,1,0.0559,0.0012
"2025-07-23","Uber",432781,17588,9991,0,9991,1614,1614,37820,39434,489,67,67,108,428223,110710981,18815,4127,373030,93696116,14260,3017,9886,4501889,2414,642,7556,2587793,351,47,1577,791002,429,108,489,160093,42,8,0.0406,0.5681,0.0231,0.0037,1,0.0911,0.0011
"2025-07-24","Lyft",178889,0,0,20,20,660,660,9824,10484,215,21,21,41,175090,48367981,7236,1449,165073,45357164,6606,1315,0,0,0,0,0,0,0,0,278,109509,46,11,200,58867,13,1,0,\N,0.0001,0.0037,1,0.0586,0.0012
"2025-07-24","Uber",461279,19604,11520,0,11520,1656,1656,41602,43258,490,78,78,118,456299,120889890,22090,5087,395680,101915179,16869,3824,11426,5228009,2831,732,8034,2811121,423,79,1610,821032,460,130,490,160795,41,7,0.0425,0.5876,0.025,0.0036,1,0.0938,0.0011
"2025-07-25","Lyft",215214,0,0,34,34,704,704,12909,13613,223,18,18,41,211402,62242785,11019,2153,198269,58017742,9988,1935,0,0,0,0,0,0,0,0,286,128134,62,20,210,68462,18,1,0,\N,0.0002,0.0033,1,0.0633,0.001
"2025-07-25","Uber",514924,20979,12993,0,12993,1520,1520,47152,48672,525,57,57,97,510137,141953888,28061,6505,442707,119818174,21434,4896,12865,6049608,3421,877,7945,2932532,589,108,1481,794734,480,145,525,184960,61,9,0.0407,0.6193,0.0252,0.003,1,0.0945,0.001
"2025-07-26","Lyft",211098,0,0,89,89,619,619,13101,13720,186,18,18,40,208930,66660628,15190,3573,195499,61938360,13774,3224,0,0,0,0,0,0,0,0,208,99942,62,23,173,61412,17,6,0,\N,0.0004,0.0029,1,0.065,0.0009
"2025-07-26","Uber",525650,22280,15370,0,15370,1139,1139,48403,49542,461,62,62,98,522815,156018414,35717,8867,453023,131712445,27609,6835,15275,7295215,4254,1069,6884,2639135,596,134,1122,629636,422,128,461,174044,62,17,0.0424,0.6899,0.0292,0.0022,1,0.0942,0.0009
"2025-07-27","Lyft",184490,0,0,64,64,503,503,11334,11837,142,9,9,23,182603,57470945,12956,3239,171017,53468524,11782,2916,0,0,0,0,0,0,0,0,171,65943,21,5,132,44813,15,4,0,\N,0.0003,0.0027,1,0.0642,0.0008
"2025-07-27","Uber",460206,23162,16324,0,16324,836,836,42679,43515,340,53,53,83,457574,135895833,32059,8507,393097,113301338,24390,6487,16239,7793902,4469,1192,6817,2631459,606,166,828,430360,263,70,340,124777,40,11,0.0503,0.7048,0.0355,0.0018,1,0.0946,0.0007
"2025-07-28","Lyft",160629,0,0,17,17,604,604,8942,9546,173,13,13,28,156918,45252757,7825,1664,147846,42392851,7106,1494,0,0,0,0,0,0,0,0,249,100744,39,10,162,48463,6,2,0,\N,0.0001,0.0038,1,0.0594,0.0011
"2025-07-28","Uber",423363,18123,10394,0,10394,1564,1564,36450,38014,391,54,54,89,418529,117747656,25490,6129,364498,99981483,20156,4772,10310,4801791,2646,696,7684,2782376,468,100,1524,796808,471,118,391,135145,46,10,0.0428,0.5735,0.0246,0.0037,1,0.0898,0.0009
"2025-07-29","Lyft",165033,0,0,34,34,650,650,9342,9992,189,31,31,45,161366,47302010,9068,2018,151851,44278375,8309,1834,0,0,0,0,0,0,0,0,259,108433,45,10,176,59208,18,2,0,\N,0.0002,0.0039,1,0.0605,0.0011
"2025-07-29","Uber",462284,20746,12402,0,12402,1593,1593,39171,40764,411,34,34,65,457564,125299077,24700,5462,398193,105926414,18965,4050,12286,5623146,3042,795,8288,2937980,460,87,1553,843531,528,151,411,148284,47,10,0.0449,0.5978,0.0268,0.0034,1,0.0882,0.0009
"2025-07-30","Lyft",174459,0,0,50,50,739,739,9655,10394,209,30,30,42,170587,49933899,9281,1952,160681,46746500,8474,1776,0,0,0,0,0,0,0,0,312,138661,75,18,194,60227,16,2,0,\N,0.0003,0.0042,1,0.0596,0.0012
"2025-07-30","Uber",475826,21216,13346,0,13346,1724,1724,41197,42921,439,49,49,83,470821,128418641,25261,5747,409007,108288927,19095,4210,13201,6133986,3379,911,7813,2761042,470,88,1680,897950,551,150,439,146007,42,11,0.0446,0.6291,0.028,0.0036,1,0.0902,0.0009
"2025-07-31","Lyft",181126,0,0,53,53,655,655,10916,11571,160,16,16,34,176713,56957311,15011,4090,165638,53024334,13719,3736,0,0,0,0,0,0,0,0,286,144856,90,28,151,57976,20,7,0,\N,0.0003,0.0036,1,0.0639,0.0009
"2025-07-31","Uber",503072,24775,16075,0,16075,1678,1678,45000,46678,463,49,49,93,497069,150247061,38851,11311,428695,125876685,30137,8826,15768,7526987,4284,1169,8579,3298154,774,189,1623,986396,677,241,463,174231,68,16,0.0492,0.6488,0.032,0.0033,1,0.0928,0.0009
"2025-08-01","Lyft",195261,0,0,26,26,697,697,11097,11794,235,26,26,47,191673,54969585,9108,1913,180323,51419365,8289,1747,0,0,0,0,0,0,0,0,285,125251,67,12,229,72077,17,4,0,\N,0.0001,0.0036,1,0.0604,0.0012
"2025-08-01","Uber",485807,26198,17236,0,17236,1594,1594,44665,46259,640,81,81,133,480902,134793752,28104,6908,411182,111117418,20398,4929,17110,8081444,4565,1216,8910,3306553,628,127,1556,817040,478,134,640,227149,67,14,0.0539,0.6579,0.0355,0.0033,1,0.0952,0.0013
"2025-08-02","Lyft",206148,0,0,51,51,614,614,12411,13025,285,33,33,50,204152,62064659,12527,2851,191343,57754241,11369,2579,0,0,0,0,0,0,0,0,227,100114,53,12,273,100097,34,12,0,\N,0.0002,0.003,1,0.0632,0.0014
"2025-08-02","Uber",504696,31161,21899,0,21899,1182,1182,47253,48435,552,54,54,111,502140,144590882,31701,7653,425351,117514987,22155,5138,21795,10444930,6095,1668,9234,3531855,810,183,1163,635111,403,121,552,202983,72,18,0.0617,0.7028,0.0434,0.0023,1,0.096,0.0011
"2025-08-03","Lyft",179849,0,0,32,32,538,538,10228,10766,202,21,21,31,178069,52480328,9851,2151,167540,49012651,8935,1922,0,0,0,0,0,0,0,0,189,81255,38,13,192,65816,14,2,0,\N,0.0002,0.003,1,0.0599,0.0011
"2025-08-03","Uber",438685,28305,19985,0,19985,1059,1059,40776,41835,471,54,54,106,436324,125971300,28573,6870,368781,102230015,20198,4709,19905,9503881,5556,1529,8293,3072232,596,122,1052,540864,324,86,471,161666,53,4,0.0645,0.7061,0.0456,0.0024,1,0.0954,0.0011
"2025-08-04","Lyft",149490,0,0,8,8,658,658,7610,8268,207,18,18,38,145949,39616402,5587,1119,138136,37278227,5082,1001,0,0,0,0,0,0,0,0,251,94432,39,10,195,50109,4,0,0,\N,0.0001,0.0044,1,0.0553,0.0014
"2025-08-04","Uber",396336,19089,11504,0,11504,1530,1530,34944,36474,490,62,62,94,391978,106405365,21794,5088,338488,88934563,16444,3769,11394,5317696,2974,763,7525,2674075,427,73,1494,759852,419,113,490,161771,47,8,0.0482,0.6027,0.029,0.0039,1,0.092,0.0012
"2025-08-05","Lyft",150400,0,0,11,11,640,640,7227,7867,202,25,25,39,147057,38419981,4667,824,139629,36294837,4299,742,0,0,0,0,0,0,0,0,261,96613,35,11,189,55931,13,2,0,\N,0.0001,0.0043,1,0.0523,0.0013
"2025-08-05","Uber",414111,18878,11344,0,11344,1699,1699,35677,37376,520,67,67,106,409882,105839511,19028,4308,355544,88753384,14178,3083,11218,5137540,2801,752,7486,2574126,330,77,1659,799748,404,90,520,165261,36,8,0.0456,0.6009,0.0274,0.0041,1,0.0903,0.0013
"2025-08-06","Lyft",162564,0,0,28,28,701,701,8115,8816,227,25,25,43,158878,42271934,5389,881,150513,39810571,4896,799,0,0,0,0,0,0,0,0,289,116598,47,6,218,62893,9,2,0,\N,0.0002,0.0043,1,0.0542,0.0014
"2025-08-06","Uber",432333,18363,11054,0,11054,1629,1629,38151,39780,533,71,71,114,427779,109924838,18779,5259,371635,92591412,14068,4020,10943,4993913,2724,722,7257,2500845,343,61,1590,748890,374,79,533,169367,42,8,0.0425,0.602,0.0256,0.0038,1,0.092,0.0012
"2025-08-07","Lyft",165241,0,0,3,3,695,695,8307,9002,231,19,19,40,161507,41942469,4858,892,152981,39519033,4398,809,0,0,0,0,0,0,0,0,281,115424,55,10,220,65944,12,1,0,\N,0,0.0042,1,0.0545,0.0014
"2025-08-07","Uber",448644,18483,11044,0,11044,1605,1605,40411,42016,595,65,65,109,443574,112790462,18997,5921,384999,94945641,14217,4589,10927,5007443,2737,733,7381,2545866,343,76,1550,757523,382,99,595,197709,58,16,0.0412,0.5975,0.0246,0.0036,1,0.0937,0.0013
"2025-08-08","Lyft",190105,0,0,4,4,673,673,9676,10349,254,32,32,52,186651,49210521,5788,985,176765,46308116,5242,872,0,0,0,0,0,0,0,0,252,110412,57,14,240,77126,24,4,0,\N,0,0.0035,1,0.0544,0.0013
"2025-08-08","Uber",479062,20135,12718,0,12718,1554,1554,44731,46285,606,82,82,121,474221,123436628,21183,6623,409920,103466984,15747,5146,12582,5818697,3204,860,7372,2587029,406,67,1508,743015,386,86,606,211547,65,27,0.042,0.6316,0.0265,0.0032,1,0.0966,0.0013
"2025-08-09","Lyft",204532,0,0,40,40,627,627,11394,12021,237,25,25,40,202519,57853038,9156,2048,190760,54180628,8334,1865,0,0,0,0,0,0,0,0,216,100412,57,11,225,72106,13,2,0,\N,0.0002,0.0031,1,0.0588,0.0012
"2025-08-09","Uber",487743,21407,14122,0,14122,1120,1120,47145,48265,517,76,76,110,484950,131664175,24499,7353,417280,109866135,18004,5635,14028,6631598,3840,1041,7237,2639825,525,100,1107,560757,330,66,517,187395,62,18,0.0439,0.6597,0.029,0.0023,1,0.099,0.0011
"2025-08-10","Lyft",192237,0,0,18,18,584,584,11753,12337,178,18,18,28,190404,57930970,10950,2163,178363,53903077,9880,1954,0,0,0,0,0,0,0,0,211,94866,47,9,168,60328,18,4,0,\N,0.0001,0.003,1,0.0642,0.0009
"2025-08-10","Uber",418758,19187,12365,0,12365,932,932,40108,41040,416,44,44,78,416212,122763485,27303,8722,357798,102797344,21100,7017,12284,5888418,3405,923,6784,2567217,503,105,917,452580,248,50,416,153116,42,11,0.0458,0.6444,0.0295,0.0022,1,0.098,0.001
"2025-08-11","Lyft",151029,0,0,8,8,640,640,7564,8204,203,22,22,38,147574,39593003,5514,1062,139784,37296956,4994,954,0,0,0,0,0,0,0,0,282,116026,52,13,194,57093,9,3,0,\N,0.0001,0.0042,1,0.0543,0.0013
"2025-08-11","Uber",384970,13014,7027,0,7027,1521,1521,33590,35111,455,51,51,91,380301,101505579,19958,6461,333671,87013612,15962,5329,6910,3267027,1854,512,5915,2072766,315,47,1479,729001,383,87,455,148235,32,7,0.0338,0.54,0.0183,0.004,1,0.0912,0.0012
"2025-08-12","Lyft",160599,0,0,8,8,633,633,7311,7944,230,37,37,49,157191,40793539,4399,770,149628,38641041,4012,693,0,0,0,0,0,0,0,0,278,110009,42,11,217,68504,14,3,0,\N,0,0.0039,1,0.0495,0.0014
"2025-08-12","Uber",402613,12052,6129,0,6129,1645,1645,35711,37356,495,71,71,111,398178,101515016,17484,5736,350139,87318230,14072,4733,6018,2746496,1448,401,5840,2001158,251,50,1589,777881,413,99,495,154273,36,7,0.0299,0.5085,0.0152,0.0041,1,0.0928,0.0012
"2025-08-13","Lyft",182158,0,0,69,69,749,749,9136,9885,225,30,30,45,178505,53154878,11121,3134,169076,50003410,10196,2882,0,0,0,0,0,0,0,0,336,140916,67,18,210,65754,14,5,0,\N,0.0004,0.0041,1,0.0543,0.0012
"2025-08-13","Uber",452846,13950,7510,0,7510,1702,1702,41036,42738,518,66,66,105,447842,120852692,24044,7387,392857,103772240,19468,6127,7369,3426059,1877,519,6341,2257877,347,66,1650,832856,446,117,518,173992,53,16,0.0308,0.5384,0.0166,0.0038,1,0.0944,0.0011
"2025-08-14","Lyft",185698,0,0,10,10,641,641,8846,9487,229,23,23,38,181876,49286584,6403,1406,172819,46603602,5850,1266,0,0,0,0,0,0,0,0,263,105518,41,9,216,62513,14,1,0,\N,0.0001,0.0035,1,0.0511,0.0012
"2025-08-14","Uber",454638,15247,8744,0,8744,1639,1639,41946,43585,524,62,62,114,449407,115783577,20029,6201,392429,98760579,15780,5044,8603,3974915,2177,585,6421,2211403,298,56,1574,766015,390,93,524,170684,43,12,0.0335,0.5735,0.0192,0.0036,1,0.0959,0.0012
"2025-08-15","Lyft",207608,0,0,11,11,743,743,10975,11718,225,34,34,47,204023,57504586,7956,1437,192805,54123326,7267,1305,0,0,0,0,0,0,0,0,299,120415,50,14,206,69161,18,6,0,\N,0.0001,0.0036,1,0.0564,0.0011
"2025-08-15","Uber",479359,17652,10798,0,10798,1511,1511,45588,47099,478,60,60,107,474602,125864224,21780,6298,411886,106416908,16674,4947,10667,4973031,2744,729,6804,2426941,402,78,1482,739126,382,86,478,158100,36,9,0.0368,0.6117,0.0225,0.0032,1,0.0983,0.001
"2025-08-16","Lyft",204951,0,0,37,37,610,610,11487,12097,217,24,24,49,202948,60943994,10648,2063,191121,57052319,9630,1869,0,0,0,0,0,0,0,0,229,107833,54,20,207,71877,19,6,0,\N,0.0002,0.003,1,0.059,0.0011
"2025-08-16","Uber",492322,20810,13695,0,13695,1112,1112,47554,48666,488,54,54,94,489515,134508882,24787,6896,421982,112456612,18317,5179,13602,6460367,3702,1013,7082,2622554,528,115,1098,550991,299,68,488,174333,51,16,0.0423,0.6581,0.0278,0.0023,1,0.0988,0.001
"2025-08-17","Lyft",93851,0,0,33,33,285,285,5800,6085,83,8,8,16,92703,30026135,6628,1424,86747,27918414,5998,1293,0,0,0,0,0,0,0,0,117,50861,27,5,81,29328,8,0,0,\N,0.0004,0.003,1,0.0648,0.0009
"2025-08-17","Uber",439093,18895,12223,0,12223,911,911,42931,43842,398,49,49,79,436371,128844237,27842,8242,375614,107959094,21308,6463,12113,5879436,3443,965,6629,2565291,559,135,897,460058,265,59,398,150514,56,8,0.043,0.6469,0.0278,0.0021,1,0.0998,0.0009
"2025-08-18","Lyft",93981,0,0,2,2,311,311,4164,4475,86,8,8,10,93174,24953818,3384,723,88868,23689055,3090,663,0,0,0,0,0,0,0,0,120,44049,20,2,81,23085,3,0,0,\N,0,0.0033,1,0.0476,0.0009
"2025-08-18","Uber",369979,12820,7008,0,7008,1451,1451,33034,34485,405,49,49,79,365474,96180149,18184,5530,319674,82143882,14370,4519,6891,3227474,1837,487,5761,2014107,285,51,1412,669364,345,65,405,130565,39,11,0.0347,0.5466,0.0189,0.0039,1,0.0932,0.0011
"2025-08-19","Lyft",151230,0,0,3,3,642,642,6225,6867,192,28,28,40,147949,37504137,3573,595,141494,35725815,3240,541,0,0,0,0,0,0,0,0,268,100735,38,2,183,50596,10,0,0,\N,0,0.0042,1,0.0454,0.0013
"2025-08-19","Uber",381297,13032,7059,0,7059,1578,1578,33403,34981,449,57,57,85,376846,93750646,15165,4484,330308,80082154,11861,3667,6949,3131800,1642,402,5916,2018267,273,52,1532,721032,354,73,449,142485,34,7,0.0342,0.5417,0.0185,0.0041,1,0.0917,0.0012
"2025-08-20","Lyft",192742,0,0,49,49,688,688,9902,10590,202,22,22,37,189302,54037782,8542,1757,179134,50853869,7765,1601,0,0,0,0,0,0,0,0,298,119583,56,11,193,57735,11,0,0,\N,0.0003,0.0036,1,0.0549,0.001
"2025-08-20","Uber",447782,17833,10531,0,10531,1481,1481,41555,43036,437,50,50,85,442731,116688798,20612,6015,383992,98403308,15820,4759,10363,4749868,2560,669,7242,2560693,378,81,1438,716867,399,88,437,141324,38,9,0.0398,0.5905,0.0235,0.0033,1,0.0961,0.001
"2025-08-21","Lyft",180653,0,0,18,18,642,642,8641,9283,230,31,31,50,177078,46904944,5882,1135,168201,44347616,5363,1027,0,0,0,0,0,0,0,0,284,109102,41,9,217,59745,8,4,0,\N,0.0001,0.0036,1,0.0514,0.0013
"2025-08-21","Uber",426594,16097,9424,0,9424,1536,1536,39493,41029,513,63,63,109,421339,107314773,18594,5716,366079,90751904,14267,4553,9274,4292892,2395,646,6626,2272649,329,61,1482,680306,292,60,513,160417,32,10,0.0377,0.5855,0.0221,0.0036,1,0.0962,0.0012
"2025-08-22","Lyft",201326,0,0,15,15,698,698,10126,10824,216,15,15,44,198058,53840612,6383,1206,187657,50757030,5785,1092,0,0,0,0,0,0,0,0,293,124244,59,15,208,64603,11,1,0,\N,0.0001,0.0035,1,0.0538,0.0011
"2025-08-22","Uber",459269,19347,12060,0,12060,1453,1453,44460,45913,508,66,66,121,454279,118058860,20063,5869,391196,98501002,14644,4403,11928,5569827,3183,898,7247,2556276,420,95,1424,706164,377,83,508,170812,45,12,0.0421,0.6234,0.0263,0.0032,1,0.1,0.0011
"2025-08-23","Lyft",220912,0,0,32,32,602,602,12250,12852,192,20,20,36,218924,64549951,10541,2047,206401,60504991,9593,1839,0,0,0,0,0,0,0,0,192,87875,44,17,182,64557,23,7,0,\N,0.0001,0.0027,1,0.0582,0.0009
"2025-08-23","Uber",496060,22322,14996,0,14996,1099,1099,47519,48618,440,47,47,79,492795,134018718,24263,6792,423865,111468294,17354,4930,14891,7128656,4179,1166,7287,2716110,580,153,1087,541257,310,65,440,149821,37,9,0.045,0.6718,0.0302,0.0022,1,0.098,0.0009
"2025-08-24","Lyft",190535,0,0,38,38,537,537,10810,11347,171,22,22,29,188605,58182549,11185,2546,177520,54472961,10163,2317,0,0,0,0,0,0,0,0,208,90225,46,14,164,54208,12,2,0,\N,0.0002,0.0028,1,0.0596,0.0009
"2025-08-24","Uber",428123,17967,11606,0,11606,828,828,40711,41539,359,44,44,82,424957,122424979,25304,7745,367290,103091187,19445,6125,11521,5594797,3234,921,6331,2396311,521,106,821,411796,220,58,359,128888,35,15,0.042,0.646,0.0271,0.0019,1,0.097,0.0008
"2025-08-25","Lyft",157337,0,0,17,17,615,615,7494,8109,195,26,26,43,153899,42168290,6311,1629,146212,39825124,5747,1483,0,0,0,0,0,0,0,0,255,99775,41,11,190,55907,8,3,0,\N,0.0001,0.0039,1,0.0515,0.0012
"2025-08-25","Uber",373148,10671,5132,0,5132,1382,1382,33031,34413,400,62,62,100,368119,96105118,17654,5412,324455,83110975,14554,4543,5015,2334162,1277,357,5471,1898128,272,49,1358,640759,309,69,400,121984,27,4,0.0286,0.4809,0.0138,0.0037,1,0.0922,0.0011
"2025-08-26","Lyft",157338,0,0,14,14,691,691,6508,7199,200,30,30,45,154076,39690678,4340,1141,147282,37761756,3978,1035,0,0,0,0,0,0,0,0,324,128380,48,8,190,53094,4,2,0,\N,0.0001,0.0044,1,0.0458,0.0013
"2025-08-26","Uber",376218,10857,5292,0,5292,1311,1311,32698,34009,467,52,52,99,371666,91539985,14113,4275,328047,79155222,11485,3579,5185,2317778,1217,293,5513,1853825,172,31,1273,583436,251,57,467,137948,24,8,0.0289,0.4874,0.0141,0.0035,1,0.0904,0.0012
"2025-08-27","Lyft",171344,0,0,11,11,684,684,7870,8554,189,21,21,40,167838,42988952,4704,1246,159727,40675978,4276,1133,0,0,0,0,0,0,0,0,289,115609,52,11,184,53500,13,0,0,\N,0.0001,0.004,1,0.0499,0.0011
"2025-08-27","Uber",390624,11541,5637,0,5637,1384,1384,35176,36560,443,48,48,95,385454,95090200,14845,4597,338745,81940944,12089,3896,5514,2437733,1258,306,5839,1955448,206,39,1349,612983,266,53,443,139871,39,5,0.0295,0.4884,0.0144,0.0035,1,0.0936,0.0011
"2025-08-28","Lyft",187013,0,0,20,20,762,762,8611,9373,242,32,32,51,183130,47731499,5306,1175,174223,45153726,4844,1060,0,0,0,0,0,0,0,0,313,124662,52,11,226,65967,15,3,0,\N,0.0001,0.0041,1,0.0501,0.0013
"2025-08-28","Uber",419622,13528,7127,0,7127,1480,1480,37976,39456,484,58,58,106,414135,103930441,16629,5063,362830,88944381,13155,4102,6983,3195306,1728,464,6344,2176531,264,57,1445,675535,315,70,484,157814,42,10,0.0322,0.5268,0.017,0.0035,1,0.094,0.0012
"2025-08-29","Lyft",210089,0,0,25,25,753,753,10744,11497,199,24,24,41,206551,55986566,7387,1391,195551,52653592,6673,1254,0,0,0,0,0,0,0,0,313,127818,59,12,184,54462,13,1,0,\N,0.0001,0.0036,1,0.0547,0.0009
"2025-08-29","Uber",456003,15612,8618,0,8618,1187,1187,42380,43567,485,49,49,93,450804,116292304,19364,5568,393415,99065294,15088,4490,8493,3899025,2120,527,6939,2444982,384,68,1157,551793,275,50,485,156899,44,7,0.0342,0.552,0.0189,0.0026,1,0.0955,0.0011
"2025-08-30","Lyft",224763,0,0,29,29,627,625,11935,12560,190,25,25,43,222715,62097987,8937,1928,210448,58261376,8088,1741,0,0,0,0,0,0,0,0,261,111077,51,16,185,55658,12,2,0,\N,0.0001,0.0028,0.9968,0.0559,0.0008
"2025-08-30","Uber",474315,20768,13058,0,13058,952,952,45714,46666,446,56,56,89,470796,123455978,21158,5881,405533,103087821,15594,4514,12935,5938785,3249,786,7674,2738007,472,92,938,445457,221,47,446,148713,35,8,0.0438,0.6288,0.0275,0.002,1,0.0984,0.0009
"2025-08-31","Lyft",206929,0,0,38,38,666,666,12647,13313,170,28,28,33,205125,65224526,14310,3499,192133,60680661,12993,3186,0,0,0,0,0,0,0,0,256,115471,63,20,163,57901,19,5,0,\N,0.0002,0.0032,1,0.0643,0.0008
"2025-08-31","Uber",439256,20202,12748,0,12748,830,830,42470,43300,401,45,45,81,436088,129941379,29485,8516,374692,108585486,22723,6759,12642,6111213,3519,928,7410,2845267,629,131,826,406366,204,44,401,147015,49,13,0.046,0.631,0.029,0.0019,1,0.0986,0.0009
"2025-09-01","Lyft",161153,0,0,43,43,552,552,9610,10162,153,20,20,34,159068,52763892,14005,4604,149221,49097891,12749,4176,0,0,0,0,0,0,0,0,214,103734,59,15,149,59769,21,7,0,\N,0.0003,0.0034,1,0.0631,0.0009
"2025-09-01","Uber",367018,14017,7575,0,7575,697,697,33740,34437,391,37,37,73,363429,116561314,32745,11735,316428,99473490,26877,9928,7474,3696375,2152,582,6392,2635135,733,187,685,332667,177,29,391,140339,40,8,0.0382,0.5404,0.0206,0.0019,1,0.0938,0.0011
"2025-09-02","Lyft",162331,0,0,21,21,701,701,7880,8581,226,25,25,46,158681,44448660,7452,1703,150528,41893827,6798,1520,0,0,0,0,0,0,0,0,293,118089,46,15,215,66228,15,3,0,\N,0.0001,0.0043,1,0.0529,0.0014
"2025-09-02","Uber",397246,12812,6617,0,6617,1438,1438,34324,35762,547,70,70,123,392150,108489637,22753,7193,344976,93630033,18676,6117,6462,3010364,1664,401,6135,2191665,356,61,1409,685193,352,84,547,185560,47,10,0.0323,0.5165,0.0167,0.0036,1,0.09,0.0014
"2025-09-03","Lyft",166191,0,0,13,13,724,724,7797,8521,218,29,29,43,162644,43175817,5317,1184,154565,40816186,4829,1085,0,0,0,0,0,0,0,0,322,126502,43,5,203,55706,6,1,0,\N,0.0001,0.0044,1,0.0513,0.0013
"2025-09-03","Uber",425014,13913,7199,0,7199,1484,1484,37691,39175,565,50,50,105,419896,108874600,18748,5630,368521,93522433,15007,4678,7028,3179537,1693,421,6657,2286379,301,49,1447,721165,368,95,565,182265,41,10,0.0327,0.5174,0.0169,0.0035,1,0.0922,0.0013
"2025-09-04","Lyft",177220,0,0,56,56,704,704,9059,9763,248,34,34,51,173488,48941184,8145,1755,164101,46050837,7499,1618,0,0,0,0,0,0,0,0,317,134479,56,23,234,72812,16,5,0,\N,0.0003,0.004,1,0.0551,0.0014
"2025-09-04","Uber",467063,15876,8572,0,8572,1611,1611,41487,43098,555,64,64,105,461515,124867730,23865,6645,404446,107051790,19034,5407,8398,3861615,2082,552,7227,2610597,531,96,1567,755770,391,73,555,189902,53,16,0.034,0.5399,0.0184,0.0034,1,0.0923,0.0012
"2025-09-05","Lyft",199288,0,0,27,27,752,752,10466,11218,272,47,47,63,195464,55840205,9402,2271,184684,52477158,8618,2063,0,0,0,0,0,0,0,0,329,150514,76,27,259,84819,19,8,0,\N,0.0001,0.0038,1,0.0563,0.0014
"2025-09-05","Uber",510758,18671,10803,0,10803,1500,1500,47278,48778,580,68,68,126,504867,138065946,26438,7440,439661,117434241,20756,6009,10634,4925548,2648,677,7786,2854599,566,102,1469,782439,469,111,580,195315,49,12,0.0366,0.5786,0.0212,0.0029,1,0.0955,0.0011
"2025-09-06","Lyft",218001,0,0,41,41,569,569,11909,12478,202,14,14,30,215829,62031889,10702,2493,203592,58127239,9738,2272,0,0,0,0,0,0,0,0,221,102212,48,15,197,60693,10,4,0,\N,0.0002,0.0026,1,0.0572,0.0009
"2025-09-06","Uber",545279,22845,14349,0,14349,850,850,52493,53343,413,34,34,68,541119,149943819,29344,8095,467455,126196696,22539,6407,14213,6606993,3605,885,8448,3047379,579,103,838,412006,231,41,413,143779,43,10,0.0419,0.6281,0.0263,0.0016,1,0.0978,0.0008
"2025-09-07","Lyft",186341,0,0,57,57,453,453,11001,11454,154,11,11,23,184249,56530667,11990,2939,172998,52698117,10854,2657,0,0,0,0,0,0,0,0,170,69513,30,7,148,47908,11,2,0,\N,0.0003,0.0024,1,0.0615,0.0008
"2025-09-07","Uber",463124,20221,12428,0,12428,705,705,44749,45454,335,26,26,58,458922,135583583,29822,9112,395542,114304626,23550,7496,12297,5797609,3241,785,7758,2903889,566,105,698,369759,217,61,335,117285,36,8,0.0437,0.6146,0.0268,0.0015,1,0.0981,0.0007
"2025-09-08","Lyft",149328,0,0,16,16,670,670,7674,8344,224,32,32,45,145348,40551709,7257,1720,137399,38102000,6603,1557,0,0,0,0,0,0,0,0,317,134169,71,14,217,71056,16,5,0,\N,0.0001,0.0045,1,0.0559,0.0015
"2025-09-08","Uber",414445,14046,7256,0,7256,1640,1640,36112,37752,477,52,52,97,408614,113497675,23928,6923,358617,97654202,19463,5783,7105,3329032,1860,465,6718,2417947,443,72,1593,808202,465,111,477,171169,54,18,0.0339,0.5166,0.0175,0.004,1,0.0911,0.0012
"2025-09-09","Lyft",152068,0,0,26,26,646,646,7684,8330,203,37,37,45,148432,40071556,5857,1036,140489,37759589,5395,959,0,0,0,0,0,0,0,0,304,125767,59,15,187,55511,9,5,0,\N,0.0002,0.0042,1,0.0548,0.0013
"2025-09-09","Uber",433044,14040,7165,0,7165,1647,1647,38164,39811,505,59,59,104,428168,114712338,20926,5743,375923,98688438,16861,4736,7022,3213455,1696,415,6788,2353156,347,65,1604,826751,476,117,505,174928,51,20,0.0324,0.5103,0.0165,0.0038,1,0.0919,0.0012
"2025-09-10","Lyft",170877,0,0,41,41,651,651,9430,10081,249,36,36,51,166764,47594256,8661,1801,157063,44575386,7899,1632,0,0,0,0,0,0,0,0,300,133444,68,25,234,70796,15,3,0,\N,0.0002,0.0038,1,0.059,0.0015
"2025-09-10","Uber",476169,15423,8172,0,8172,1583,1583,42423,44006,542,50,50,100,470628,132930662,28239,7699,413149,114680198,23185,6447,7984,3687500,1982,494,7158,2560072,455,84,1529,811664,500,109,542,191648,76,14,0.0324,0.5299,0.0172,0.0033,1,0.0924,0.0011
"2025-09-11","Lyft",179748,0,0,32,32,741,741,9940,10681,223,26,26,47,175732,50434839,9191,1973,165542,47260397,8389,1776,0,0,0,0,0,0,0,0,321,125598,58,12,208,64864,16,6,0,\N,0.0002,0.0041,1,0.0594,0.0012
"2025-09-11","Uber",482546,16930,9487,0,9487,1744,1744,44319,46063,558,50,50,90,477085,135785421,28878,8140,416228,116069528,23238,6616,9300,4332840,2394,612,7346,2661396,502,120,1690,860051,480,124,558,186219,53,11,0.0351,0.5604,0.0197,0.0036,1,0.0955,0.0012
"2025-09-12","Lyft",194308,0,0,38,38,687,687,11871,12558,230,38,38,59,190466,58064576,12129,2514,178403,54096830,11055,2280,0,0,0,0,0,0,0,0,274,118430,63,14,223,80114,26,11,0,\N,0.0002,0.0035,1,0.0646,0.0012
"2025-09-12","Uber",529891,21590,12691,0,12691,1385,1385,49919,51304,574,54,54,115,524672,157522889,35587,9897,454314,133404153,28113,8002,12492,5952740,3314,852,8806,3352467,782,145,1347,729043,443,118,574,204803,61,17,0.0407,0.5878,0.024,0.0026,1,0.0968,0.0011
"2025-09-13","Lyft",220360,0,0,64,64,588,588,13037,13625,219,34,34,49,218139,66248160,12472,2538,204757,61851329,11344,2300,0,0,0,0,0,0,0,0,233,105065,55,11,205,71737,25,3,0,\N,0.0003,0.0027,1,0.0618,0.001
"2025-09-13","Uber",572198,25547,16650,0,16650,1003,1003,55309,56312,494,59,59,105,569130,168918819,36231,9958,489785,141679807,27907,7958,16517,7860982,4360,1063,8850,3381613,710,149,986,502798,278,55,494,176805,53,10,0.0446,0.6517,0.0291,0.0018,1,0.0984,0.0009
"2025-09-14","Lyft",192764,0,0,34,34,548,548,12213,12761,204,15,15,32,190525,60400517,12386,2344,178049,56147906,11227,2130,0,0,0,0,0,0,0,0,197,87782,44,10,199,63753,13,2,0,\N,0.0002,0.0028,1,0.0662,0.0011
"2025-09-14","Uber",498894,23121,14959,0,14959,913,913,48895,49808,460,42,42,90,495639,160030522,39600,11507,425106,134275369,31093,9378,14834,7166031,4071,1022,8117,3266792,819,161,902,482703,299,72,460,176124,61,15,0.0463,0.647,0.03,0.0018,1,0.0998,0.0009
"2025-09-15","Lyft",154854,0,0,6,6,627,627,8116,8743,216,25,25,37,150807,41640238,6445,1276,142516,39154300,5880,1153,0,0,0,0,0,0,0,0,262,108278,52,10,210,59994,13,4,0,\N,0,0.004,1,0.0565,0.0014
"2025-09-15","Uber",432568,13074,6581,0,6581,1440,1440,38314,39754,449,35,35,75,427255,121104491,26736,7944,376127,104756186,22131,6756,6411,3040584,1723,429,6406,2289985,397,57,1401,713214,391,82,449,149041,39,8,0.0302,0.5034,0.0152,0.0033,1,0.0919,0.001
"2025-09-16","Lyft",161019,0,0,11,11,691,691,8118,8809,212,29,29,43,157235,42429341,5962,1094,148849,39956780,5421,984,0,0,0,0,0,0,0,0,316,125184,62,14,201,61377,16,2,0,\N,0.0001,0.0043,1,0.0547,0.0013
"2025-09-16","Uber",440131,12318,5990,0,5990,1602,1602,39006,40608,577,52,52,96,435202,117965615,22748,6333,383680,102268446,18837,5365,5821,2668267,1440,360,6245,2170428,326,48,1554,777417,435,98,577,197747,61,15,0.028,0.4863,0.0136,0.0036,1,0.0923,0.0013
"2025-09-17","Lyft",171973,0,0,23,23,691,691,8815,9506,228,28,28,40,167946,45799513,7015,1426,158886,43096835,6407,1299,0,0,0,0,0,0,0,0,308,126470,52,16,217,64744,13,3,0,\N,0.0001,0.004,1,0.0553,0.0013
"2025-09-17","Uber",471343,14847,7940,0,7940,1651,1651,43913,45564,530,60,60,111,465677,128743724,25343,6950,407116,110461168,20586,5732,7745,3553015,1884,480,6822,2392538,400,70,1592,831478,471,116,530,186773,58,10,0.0315,0.5348,0.0168,0.0035,1,0.0967,0.0011
"2025-09-18","Lyft",186446,0,0,34,34,786,786,10348,11134,240,34,34,48,182260,53091644,10040,2133,171605,49672915,9143,1910,0,0,0,0,0,0,0,0,338,148329,85,23,223,71678,20,7,0,\N,0.0002,0.0042,1,0.0597,0.0013
"2025-09-18","Uber",480289,17289,10104,0,10104,1578,1578,45197,46775,607,67,67,128,474197,136300675,29287,8361,412245,116171658,23421,6909,9884,4604566,2551,632,7099,2580998,533,99,1511,780503,459,104,607,224277,65,24,0.036,0.5844,0.021,0.0033,1,0.0974,0.0013
"2025-09-19","Lyft",207713,0,0,35,35,796,796,12187,12983,246,43,43,62,203610,58840556,9912,1844,191193,54974274,9065,1673,0,0,0,0,0,0,0,0,312,133943,72,18,231,78013,19,5,0,\N,0.0002,0.0038,1,0.0625,0.0012
"2025-09-19","Uber",519145,19120,11509,0,11509,1481,1481,49989,51470,582,77,77,123,513369,149438217,31985,8804,445066,126811644,25351,7207,11316,5314601,2918,743,7541,2821084,592,115,1442,754189,454,96,582,205942,64,11,0.0368,0.6019,0.0222,0.0029,1,0.0991,0.0011
"2025-09-20","Lyft",223499,0,0,44,44,641,641,13341,13982,205,26,26,44,221347,64839349,11004,2169,207664,60450922,9961,1969,0,0,0,0,0,0,0,0,239,107104,51,14,196,62859,10,3,0,\N,0.0002,0.0029,1,0.0626,0.0009
"2025-09-20","Uber",545898,22617,14852,0,14852,988,988,53495,54483,456,59,59,83,542825,158123521,32786,8763,467973,132948255,25282,6989,14739,6960430,3876,961,7718,2903129,616,118,975,474389,245,43,456,151518,34,8,0.0414,0.6567,0.0272,0.0018,1,0.0998,0.0008
"2025-09-21","Lyft",193633,0,0,60,60,637,637,11919,12556,172,30,30,44,191550,58949590,11562,2564,179321,54878797,10480,2348,0,0,0,0,0,0,0,0,232,107667,52,18,158,48573,12,3,0,\N,0.0003,0.0033,1,0.0648,0.0009
"2025-09-21","Uber",472294,19011,12029,0,12029,841,841,46906,47747,415,52,52,95,469105,146769482,35938,10687,404267,124035777,28747,8851,11898,5706899,3315,808,6942,2702690,628,126,834,429184,237,63,415,154686,48,14,0.0403,0.6327,0.0255,0.0018,1,0.1011,0.0009
"2025-09-22","Lyft",165887,0,0,13,13,642,642,8509,9151,210,26,26,46,162040,44083568,6470,1352,153347,41492823,5911,1207,0,0,0,0,0,0,0,0,242,98750,39,15,197,56823,14,3,0,\N,0.0001,0.0039,1,0.0552,0.0013
"2025-09-22","Uber",379516,9795,4333,0,4333,1435,1435,34896,36331,389,37,37,72,374212,104668120,22359,6776,329476,90974564,18888,5857,4173,1937274,1052,268,5355,1924768,365,63,1391,694787,368,87,389,132611,47,11,0.0258,0.4424,0.0114,0.0038,1,0.0957,0.001
"2025-09-23","Lyft",156329,0,0,9,9,588,588,6749,7337,175,19,19,32,153107,38948669,4708,1267,146122,36993847,4298,1155,0,0,0,0,0,0,0,0,270,102965,38,16,166,48831,12,6,0,\N,0.0001,0.0038,1,0.0469,0.0011
"2025-09-23","Uber",365889,9588,4213,0,4213,1269,1269,33197,34466,437,46,46,94,361524,93440611,17243,5561,318707,81243445,14520,4802,4092,1825733,948,239,5292,1753654,201,47,1246,608688,300,65,437,134722,26,8,0.0262,0.4394,0.0115,0.0035,1,0.0942,0.0012
"2025-09-24","Lyft",174597,0,0,11,11,649,649,8454,9103,194,28,28,43,171021,44503333,5554,1308,162331,42007465,5073,1178,0,0,0,0,0,0,0,0,297,113681,38,9,187,56650,12,3,0,\N,0.0001,0.0037,1,0.0521,0.0011
"2025-09-24","Uber",410379,10697,4936,0,4936,1315,1315,38584,39899,457,40,40,91,405343,107480729,20450,6423,356250,93194455,17225,5580,4803,2162122,1108,282,5658,1902154,236,41,1275,609881,306,67,457,146331,30,9,0.0261,0.4614,0.012,0.0032,1,0.0972,0.0011
"2025-09-25","Lyft",196136,0,0,22,22,650,650,10452,11102,170,26,26,43,191755,54760873,9904,2206,181177,51462336,9103,2029,0,0,0,0,0,0,0,0,300,124248,53,18,158,52684,14,4,0,\N,0.0001,0.0033,1,0.0566,0.0009
"2025-09-25","Uber",478046,12451,6192,0,6192,1454,1454,46567,48021,453,44,44,89,471852,137162034,31329,8727,413314,118816909,26333,7491,5979,2770858,1534,377,6101,2164976,404,80,1397,711385,412,88,453,162173,60,16,0.026,0.4973,0.013,0.003,1,0.1005,0.0009
"2025-09-26","Lyft",197125,0,0,16,16,663,663,11369,12032,215,34,34,52,193133,57182314,11129,2596,181602,53430698,10126,2347,0,0,0,0,0,0,0,0,256,115800,68,19,201,69441,16,6,0,\N,0.0001,0.0034,1,0.061,0.0011
"2025-09-26","Uber",519025,15330,8404,0,8404,1472,1472,52458,53930,503,58,58,105,512674,155229224,37267,11290,445582,133171265,30923,9690,8198,3830720,2115,523,6842,2530608,550,88,1409,730667,438,91,503,180046,49,10,0.0295,0.5482,0.0162,0.0028,1,0.1039,0.001
"2025-09-27","Lyft",204227,0,0,22,22,503,503,11818,12321,202,29,29,39,202038,59097661,10317,2131,189973,55245509,9383,1978,0,0,0,0,0,0,0,0,205,89760,39,10,197,65267,18,4,0,\N,0.0001,0.0025,1,0.0603,0.001
"2025-09-27","Uber",581145,21282,13508,0,13508,992,992,59401,60393,458,47,47,91,577274,176884629,42890,13190,497910,149616397,34400,10929,13379,6382106,3556,894,7720,2960580,687,152,981,479174,244,48,458,177630,54,18,0.0366,0.6347,0.0232,0.0017,1,0.1039,0.0008
"2025-09-28","Lyft",174927,0,0,37,37,454,454,10482,10936,190,19,19,34,172761,53262832,11223,2543,162031,49638614,10179,2307,0,0,0,0,0,0,0,0,186,82523,40,7,180,59319,12,5,0,\N,0.0002,0.0026,1,0.0625,0.0011
"2025-09-28","Uber",496079,20073,12893,0,12893,959,959,51288,52247,399,35,35,84,492154,160647215,43946,14944,422049,135424002,35556,12609,12744,6121661,3492,839,7114,2811199,695,144,941,479876,257,60,399,148693,38,12,0.0405,0.6423,0.026,0.0019,1,0.1053,0.0008
"2025-09-29","Lyft",142169,0,0,4,4,665,665,7332,7997,215,42,42,58,138119,37942472,6501,1426,130587,35653378,5912,1284,0,0,0,0,0,0,0,0,312,125235,60,14,197,55780,10,2,0,\N,0,0.0047,1,0.0562,0.0015
"2025-09-29","Uber",422326,12283,6247,0,6247,1548,1548,39595,41143,468,48,48,81,416447,120770324,28671,9194,364676,104223872,23956,7858,6059,2811154,1567,392,5932,2101434,385,67,1500,758379,400,99,468,156956,52,12,0.0291,0.5086,0.0148,0.0037,1,0.0974,0.0011
"2025-09-30","Lyft",145439,0,0,9,9,640,640,7292,7932,207,27,27,38,141713,37772219,5555,1094,134198,35561890,5075,991,0,0,0,0,0,0,0,0,296,120558,49,15,195,54633,10,2,0,\N,0.0001,0.0044,1,0.0545,0.0014
"2025-09-30","Uber",440953,12296,6102,0,6102,1627,1627,41037,42664,498,46,46,87,435673,123028209,27079,8362,382317,106280187,22562,7094,5926,2700353,1443,357,6079,2108947,341,54,1564,780034,407,103,498,175333,55,14,0.0279,0.4963,0.0138,0.0037,1,0.0968,0.0011
"2025-10-01","Lyft",161672,0,0,5,5,712,712,7819,8531,235,34,34,53,158079,40399621,4850,899,149960,38133594,4435,811,0,0,0,0,0,0,0,0,348,134055,58,14,223,66960,17,6,0,\N,0,0.0044,1,0.0528,0.0015
"2025-10-01","Uber",440072,12978,6753,0,6753,1630,1630,42483,44113,571,73,73,137,434762,117657807,23342,6226,379294,100879095,19081,5197,6560,2963627,1569,388,6128,2080396,293,53,1578,770250,390,88,571,192602,58,11,0.0295,0.5203,0.0153,0.0037,1,0.1002,0.0013
"2025-10-02","Lyft",167001,0,0,3,3,641,639,7558,8197,262,34,34,57,163723,39115972,3278,682,155897,37091759,2968,604,0,0,0,0,0,0,0,0,267,96164,33,7,250,69167,15,1,0,\N,0,0.0038,0.9969,0.0491,0.0016
"2025-10-02","Uber",443682,13050,6963,0,6963,1410,1410,43564,44974,564,54,54,108,439117,113299902,20119,4221,382589,96925026,16289,3340,6843,3073860,1604,395,6032,1993329,228,42,1372,640283,327,81,564,171532,38,8,0.0294,0.5336,0.0157,0.0032,1,0.1014,0.0013
"2025-10-03","Lyft",197944,0,0,6,6,785,785,10191,10976,248,38,38,53,194278,51213828,6588,1226,183813,48226458,6018,1117,0,0,0,0,0,0,0,0,325,137600,73,21,240,73278,21,4,0,\N,0,0.004,1,0.0555,0.0013
"2025-10-03","Uber",513409,16242,9380,0,9380,1458,1458,52483,53941,609,60,60,121,508424,143371810,31430,7263,440254,121913677,25391,5829,9191,4255397,2342,606,6776,2400916,424,70,1421,690640,368,70,609,220730,74,12,0.0316,0.5775,0.0183,0.0028,1,0.1051,0.0012
"2025-10-04","Lyft",223922,0,0,16,16,618,618,12288,12906,238,31,31,54,221907,59336812,7590,1460,209272,55658659,6917,1328,0,0,0,0,0,0,0,0,239,100906,42,5,227,67231,12,4,0,\N,0.0001,0.0028,1,0.0576,0.0011
"2025-10-04","Uber",548330,20331,12926,0,12926,1045,1045,56802,57847,512,56,56,104,545642,155214344,33586,7523,469533,130753970,26540,5884,12779,5949146,3262,823,7346,2654568,459,119,1031,496054,255,49,512,194910,60,16,0.0371,0.6358,0.0236,0.0019,1,0.1055,0.0009
"2025-10-05","Lyft",191093,0,0,30,30,520,520,10759,11279,188,17,17,32,189084,53557211,8761,1938,178064,50135431,7952,1766,0,0,0,0,0,0,0,0,184,73150,31,5,179,62796,21,9,0,\N,0.0002,0.0027,1,0.059,0.001
"2025-10-05","Uber",469089,18310,11426,0,11426,881,881,47752,48633,455,37,37,88,466078,144575460,38700,10049,401016,122399935,31738,8342,11299,5329478,2962,720,6839,2559425,478,101,875,438640,235,54,455,166169,48,9,0.039,0.624,0.0244,0.0019,1,0.1037,0.001
"2025-10-06","Lyft",148298,0,0,2,2,605,605,7304,7909,245,36,36,53,144468,38289744,5742,1324,136945,36092347,5261,1185,0,0,0,0,0,0,0,0,280,117626,46,17,239,71153,14,7,0,\N,0,0.0041,1,0.0533,0.0017
"2025-10-06","Uber",422805,11156,5460,0,5460,1505,1505,39557,41062,458,47,47,86,417344,118725505,28184,6826,366832,103046396,23898,5873,5258,2388480,1269,300,5583,1951643,313,57,1452,707001,363,68,458,153965,48,5,0.0264,0.4894,0.0129,0.0036,1,0.0971,0.0011
"2025-10-07","Lyft",151755,0,0,10,10,599,599,6784,7383,219,26,26,47,148224,36755671,4062,757,141239,34867072,3699,693,0,0,0,0,0,0,0,0,256,97095,41,8,205,54734,9,0,0,\N,0.0001,0.0039,1,0.0487,0.0014
"2025-10-07","Uber",440430,10736,5046,0,5046,1482,1482,40528,42010,520,45,45,97,435586,115458318,22838,4905,384292,100478836,19290,4132,4882,2174731,1132,258,5595,1869909,245,39,1429,661474,292,60,520,170027,39,11,0.0244,0.47,0.0115,0.0034,1,0.0954,0.0012
"2025-10-08","Lyft",176053,0,0,17,17,647,647,8857,9504,243,30,30,45,171931,46014875,7422,1704,162868,43383937,6811,1579,0,0,0,0,0,0,0,0,288,112119,41,9,228,69172,20,5,0,\N,0.0001,0.0037,1,0.054,0.0014
"2025-10-08","Uber",488859,12398,6433,0,6433,1345,1345,46895,48240,510,43,43,96,483028,135331375,30390,7272,424301,117463169,25594,6163,6208,2836745,1534,377,5844,2017677,339,61,1293,619831,315,60,510,174110,52,13,0.0254,0.5189,0.0132,0.0028,1,0.0987,0.001
"2025-10-09","Lyft",186580,0,0,34,34,740,740,10447,11187,237,34,34,49,182315,53355736,11308,2799,171633,49867828,10260,2542,0,0,0,0,0,0,0,0,320,132120,71,16,220,74146,24,6,0,\N,0.0002,0.004,1,0.06,0.0013
"2025-10-09","Uber",500380,13007,7103,0,7103,1600,1600,48639,50239,570,57,57,109,494182,144840750,34381,8465,432670,125128396,28819,7109,6895,3245280,1833,483,5784,2027576,310,57,1545,787328,417,106,570,206690,71,18,0.026,0.5461,0.0142,0.0032,1,0.1004,0.0011
"2025-10-10","Lyft",213115,0,0,22,22,793,793,12528,13321,250,31,31,51,209162,61586430,11886,2625,196300,57432508,10807,2366,0,0,0,0,0,0,0,0,368,173365,94,37,241,85278,29,12,0,\N,0.0001,0.0037,1,0.0625,0.0012
"2025-10-10","Uber",535227,14758,8397,0,8397,1408,1408,53353,54761,574,69,69,131,528976,158990632,39281,9539,461435,136771153,32662,7968,8180,3853560,2145,564,6241,2329432,518,99,1374,705700,393,81,574,212151,65,8,0.0276,0.569,0.0157,0.0026,1,0.1023,0.0011
"2025-10-11","Lyft",229284,0,0,52,52,541,541,13408,13949,195,10,10,23,227030,65246186,11594,2640,213323,60913377,10486,2401,0,0,0,0,0,0,0,0,209,102469,55,12,192,64569,15,6,0,\N,0.0002,0.0024,1,0.0608,0.0009
"2025-10-11","Uber",578157,17306,11194,0,11194,969,969,59044,60013,493,58,58,94,574632,167927119,38348,8671,499212,143296349,31038,6946,11054,5248736,2956,767,6059,2252670,471,85,954,478294,261,60,493,181038,66,17,0.0299,0.6468,0.0194,0.0017,1,0.1038,0.0009
"2025-10-12","Lyft",200073,0,0,72,72,433,433,11816,12249,141,6,6,19,197657,57428859,11068,2439,185650,53581390,10013,2197,0,0,0,0,0,0,0,0,143,59692,30,8,137,42901,11,3,0,\N,0.0004,0.0022,1,0.0612,0.0007
"2025-10-12","Uber",516421,17147,10897,0,10897,637,637,52748,53385,346,33,33,57,512832,156674228,41061,9894,444368,133578694,33807,8075,10712,5031033,2793,714,6199,2334849,500,125,634,297997,151,26,346,126602,36,8,0.0332,0.6355,0.0211,0.0012,1,0.1034,0.0007
"2025-10-13","Lyft",153734,0,0,12,12,488,488,8244,8732,147,11,11,27,150007,40537892,7162,2018,141680,38008609,6468,1826,0,0,0,0,0,0,0,0,218,87423,31,9,145,44200,13,1,0,\N,0.0001,0.0032,1,0.0568,0.001
"2025-10-13","Uber",437183,10443,5202,0,5202,1066,1066,41930,42996,335,30,30,56,432223,127836969,33019,7673,380365,111279708,28203,6535,5039,2384004,1366,325,5118,1886529,406,85,1050,488750,227,48,335,110494,31,4,0.0239,0.4981,0.0119,0.0024,1,0.0983,0.0008
"2025-10-14","Lyft",156256,0,0,15,15,647,647,7753,8400,215,42,42,60,152340,41475634,7843,1962,144382,39030741,7122,1763,0,0,0,0,0,0,0,0,297,111212,46,11,192,57886,15,1,0,\N,0.0001,0.0041,1,0.0538,0.0014
"2025-10-14","Uber",458216,10605,5216,0,5216,1378,1378,42514,43892,490,36,36,84,452856,124926733,26962,6174,399783,108976361,22904,5228,5053,2320737,1266,343,5274,1803522,265,40,1316,632475,310,82,490,161879,42,10,0.0231,0.4918,0.0114,0.003,1,0.0958,0.0011
"2025-10-15","Lyft",165194,0,0,16,16,719,719,8240,8959,235,40,40,57,161273,42736313,6873,1370,152786,40242732,6305,1262,0,0,0,0,0,0,0,0,326,126575,50,9,221,69876,17,6,0,\N,0.0001,0.0044,1,0.0542,0.0014
"2025-10-15","Uber",480445,12074,6543,0,6543,1491,1491,45670,47161,495,68,68,105,474920,129535303,26676,6026,417358,112282245,22298,5039,6350,2924068,1588,394,5412,1845366,247,46,1451,659292,288,61,495,161769,44,9,0.0251,0.5419,0.0136,0.0031,1,0.0982,0.001
"2025-10-16","Lyft",188452,0,0,63,63,721,721,10594,11315,283,43,43,62,184178,54908081,12648,2732,173249,51293905,11540,2488,0,0,0,0,0,0,0,0,337,161019,93,30,270,90416,30,10,0,\N,0.0003,0.0038,1,0.06,0.0015
"2025-10-16","Uber",513826,15545,9388,0,9388,1567,1567,49944,51511,569,72,72,122,507699,148803039,35037,8195,442655,127771994,28821,6789,9140,4254974,2383,597,6060,2150207,394,73,1515,754880,411,86,569,196919,64,8,0.0303,0.6039,0.0183,0.003,1,0.1002,0.0011
"2025-10-17","Lyft",196620,0,0,27,27,731,731,11561,12292,239,31,31,47,192590,56351055,10962,2285,180786,52582594,9986,2062,0,0,0,0,0,0,0,0,314,147141,76,25,231,79830,25,8,0,\N,0.0001,0.0037,1,0.0625,0.0012
"2025-10-17","Uber",549717,20687,13608,0,13608,1511,1511,55409,56920,540,52,52,111,543648,160550152,38704,9051,468732,135560824,30814,7160,13381,6351887,3616,945,7000,2595043,571,126,1467,710386,367,73,540,189734,46,10,0.0376,0.6578,0.0248,0.0027,1,0.1035,0.001
"2025-10-18","Lyft",226610,0,0,33,33,614,614,12866,13480,202,30,30,46,224378,63977636,10780,2151,211192,59891195,9835,1967,0,0,0,0,0,0,0,0,249,111248,49,11,192,62050,12,5,0,\N,0.0001,0.0027,1,0.0595,0.0009
"2025-10-18","Uber",573023,23477,16328,0,16328,1018,1018,58445,59463,470,60,60,102,569635,165632940,38193,8704,489112,138986914,29859,6629,16175,7573034,4261,1130,7110,2576213,495,121,1007,486881,237,53,470,160699,44,9,0.041,0.6955,0.0285,0.0018,1,0.1038,0.0008
"2025-10-19","Lyft",181666,0,0,61,61,520,520,11305,11825,195,34,34,52,179351,55733347,12116,2647,167728,51835135,11028,2411,0,0,0,0,0,0,0,0,227,112029,62,17,182,62845,19,6,0,\N,0.0003,0.0029,1,0.0651,0.0011
"2025-10-19","Uber",498692,22057,15290,0,15290,879,879,51940,52819,445,49,49,102,495221,156643845,42091,10216,422780,131087844,33438,8171,15169,7233635,4153,1035,6715,2581750,556,112,870,435213,248,49,445,172160,66,18,0.0442,0.6932,0.0307,0.0018,1,0.1059,0.0009
"2025-10-20","Lyft",139910,0,0,47,47,606,605,7535,8140,194,26,26,44,136733,38721244,7116,1901,128912,36221543,6385,1690,0,0,0,0,0,0,0,0,286,124791,56,16,187,58940,19,3,0,\N,0.0003,0.0043,0.9983,0.0582,0.0014
"2025-10-20","Uber",447018,13483,7940,0,7940,1332,1332,42276,43608,443,40,40,77,441733,127761505,31081,7573,386379,109981298,25800,6290,7764,3651749,2053,529,5475,1942506,378,67,1291,614507,281,69,443,148489,52,18,0.0302,0.5889,0.0178,0.003,1,0.0976,0.001
"2025-10-21","Lyft",159159,0,0,26,26,707,707,8516,9223,178,30,30,47,155389,43949322,8712,2120,146662,41197654,7931,1919,0,0,0,0,0,0,0,0,305,127169,60,16,163,49012,8,2,0,\N,0.0002,0.0044,1,0.0579,0.0011
"2025-10-21","Uber",448182,13151,7661,0,7661,1510,1510,43192,44702,513,52,52,100,442963,126856193,30232,6922,386861,108929859,24886,5638,7445,3490805,1981,553,5408,1905673,321,58,1445,713971,367,87,513,180096,60,12,0.0293,0.5825,0.0171,0.0034,1,0.0997,0.0011
"2025-10-22","Lyft",171248,0,0,23,23,723,723,9205,9928,224,32,32,47,167107,46838528,9036,2080,157641,43864776,8218,1890,0,0,0,0,0,0,0,0,316,137112,72,12,212,63475,14,2,0,\N,0.0001,0.0042,1,0.058,0.0013
"2025-10-22","Uber",476509,14817,8794,0,8794,1560,1560,46375,47935,459,58,58,96,470685,135336769,31506,7344,410033,115944669,25879,6011,8549,4015394,2273,582,5927,2124521,383,70,1497,712687,345,70,458,151553,34,9,0.0311,0.5935,0.0185,0.0033,1,0.1006,0.001
"2025-10-23","Lyft",186461,0,0,50,50,745,745,10293,11038,210,29,29,47,182192,52364478,10386,2379,171664,49017444,9476,2150,0,0,0,0,0,0,0,0,312,137941,68,22,197,60003,15,2,0,\N,0.0003,0.004,1,0.0592,0.0011
"2025-10-23","Uber",506824,16550,10563,0,10563,1577,1577,50983,52560,473,54,54,100,500646,145232232,34296,8190,433949,123691371,27780,6643,10332,4876727,2761,742,5898,2093012,374,68,1502,709201,345,65,473,156063,34,7,0.0327,0.6382,0.0208,0.0031,1,0.1037,0.0009
"2025-10-24","Lyft",216504,0,0,18,18,773,773,12355,13128,223,38,38,53,212530,62652673,12031,2535,199926,58588797,10950,2289,0,0,0,0,0,0,0,0,328,151653,89,22,217,72437,22,3,0,\N,0.0001,0.0036,1,0.0606,0.001
"2025-10-24","Uber",549543,19679,13133,0,13133,1417,1417,55903,57320,540,45,45,98,543652,161311311,39734,9419,469176,136421656,31858,7547,12882,6089748,3455,896,6457,2411315,501,102,1375,671294,351,67,540,189069,60,9,0.0358,0.6674,0.0239,0.0026,1,0.1043,0.001
"2025-10-25","Lyft",237391,0,0,36,36,637,637,13510,14147,177,24,24,39,235141,67146515,10615,2080,221319,62868345,9651,1898,0,0,0,0,0,0,0,0,247,107594,44,7,173,57401,11,5,0,\N,0.0002,0.0027,1,0.0596,0.0007
"2025-10-25","Uber",592607,23052,16383,0,16383,996,996,61123,62119,484,48,48,89,589411,169815008,38814,8645,506635,142354701,30050,6519,16242,7815765,4560,1184,6627,2472770,531,123,978,467372,223,46,484,165194,40,8,0.0389,0.7107,0.0276,0.0017,1,0.1048,0.0008
"2025-10-26","Lyft",203033,0,0,26,26,520,520,11618,12138,182,24,24,41,200690,57941011,9611,2047,188807,54175301,8684,1852,0,0,0,0,0,0,0,0,204,86538,38,10,172,51289,8,2,0,\N,0.0001,0.0026,1,0.0598,0.0009
"2025-10-26","Uber",505093,19513,13497,0,13497,848,848,53235,54083,390,48,48,100,501836,150274724,37288,8756,430324,126246852,29642,6893,13363,6418134,3665,966,5973,2254199,487,115,841,404578,198,38,390,136715,38,10,0.0386,0.6917,0.0267,0.0017,1,0.1071,0.0008
"2025-10-27","Lyft",163493,0,0,7,7,679,679,8465,9144,191,28,28,45,159353,43571138,7070,1434,150712,40992284,6445,1295,0,0,0,0,0,0,0,0,313,128052,54,12,184,50875,6,0,0,\N,0,0.0042,1,0.0559,0.0012
"2025-10-27","Uber",432501,11229,6165,0,6165,1472,1472,41419,42891,406,46,46,91,426919,118521846,26200,6576,374533,102361350,21740,5471,5958,2848777,1608,453,4930,1762493,315,58,1404,676102,345,66,406,127341,29,4,0.026,0.549,0.0143,0.0034,1,0.0992,0.0009
"2025-10-28","Lyft",171758,0,0,18,18,700,700,8485,9185,219,38,38,53,168116,44380541,6220,1312,159376,41839885,5667,1193,0,0,0,0,0,0,0,0,308,129227,57,14,204,58894,10,3,0,\N,0.0001,0.0041,1,0.0535,0.0013
"2025-10-28","Uber",447718,10616,5498,0,5498,1530,1530,42445,43975,458,54,54,105,442567,115039367,19904,4300,389543,99550507,16225,3430,5287,2474173,1351,366,4980,1705908,267,36,1474,718359,376,77,458,149280,44,8,0.0237,0.5179,0.0123,0.0034,1,0.0982,0.001
"2025-10-29","Lyft",178753,0,0,17,17,744,744,8811,9555,215,24,24,41,174904,46194191,6576,1305,165809,43559297,6017,1195,0,0,0,0,0,0,0,0,345,143942,54,18,207,57699,7,1,0,\N,0.0001,0.0042,1,0.0535,0.0012
"2025-10-29","Uber",476995,11043,5533,0,5533,1621,1621,46258,47879,488,62,62,97,471378,122612148,21466,4376,414173,106139781,17596,3538,5328,2454334,1361,357,5297,1787911,281,39,1564,751962,391,94,488,155662,34,9,0.0232,0.501,0.0116,0.0034,1,0.1004,0.001
"2025-10-30","Lyft",207595,0,0,50,50,621,621,12678,13299,179,25,25,46,202744,66880519,18986,5290,189983,62236346,17329,4781,0,0,0,0,0,0,0,0,276,140489,74,31,172,65265,22,6,0,\N,0.0002,0.003,1,0.0641,0.0009
"2025-10-30","Uber",574096,15744,9075,0,9075,1242,1242,56878,58120,450,30,30,78,567151,185453180,56956,15612,495923,160129485,47762,13043,8648,4282687,2575,739,6327,2483619,743,165,1186,621409,371,94,450,176806,69,16,0.0274,0.5764,0.0158,0.0022,1,0.1012,0.0008
"2025-10-31","Lyft",255471,0,0,29,29,740,740,16171,16911,229,41,41,64,251424,81762245,19295,4713,235009,75944544,17515,4259,0,0,0,0,0,0,0,0,323,155220,84,29,215,79016,26,7,0,\N,0.0001,0.0029,1,0.0662,0.0009
"2025-10-31","Uber",600764,16517,10157,0,10157,1436,1436,59916,61352,477,34,34,78,594801,200230058,62142,16372,519317,172318106,51768,13750,9843,4953650,2987,744,6157,2549476,832,169,1390,695742,372,85,477,181066,68,16,0.0275,0.6149,0.0169,0.0024,1,0.1021,0.0008
"2025-11-01","Lyft",280605,0,0,25,25,580,580,17614,18194,228,31,31,48,278428,83258116,14646,2933,260491,77557580,13317,2683,0,0,0,0,0,0,0,0,239,103639,47,11,221,71893,14,4,0,\N,0.0001,0.0021,1,0.0648,0.0008
"2025-11-01","Uber",647688,22004,15125,0,15125,859,859,66118,66977,507,50,50,82,644505,207479782,58454,13963,557784,175938430,46829,11053,14901,7657598,4819,1349,6811,2892121,932,229,847,420193,222,40,507,177840,47,10,0.034,0.6874,0.0234,0.0013,1,0.1034,0.0008
"2025-11-02","Lyft",206449,0,0,67,67,462,462,13098,13560,175,25,25,35,202461,65809010,16210,4139,189278,61136899,14664,3753,0,0,0,0,0,0,0,0,170,80926,44,17,165,61106,22,7,0,\N,0.0003,0.0022,1,0.0657,0.0008
"2025-11-02","Uber",505483,14630,8902,0,8902,669,669,51538,52207,381,33,33,77,498521,161351005,46523,11524,433920,138507218,38781,9610,8572,4233602,2536,666,5606,2264112,603,142,659,324245,170,31,379,139798,47,8,0.0289,0.6085,0.0176,0.0013,1,0.1033,0.0008
"2025-11-03","Lyft",165160,0,0,6,6,698,698,8516,9214,255,41,41,57,160709,43664720,6754,1364,151998,41007904,6091,1227,0,0,0,0,0,0,0,0,335,137804,74,12,239,72124,17,3,0,\N,0,0.0042,1,0.0558,0.0015
"2025-11-03","Uber",430154,8417,3705,0,3705,1517,1517,41062,42579,457,45,45,87,424119,118696964,26916,6612,374637,103763437,23062,5689,3538,1646608,906,260,4481,1548678,230,37,1451,689740,331,60,457,153956,43,8,0.0196,0.4402,0.0086,0.0035,1,0.099,0.0011
"2025-11-04","Lyft",170729,0,0,13,13,700,700,8624,9324,263,42,42,65,166968,42742411,4929,848,158113,40249880,4471,762,0,0,0,0,0,0,0,0,303,124096,50,7,251,78540,25,9,0,\N,0.0001,0.0041,1,0.0546,0.0015
"2025-11-04","Uber",424384,7641,3179,0,3179,1424,1424,40314,41738,581,51,51,101,419123,111010222,21814,4702,370963,97092667,18586,3955,3037,1360620,710,168,4217,1415841,166,27,1386,667791,324,89,581,188456,48,10,0.018,0.416,0.0075,0.0034,1,0.0983,0.0014
"2025-11-05","Lyft",185796,0,0,34,34,781,781,10103,10884,237,30,30,46,181728,48144015,7149,1355,171342,45130016,6486,1228,0,0,0,0,0,0,0,0,343,139872,67,15,227,65556,13,5,0,\N,0.0002,0.0042,1,0.0586,0.0013
"2025-11-05","Uber",456062,8550,3762,0,3762,1558,1558,43487,45045,485,45,45,103,450523,120530773,24854,6016,398459,105463243,21286,5102,3577,1627586,819,226,4519,1496341,188,28,1488,707226,329,76,485,152968,35,10,0.0187,0.44,0.0082,0.0034,1,0.0988,0.0011
"2025-11-06","Lyft",202376,0,0,47,47,777,777,11107,11884,245,29,29,49,198129,55248899,10018,2493,186729,51698932,9117,2247,0,0,0,0,0,0,0,0,335,143189,63,23,234,70675,17,4,0,\N,0.0002,0.0038,1,0.0587,0.0012
"2025-11-06","Uber",499411,10224,5000,0,5000,1538,1538,48973,50511,568,50,50,100,493062,132141895,26455,6636,434124,115074538,22435,5646,4807,2227755,1219,347,4935,1638983,192,36,1480,721742,361,85,568,178349,44,5,0.0205,0.489,0.01,0.0031,1,0.1011,0.0011
"2025-11-07","Lyft",226786,0,0,8,8,764,764,12537,13301,245,31,31,48,222874,59341372,7856,1474,210066,55528287,7065,1304,0,0,0,0,0,0,0,0,332,134308,63,7,239,73640,14,4,0,\N,0,0.0034,1,0.0587,0.0011
"2025-11-07","Uber",527299,12163,6559,0,6559,1375,1375,53726,55101,559,62,62,107,521256,139190549,27176,6797,455817,120029826,22612,5666,6349,2917359,1592,409,5418,1863160,259,44,1321,644788,317,66,559,191654,52,9,0.0231,0.5393,0.0124,0.0026,1,0.1045,0.0011
"2025-11-08","Lyft",235107,0,0,38,38,587,587,12985,13572,231,38,38,54,233102,62708708,8882,1701,219727,58677882,7993,1522,0,0,0,0,0,0,0,0,275,114747,50,9,225,69576,17,5,0,\N,0.0002,0.0025,1,0.0577,0.001
"2025-11-08","Uber",557371,14147,8526,0,8526,908,908,57285,58193,470,53,53,102,554176,148990111,29482,6665,483360,127827143,23928,5311,8405,3981283,2261,622,5566,1939432,285,57,896,413695,211,38,470,159810,55,10,0.0254,0.6027,0.0153,0.0016,1,0.1044,0.0008
"2025-11-09","Lyft",193816,0,0,43,43,453,453,10762,11215,172,25,25,37,191820,53982640,9453,2163,180827,50550815,8599,1969,0,0,0,0,0,0,0,0,180,80052,40,11,164,51767,13,1,0,\N,0.0002,0.0023,1,0.0579,0.0009
"2025-11-09","Uber",500020,13527,8001,0,8001,753,753,51489,52242,411,34,34,83,496597,141077943,32548,7829,432439,121187730,27114,6518,7874,3685168,2056,532,5475,1938194,286,67,744,339137,156,37,411,136002,33,5,0.0271,0.5915,0.016,0.0015,1,0.1045,0.0008
"2025-11-10","Lyft",168515,0,0,5,5,642,642,8666,9308,199,21,21,33,164348,44014407,6955,1792,155488,41369741,6351,1612,0,0,0,0,0,0,0,0,305,122605,46,15,190,53211,7,1,0,\N,0,0.0038,1,0.0552,0.0012
"2025-11-10","Uber",473218,9841,4572,0,4572,1491,1491,45569,47060,498,52,52,93,467231,129189002,29721,6938,412001,112632996,25383,5840,4351,2017460,1097,320,5040,1756126,306,71,1437,704659,358,84,498,168165,46,15,0.0208,0.4646,0.0097,0.0032,1,0.0994,0.0011
"2025-11-11","Lyft",168502,0,0,7,7,659,659,8487,9146,235,34,34,57,164914,42625635,5836,1619,156177,40122630,5314,1489,0,0,0,0,0,0,0,0,291,126877,56,19,224,60812,14,3,0,\N,0,0.0039,1,0.0543,0.0014
"2025-11-11","Uber",452025,10093,4719,0,4719,1370,1370,43004,44374,503,54,54,98,446969,121794946,27217,6348,393973,105986039,22924,5251,4563,2107091,1181,327,5171,1818422,362,100,1327,655152,334,72,503,159116,38,15,0.0223,0.4676,0.0104,0.003,1,0.0982,0.0011
"2025-11-12","Lyft",177871,0,0,22,22,776,776,9128,9904,251,48,48,66,173818,46013578,7182,1534,164393,43164024,6473,1357,0,0,0,0,0,0,0,0,356,139788,61,14,234,71718,17,4,0,\N,0.0001,0.0044,1,0.0557,0.0014
"2025-11-12","Uber",473250,12256,6558,0,6558,1569,1569,45853,47422,519,59,59,101,467392,127335023,27780,6281,409656,109876933,23006,5130,6346,2945465,1625,435,5457,1903884,371,95,1508,723380,366,74,519,175895,56,9,0.0259,0.5351,0.0139,0.0033,1,0.1002,0.0011
"2025-11-13","Lyft",194324,0,0,40,40,743,743,10340,11083,237,18,18,41,190259,51244558,8095,1693,179618,48089006,7382,1536,0,0,0,0,0,0,0,0,308,125190,63,12,228,70058,15,7,0,\N,0.0002,0.0038,1,0.057,0.0012
"2025-11-13","Uber",515935,13658,7690,0,7690,1603,1603,50806,52409,598,53,53,108,509615,141178810,31527,7401,445576,121557549,26043,6014,7472,3468664,1899,567,5729,2000961,375,72,1551,741835,365,73,598,193685,42,7,0.0265,0.563,0.0149,0.0031,1,0.1016,0.0012
"2025-11-14","Lyft",226782,0,0,12,12,788,788,12789,13577,240,36,36,47,223001,59803692,8174,1510,209873,55914074,7397,1349,0,0,0,0,0,0,0,0,356,149453,76,21,231,69465,17,5,0,\N,0.0001,0.0035,1,0.0599,0.0011
"2025-11-14","Uber",548735,17144,10648,0,10648,1480,1480,55455,56935,558,70,70,125,542649,149998211,32553,7563,470838,127607151,26026,5968,10432,4931347,2801,752,6337,2313246,535,108,1439,708271,371,86,558,195095,64,17,0.0312,0.6211,0.0194,0.0027,1,0.1038,0.001
"2025-11-15","Lyft",251392,0,0,31,31,562,562,14477,15039,198,21,21,35,249315,67521233,8975,1613,234529,63116193,8109,1450,0,0,0,0,0,0,0,0,210,91058,43,9,192,60703,16,1,0,\N,0.0001,0.0022,1,0.0598,0.0008
"2025-11-15","Uber",587709,20185,13798,0,13798,897,897,60453,61350,507,50,50,100,584470,164367354,37255,8064,504951,138961117,29605,6239,13671,6423502,3639,950,6349,2333052,443,104,881,421135,205,42,507,172806,44,10,0.0343,0.6836,0.0235,0.0015,1,0.1044,0.0009
"2025-11-16","Lyft",213787,0,0,19,19,482,482,12286,12768,192,19,19,37,211646,59264099,8988,1699,199130,55382657,8107,1506,0,0,0,0,0,0,0,0,182,75760,38,5,184,53600,7,1,0,\N,0.0001,0.0023,1,0.0597,0.0009
"2025-11-16","Uber",502665,18877,12698,0,12698,748,748,51971,52719,385,44,44,83,499155,150561172,41446,10530,429604,126925215,33295,8373,12563,5989912,3484,873,6136,2300815,495,118,734,339559,151,30,385,143578,49,10,0.0376,0.6727,0.0253,0.0015,1,0.1049,0.0008
"2025-11-17","Lyft",167710,0,0,5,5,686,686,8347,9033,227,34,34,51,163710,43788781,6793,1426,155103,41168993,6155,1272,0,0,0,0,0,0,0,0,327,133981,62,13,218,66961,15,5,0,\N,0,0.0041,1,0.0539,0.0014
"2025-11-17","Uber",460520,12679,7003,0,7003,1478,1478,43724,45202,475,49,49,95,454815,129565363,32239,7482,398881,111925738,26900,6271,6802,3224931,1827,508,5455,1942284,421,84,1440,686483,354,63,475,152932,43,5,0.0275,0.5523,0.0152,0.0032,1,0.0982,0.001
"2025-11-18","Lyft",172036,0,0,23,23,766,766,8591,9357,266,44,44,59,168215,45121275,7077,1470,159264,42413494,6400,1311,0,0,0,0,0,0,0,0,363,153430,67,14,252,73175,12,3,0,\N,0.0001,0.0045,1,0.0544,0.0015
"2025-11-18","Uber",464248,12225,6424,0,6424,1665,1665,43855,45520,483,58,58,100,458670,127536809,29074,6637,402834,110182122,24039,5390,6239,2928873,1675,466,5552,1924239,352,81,1609,815006,459,114,483,162639,49,6,0.0263,0.5255,0.0138,0.0036,1,0.0981,0.001
"2025-11-19","Lyft",180777,0,0,30,30,742,742,9515,10257,229,32,32,48,176528,49838052,9580,2192,166766,46770649,8737,1995,0,0,0,0,0,0,0,0,323,143744,79,15,218,71794,25,8,0,\N,0.0002,0.0041,1,0.0567,0.0013
"2025-11-19","Uber",511472,14089,7948,0,7948,1496,1496,49036,50532,514,55,55,103,504781,145948436,37048,8974,442451,125983645,30755,7344,7683,3701217,2190,640,5850,2113824,510,111,1438,720681,411,80,514,184255,73,12,0.0275,0.5641,0.0155,0.0029,1,0.0988,0.001
"2025-11-20","Lyft",193777,0,0,40,40,779,779,10370,11149,231,30,30,45,189567,52665255,9399,2037,178890,49353755,8559,1831,0,0,0,0,0,0,0,0,330,134193,68,10,220,65386,17,5,0,\N,0.0002,0.004,1,0.0575,0.0012
"2025-11-20","Uber",524406,15611,9463,0,9463,1603,1603,51675,53278,532,60,60,135,517554,143640363,31180,7392,451011,122880000,25018,5826,9248,4460327,2685,775,5896,2108141,490,92,1534,749005,388,99,532,182049,47,9,0.0298,0.6062,0.018,0.0031,1,0.1016,0.001
"2025-11-21","Lyft",214593,0,0,21,21,749,749,11742,12491,268,38,38,67,210556,58161965,9061,1908,198563,54514737,8247,1715,0,0,0,0,0,0,0,0,312,131504,57,17,249,83058,25,9,0,\N,0.0001,0.0035,1,0.0582,0.0012
"2025-11-21","Uber",566249,18851,12213,0,12213,1384,1384,57523,58907,567,59,59,106,559947,159729880,37836,8916,484777,135442859,30150,6935,11997,5793571,3436,1040,6488,2406106,562,128,1347,657587,357,73,567,196143,70,12,0.0333,0.6479,0.0216,0.0024,1,0.104,0.001
"2025-11-22","Lyft",225516,0,0,24,24,529,529,12266,12795,190,23,23,36,222931,58879570,6994,1303,210406,55232325,6312,1171,0,0,0,0,0,0,0,0,223,91665,34,6,181,52863,10,2,0,\N,0.0001,0.0023,1,0.0567,0.0008
"2025-11-22","Uber",605102,23988,16871,0,16871,836,836,61979,62815,403,66,66,116,601267,165158022,35055,7645,517200,138326337,26751,5541,16747,8021795,4714,1359,7080,2557812,500,98,825,374439,177,25,403,137146,36,5,0.0396,0.7033,0.0279,0.0014,1,0.1038,0.0007
"2025-11-23","Lyft",189035,0,0,47,47,522,522,10256,10778,192,19,19,40,186599,50805930,7311,1550,176075,47578448,6575,1376,0,0,0,0,0,0,0,0,202,82707,29,7,185,56641,14,2,0,\N,0.0002,0.0028,1,0.057,0.001
"2025-11-23","Uber",511254,21261,14780,0,14780,859,859,51115,51974,358,40,40,80,507902,146315389,35901,8437,436952,122837835,28177,6436,14667,7036842,4152,1212,6440,2360747,482,123,849,384271,173,25,358,113527,18,3,0.0416,0.6952,0.0289,0.0017,1,0.1017,0.0007
"2025-11-24","Lyft",164474,0,0,7,7,740,740,7889,8629,226,42,42,57,160464,41547745,5405,1056,152309,39170536,4903,940,0,0,0,0,0,0,0,0,337,141981,56,15,215,66960,15,5,0,\N,0,0.0045,1,0.0525,0.0014
"2025-11-24","Uber",427245,12757,7302,0,7302,1513,1513,40738,42251,484,47,47,93,421543,115663750,25999,5939,368476,99007861,20914,4609,7099,3452791,2070,656,5275,1891830,412,83,1460,695555,336,73,484,159750,40,11,0.0299,0.5724,0.0171,0.0035,1,0.0989,0.0011
"2025-11-25","Lyft",187532,0,0,29,29,771,771,10766,11537,224,32,32,46,182925,54596480,11975,2887,171911,50966461,10942,2634,0,0,0,0,0,0,0,0,355,167529,98,30,214,77321,26,11,0,\N,0.0002,0.0041,1,0.0615,0.0012
"2025-11-25","Uber",477562,14349,8258,0,8258,1564,1564,47162,48726,515,53,53,99,470699,141339061,37950,9414,409938,120937466,31194,7634,8032,3944158,2345,726,5808,2185232,509,107,1520,767128,437,104,515,183457,58,17,0.03,0.5755,0.0173,0.0033,1,0.102,0.0011
"2025-11-26","Lyft",188578,0,0,8,8,785,785,10348,11133,214,33,33,45,184238,48794739,6719,1319,173657,45627574,5997,1158,0,0,0,0,0,0,0,0,344,144024,64,19,205,66785,17,4,0,\N,0,0.0042,1,0.059,0.0011
"2025-11-26","Uber",476511,12498,6778,0,6778,1391,1391,48720,50111,513,45,45,97,470004,134729902,33469,7861,409382,115555258,27693,6410,6577,3160273,1834,546,5539,2001262,402,90,1347,649151,332,59,513,168536,43,9,0.0262,0.5423,0.0142,0.0029,1,0.1052,0.0011
"2025-11-27","Lyft",193761,0,0,19,19,886,886,11562,12448,205,28,28,52,190655,57289775,11046,2231,178726,53291762,9946,1992,0,0,0,0,0,0,0,0,413,192968,106,27,194,60500,15,1,0,\N,0.0001,0.0046,1,0.0642,0.0011
"2025-11-27","Uber",467640,14752,9460,0,9460,1499,1499,48397,49896,436,44,44,88,462919,145984886,41563,10359,400081,123786529,33711,8242,9309,4723049,2917,903,5204,2042909,510,128,1425,744428,439,103,436,172107,60,18,0.0315,0.6413,0.0202,0.0032,1,0.1067,0.0009
"2025-11-28","Lyft",178524,0,0,4,4,592,592,9241,9833,151,21,21,27,176520,44898951,5768,1411,167060,42143345,5171,1238,0,0,0,0,0,0,0,0,249,89949,29,5,148,41075,6,1,0,\N,0,0.0033,1,0.0551,0.0008
"2025-11-28","Uber",426977,14170,8395,0,8395,971,971,44971,45942,355,28,28,61,423410,113198299,24085,5917,365092,95447914,19009,4542,8275,4055677,2439,775,5686,2098059,480,112,958,432930,192,37,355,117420,26,3,0.0332,0.5924,0.0197,0.0023,1,0.1076,0.0008
"2025-11-29","Lyft",194978,0,0,4,4,455,455,9289,9744,150,23,23,37,193162,46455910,4732,1055,183644,43806666,4201,916,0,0,0,0,0,0,0,0,206,77411,29,9,144,39685,4,1,0,\N,0,0.0023,1,0.05,0.0008
"2025-11-29","Uber",446449,16455,10509,0,10509,782,782,46174,46956,314,30,30,64,443196,109893033,19382,5005,381620,92003799,14507,3656,10404,4920079,2907,873,5905,2024183,350,88,770,334903,140,30,314,98298,25,4,0.0369,0.6387,0.0235,0.0018,1,0.1052,0.0007
"2025-11-30","Lyft",188570,0,0,12,12,464,464,9599,10063,122,13,13,25,186466,49273264,7489,2456,176724,46250622,6717,2159,0,0,0,0,0,0,0,0,162,60851,19,6,117,31718,2,0,0,\N,0.0001,0.0025,1,0.0534,0.0006
"2025-11-30","Uber",435302,16750,10721,0,10721,625,625,46103,46728,325,29,29,63,432006,120424790,28810,9532,370457,101128627,22829,7747,10589,5132769,3080,922,5971,2166757,466,135,615,275423,124,20,325,105705,30,7,0.0385,0.6401,0.0246,0.0014,1,0.1073,0.0007
"2025-12-01","Lyft",173035,0,0,2,2,795,795,8701,9496,1,0,0,0,168967,46933482,8615,2806,160201,44026662,7775,2457,0,0,0,0,0,0,0,0,338,132731,46,12,1,66,0,0,0,\N,0,0.0046,1,0.0549,0
"2025-12-01","Uber",437130,10825,5674,0,5674,1475,1475,41769,43244,578,71,71,123,431310,125219402,32065,9528,379005,108487095,26808,8003,5467,2772877,1731,565,4882,1798748,456,120,1414,682427,327,62,578,204476,71,12,0.0248,0.5242,0.013,0.0034,1,0.0989,0.0013
"2025-12-02","Lyft",203307,0,0,32,32,712,712,11093,11805,0,0,0,0,198725,56735674,11207,2856,187626,53205060,10253,2587,0,0,0,0,0,0,0,0,293,132150,54,25,0,0,0,0,0,\N,0.0002,0.0035,1,0.0581,0
"2025-12-02","Uber",511807,11050,5505,0,5505,1275,1275,50239,51514,493,41,41,89,505641,149386558,39973,10215,445046,130026217,33940,8553,5264,2647298,1585,554,5246,1894399,437,94,1225,622076,346,90,493,173795,56,9,0.0216,0.4982,0.0108,0.0025,1,0.1007,0.001
"2025-12-03","Lyft",188376,0,0,64,64,783,783,10381,11164,255,36,36,56,184436,52551303,10934,2832,173712,49120900,9960,2558,0,0,0,0,0,0,0,0,340,148543,68,16,248,76282,19,5,0,\N,0.0003,0.0042,1,0.0593,0.0014
"2025-12-03","Uber",494885,11064,5734,0,5734,1626,1626,48583,50209,583,55,55,118,488893,142310706,36622,8931,429422,123498668,30831,7468,5559,2703066,1627,486,5034,1762813,372,66,1570,760484,368,86,583,191124,61,13,0.0224,0.5183,0.0116,0.0033,1,0.1015,0.0012
"2025-12-04","Lyft",214224,0,0,84,84,825,825,12170,12995,263,29,29,56,210104,62134407,13580,3356,197576,58009407,12362,3065,0,0,0,0,0,0,0,0,340,149798,84,18,254,82036,21,6,0,\N,0.0004,0.0039,1,0.0607,0.0012
"2025-12-04","Uber",551100,13247,7565,0,7565,1582,1582,56508,58090,546,55,55,106,544109,162094488,42886,10537,474993,139850019,36029,8735,7350,3549889,2102,647,5350,1864333,363,71,1520,737291,381,74,546,190533,56,20,0.024,0.5711,0.0137,0.0029,1,0.1054,0.001
"2025-12-05","Lyft",240611,0,0,53,53,816,816,14328,15144,287,40,40,64,236519,71146106,14992,3231,221797,66225418,13566,2887,0,0,0,0,0,0,0,0,372,172089,99,27,277,97376,30,9,0,\N,0.0002,0.0034,1,0.0629,0.0012
"2025-12-05","Uber",623559,16404,10181,0,10181,1356,1356,63915,65271,582,51,51,122,616956,188986612,51508,12300,537782,162557631,42919,10104,9916,4858450,2905,868,5962,2193408,501,99,1309,667237,368,75,582,209338,59,7,0.0263,0.6206,0.0163,0.0022,1,0.1047,0.0009
"2025-12-06","Lyft",242129,0,0,39,39,576,576,14499,15075,252,39,39,62,239693,68927979,10935,2166,224871,64216434,9857,1934,0,0,0,0,0,0,0,0,233,99728,38,10,243,82699,23,6,0,\N,0.0002,0.0024,1,0.0623,0.001
"2025-12-06","Uber",630983,17523,11586,0,11586,924,924,65711,66635,479,41,41,88,627423,186082328,48273,10673,545329,159142447,39703,8566,11463,5573752,3299,962,5874,2149575,438,92,913,424061,192,39,479,167169,46,8,0.0278,0.6612,0.0184,0.0015,1,0.1056,0.0008
"2025-12-07","Lyft",204944,0,0,42,42,566,566,11895,12461,175,26,26,46,202534,58411430,9432,1923,190360,54532911,8499,1724,0,0,0,0,0,0,0,0,240,101558,51,5,169,56818,19,5,0,\N,0.0002,0.0028,1,0.0608,0.0009
"2025-12-07","Uber",542389,16350,10880,0,10880,751,751,55154,55905,449,46,46,88,538147,168942580,50283,12462,467692,144740655,41824,10281,10772,5301398,3227,935,5419,2040780,454,95,745,356028,165,27,449,156329,39,7,0.0301,0.6654,0.0201,0.0014,1,0.1031,0.0008
"2025-12-08","Lyft",168077,0,0,22,22,735,735,9141,9876,243,28,28,51,163902,47520068,8949,1953,154467,44467316,8142,1761,0,0,0,0,0,0,0,0,351,161442,84,27,234,72086,15,5,0,\N,0.0001,0.0044,1,0.0588,0.0014
"2025-12-08","Uber",514195,11510,6011,0,6011,1453,1453,49939,51392,509,47,47,105,507484,155465615,44009,10287,446633,135357799,37511,8680,5790,2826210,1656,494,5209,1875627,443,84,1380,688551,382,84,509,183595,65,18,0.0224,0.5222,0.0117,0.0028,1,0.0999,0.001
"2025-12-09","Lyft",168146,0,0,44,44,674,674,9051,9725,220,38,38,52,164342,49540784,10956,2658,154968,46417973,10021,2410,0,0,0,0,0,0,0,0,367,183342,113,36,214,65988,12,3,0,\N,0.0003,0.004,1,0.0578,0.0013
"2025-12-09","Uber",532235,11343,6128,0,6128,1536,1536,51577,53113,546,42,42,96,525846,161265405,44822,10998,463187,140488962,38121,9282,5894,2893268,1718,512,4967,1837807,441,87,1483,757074,453,93,546,190498,58,11,0.0213,0.5402,0.0115,0.0029,1,0.0998,0.001
"2025-12-10","Lyft",189532,0,0,74,74,748,748,10861,11609,222,38,38,58,185588,59419105,15758,4062,174376,55450046,14405,3702,0,0,0,0,0,0,0,0,351,183318,109,41,215,80149,31,9,0,\N,0.0004,0.0039,1,0.0613,0.0012
"2025-12-10","Uber",549571,12708,6932,0,6932,1536,1536,54846,56382,482,66,66,99,541666,168342412,47934,12218,475042,146132334,40695,10289,6678,3280142,1935,583,5309,1940939,512,105,1462,757618,416,105,482,178632,53,19,0.0231,0.5455,0.0126,0.0028,1,0.1026,0.0009
"2025-12-11","Lyft",198712,0,0,97,97,726,726,11492,12218,235,40,40,57,194969,61805467,15744,3789,183064,57620827,14373,3411,0,0,0,0,0,0,0,0,378,191377,113,42,227,80082,25,13,0,\N,0.0005,0.0037,1,0.0615,0.0012
"2025-12-11","Uber",591570,13996,7961,0,7961,1537,1537,60816,62353,582,67,67,119,583669,185365387,54177,13275,509836,160299392,45864,11227,7704,3738320,2170,565,5628,2073085,538,99,1498,750355,401,97,582,214601,70,17,0.0237,0.5688,0.0135,0.0026,1,0.1054,0.001
"2025-12-12","Lyft",239278,0,0,76,76,753,753,14776,15529,287,52,52,73,235406,78379930,20590,4776,220228,72842023,18742,4312,0,0,0,0,0,0,0,0,347,194413,137,49,276,101882,39,9,0,\N,0.0003,0.0031,1,0.0649,0.0012
"2025-12-12","Uber",646049,17365,10920,0,10920,1404,1404,66649,68053,597,56,56,118,638230,209462040,63089,16465,555391,179957665,52735,13652,10664,5314055,3160,971,6115,2383155,662,137,1366,715591,437,84,597,234337,88,22,0.0269,0.6289,0.0169,0.0022,1,0.1053,0.0009
"2025-12-13","Lyft",245178,0,0,61,61,576,576,15169,15745,224,32,32,48,242652,77339790,16167,3273,227132,71949549,14637,2950,0,0,0,0,0,0,0,0,269,135664,85,22,212,77071,20,7,0,\N,0.0002,0.0023,1,0.0642,0.0009
"2025-12-13","Uber",683666,21067,14528,0,14528,905,905,70837,71742,480,54,54,104,679089,221973413,67802,17622,588756,189626408,56434,14633,14337,6927478,3939,1031,6469,2494084,595,128,889,442697,249,43,480,183029,64,21,0.0308,0.6896,0.0213,0.0013,1,0.1049,0.0007
"2025-12-14","Lyft",190527,0,0,52,52,406,406,13544,13950,125,11,11,18,187758,70785732,21962,4799,174086,65358940,20014,4328,0,0,0,0,0,0,0,0,173,100350,69,23,118,51726,21,8,0,\N,0.0003,0.0021,1,0.0732,0.0007
"2025-12-14","Uber",605403,22579,15580,0,15580,518,518,63328,63846,272,16,16,43,600128,232806541,92192,27015,516732,198213577,77101,22776,15311,7802983,4802,1268,6884,3121602,1150,269,511,262456,154,36,272,119589,47,11,0.0373,0.69,0.0257,0.0009,1,0.1055,0.0004
"2025-12-15","Lyft",183527,0,0,50,50,751,751,10800,11551,201,32,32,45,179111,61586982,18192,4656,168028,57376825,16624,4229,0,0,0,0,0,0,0,0,370,194573,127,42,190,73498,26,3,0,\N,0.0003,0.0041,1,0.0629,0.0011
"2025-12-15","Uber",529211,13507,7276,0,7276,1293,1293,52626,53919,460,48,48,98,520825,182184105,64553,18479,456056,157916933,54933,15817,6923,3525578,2191,622,5806,2337054,833,169,1251,702867,431,117,460,187941,76,26,0.0255,0.5387,0.0137,0.0024,1,0.1019,0.0009
"2025-12-16","Lyft",186556,0,0,41,41,734,734,11030,11764,208,36,36,45,182576,59144010,14864,3190,171222,55125116,13567,2916,0,0,0,0,0,0,0,0,356,188522,118,46,197,73550,24,9,0,\N,0.0002,0.0039,1,0.0631,0.0011
"2025-12-16","Uber",521812,11812,6051,0,6051,1393,1393,52242,53635,460,41,41,81,514126,167377650,52024,13712,451098,145405471,44388,11755,5772,2814586,1636,419,5344,2023653,538,120,1345,726813,442,106,460,174838,66,14,0.0226,0.5123,0.0116,0.0027,1,0.1028,0.0009
"2025-12-17","Lyft",191254,0,0,65,65,795,795,10926,11721,225,32,32,46,187302,60032081,15046,3477,175967,56004572,13720,3144,0,0,0,0,0,0,0,0,409,216815,126,48,218,79770,25,6,0,\N,0.0003,0.0042,1,0.0613,0.0012
"2025-12-17","Uber",521450,12259,6602,0,6602,1542,1542,52198,53740,568,49,49,103,513178,162812050,48830,12108,449498,140986131,41348,10242,6326,3095663,1815,481,5277,1951026,487,90,1489,793333,479,119,568,215870,86,24,0.0235,0.5385,0.0127,0.003,1,0.1031,0.0011
"2025-12-18","Lyft",197464,0,0,60,60,716,716,11922,12638,235,37,37,49,193675,63575154,16980,4111,181396,59171793,15477,3731,0,0,0,0,0,0,0,0,356,192468,127,55,221,81178,25,9,0,\N,0.0003,0.0036,1,0.064,0.0012
"2025-12-18","Uber",533579,13538,7170,0,7170,1559,1559,54713,56272,533,63,63,114,524988,170951105,52752,13816,457738,147644102,44703,11709,6894,3296419,1979,526,6002,2114264,524,101,1504,777321,460,107,533,203488,79,21,0.0254,0.5296,0.0134,0.0029,1,0.1055,0.001
"2025-12-19","Lyft",234247,0,0,96,96,645,645,14856,15501,217,30,30,49,230157,77478257,20805,4533,215000,72027133,19025,4150,0,0,0,0,0,0,0,0,329,176094,124,41,202,78931,32,4,0,\N,0.0004,0.0028,1,0.0662,0.0009
"2025-12-19","Uber",637105,18170,10061,0,10061,1212,1212,66892,68104,538,36,36,93,627842,214026194,71410,19499,544860,184422291,60813,16714,9615,4505853,2572,625,7676,2660086,679,156,1165,613357,367,73,538,218772,84,28,0.0285,0.5537,0.0158,0.0019,1,0.1069,0.0008
"2025-12-20","Lyft",233625,0,0,62,62,494,494,14478,14972,192,25,25,38,231035,74544112,16955,3658,216302,69293832,15319,3278,0,0,0,0,0,0,0,0,183,96568,60,20,183,70689,32,9,0,\N,0.0003,0.0021,1,0.0641,0.0008
"2025-12-20","Uber",587993,17199,9934,0,9934,859,859,62597,63456,475,50,50,92,582652,189036338,58165,14726,504111,162240904,49242,12480,9790,4498471,2573,616,7180,2323264,426,88,842,439477,237,56,475,177617,65,11,0.0293,0.5776,0.0169,0.0015,1,0.1079,0.0008
"2025-12-21","Lyft",197745,0,0,43,43,470,470,12039,12509,194,24,24,42,195444,60514322,11994,2626,183149,56259246,10784,2354,0,0,0,0,0,0,0,0,203,94735,52,14,188,64513,19,5,0,\N,0.0002,0.0024,1,0.0633,0.001
"2025-12-21","Uber",506375,15290,8547,0,8547,800,800,52976,53776,397,45,45,79,501426,165478617,54498,13642,434270,142358373,46574,11648,8440,3833007,2168,510,6672,2148469,388,98,792,389539,201,44,397,148842,42,13,0.0302,0.559,0.0169,0.0016,1,0.1062,0.0008
"2025-12-22","Lyft",173461,0,0,13,13,681,681,9220,9901,256,38,38,59,170083,49611387,9258,1925,160555,46452102,8364,1717,0,0,0,0,0,0,0,0,319,154633,81,29,243,78392,16,5,0,\N,0.0001,0.0039,1,0.0571,0.0015
"2025-12-22","Uber",443770,10333,4875,0,4875,1439,1439,44992,46431,443,36,36,76,436497,136168224,40633,10251,381773,118144727,34831,8721,4655,2118265,1163,333,5179,1674925,311,62,1392,731115,415,103,443,154689,45,12,0.0233,0.4718,0.011,0.0032,1,0.1046,0.001
"2025-12-23","Lyft",178199,0,0,14,14,652,652,9468,10120,218,20,20,40,174993,51583209,10288,2259,165253,48362942,9372,2042,0,0,0,0,0,0,0,0,307,145304,81,28,211,74300,26,7,0,\N,0.0001,0.0037,1,0.0568,0.0012
"2025-12-23","Uber",461146,10397,5289,0,5289,1348,1348,47655,49003,427,40,40,71,453424,145194873,45315,11657,396052,125576418,38511,9853,5023,2470348,1472,441,4806,1804923,473,78,1302,673304,387,89,427,155929,48,13,0.0225,0.5087,0.0115,0.0029,1,0.1063,0.0009
"2025-12-24","Lyft",185814,0,0,6,6,685,685,10143,10828,234,36,36,56,183225,53454300,9830,2146,172749,49991683,8852,1916,0,0,0,0,0,0,0,0,327,152899,91,22,224,64403,8,1,0,\N,0,0.0037,1,0.0583,0.0013
"2025-12-24","Uber",460991,10097,5259,0,5259,1335,1335,50270,51605,504,48,48,90,454933,147032632,47014,11086,394849,126513094,40047,9363,5082,2463638,1420,399,4636,1714851,378,69,1286,641912,333,73,504,183463,63,12,0.0219,0.5208,0.0114,0.0029,1,0.1119,0.0011
"2025-12-25","Lyft",151937,0,0,13,13,511,511,8119,8630,173,19,19,30,150470,44689315,9099,2198,142062,41845435,8275,1984,0,0,0,0,0,0,0,0,239,111084,59,17,167,54229,16,6,0,\N,0.0001,0.0034,1,0.0568,0.0011
"2025-12-25","Uber",373330,9050,4883,0,4883,912,912,41224,42136,323,28,28,71,369383,127999015,47675,11842,319575,109989528,40751,10065,4760,2363523,1424,383,4067,1598912,448,87,882,440052,259,51,323,119425,44,6,0.0242,0.5396,0.0131,0.0024,1,0.1129,0.0009
"2025-12-26","Lyft",175555,0,0,11,11,537,537,9167,9704,174,24,24,44,173862,48271399,7955,1784,164459,45318523,7205,1596,0,0,0,0,0,0,0,0,220,86876,33,8,164,47302,11,2,0,\N,0.0001,0.0031,1,0.0553,0.001
"2025-12-26","Uber",368559,9316,4794,0,4794,865,865,39889,40754,355,31,31,66,364053,112989593,34868,8869,315651,96949505,29485,7459,4590,2227345,1265,380,4351,1587985,363,63,843,405215,194,44,355,118482,28,7,0.0253,0.5146,0.013,0.0023,1,0.1106,0.001
"2025-12-27","Lyft",174440,0,0,15,15,321,321,9878,10199,83,11,11,14,173104,50481090,10743,2832,163123,47133694,9744,2557,0,0,0,0,0,0,0,0,121,46021,11,5,77,29224,11,5,0,\N,0.0001,0.0018,1,0.0585,0.0005
"2025-12-27","Uber",377347,10611,5696,0,5696,394,394,41367,41761,203,11,11,28,373687,119845696,38932,10997,322956,102606909,32843,9285,5513,2744806,1651,471,4779,1841449,535,107,386,181890,93,18,203,69105,20,6,0.0281,0.5368,0.0151,0.001,1,0.1107,0.0005
"2025-12-28","Lyft",171414,0,0,4,4,430,430,8899,9329,114,9,9,16,169978,45839948,6807,1720,160906,43008734,6091,1482,0,0,0,0,0,0,0,0,161,68210,25,8,112,31260,4,1,0,\N,0,0.0025,1,0.0544,0.0007
"2025-12-28","Uber",392933,10694,6020,0,6020,551,551,41492,42043,254,20,20,58,389533,122102341,38043,9800,338164,104967350,32219,8217,5893,2903390,1717,537,4600,1674974,379,92,543,258185,121,36,254,89539,22,4,0.0272,0.5629,0.0153,0.0014,1,0.107,0.0006
"2025-12-29","Lyft",174812,0,0,6,6,682,682,8023,8705,179,26,26,43,172405,43913220,5363,1335,164093,41469989,4809,1169,0,0,0,0,0,0,0,0,305,120006,43,10,178,51531,10,3,0,\N,0,0.0039,1,0.0498,0.001
"2025-12-29","Uber",386480,8186,3965,0,3965,1099,1099,38870,39969,380,39,39,78,381053,112122247,31223,7565,334345,97437019,26707,6385,3818,1847315,1066,352,4024,1405239,294,60,1063,510566,252,58,380,123010,22,6,0.0212,0.4844,0.0103,0.0028,1,0.1034,0.001
"2025-12-30","Lyft",195210,0,0,4,4,744,744,9199,9943,196,24,24,38,192749,49145812,5894,1553,183209,46295781,5195,1322,0,0,0,0,0,0,0,0,312,135121,55,16,188,52863,8,0,0,\N,0,0.0038,1,0.0509,0.001
"2025-12-30","Uber",412213,8581,4194,0,4194,1211,1211,42434,43645,457,57,57,94,407116,119631998,33274,7989,356309,103782962,28462,6729,4060,1950800,1113,362,4169,1448907,294,70,1172,573648,278,69,457,150618,34,9,0.0208,0.4888,0.0102,0.0029,1,0.1059,0.0011
"2025-12-31","Lyft",229734,0,0,22,22,719,719,13144,13863,271,47,47,70,226893,68544430,13456,2666,213392,63983772,12163,2398,0,0,0,0,0,0,0,0,330,153990,88,20,260,82437,21,2,0,\N,0.0001,0.0031,1,0.0603,0.0012
"2025-12-31","Uber",539296,12815,7335,0,7335,1185,1185,55410,56595,286,33,33,52,533802,172622657,53974,12858,466605,149335208,45783,10836,6982,3489536,2103,588,5204,1982386,562,121,1154,565517,277,45,286,107809,32,6,0.0238,0.5724,0.0136,0.0022,1,0.1049,0.0005
"2026-01-01","Lyft",208660,0,0,249,249,443,443,13357,13800,125,10,10,20,206976,79999622,30944,10046,193235,74262439,28412,9243,0,0,0,0,0,0,0,0,162,89604,54,20,119,44660,17,4,0,\N,0.0012,0.0021,1,0.0661,0.0006
"2026-01-01","Uber",521406,16431,10604,0,10604,611,611,54383,54994,362,22,22,57,517690,187608378,71096,18876,448369,160284539,59291,15573,10304,5430974,3554,1086,5657,2516717,970,269,588,300335,171,34,362,131601,38,6,0.0315,0.6454,0.0203,0.0012,1,0.1055,0.0007
"2026-01-02","Lyft",170422,0,0,6,6,578,578,7650,8228,221,26,26,43,168268,42798398,5763,1403,160323,40462065,5195,1252,0,0,0,0,0,0,0,0,246,96166,40,12,215,65180,17,5,0,\N,0,0.0034,1,0.0483,0.0013
"2026-01-02","Uber",430368,9948,5110,0,5110,1024,1024,43997,45021,405,28,28,69,426036,124309671,33635,7505,372609,107685860,28538,6280,4943,2346341,1323,413,4658,1648873,391,88,997,480787,235,54,405,127556,29,8,0.0231,0.5137,0.0119,0.0024,1,0.1046,0.0009
"2026-01-03","Lyft",162883,0,0,5,5,396,396,6940,7336,187,17,17,27,161434,38622596,3938,867,154251,36605610,3507,755,0,0,0,0,0,0,0,0,158,60735,19,3,184,55569,16,5,0,\N,0,0.0024,1,0.045,0.0011
"2026-01-03","Uber",477230,11855,6798,0,6798,752,752,48785,49537,392,34,34,85,474084,133957177,33966,6815,414056,115682583,28547,5582,6686,3079865,1690,481,4989,1679475,310,75,738,325986,143,27,392,123150,23,1,0.0248,0.5734,0.0142,0.0016,1,0.1038,0.0008
"2026-01-04","Lyft",144206,0,0,2,2,369,369,6622,6991,141,26,26,33,142616,36181485,4753,1432,135846,34136486,4239,1239,0,0,0,0,0,0,0,0,147,56525,22,4,133,40972,11,2,0,\N,0,0.0026,1,0.0485,0.001
"2026-01-04","Uber",427733,11837,7049,0,7049,639,639,44416,45055,369,32,32,64,424865,128820383,38351,9802,369261,110881917,32480,8214,6943,3292190,1863,579,4713,1650852,327,106,636,278024,111,24,369,118602,29,4,0.0277,0.5955,0.0165,0.0015,1,0.1053,0.0009
"2026-01-05","Lyft",145321,0,0,15,15,633,633,6537,7170,230,31,31,47,141833,37847844,6990,1825,135020,35653217,6285,1612,0,0,0,0,0,0,0,0,292,104709,35,11,224,65228,15,7,0,\N,0.0001,0.0044,1,0.0493,0.0016
"2026-01-05","Uber",407130,9096,4396,0,4396,1385,1385,39459,40844,442,45,45,84,401664,120191168,34886,8772,353454,104738601,29775,7401,4156,2054436,1253,435,4414,1533749,358,87,1348,629555,293,68,442,145894,38,9,0.0223,0.4833,0.0108,0.0034,1,0.1003,0.0011
"2026-01-06","Lyft",149674,0,0,7,7,645,645,6330,6975,198,19,19,33,146568,36794259,5044,1179,139984,34838217,4542,1043,0,0,0,0,0,0,0,0,299,115815,47,5,192,53980,10,2,0,\N,0,0.0043,1,0.0466,0.0013
"2026-01-06","Uber",415167,8814,4145,0,4145,1415,1415,40062,41477,491,35,35,66,409843,117140158,30973,7172,361106,102056562,26223,5970,3980,1954571,1201,396,4345,1488259,352,78,1347,634164,308,63,491,155904,40,4,0.0212,0.4703,0.01,0.0034,1,0.0999,0.0012
"2026-01-07","Lyft",154071,0,0,7,7,694,694,6537,7231,184,17,17,34,150861,37009225,4450,858,144016,35058414,4016,760,0,0,0,0,0,0,0,0,321,118590,44,7,182,48494,7,0,0,\N,0,0.0045,1,0.0469,0.0012
"2026-01-07","Uber",426329,9064,4496,0,4496,1547,1547,40382,41929,444,45,45,78,420768,117195166,28960,6322,371409,102158597,24495,5238,4282,2029766,1191,355,4214,1444187,319,81,1497,707255,354,75,444,135663,23,4,0.0213,0.496,0.0105,0.0036,1,0.0983,0.001
"2026-01-08","Lyft",174411,0,0,11,11,769,769,7454,8223,226,26,26,39,170848,41542176,4656,849,163087,39388558,4213,756,0,0,0,0,0,0,0,0,325,122141,44,15,216,54323,10,1,0,\N,0.0001,0.0044,1,0.0471,0.0013
"2026-01-08","Uber",442624,9997,5104,0,5104,1430,1430,43989,45419,506,37,37,90,436856,119496380,27871,6151,383253,103360304,23187,4991,4886,2331129,1352,407,4559,1558607,336,64,1369,636892,290,55,506,155764,35,7,0.0226,0.5106,0.0115,0.0032,1,0.1026,0.0011
"2026-01-09","Lyft",192462,0,0,9,9,729,729,8762,9491,216,28,28,44,189104,46565315,5327,1024,180094,44056278,4831,915,0,0,0,0,0,0,0,0,288,105173,43,9,210,66249,16,5,0,\N,0,0.0038,1,0.0493,0.0011
"2026-01-09","Uber",506863,12526,7040,0,7040,1394,1394,52589,53983,526,50,50,101,501615,139085410,33457,7216,436968,119538170,27801,5777,6818,3220693,1854,573,5238,1797050,373,98,1356,624908,293,57,526,171238,41,8,0.0247,0.562,0.0139,0.0028,1,0.1065,0.001
"2026-01-10","Lyft",221468,0,0,28,28,469,469,12142,12611,167,22,22,34,219530,58645648,7717,1324,207125,54937014,6971,1174,0,0,0,0,0,0,0,0,183,77588,31,9,160,46113,7,3,0,\N,0.0001,0.0021,1,0.0569,0.0008
"2026-01-10","Uber",612307,16676,10823,0,10823,726,726,65708,66434,455,46,46,91,609308,178644393,47821,9849,528211,152906958,39754,8037,10618,4947790,2808,747,5777,2007438,397,109,714,344645,178,34,455,154970,46,6,0.0272,0.649,0.0177,0.0012,1,0.1085,0.0007
"2026-01-11","Lyft",169509,0,0,20,20,385,385,8255,8640,170,19,19,37,167464,43854705,5903,1379,158967,41321803,5309,1241,0,0,0,0,0,0,0,0,157,67708,35,8,165,52086,13,3,0,\N,0.0001,0.0023,1,0.051,0.001
"2026-01-11","Uber",503142,14615,9355,0,9355,732,732,52416,53148,351,26,26,54,500453,147840559,41613,9338,434422,126887083,34956,7729,9218,4284433,2405,677,5193,1807098,345,85,723,324031,140,31,351,117486,26,5,0.029,0.6401,0.0186,0.0015,1,0.1056,0.0007
"2026-01-12","Lyft",146904,0,0,16,16,665,665,6264,6929,204,30,30,43,143225,37420852,6174,1461,136599,35375060,5599,1306,0,0,0,0,0,0,0,0,323,128733,45,15,197,58171,13,5,0,\N,0.0001,0.0045,1,0.0472,0.0014
"2026-01-12","Uber",453015,9379,4674,0,4674,1496,1496,43771,45267,433,50,50,96,447309,127119015,32708,7233,394401,110713772,27697,6035,4460,2141021,1243,365,4388,1560873,408,92,1436,661126,294,47,433,145707,38,6,0.0207,0.4983,0.0103,0.0033,1,0.0999,0.001
"2026-01-13","Lyft",152969,0,0,6,6,635,635,6381,7016,242,27,27,40,149592,37268047,4358,821,142860,35356287,3961,748,0,0,0,0,0,0,0,0,272,103412,39,9,235,64328,15,2,0,\N,0,0.0042,1,0.0459,0.0016
"2026-01-13","Uber",452594,9144,4395,0,4395,1534,1534,44045,45579,496,49,49,93,446914,122854480,28549,5796,393889,107034808,24059,4766,4187,1972595,1156,356,4391,1485480,311,75,1486,695626,347,70,496,154559,43,6,0.0202,0.4806,0.0097,0.0034,1,0.1007,0.0011
"2026-01-14","Lyft",160811,0,0,27,27,712,712,7144,7856,209,32,32,46,157241,40563948,5500,1126,149695,38321735,5004,1004,0,0,0,0,0,0,0,0,322,123302,49,10,200,60803,10,2,0,\N,0.0002,0.0044,1,0.0489,0.0013
"2026-01-14","Uber",459138,9537,4763,0,4763,1481,1481,44677,46158,490,49,49,93,452562,127017092,30464,6638,398715,110691599,25843,5527,4556,2124712,1217,347,4411,1464172,271,69,1426,657753,304,54,490,152628,40,7,0.0208,0.4994,0.0104,0.0032,1,0.1005,0.0011
"2026-01-15","Lyft",185191,0,0,16,16,670,670,8864,9534,202,35,35,55,181439,46414956,6145,1298,172262,43733748,5550,1143,0,0,0,0,0,0,0,0,290,107704,40,14,194,52489,11,3,0,\N,0.0001,0.0036,1,0.0515,0.0011
"2026-01-15","Uber",518762,11113,5847,0,5847,1486,1486,53037,54523,475,46,46,96,511887,143543043,34763,8107,448308,124379796,29388,6822,5630,2596833,1439,397,4921,1636258,296,68,1431,673764,331,61,475,153809,45,9,0.0214,0.5261,0.0113,0.0029,1,0.1051,0.0009
"2026-01-16","Lyft",218256,0,0,42,42,736,736,11307,12043,221,38,38,60,214352,57613924,8895,1900,202698,54075320,8028,1698,0,0,0,0,0,0,0,0,326,135085,57,14,209,71602,24,6,0,\N,0.0002,0.0034,1,0.0552,0.001
"2026-01-16","Uber",565587,13997,8522,0,8522,1338,1338,60848,62186,566,48,48,111,559207,163940887,44072,10557,485406,140637226,36701,8610,8200,3912069,2314,720,5188,1844424,443,92,1301,614598,301,55,566,199148,61,13,0.0247,0.6088,0.0151,0.0024,1,0.1099,0.001
"2026-01-17","Lyft",230913,0,0,15,15,469,469,11800,12269,167,13,13,26,228415,58975058,6571,1182,216352,55512506,5938,1072,0,0,0,0,0,0,0,0,169,68682,30,7,162,47464,12,1,0,\N,0.0001,0.002,1,0.0531,0.0007
"2026-01-17","Uber",575269,16700,11116,0,11116,650,650,62935,63585,373,17,17,57,572068,165547025,43924,9359,493822,140887340,35969,7365,10939,5247778,3144,944,5484,1923612,425,121,643,308400,154,30,373,127380,32,7,0.029,0.6656,0.0193,0.0011,1,0.1105,0.0006
"2026-01-18","Lyft",211585,0,0,25,25,418,418,12550,12968,123,14,14,25,209540,61012759,10149,2385,196797,56923017,9199,2159,0,0,0,0,0,0,0,0,141,63228,33,10,119,37429,7,2,0,\N,0.0001,0.002,1,0.0613,0.0006
"2026-01-18","Uber",509931,16396,11004,0,11004,498,498,56386,56884,290,24,24,59,507191,162575538,53040,12994,435963,137953181,43851,10593,10837,5387435,3340,970,5300,2010963,543,130,491,232787,119,18,290,95779,19,2,0.0322,0.6711,0.0216,0.001,1,0.1116,0.0006
"2026-01-19","Lyft",168619,0,0,10,10,493,493,8337,8830,162,22,22,39,165856,46187959,8037,2396,157314,43454002,7274,2148,0,0,0,0,0,0,0,0,197,77458,32,6,158,49267,13,3,0,\N,0.0001,0.0029,1,0.0524,0.001
"2026-01-19","Uber",438048,10466,6040,0,6040,789,789,45525,46314,318,21,21,56,433741,135167646,43447,10627,378505,116944519,37040,8948,5907,2984209,1832,600,4264,1566929,398,96,777,365548,175,29,318,101015,23,3,0.0239,0.5771,0.0138,0.0018,1,0.1057,0.0007
"2026-01-20","Lyft",182743,0,0,47,47,668,668,8850,9518,191,20,20,34,179007,50330744,10180,2364,169847,47419149,9324,2152,0,0,0,0,0,0,0,0,284,112676,45,15,180,55607,12,3,0,\N,0.0003,0.0037,1,0.0521,0.001
"2026-01-20","Uber",500424,11475,6134,0,6134,1385,1385,50665,52050,480,41,41,83,493905,148449878,42656,10188,432732,128592788,35963,8437,5856,2927951,1817,599,4913,1737431,453,97,1323,652461,345,73,480,166440,68,5,0.0229,0.5346,0.0123,0.0028,1,0.104,0.001
"2026-01-21","Lyft",178325,0,0,26,26,695,695,8132,8827,245,26,26,44,174625,45477620,6937,1421,166117,42980638,6320,1310,0,0,0,0,0,0,0,0,310,117895,41,11,237,68402,17,0,0,\N,0.0001,0.0039,1,0.0495,0.0014
"2026-01-21","Uber",500155,11313,5989,0,5989,1471,1471,49783,51254,439,62,62,103,493656,141353883,36233,7815,433367,122658189,30415,6383,5690,2757339,1672,527,4906,1665232,386,93,1401,669272,338,72,439,144998,44,5,0.0226,0.5294,0.012,0.0029,1,0.1025,0.0009
"2026-01-22","Lyft",167536,0,0,16,16,683,683,7766,8449,245,39,39,50,163932,41447659,4880,860,155778,39122851,4420,767,0,0,0,0,0,0,0,0,314,126870,58,11,234,64542,11,1,0,\N,0.0001,0.0041,1,0.0504,0.0015
"2026-01-22","Uber",500912,11700,6473,0,6473,1509,1509,50821,52330,518,53,53,96,494086,137755269,33018,6991,432306,119010934,27493,5686,6186,2960365,1759,533,4813,1634114,347,77,1443,666963,317,60,518,164082,36,6,0.0234,0.5532,0.0129,0.003,1,0.1045,0.001
"2026-01-23","Lyft",203443,0,0,28,28,737,737,10283,11020,250,36,36,58,200046,52182847,6154,1023,189372,49099812,5608,931,0,0,0,0,0,0,0,0,329,132221,52,10,241,66757,6,2,0,\N,0.0001,0.0036,1,0.0542,0.0012
"2026-01-23","Uber",577984,14864,9189,0,9189,1479,1479,60792,62271,516,46,46,96,571330,162917018,40605,8584,496841,139694869,33565,6822,8830,4271925,2543,796,5322,1837170,386,89,1424,664994,315,47,516,169172,39,7,0.0257,0.6182,0.0159,0.0026,1,0.1077,0.0009
"2026-01-24","Lyft",246215,0,0,37,37,486,486,12368,12854,174,11,11,22,243738,62117183,6363,1087,231120,58562827,5735,961,0,0,0,0,0,0,0,0,167,65306,29,3,169,50949,6,1,0,\N,0.0002,0.002,1,0.0522,0.0007
"2026-01-24","Uber",633385,18947,13021,0,13021,669,669,68220,68889,356,30,30,72,629205,177743368,43417,8620,544004,151167486,35133,6519,12717,6205948,3779,1254,5777,1976725,392,107,651,300346,127,32,356,114127,26,7,0.0299,0.6872,0.0206,0.0011,1,0.1088,0.0006
"2026-01-25","Lyft",87132,0,0,95,95,136,136,5957,6093,23,5,5,5,85583,42653394,23137,11273,79589,39234940,21040,10278,0,0,0,0,0,0,0,0,52,32621,23,10,19,13230,9,6,0,\N,0.0011,0.0016,1,0.0699,0.0003
"2026-01-25","Uber",178289,11349,7165,0,7165,69,69,19489,19558,49,1,1,8,175972,77100437,38534,14239,146971,62707175,30061,10958,6914,4101368,3004,1149,3947,2462703,1598,706,67,24237,11,2,49,27971,13,7,0.0637,0.6313,0.0402,0.0004,1,0.1097,0.0003
"2026-01-26","Lyft",114934,0,0,57,57,268,268,7693,7961,61,6,6,12,112854,47462281,20091,7379,105119,44020083,18499,6811,0,0,0,0,0,0,0,0,100,53928,33,16,60,29282,14,7,0,\N,0.0005,0.0023,1,0.0693,0.0005
"2026-01-26","Uber",324389,12540,6436,0,6436,317,317,34051,34368,151,7,7,22,318982,137849755,68194,23853,274849,117212525,56905,19827,5930,3590984,2668,965,5547,3065411,1833,637,308,166630,106,32,151,64781,26,7,0.0387,0.5132,0.0198,0.001,1,0.1059,0.0005
"2026-01-27","Lyft",173606,0,0,201,201,572,572,10850,11422,169,20,20,27,169620,76481939,36811,13974,158464,71084312,33944,12896,0,0,0,0,0,0,0,0,258,176278,132,77,166,81564,45,24,0,\N,0.0012,0.0033,1,0.0658,0.001
"2026-01-27","Uber",508516,16807,8442,0,8442,804,804,51701,52505,407,19,19,53,498602,215545643,105344,36405,433674,185802883,89572,30923,7603,4319741,3012,1037,7343,3723210,2073,670,772,475179,327,115,407,190511,92,35,0.0331,0.5023,0.0166,0.0016,1,0.1033,0.0008
"2026-01-28","Lyft",196010,0,0,210,210,648,648,12207,12855,198,22,22,35,191583,78238627,32894,11397,179004,72642406,30199,10468,0,0,0,0,0,0,0,0,275,183896,118,68,193,96036,52,17,0,\N,0.0011,0.0033,1,0.0656,0.001
"2026-01-28","Uber",530824,16866,8974,0,8974,1103,1103,54490,55593,445,25,25,72,520549,209209028,93602,30557,452730,180067270,79292,25953,7978,4349722,2886,940,6811,3135960,1472,395,1049,630331,448,123,445,209064,109,31,0.0318,0.5321,0.0169,0.0021,1,0.1047,0.0008
"2026-01-29","Lyft",216031,0,0,224,224,746,746,13602,14348,187,34,34,48,211463,84460339,34626,10809,197447,78414663,31789,9909,0,0,0,0,0,0,0,0,332,207199,160,68,174,79667,43,12,0,\N,0.001,0.0035,1,0.0664,0.0009
"2026-01-29","Uber",554631,17631,9735,0,9735,1081,1081,57517,58598,492,34,34,75,543695,215038476,92830,29359,472314,184611712,78198,24654,8732,4743025,3174,1018,6798,3121091,1453,394,1040,618235,424,117,492,229910,121,34,0.0318,0.5522,0.0176,0.0019,1,0.1057,0.0009
"2026-01-30","Lyft",247576,0,0,186,186,773,773,16151,16924,228,31,31,48,243061,98605488,40456,11754,226455,91394549,37164,10750,0,0,0,0,0,0,0,0,348,239178,179,95,215,115414,57,22,0,\N,0.0008,0.0031,1,0.0684,0.0009
"2026-01-30","Uber",616874,20317,11961,0,11961,1033,1033,65469,66502,520,39,39,94,606512,248882364,112424,36582,524681,212622290,94300,30723,10840,5981467,4018,1243,7392,3564305,1775,492,987,594541,416,125,520,242660,120,41,0.0329,0.5887,0.0194,0.0017,1,0.1078,0.0008
"2026-01-31","Lyft",270151,0,0,62,62,523,523,16766,17289,185,15,15,24,267523,86824833,18260,3263,250457,80856541,16561,2908,0,0,0,0,0,0,0,0,187,87816,51,15,173,66264,20,8,0,\N,0.0002,0.0019,1,0.064,0.0007
"2026-01-31","Uber",614533,17355,10911,0,10911,652,652,66474,67126,408,29,29,76,609981,221075246,84625,23989,528311,189271932,71201,20102,10408,5513017,3585,1060,6145,2642125,943,234,644,344802,219,60,408,163979,61,17,0.0282,0.6287,0.0178,0.0011,1,0.1092,0.0007
"2026-02-01","Lyft",240283,0,0,48,48,511,511,14728,15239,150,11,11,25,237851,79402629,18618,3855,222897,74042310,16983,3489,0,0,0,0,0,0,0,0,164,83906,60,18,149,49398,11,0,0,\N,0.0002,0.0021,1,0.0634,0.0006
"2026-02-01","Uber",524542,15053,9390,0,9390,508,508,56201,56709,327,13,13,52,520692,195356091,79341,23102,451237,167493621,67049,19396,8982,4834806,3138,1032,5379,2372825,872,198,498,247716,156,31,327,134224,50,11,0.0287,0.6238,0.0179,0.001,1,0.1081,0.0006
"2026-02-02","Lyft",190684,0,0,49,49,729,729,10969,11698,242,27,27,38,186562,65288460,21034,5520,175248,60971401,19360,5078,0,0,0,0,0,0,0,0,310,163790,103,37,238,93677,38,18,0,\N,0.0003,0.0038,1,0.0613,0.0013
"2026-02-02","Uber",461455,12713,6427,0,6427,1169,1169,47655,48824,467,48,48,94,453223,166916419,66697,19762,395133,143899082,56523,16736,5676,2985941,1924,590,5448,2327139,949,218,1136,625337,388,105,467,204991,92,33,0.0275,0.5055,0.0139,0.0025,1,0.1058,0.001
"2026-02-03","Lyft",191698,0,0,59,59,743,743,10513,11256,239,34,34,47,187951,62269540,17415,4211,177048,58311111,16004,3857,0,0,0,0,0,0,0,0,316,166948,117,39,227,78011,25,6,0,\N,0.0003,0.0039,1,0.0587,0.0012
"2026-02-03","Uber",475323,12157,6092,0,6092,1419,1419,47756,49175,534,36,36,89,467244,159966992,55270,14838,409108,138233436,46561,12300,5458,2869322,1830,623,5222,2192899,869,177,1356,755960,486,128,534,213090,80,20,0.0256,0.5011,0.0128,0.003,1,0.1035,0.0011
"2026-02-04","Lyft",198503,0,0,45,45,727,727,11115,11842,249,26,26,44,194756,61525854,14633,3182,183227,57479041,13362,2876,0,0,0,0,0,0,0,0,338,178142,116,41,243,86100,29,7,0,\N,0.0002,0.0037,1,0.0597,0.0013
"2026-02-04","Uber",489591,11698,5721,0,5721,1427,1427,50454,51881,557,44,44,103,480956,157134703,50272,12848,420403,135571918,42222,10664,5155,2662710,1646,550,5181,2070865,709,174,1364,759141,500,135,557,220247,78,25,0.0239,0.4891,0.0117,0.0029,1,0.106,0.0011
"2026-02-05","Lyft",209469,0,0,44,44,782,782,11596,12378,247,43,43,60,205580,64434819,15361,3211,193567,60290825,14099,2925,0,0,0,0,0,0,0,0,362,179174,99,40,233,82257,21,5,0,\N,0.0002,0.0037,1,0.0591,0.0012
"2026-02-05","Uber",509586,11990,5898,0,5898,1378,1378,53411,54789,596,49,49,95,500705,165067485,52907,13343,437009,142370640,44462,11062,5320,2726152,1722,546,5276,2151038,778,163,1323,731280,472,133,596,234130,97,23,0.0235,0.4919,0.0116,0.0027,1,0.1075,0.0012
"2026-02-06","Lyft",239426,0,0,26,26,799,799,13134,13933,303,36,36,62,235969,72664974,14940,2873,222351,68037260,13643,2606,0,0,0,0,0,0,0,0,347,184250,111,38,296,110201,39,13,0,\N,0.0001,0.0033,1,0.0582,0.0013
"2026-02-06","Uber",560485,13424,7277,0,7277,1392,1392,59825,61217,529,41,41,99,552069,181287707,57601,14862,480681,155869751,48178,12344,6645,3432538,2163,663,5477,2279920,828,180,1331,721999,461,111,529,210896,86,20,0.024,0.5421,0.013,0.0025,1,0.1092,0.0009
"2026-02-07","Lyft",283048,0,0,29,29,463,463,16426,16889,159,10,10,25,280845,85911380,14421,2397,264173,80420139,13178,2157,0,0,0,0,0,0,0,0,191,96893,61,18,156,50653,12,2,0,\N,0.0001,0.0016,1,0.0597,0.0006
"2026-02-07","Uber",668681,17949,11221,0,11221,643,643,73108,73751,409,29,29,63,663836,228948697,79055,20750,575006,195907548,66334,17229,10654,5490276,3372,993,6421,2642120,866,188,633,322277,176,44,409,164917,54,19,0.0268,0.6252,0.0168,0.001,1,0.1103,0.0006
"2026-02-08","Lyft",249605,0,0,34,34,388,388,14959,15347,167,7,7,14,247394,78253643,15638,3002,232201,73107824,14314,2767,0,0,0,0,0,0,0,0,143,70168,44,7,163,55679,16,3,0,\N,0.0001,0.0016,1,0.0615,0.0007
"2026-02-08","Uber",592106,18439,11791,0,11791,493,493,64850,65343,318,13,13,46,586984,225716798,95462,30630,506491,193000938,80572,25878,11003,5915180,3901,1241,6256,2774454,1075,261,481,232289,138,25,318,137988,61,17,0.0311,0.6395,0.0199,0.0008,1,0.1104,0.0005
"2026-02-09","Lyft",171444,0,0,25,25,666,666,9379,10045,237,37,37,49,167915,53536456,13030,2951,158154,50059400,11862,2663,0,0,0,0,0,0,0,0,328,163489,111,30,229,84984,29,8,0,\N,0.0001,0.0039,1,0.0586,0.0014
"2026-02-09","Uber",508458,13028,6835,0,6835,1303,1303,51152,52455,493,49,49,98,499738,178228199,68238,18873,437671,154401348,57957,15837,6104,3290558,2235,774,5355,2289036,987,210,1240,680201,427,111,493,195624,80,11,0.0256,0.5246,0.0134,0.0026,1,0.1032,0.001
"2026-02-10","Lyft",181499,0,0,29,29,691,691,9133,9824,213,34,34,46,178134,53407793,11234,2209,168649,50232890,10333,2021,0,0,0,0,0,0,0,0,319,148840,85,21,205,64447,14,5,0,\N,0.0002,0.0038,1,0.0541,0.0012
"2026-02-10","Uber",481938,10553,4923,0,4923,1382,1382,47402,48784,488,45,45,84,473964,151867145,47709,11667,417356,132457502,40950,9954,4371,2135754,1238,369,4905,1821164,481,100,1313,697653,425,100,488,189013,80,24,0.0219,0.4665,0.0102,0.0029,1,0.1012,0.001
"2026-02-11","Lyft",191526,0,0,44,44,760,760,10011,10771,254,34,34,60,187797,56730580,11917,2365,177319,53207587,10889,2153,0,0,0,0,0,0,0,0,382,190657,116,38,241,83481,28,5,0,\N,0.0002,0.004,1,0.0562,0.0013
"2026-02-11","Uber",504156,10886,5140,0,5140,1560,1560,50666,52226,544,59,59,121,495848,157770653,48069,11443,435521,137341434,41214,9708,4629,2210482,1242,367,5053,1832947,424,88,1506,780004,467,94,544,204331,77,12,0.0216,0.4722,0.0102,0.0031,1,0.1036,0.0011
"2026-02-12","Lyft",208202,0,0,59,59,762,762,11971,12733,231,41,41,56,204182,64778666,15210,3079,191776,60401576,13809,2783,0,0,0,0,0,0,0,0,384,202721,135,46,221,78164,20,7,0,\N,0.0003,0.0037,1,0.0612,0.0011
"2026-02-12","Uber",545512,12043,6036,0,6036,1425,1425,56448,57873,575,36,36,93,536703,171202989,49088,11847,469830,148590566,41920,10071,5499,2661731,1501,414,5301,1960359,491,98,1349,717334,445,89,575,210763,66,15,0.0221,0.5012,0.0111,0.0026,1,0.1061,0.0011
"2026-02-13","Lyft",233715,0,0,66,66,707,707,14097,14804,269,25,25,39,230059,78673128,21724,4601,215509,73214248,19812,4183,0,0,0,0,0,0,0,0,325,179599,124,52,260,96204,31,7,0,\N,0.0003,0.003,1,0.0633,0.0012
"2026-02-13","Uber",591989,14296,7853,0,7853,1375,1375,62201,63576,568,45,45,100,583788,201063881,66793,17753,509089,173651029,56667,15085,7258,3630286,2185,626,5825,2377310,767,170,1315,715774,447,95,568,227651,92,20,0.0241,0.5493,0.0133,0.0023,1,0.1074,0.001
"2026-02-14","Lyft",241575,0,0,37,37,528,528,14021,14549,231,25,25,37,239491,75559548,14975,2687,225098,70629926,13655,2433,0,0,0,0,0,0,0,0,236,118458,65,22,224,83158,28,10,0,\N,0.0002,0.0022,1,0.0602,0.001
"2026-02-14","Uber",611352,15145,9299,0,9299,822,822,64694,65516,503,59,59,107,607232,209270554,72155,19439,528750,180472714,61295,16473,8928,4529082,2747,819,5644,2320998,766,148,807,409878,238,45,503,216084,86,23,0.0248,0.614,0.0152,0.0013,1,0.1072,0.0008
"2026-02-15","Lyft",215311,0,0,43,43,501,501,12433,12934,175,22,22,38,213500,66585922,12720,2381,200772,62253063,11553,2146,0,0,0,0,0,0,0,0,199,93567,50,15,165,53629,12,2,0,\N,0.0002,0.0023,1,0.0601,0.0008
"2026-02-15","Uber",503209,14314,8853,0,8853,656,656,52754,53410,378,40,40,71,499518,170737330,59518,15817,433844,146822604,50382,13280,8539,4382547,2742,823,5274,2110988,637,121,651,314859,165,29,378,138804,38,13,0.0284,0.6185,0.0176,0.0013,1,0.1061,0.0008
"2026-02-16","Lyft",179711,0,0,14,14,495,495,8556,9051,143,21,21,30,176981,52039699,10036,2470,168214,49161910,9218,2275,0,0,0,0,0,0,0,0,204,92031,48,10,136,44804,11,2,0,\N,0.0001,0.0028,1,0.0504,0.0008
"2026-02-16","Uber",408447,9883,5131,0,5131,803,803,40824,41627,302,30,30,60,403407,127868587,40343,10393,353705,111101093,34692,8884,4815,2369946,1389,424,4450,1734836,491,107,781,369755,167,30,302,106913,30,7,0.0242,0.5192,0.0126,0.002,1,0.1019,0.0007
"2026-02-17","Lyft",179480,0,0,10,10,707,707,8238,8945,234,26,26,41,176013,47836376,6611,1364,167415,45220558,6041,1230,0,0,0,0,0,0,0,0,301,134223,55,17,228,66163,13,1,0,\N,0.0001,0.0039,1,0.0498,0.0013
"2026-02-17","Uber",408964,9224,4542,0,4542,1361,1361,38775,40136,442,45,45,82,402437,120069389,31972,7345,355226,104809480,27259,6165,4178,2000591,1134,352,4221,1553747,411,95,1319,645657,329,65,442,143038,37,6,0.0226,0.4924,0.0111,0.0033,1,0.0981,0.0011
"2026-02-18","Lyft",184651,0,0,54,54,725,725,9050,9775,221,36,36,51,181138,51383964,9101,1795,171684,48366479,8289,1616,0,0,0,0,0,0,0,0,322,142108,72,24,210,62652,13,4,0,\N,0.0003,0.0039,1,0.0529,0.0012
"2026-02-18","Uber",455731,10458,5191,0,5191,1356,1356,45653,47009,475,49,49,102,448835,136240386,37833,8812,393689,118334868,32236,7417,4810,2331984,1385,413,4751,1766966,464,114,1320,659323,350,74,475,172714,55,10,0.0229,0.4964,0.0114,0.003,1,0.1032,0.001
"2026-02-19","Lyft",188056,0,0,15,15,769,769,8807,9576,222,28,28,45,184431,48069113,6097,1088,175243,45364533,5539,978,0,0,0,0,0,0,0,0,330,129322,48,13,218,63410,11,4,0,\N,0.0001,0.0041,1,0.0509,0.0012
"2026-02-19","Uber",490394,11113,5994,0,5994,1403,1403,49633,51036,516,53,53,115,483774,140526933,36191,7803,423822,121758742,30618,6501,5628,2672767,1526,445,4714,1674297,366,68,1360,659308,329,72,516,172909,47,11,0.0227,0.5394,0.0122,0.0029,1,0.1041,0.0011
"2026-02-20","Lyft",230046,0,0,20,20,689,689,12132,12821,207,24,24,39,226572,64348042,9960,1706,214098,60434763,9099,1543,0,0,0,0,0,0,0,0,320,141615,74,14,194,61224,18,1,0,\N,0.0001,0.003,1,0.0557,0.0009
"2026-02-20","Uber",578047,14942,8937,0,8937,1107,1107,61749,62856,529,58,58,124,571399,175773046,49105,12014,496242,150982469,41254,10041,8466,4007983,2227,628,5681,2135784,550,131,1080,551710,319,72,529,192587,57,11,0.0258,0.5981,0.0155,0.0019,1,0.1087,0.0009
"2026-02-21","Lyft",229293,0,0,72,72,575,575,11871,12446,205,27,27,36,227357,65608633,11286,2033,215111,61557274,10214,1822,0,0,0,0,0,0,0,0,212,100315,52,15,195,62363,19,6,0,\N,0.0003,0.0025,1,0.0543,0.0009
"2026-02-21","Uber",582922,17618,11762,0,11762,851,851,62341,63192,494,60,60,103,579211,181240673,54368,13542,500677,154563440,45063,11267,11421,5473633,3206,842,5706,2132784,527,123,837,399257,192,27,494,180323,57,13,0.0302,0.6676,0.0202,0.0015,1,0.1084,0.0008
"2026-02-22","Lyft",173511,0,0,245,245,345,345,9891,10236,126,7,7,18,171026,59767707,21703,7368,160807,55552078,19719,6725,0,0,0,0,0,0,0,0,107,54415,32,14,122,41157,18,3,0,\N,0.0014,0.002,1,0.059,0.0007
"2026-02-22","Uber",409551,17872,11695,0,11695,407,407,45285,45692,202,11,11,35,404143,153687434,63123,28018,343878,126947126,49891,21535,11096,6511224,4517,1955,5838,3700110,2010,1322,393,175324,75,19,202,82959,38,18,0.0436,0.6544,0.0286,0.001,1,0.1116,0.0005
"2026-02-23","Lyft",66965,0,0,70,70,152,152,5232,5384,37,3,3,5,65936,33468521,18735,6703,60641,30798724,17250,6194,0,0,0,0,0,0,0,0,56,45013,34,24,37,22272,16,5,0,\N,0.001,0.0023,1,0.0804,0.0006
"2026-02-23","Uber",93814,8574,4128,0,4128,27,27,9403,9430,42,1,1,5,91971,75921694,51561,33405,75865,61168381,40695,26318,3765,2967738,2455,1365,3941,4166679,3025,2129,24,13384,6,3,42,38969,25,18,0.0914,0.4815,0.044,0.0003,1,0.1005,0.0004
"2026-02-24","Lyft",178362,0,0,68,68,522,522,10362,10884,137,9,9,20,174025,61772406,20015,5544,163505,57551347,18330,5034,0,0,0,0,0,0,0,0,218,105662,65,22,133,46221,12,5,0,\N,0.0004,0.0029,1,0.061,0.0008
"2026-02-24","Uber",489935,15398,8496,0,8496,877,877,51008,51885,335,18,18,55,480176,179152163,72175,22998,417417,154162816,61253,19659,7344,3838355,2381,737,5858,2604129,1117,260,848,470685,300,79,335,141934,61,20,0.0314,0.5518,0.0173,0.0018,1,0.1059,0.0007
"2026-02-25","Lyft",208559,0,0,287,287,641,641,12601,13242,176,25,25,43,203965,75281705,28079,8862,190947,69853496,25615,8071,0,0,0,0,0,0,0,0,282,134079,86,31,168,70421,37,12,0,\N,0.0014,0.0031,1,0.0635,0.0008
"2026-02-25","Uber",503365,15916,8671,0,8671,1088,1088,52434,53522,407,29,29,59,492051,172892179,63098,18631,427349,148659835,53379,15793,7567,3795548,2269,677,6087,2504941,908,230,1042,551000,326,86,407,162821,66,16,0.0316,0.5448,0.0172,0.0022,1,0.1063,0.0008
"2026-02-26","Lyft",205199,0,0,65,65,757,757,11939,12696,243,31,31,44,200571,65300933,17603,4131,188277,60811011,15993,3747,0,0,0,0,0,0,0,0,338,172119,117,33,231,84194,29,8,0,\N,0.0003,0.0037,1,0.0619,0.0012
"2026-02-26","Uber",530863,14677,8193,0,8193,1388,1388,55814,57202,527,40,40,77,521398,181563662,67079,18822,453363,156377825,56948,15956,7359,3658073,2168,633,5635,2228410,748,170,1328,704328,404,109,527,207496,85,21,0.0276,0.5582,0.0154,0.0026,1,0.1078,0.001
"2026-02-27","Lyft",209164,0,0,53,53,795,795,11970,12765,260,26,26,45,205349,68833595,18976,4218,192923,64147719,17264,3796,0,0,0,0,0,0,0,0,386,208036,153,45,253,92292,32,11,0,\N,0.0003,0.0038,1,0.061,0.0012
"2026-02-27","Uber",593873,16547,10075,0,10075,1415,1415,64404,65819,605,50,50,115,585736,216574118,87718,25160,506986,185747350,74447,21369,9321,4663974,2799,786,5800,2424655,859,201,1360,732012,449,108,605,242620,99,32,0.0279,0.6089,0.017,0.0024,1,0.1108,0.001
"2026-02-28","Lyft",227605,0,0,58,58,577,577,12793,13370,252,35,35,55,225739,69895032,14782,2920,212542,65271477,13373,2601,0,0,0,0,0,0,0,0,230,107976,64,19,241,87400,32,11,0,\N,0.0003,0.0025,1,0.0587,0.0011
"2026-02-28","Uber",586091,18036,11964,0,11964,900,900,62738,63638,475,56,56,85,582509,206046971,79988,20699,503159,176384146,67832,17499,11603,5642346,3306,867,5886,2317764,662,180,890,450912,249,64,475,176529,62,9,0.0308,0.6633,0.0204,0.0015,1,0.1086,0.0008
"2026-03-01","Lyft",200214,0,0,30,30,461,461,11748,12209,137,14,14,17,198407,60271524,12315,2730,186412,56169458,11125,2445,0,0,0,0,0,0,0,0,187,84313,45,14,128,37930,8,2,0,\N,0.0001,0.0023,1,0.061,0.0007
"2026-03-01","Uber",499988,16020,10781,0,10781,664,664,53552,54216,416,40,40,85,496428,179455715,72569,19355,428382,153697022,61713,16390,10427,5080988,2911,848,5053,1994756,563,150,656,308706,162,32,416,164720,59,12,0.032,0.673,0.0216,0.0013,1,0.1084,0.0008
"2026-03-02","Lyft",183034,0,0,39,39,789,789,9833,10622,273,42,42,67,178889,53988852,12069,2459,168624,50492548,10973,2235,0,0,0,0,0,0,0,0,376,166388,88,17,262,86211,29,9,0,\N,0.0002,0.0043,1,0.058,0.0015
"2026-03-02","Uber",465150,11165,6054,0,6054,1476,1476,48155,49631,482,40,40,80,458188,154333793,54099,13084,400180,133644779,46383,11115,5470,2674612,1552,452,4539,1689621,459,97,1426,711337,392,87,482,176733,57,15,0.024,0.5422,0.013,0.0032,1,0.1067,0.001
"2026-03-03","Lyft",204261,0,0,55,55,824,824,10953,11777,266,34,34,50,200260,61012990,13280,2520,188858,57097298,12118,2269,0,0,0,0,0,0,0,0,361,177937,102,35,249,77556,16,5,0,\N,0.0003,0.004,1,0.0577,0.0013
"2026-03-03","Uber",510735,11250,5713,0,5713,1533,1533,51372,52905,575,48,48,117,503449,170869304,60327,14650,441974,148758334,51957,12471,5213,2455429,1353,369,4910,1774719,418,94,1467,777155,467,101,575,220732,79,14,0.022,0.5078,0.0112,0.003,1,0.1036,0.0011
"2026-03-04","Lyft",187203,0,0,40,40,817,817,9541,10358,265,33,33,57,183054,50932866,8448,1536,173120,47811224,7679,1390,0,0,0,0,0,0,0,0,373,163440,78,25,262,83028,19,5,0,\N,0.0002,0.0044,1,0.0553,0.0014
"2026-03-04","Uber",484071,10573,5404,0,5404,1662,1662,48903,50565,540,55,55,98,476628,151731239,47806,10644,417947,132032490,41100,8982,4944,2297249,1259,356,4638,1625721,359,101,1599,805987,424,105,540,194640,63,19,0.0218,0.5111,0.0112,0.0034,1,0.1045,0.0011
"2026-03-05","Lyft",218827,0,0,122,122,802,802,12583,13385,224,33,33,52,214249,68223116,17142,3546,201259,63668009,15698,3259,0,0,0,0,0,0,0,0,349,168868,92,30,213,70905,19,4,0,\N,0.0006,0.0037,1,0.0612,0.001
"2026-03-05","Uber",569699,13378,7490,0,7490,1471,1471,59975,61446,494,47,47,95,561167,192577880,68835,16741,489630,166882494,59132,14342,6908,3280783,1825,499,5186,1885709,479,97,1401,744951,451,103,494,189234,68,13,0.0235,0.5599,0.0131,0.0026,1,0.1079,0.0009
"2026-03-06","Lyft",224976,0,0,33,33,773,773,12716,13489,283,37,37,56,221065,64502936,11551,2265,207919,60202183,10433,2034,0,0,0,0,0,0,0,0,366,160081,80,17,272,92642,24,10,0,\N,0.0001,0.0034,1,0.06,0.0013
"2026-03-06","Uber",553301,13770,8137,0,8137,1449,1449,61129,62578,574,50,50,99,546023,181088021,61931,14969,472558,155588461,52733,12682,7672,3572103,1962,559,5216,1921415,490,124,1399,705025,392,82,574,213272,85,14,0.0249,0.5909,0.0147,0.0026,1,0.1131,0.001
"2026-03-07","Lyft",234333,0,0,39,39,538,538,12551,13089,190,13,13,31,232439,65202777,9853,1562,219547,61072368,8878,1390,0,0,0,0,0,0,0,0,212,89993,47,7,186,61385,19,5,0,\N,0.0002,0.0023,1,0.0559,0.0008
"2026-03-07","Uber",577532,15241,10051,0,10051,813,813,62988,63801,494,41,41,93,573943,189202733,65538,15118,496900,162540056,55650,12759,9778,4658258,2706,707,5056,1863338,464,111,802,375632,189,33,494,174639,58,13,0.0264,0.6595,0.0174,0.0014,1,0.1105,0.0009
"2026-03-08","Lyft",205090,0,0,93,93,548,548,11971,12519,178,18,18,37,203253,68061086,16423,4584,190934,63328730,14911,4147,0,0,0,0,0,0,0,0,217,101799,56,14,171,55717,12,3,0,\N,0.0005,0.0027,1,0.061,0.0009
"2026-03-08","Uber",471297,12920,8093,0,8093,753,753,51320,52073,422,41,41,84,467876,175884689,70116,19473,404719,151371014,60242,16713,7812,4040998,2188,637,4671,1923168,531,147,746,365797,202,40,422,153636,51,14,0.0274,0.6264,0.0172,0.0016,1,0.1105,0.0009
"2026-03-09","Lyft",174918,0,0,20,20,769,769,8698,9467,253,32,32,47,171045,49322951,9684,2067,161962,46328004,8791,1876,0,0,0,0,0,0,0,0,347,145850,74,17,238,71533,11,5,0,\N,0.0001,0.0044,1,0.0541,0.0014
"2026-03-09","Uber",436647,9200,4580,0,4580,1554,1554,45238,46792,493,63,63,104,429782,142550278,50012,12041,375969,123846777,43095,10300,4193,2033641,1186,321,4177,1545614,423,117,1505,728611,370,81,493,177277,55,16,0.0211,0.4978,0.0105,0.0036,1,0.1072,0.0011
"2026-03-10","Lyft",187899,0,0,49,49,842,842,9561,10403,262,48,48,69,184292,54532477,11066,2299,174247,51182392,10127,2095,0,0,0,0,0,0,0,0,415,182804,86,29,246,86324,28,7,0,\N,0.0003,0.0045,1,0.0554,0.0014
"2026-03-10","Uber",452463,8950,4210,0,4210,1714,1714,46131,47845,570,66,66,121,445559,145353580,48783,11487,390886,126566833,42116,9795,3848,1837064,1019,308,4228,1534601,415,99,1668,827625,425,92,570,216199,83,21,0.0198,0.4704,0.0093,0.0038,1,0.1057,0.0013
"2026-03-11","Lyft",191371,0,0,30,30,868,868,9912,10780,236,32,32,53,187128,52606497,8760,1431,176802,49306787,7902,1263,0,0,0,0,0,0,0,0,387,170608,86,25,223,72229,22,5,0,\N,0.0002,0.0045,1,0.0563,0.0012
"2026-03-11","Uber",483006,9159,4536,0,4536,1689,1689,50896,52585,527,54,54,97,475573,149338139,46054,10189,415997,129742097,39661,8686,4225,1977114,1118,304,4179,1454250,313,69,1641,787872,370,92,527,183641,50,15,0.019,0.4953,0.0094,0.0035,1,0.1089,0.0011
"2026-03-12","Lyft",222930,0,0,153,153,787,787,13178,13965,238,39,39,52,218529,71096652,19525,4575,204854,66206874,17853,4178,0,0,0,0,0,0,0,0,383,197537,116,44,226,83713,32,13,0,\N,0.0007,0.0035,1,0.0626,0.0011
"2026-03-12","Uber",552161,10879,5429,0,5429,1582,1582,59118,60700,531,54,54,110,543821,182031280,62217,15106,475088,158055884,53615,12921,5036,2429545,1421,406,4850,1754212,457,95,1526,783629,428,113,531,200020,69,20,0.0197,0.499,0.0098,0.0029,1,0.1099,0.001
"2026-03-13","Lyft",246874,0,0,138,138,875,875,15245,16120,278,32,32,58,242825,80153076,21955,4654,227007,74379319,19980,4202,0,0,0,0,0,0,0,0,423,207886,124,40,270,96775,32,8,0,\N,0.0006,0.0035,1,0.0653,0.0011
"2026-03-13","Uber",561445,10813,5985,0,5985,1380,1380,62098,63478,598,58,58,120,553829,188078838,68238,17654,481840,162702814,58717,15176,5612,2750394,1622,446,4419,1675780,456,98,1330,682273,401,72,598,216700,71,13,0.0193,0.5535,0.0107,0.0025,1,0.1131,0.0011
"2026-03-14","Lyft",244286,0,0,162,162,685,685,13872,14557,220,19,19,32,242427,76000846,17606,3293,228016,70870539,15958,2961,0,0,0,0,0,0,0,0,283,130889,75,12,213,72951,22,2,0,\N,0.0007,0.0028,1,0.0596,0.0009
"2026-03-14","Uber",596327,11592,7026,0,7026,913,913,64782,65695,439,43,43,88,592026,201579856,75148,19316,516420,174770061,64816,16570,6789,3361164,2008,566,4414,1712241,503,103,897,439977,214,58,439,170077,66,15,0.0194,0.6061,0.0118,0.0015,1,0.1102,0.0007
"2026-03-15","Lyft",212381,0,0,169,169,578,578,12877,13455,196,21,21,32,210587,70298475,20001,4958,197259,65361422,18230,4536,0,0,0,0,0,0,0,0,226,105291,49,17,188,62108,13,3,0,\N,0.0008,0.0027,1,0.0634,0.0009
"2026-03-15","Uber",498645,11211,6871,0,6871,769,769,54305,55074,377,31,31,72,494287,180605122,75581,20840,429706,156237196,65109,17945,6587,3342485,2074,606,4156,1695271,575,110,755,364103,185,27,377,145685,55,10,0.0225,0.6129,0.0138,0.0015,1,0.1104,0.0008
"2026-03-16","Lyft",178429,0,0,130,130,738,738,9615,10353,209,23,23,33,174581,57240759,17875,4754,164508,53465309,16341,4349,0,0,0,0,0,0,0,0,336,145836,76,18,199,65641,25,5,0,\N,0.0007,0.0041,1,0.058,0.0012
"2026-03-16","Uber",490024,8650,3992,0,3992,1394,1394,52076,53470,470,43,43,84,482521,165591849,62242,16559,422834,144299059,53899,14324,3495,1747555,1043,291,4073,1555680,478,99,1344,657502,361,63,470,172071,63,11,0.0177,0.4615,0.0081,0.0028,1,0.1091,0.001
"2026-03-17","Lyft",193897,0,0,53,53,779,779,10399,11178,208,24,24,40,190389,56348433,12082,2487,179636,52761888,11021,2278,0,0,0,0,0,0,0,0,321,142805,70,17,199,69579,20,7,0,\N,0.0003,0.004,1,0.0576,0.0011
"2026-03-17","Uber",477773,8224,3638,0,3638,1575,1575,49946,51521,511,42,42,99,470854,154337356,53053,12575,413216,134718616,46036,10803,3279,1549669,854,256,4043,1435444,366,79,1517,778046,426,101,510,175178,48,9,0.0172,0.4424,0.0076,0.0033,1,0.1078,0.0011
"2026-03-18","Lyft",196947,0,0,84,84,849,849,10545,11394,214,21,21,36,193241,58870152,14030,3216,182225,55078356,12795,2908,0,0,0,0,0,0,0,0,379,165285,84,17,209,66342,16,5,0,\N,0.0004,0.0043,1,0.0579,0.0011
"2026-03-18","Uber",525498,8666,3876,0,3876,1684,1684,55059,56743,524,62,62,110,517877,169303862,57825,14120,454831,147912715,50250,12187,3523,1691389,933,290,4252,1505811,362,70,1611,816687,420,111,524,189276,66,14,0.0165,0.4473,0.0074,0.0032,1,0.108,0.001
"2026-03-19","Lyft",201422,0,0,44,44,770,770,11477,12247,227,24,24,38,197600,58602582,11141,2114,185735,54681590,10115,1890,0,0,0,0,0,0,0,0,318,151368,81,29,218,64836,13,5,0,\N,0.0002,0.0038,1,0.0608,0.0011
"2026-03-19","Uber",534413,8857,4197,0,4197,1657,1657,58482,60139,524,66,66,109,526566,178891684,65321,16949,459888,155345815,56497,14576,3827,1878374,1065,314,4223,1553718,414,82,1598,810963,447,92,524,197295,77,16,0.0166,0.4739,0.0079,0.0031,1,0.1125,0.001
"2026-03-20","Lyft",199341,0,0,63,63,797,797,13046,13843,229,39,39,50,196210,68652532,18907,3622,182726,63555048,17156,3256,0,0,0,0,0,0,0,0,373,208177,153,44,217,82410,34,5,0,\N,0.0003,0.004,1,0.0694,0.0011
"2026-03-20","Uber",538480,9740,5020,0,5020,1473,1473,60448,61921,535,47,47,102,531363,211312199,96720,30472,461964,182732955,83433,26359,4689,2416387,1490,395,4316,1860973,734,149,1426,755296,467,93,535,221809,91,21,0.0181,0.5154,0.0093,0.0027,1,0.115,0.001
"2026-03-21","Lyft",205056,0,0,71,71,614,614,12544,13158,186,26,26,39,203356,62470061,12469,2490,190431,58018257,11258,2233,0,0,0,0,0,0,0,0,260,119539,63,16,180,60630,14,3,0,\N,0.0003,0.003,1,0.0642,0.0009
"2026-03-21","Uber",581823,12615,7779,0,7779,894,894,64149,65043,400,41,41,75,577735,212686496,91278,26648,501859,183589496,78420,22939,7521,3824888,2348,670,4658,1954756,750,153,886,430907,233,37,400,151589,58,10,0.0217,0.6166,0.0134,0.0015,1,0.1118,0.0007
"2026-03-22","Lyft",194800,0,0,28,28,529,529,11797,12326,158,11,11,23,193170,59679138,12475,3400,181095,55540910,11345,3080,0,0,0,0,0,0,0,0,198,85932,41,14,150,51969,10,6,0,\N,0.0001,0.0027,1,0.0633,0.0008
"2026-03-22","Uber",492717,11267,6851,0,6851,772,772,53498,54270,348,38,38,72,488622,182627303,80546,24141,424967,158170941,69720,20851,6557,3363120,2085,659,4213,1722627,569,152,764,355432,166,37,348,132625,45,12,0.0229,0.6081,0.0139,0.0016,1,0.1101,0.0007
"2026-03-23","Lyft",148688,0,0,48,48,630,630,7341,7971,191,24,24,35,145444,43198279,10877,3410,137796,40617501,10025,3158,0,0,0,0,0,0,0,0,260,106624,52,9,181,50838,12,2,0,\N,0.0003,0.0042,1,0.0536,0.0013
"2026-03-23","Uber",498854,9515,4619,0,4619,1521,1521,51834,53355,413,53,53,78,491966,163449003,60008,16492,431503,142421093,51923,14196,4145,2069793,1229,381,4394,1663173,468,151,1474,723988,393,91,413,151646,52,13,0.0191,0.4854,0.0093,0.003,1,0.107,0.0008
"2026-03-24","Lyft",168319,0,0,16,16,761,761,7926,8687,180,35,35,46,165118,43311805,6225,1308,156840,40863509,5684,1176,0,0,0,0,0,0,0,0,350,134081,47,15,168,55485,17,6,0,\N,0.0001,0.0045,1,0.0516,0.0011
"2026-03-24","Uber",465587,9537,4666,0,4666,1553,1553,46584,48137,466,55,55,87,458487,136153244,39013,9191,403052,118564755,33445,7779,4297,2057110,1187,358,4404,1569518,371,102,1500,709992,348,80,466,162138,51,18,0.0205,0.4893,0.01,0.0033,1,0.1034,0.001
"2026-03-25","Lyft",169888,0,0,8,8,816,816,8190,9006,191,28,28,36,166439,41991828,4998,777,157854,39559428,4554,710,0,0,0,0,0,0,0,0,361,133828,48,11,186,51697,9,2,0,\N,0,0.0048,1,0.053,0.0011
"2026-03-25","Uber",498820,8834,4077,0,4077,1648,1648,51093,52741,475,59,59,109,491336,146789398,42817,9096,431924,128104645,36980,7748,3754,1750526,976,296,4295,1441353,292,77,1591,767219,386,74,475,159157,46,9,0.0177,0.4615,0.0082,0.0033,1,0.1057,0.001
"2026-03-26","Lyft",183605,0,0,37,37,825,825,9575,10400,185,23,23,36,180036,47954115,6859,1399,170068,44983388,6193,1261,0,0,0,0,0,0,0,0,372,155069,66,16,175,51523,10,4,0,\N,0.0002,0.0045,1,0.0566,0.001
"2026-03-26","Uber",530100,8808,4211,0,4211,1749,1749,55381,57130,495,60,60,108,522123,165002569,53219,12799,458351,144228717,46370,11113,3883,1785829,962,269,4150,1454923,330,104,1694,792647,372,76,495,164807,46,11,0.0166,0.4781,0.0079,0.0033,1,0.1078,0.0009
"2026-03-27","Lyft",215268,0,0,18,18,830,830,11283,12113,208,27,27,39,211978,56311036,7791,1620,200300,52849079,7088,1461,0,0,0,0,0,0,0,0,350,147128,66,15,197,56172,6,0,0,\N,0.0001,0.0039,1,0.0563,0.001
"2026-03-27","Uber",564255,10143,5428,0,5428,1497,1497,60421,61918,502,54,54,98,556915,175360903,57322,14130,487115,152578250,49518,12166,5100,2375048,1353,383,4304,1527519,355,104,1456,694290,333,86,502,167917,45,10,0.018,0.5351,0.0096,0.0027,1,0.1097,0.0009
"2026-03-28","Lyft",219722,0,0,26,26,611,611,11723,12334,177,18,18,35,218119,58461316,7136,1162,206030,54813089,6386,1026,0,0,0,0,0,0,0,0,253,108447,49,11,172,51930,12,0,0,\N,0.0001,0.0028,1,0.0561,0.0008
"2026-03-28","Uber",616287,12236,7616,0,7616,1006,1006,66243,67249,421,49,49,87,612470,201745082,71252,17777,534695,175272976,61611,15329,7386,3456312,1943,523,4453,1608812,362,107,988,469554,231,48,421,157253,55,12,0.0199,0.6224,0.0124,0.0016,1,0.1091,0.0007
"2026-03-29","Lyft",186153,0,0,26,26,595,595,10194,10789,152,19,19,31,184494,50886440,7177,1298,174013,47619978,6443,1157,0,0,0,0,0,0,0,0,218,95400,40,11,141,41939,7,2,0,\N,0.0001,0.0032,1,0.058,0.0008
"2026-03-29","Uber",510169,11057,6972,0,6972,869,869,53950,54819,340,35,35,57,506462,177310681,70298,18401,442256,154135541,60843,15884,6751,3288317,1946,550,3906,1454226,373,86,858,405818,213,39,340,123716,44,12,0.0217,0.6306,0.0137,0.0017,1,0.1075,0.0007
"2026-03-30","Lyft",143151,0,0,4,4,720,720,6531,7251,182,22,22,31,139751,36240107,5566,1276,132899,34196874,5042,1148,0,0,0,0,0,0,0,0,292,114526,47,7,175,49309,13,3,0,\N,0,0.005,1,0.0507,0.0013
"2026-03-30","Uber",459715,7793,3607,0,3607,1447,1447,46836,48283,409,36,36,76,453324,144204429,48637,12562,399162,126346405,42422,10939,3317,1603441,911,278,3740,1313229,302,76,1393,629644,288,57,409,135981,35,6,0.017,0.4629,0.0078,0.0031,1,0.105,0.0009
"2026-03-31","Lyft",156487,0,0,3,3,752,752,7268,8020,199,31,31,52,153290,37535480,3864,641,145668,35422537,3486,573,0,0,0,0,0,0,0,0,341,138271,57,15,185,51499,12,3,0,\N,0,0.0048,1,0.0513,0.0013
"2026-03-31","Uber",448619,7228,3073,0,3073,1562,1562,45330,46892,453,60,60,96,441980,131377733,38251,8671,389728,115167020,33309,7480,2795,1232207,635,167,3700,1228669,249,57,1510,704294,336,75,453,145372,37,4,0.0161,0.4252,0.0068,0.0035,1,0.1045,0.001
"2026-04-01","Lyft",165329,0,0,7,7,825,825,7639,8464,262,30,30,57,161940,40344128,4649,907,153856,38049580,4204,821,0,0,0,0,0,0,0,0,366,146576,59,11,257,71812,15,1,0,\N,0,0.005,1,0.0512,0.0016
"2026-04-01","Uber",474487,8024,3649,0,3649,1620,1620,49405,51025,536,69,69,121,467391,139497281,40647,9605,410348,121717033,35220,8199,3380,1549906,833,258,3881,1332987,277,82,1567,731779,343,75,536,181528,56,12,0.0169,0.4548,0.0077,0.0034,1,0.1075,0.0011
"2026-04-02","Lyft",165274,0,0,4,4,680,680,7122,7802,193,21,21,30,162068,37665795,2947,490,154633,35724313,2678,445,0,0,0,0,0,0,0,0,269,97517,33,10,183,47330,7,0,0,\N,0,0.0041,1,0.0472,0.0012
"2026-04-02","Uber",515161,8846,4182,0,4182,1428,1428,52587,54015,517,58,58,106,508779,146091095,39471,8273,447737,127784643,34196,7064,3970,1776410,939,267,4342,1425452,267,68,1395,639118,303,62,517,177241,56,9,0.0172,0.4728,0.0081,0.0028,1,0.1049,0.001
"2026-04-03","Lyft",175155,0,0,4,4,794,794,8357,9151,247,29,29,49,172169,42522907,4185,746,163406,40073071,3752,663,0,0,0,0,0,0,0,0,325,134731,49,12,238,71542,12,4,0,\N,0,0.0045,1,0.0522,0.0014
"2026-04-03","Uber",512733,9640,5031,0,5031,1352,1352,56998,58350,519,49,49,108,507389,152791537,45735,10555,441137,132201951,39326,9023,4813,2152585,1147,304,4376,1461922,297,76,1315,605858,275,56,519,162588,42,4,0.0188,0.5219,0.0098,0.0026,1,0.1138,0.001
"2026-04-04","Lyft",195420,0,0,38,38,560,560,9866,10426,225,14,14,29,193661,50859049,6665,1307,183404,47828548,6012,1178,0,0,0,0,0,0,0,0,227,94528,50,13,223,64400,16,3,0,\N,0.0002,0.0029,1,0.0534,0.0012
"2026-04-04","Uber",589269,15181,9781,0,9781,1109,1109,64097,65206,499,55,55,103,585995,184129486,59294,14116,507378,158224076,50389,11850,9572,4364668,2418,650,5296,1844106,399,103,1094,529392,282,60,499,174644,60,12,0.0258,0.6443,0.0166,0.0019,1,0.1107,0.0008
"2026-04-05","Lyft",164954,0,0,16,16,569,569,8786,9355,200,17,17,37,163047,45850550,7552,1687,153937,42901232,6770,1499,0,0,0,0,0,0,0,0,219,92460,47,10,191,58690,12,1,0,\N,0.0001,0.0034,1,0.0567,0.0012
"2026-04-05","Uber",522192,13097,8292,0,8292,1020,1020,56108,57128,421,42,42,78,518880,182231026,71267,19796,450501,157440509,61291,17058,8051,3868304,2254,632,4685,1754730,455,118,996,492564,268,53,421,154158,52,15,0.0251,0.6331,0.0159,0.002,1,0.1094,0.0008
"2026-04-06","Lyft",126957,0,0,0,0,691,691,5165,5856,213,32,32,49,123658,29871708,3299,769,118128,28273894,2929,662,0,0,0,0,0,0,0,0,313,117679,39,9,207,53180,7,3,0,\N,0,0.0054,1,0.0461,0.0017
"2026-04-06","Uber",432414,8198,4115,0,4115,1359,1359,42638,43997,384,42,42,76,426988,131275635,41864,9678,376368,115034915,36364,8308,3908,1831140,1041,302,3817,1259785,243,87,1336,614677,272,55,384,132877,41,8,0.019,0.502,0.0095,0.0031,1,0.1017,0.0009
"2026-04-07","Lyft",144375,0,0,14,14,690,690,5904,6594,232,34,34,51,141217,33040525,3058,552,134914,31359952,2759,502,0,0,0,0,0,0,0,0,311,112258,31,4,220,60252,10,2,0,\N,0.0001,0.0048,1,0.0457,0.0016
"2026-04-07","Uber",458931,8958,4551,0,4551,1528,1528,45021,46549,457,53,53,102,453411,131889235,36882,7467,399740,115437760,31829,6318,4297,1918495,1068,286,4154,1348725,280,98,1470,667226,298,65,457,154115,42,10,0.0195,0.508,0.0099,0.0033,1,0.1014,0.001
"2026-04-08","Lyft",154209,0,0,9,9,690,690,6312,7002,232,13,13,29,150893,35081540,2931,533,144189,33315664,2639,476,0,0,0,0,0,0,0,0,298,113479,38,10,227,59899,12,0,0,\N,0.0001,0.0045,1,0.0454,0.0015
"2026-04-08","Uber",478928,9409,4753,0,4753,1393,1393,48122,49515,486,53,53,106,473152,136006755,36872,7787,416031,118864226,31862,6652,4507,1956380,994,280,4389,1446220,293,107,1357,612343,264,56,486,159808,46,13,0.0196,0.5052,0.0099,0.0029,1,0.1034,0.001
"2026-04-09","Lyft",165691,0,0,10,10,712,712,7208,7920,226,31,31,49,162322,37955608,3137,590,154738,35915907,2792,520,0,0,0,0,0,0,0,0,306,105970,28,5,217,55058,10,2,0,\N,0.0001,0.0043,1,0.0478,0.0014
"2026-04-09","Uber",508890,10415,5656,0,5656,1458,1458,52249,53707,501,46,46,85,502843,144182582,38589,8473,440709,125433583,33034,7151,5385,2424540,1317,357,4481,1504600,332,116,1420,644210,294,66,501,161434,43,7,0.0205,0.5431,0.0111,0.0029,1,0.1055,0.001
"2026-04-10","Lyft",192707,0,0,4,4,765,765,8726,9491,246,27,27,40,189489,46503343,4183,732,180330,43954365,3739,646,0,0,0,0,0,0,0,0,343,139045,59,10,242,64631,8,1,0,\N,0,0.004,1,0.0493,0.0013
"2026-04-10","Uber",552516,13217,7985,0,7985,1498,1498,58161,59659,556,55,55,112,546578,162854631,47504,10485,475776,140571983,40342,8751,7715,3509267,1937,564,5009,1740100,411,121,1470,671100,300,57,556,189608,65,12,0.0239,0.6041,0.0145,0.0027,1,0.108,0.001
"2026-04-11","Lyft",216743,0,0,40,40,629,629,10757,11386,197,26,26,39,214838,57139769,6873,1241,203665,53762715,6210,1114,0,0,0,0,0,0,0,0,283,121163,54,12,191,54546,6,3,0,\N,0.0002,0.0029,1,0.0525,0.0009
"2026-04-11","Uber",590405,17316,11892,0,11892,994,994,63295,64289,503,51,51,89,587109,185848831,59495,14450,507479,158881708,49821,11971,11665,5479687,3089,864,5346,2011695,549,155,971,441929,189,42,503,176508,58,8,0.0293,0.6868,0.0201,0.0017,1,0.1089,0.0009
"2026-04-12","Lyft",174158,0,0,23,23,567,567,8788,9355,209,18,18,36,172259,47647854,6835,1321,163099,44774967,6144,1186,0,0,0,0,0,0,0,0,242,103513,37,10,204,66595,15,4,0,\N,0.0001,0.0033,1,0.0537,0.0012
"2026-04-12","Uber",527740,15605,10527,0,10527,900,900,52553,53453,417,39,39,81,524560,181864130,70531,18378,457205,157197817,60359,15527,10326,5101556,3096,967,4989,1948695,625,181,891,430963,220,46,417,160415,53,19,0.0296,0.6746,0.0199,0.0017,1,0.1013,0.0008
"2026-04-13","Lyft",134801,0,0,11,11,689,689,5851,6540,240,32,32,47,131232,33975540,4964,1023,125000,32111021,4505,906,0,0,0,0,0,0,0,0,323,128637,48,17,234,69409,15,4,0,\N,0.0001,0.0051,1,0.0485,0.0018
"2026-04-13","Uber",480983,11076,6393,0,6393,1531,1531,46504,48035,440,35,35,79,474933,154165600,54384,14492,417789,134506934,46839,12351,6110,2920359,1720,515,4396,1605876,450,165,1489,705487,335,79,440,153115,58,10,0.023,0.5772,0.0133,0.0032,1,0.0999,0.0009
"2026-04-14","Lyft",165649,0,0,16,16,828,828,7909,8737,243,40,40,54,162112,42825438,5849,1228,153740,40321092,5309,1092,0,0,0,0,0,0,0,0,386,160905,69,22,227,68131,15,2,0,\N,0.0001,0.005,1,0.0527,0.0015
"2026-04-14","Uber",470558,10839,5943,0,5943,1750,1750,47174,48924,505,40,40,83,464089,144364893,45862,11367,406454,125236294,39012,9557,5651,2674111,1524,465,4547,1627962,439,131,1676,804661,403,83,505,170526,69,13,0.023,0.5483,0.0126,0.0037,1,0.104,0.0011
"2026-04-15","Lyft",187606,0,0,41,41,928,928,9941,10869,258,28,28,43,183811,50335266,7814,1591,173389,47104891,7039,1435,0,0,0,0,0,0,0,0,359,161485,78,24,250,75324,10,0,0,\N,0.0002,0.0049,1,0.0579,0.0014
"2026-04-15","Uber",494259,11874,6707,0,6707,1791,1791,50927,52718,549,73,73,132,487072,151759401,48391,12230,424890,131204579,41239,10352,6354,3002972,1765,514,4802,1701754,450,116,1734,830111,418,91,549,196384,74,11,0.024,0.5648,0.0136,0.0036,1,0.1067,0.0011
"2026-04-16","Lyft",194296,0,0,39,39,911,911,10768,11679,255,35,35,59,190259,53287777,9259,1975,179032,49804487,8434,1787,0,0,0,0,0,0,0,0,376,163017,78,27,240,69519,14,4,0,\N,0.0002,0.0047,1,0.0601,0.0013
"2026-04-16","Uber",524190,13503,8070,0,8070,1733,1733,55416,57149,570,69,69,121,516631,164835973,53737,14423,448437,141832155,45598,12190,7744,3651171,2073,596,5097,1816104,453,131,1687,832860,438,95,570,212330,86,18,0.0258,0.5976,0.0154,0.0033,1,0.109,0.0011
"2026-04-17","Lyft",252061,0,0,59,59,921,921,15166,16087,253,34,34,47,248218,71664040,12653,2460,232579,66697670,11433,2207,0,0,0,0,0,0,0,0,390,182443,104,22,247,82462,26,6,0,\N,0.0002,0.0037,1,0.0638,0.001
"2026-04-17","Uber",527717,15377,9536,0,9536,1492,1492,57377,58869,574,71,71,121,520583,165732623,53840,14735,449016,141383661,45096,12368,9197,4377012,2547,703,5534,2053769,584,162,1440,725898,405,78,574,211882,71,22,0.0291,0.6201,0.0181,0.0028,1,0.1116,0.0011
"2026-04-18","Lyft",271143,0,0,85,85,792,792,16581,17373,227,22,22,41,268776,77886875,11536,1835,251699,72468191,10369,1640,0,0,0,0,0,0,0,0,307,151318,88,23,222,76428,24,2,0,\N,0.0003,0.0029,1,0.0641,0.0008
"2026-04-18","Uber",579558,19893,14120,0,14120,1052,1052,63913,64965,472,59,59,110,576010,185474124,61218,15697,493610,156706648,50453,12757,13886,6743652,4037,1142,5683,2204829,665,209,1029,489256,231,51,472,182863,66,18,0.0343,0.7098,0.0244,0.0018,1,0.1121,0.0008
"2026-04-19","Lyft",218886,0,0,40,40,636,636,12652,13288,130,10,10,20,216333,61901420,10149,2111,203405,57807283,9175,1889,0,0,0,0,0,0,0,0,207,89851,44,12,129,44849,19,2,0,\N,0.0002,0.0029,1,0.0607,0.0006
"2026-04-19","Uber",515414,18399,12760,0,12760,747,747,56261,57008,315,31,31,59,511950,169374865,59789,16253,439125,143557413,49705,13508,12515,6064353,3616,1009,5536,2151840,640,197,735,338193,150,36,315,112771,33,6,0.0357,0.6935,0.0248,0.0014,1,0.1106,0.0006
"2026-04-20","Lyft",186480,0,0,34,34,814,814,9515,10329,200,22,22,37,182428,49695353,8267,2207,172559,46675913,7535,1983,0,0,0,0,0,0,0,0,337,131455,58,12,193,55313,10,3,0,\N,0.0002,0.0044,1,0.0554,0.0011
"2026-04-20","Uber",448274,13122,7611,0,7611,1490,1490,46580,48070,424,46,46,84,441913,135539625,41863,11312,383280,116158029,35147,9398,7218,3448864,1951,617,5216,1859894,486,158,1448,682293,322,65,424,153208,52,13,0.0293,0.58,0.017,0.0033,1,0.1072,0.0009
"2026-04-21","Lyft",188317,0,0,38,38,911,911,9791,10702,230,41,41,61,184476,48786924,7533,1622,174233,45741412,6825,1470,0,0,0,0,0,0,0,0,399,156846,56,17,216,61314,10,1,0,\N,0.0002,0.0048,1,0.0568,0.0012
"2026-04-21","Uber",466127,12841,7374,0,7374,1629,1629,47499,49128,489,57,57,102,459875,136257044,39093,9542,400221,117061770,32684,7799,7045,3322009,1899,588,5146,1777516,427,128,1590,771095,394,88,489,166363,54,12,0.0275,0.5743,0.0158,0.0035,1,0.1054,0.001
"2026-04-22","Lyft",188359,0,0,37,37,907,907,9992,10899,210,19,19,37,184302,48741049,7355,1434,173900,45662669,6671,1301,0,0,0,0,0,0,0,0,364,141194,64,12,203,58205,13,2,0,\N,0.0002,0.0048,1,0.0579,0.0011
"2026-04-22","Uber",501034,13421,7775,0,7775,1612,1612,52845,54457,480,62,62,104,494322,145820709,41216,10035,428972,125163525,34581,8368,7443,3421616,1949,509,5335,1821655,430,118,1560,743440,356,68,480,160578,46,8,0.0268,0.5793,0.0155,0.0032,1,0.1087,0.001
"2026-04-23","Lyft",196166,0,0,34,34,861,861,10905,11766,240,24,24,42,191894,52351483,8016,1692,180552,48895599,7240,1526,0,0,0,0,0,0,0,0,329,140423,71,22,230,64585,9,2,0,\N,0.0002,0.0044,1,0.06,0.0012
"2026-04-23","Uber",511439,17801,11310,0,11310,1846,1846,54255,56101,524,66,66,125,504333,155358295,46698,12106,433468,131775864,38542,9883,10979,5128257,2916,820,6262,2196582,508,144,1780,874846,449,122,524,185548,56,20,0.0348,0.6354,0.0221,0.0036,1,0.1097,0.001
"2026-04-24","Lyft",210919,0,0,18,18,947,947,11899,12846,247,35,35,57,207140,55593776,7221,1331,194787,51925698,6501,1185,0,0,0,0,0,0,0,0,375,154555,70,14,234,72131,16,4,0,\N,0.0001,0.0045,1,0.0609,0.0012
"2026-04-24","Uber",561149,21900,14727,0,14727,1477,1477,61206,62683,504,61,61,103,554251,169893728,50746,12740,473248,142706975,41119,10308,14325,6756341,3916,1042,6931,2489094,617,168,1428,677289,346,59,504,171853,46,6,0.039,0.6725,0.0262,0.0026,1,0.1117,0.0009
"2026-04-25","Lyft",260708,0,0,47,47,638,638,15905,16543,161,12,12,19,258163,79049315,13761,2586,241944,73669777,12448,2357,0,0,0,0,0,0,0,0,221,107527,66,16,158,50365,11,2,0,\N,0.0002,0.0024,1,0.0635,0.0006
"2026-04-25","Uber",677832,24872,17749,0,17749,925,925,75403,76328,415,47,47,83,673937,231927631,83209,22163,576037,195551344,68597,18173,17424,8538807,5141,1407,7025,2864171,941,265,901,465414,268,55,415,158348,53,16,0.0367,0.7136,0.0262,0.0014,1,0.1126,0.0006
"2026-04-26","Lyft",196897,0,0,33,33,561,561,12165,12726,148,12,12,27,194414,58080753,10803,2803,181986,53963519,9696,2507,0,0,0,0,0,0,0,0,202,91064,54,17,144,48011,13,5,0,\N,0.0002,0.0028,1,0.0646,0.0008
"2026-04-26","Uber",506939,19795,13483,0,13483,779,779,54978,55757,358,36,36,75,503191,173802387,65622,18946,430311,146820438,54557,15763,13198,6513834,3965,1075,6215,2496950,774,257,767,361918,161,38,358,148101,62,18,0.039,0.6811,0.0266,0.0015,1,0.11,0.0007
"2026-04-27","Lyft",164753,0,0,4,4,762,762,8231,8993,198,25,25,35,160911,41547162,5493,1274,152332,39022144,4946,1140,0,0,0,0,0,0,0,0,308,122368,49,8,187,53843,8,1,0,\N,0,0.0046,1,0.0546,0.0012
"2026-04-27","Uber",439140,12871,7290,0,7290,1565,1565,44341,45906,405,52,52,88,432426,131496215,40276,10959,376135,112984403,33823,9103,6956,3274718,1860,581,5269,1856736,496,157,1509,692901,339,62,405,142840,56,13,0.0293,0.5664,0.0166,0.0036,1,0.1045,0.0009
"2026-04-28","Lyft",168152,0,0,11,11,814,814,8180,8994,182,20,20,34,164542,40481789,4464,736,155999,38138268,4046,664,0,0,0,0,0,0,0,0,327,117694,40,7,172,46568,8,1,0,\N,0.0001,0.0048,1,0.0535,0.0011
"2026-04-28","Uber",459853,12666,7015,0,7015,1694,1694,45429,47123,447,61,61,99,453415,130381693,35121,7982,396064,112504769,29500,6587,6708,3051960,1679,467,5355,1800864,379,118,1614,762262,367,79,447,148037,41,11,0.0275,0.5538,0.0153,0.0037,1,0.1025,0.001
"2026-04-29","Lyft",176554,0,0,42,42,871,871,9289,10160,190,20,20,34,172937,44493427,5655,1013,163203,41761257,5146,930,0,0,0,0,0,0,0,0,366,135871,48,6,181,50997,5,2,0,\N,0.0002,0.0049,1,0.0575,0.0011
"2026-04-29","Uber",510996,13943,8146,0,8146,1741,1741,52066,53807,470,65,65,122,503839,149288094,42298,9817,438796,128519067,35557,8137,7816,3622343,2059,558,5463,1885470,439,126,1681,796437,377,89,470,161240,44,13,0.0273,0.5842,0.0159,0.0034,1,0.1053,0.0009
"2026-04-30","Lyft",193783,0,0,23,23,909,909,10756,11665,202,30,30,55,189614,50397616,7484,1487,178499,47136080,6760,1349,0,0,0,0,0,0,0,0,346,140456,66,12,198,56005,13,3,0,\N,0.0001,0.0047,1,0.0602,0.001
"2026-04-30","Uber",530994,15215,8914,0,8914,1757,1757,55630,57387,530,58,58,119,523365,156817716,44839,11279,453577,134444600,37675,9323,8573,3987172,2202,658,5972,2049243,447,119,1674,774135,336,85,530,178899,53,12,0.0287,0.5859,0.0168,0.0033,1,0.1081,0.001
