"trip_date","operator","trips","avg_base_fare","avg_tax","avg_congestion","avg_airport_fee","avg_toll","avg_bcf","avg_tip","avg_driver_pay","avg_total_fare","avg_platform_gross_take","avg_regulatory_load","avg_pass_through","fare_per_mile","tip_rate_on_fare","tips_to_charges","tips_share_of_paid","driver_pay_ratio","sum_base_fare","sum_total_fare","sum_tips","sum_driver_pay","sum_miles"
"2025-01-01","Lyft",157721,29.16,2.3,1.03,0.22,1.33,0.79,1.36,21.6,34.83,7.56,4.12,1.54,5.68,0.0465,0.0389,0.0375,0.7409,4599344.1,5493223.22,213907.9,3407430.39,810076.99
"2025-01-01","Uber",505485,28.3,2.38,0.83,0.16,1.31,0.79,0.98,23.86,33.76,4.44,3.99,1.47,5.06,0.0348,0.0292,0.0283,0.8431,14306042.13,17066963.24,497575.54,12061523.44,2827755.87
"2025-01-02","Lyft",124586,25.91,2.05,0.98,0.28,1.18,0.7,1.28,18.94,31.09,6.97,3.72,1.46,5.19,0.0493,0.0411,0.0395,0.731,3228073.6,3873990.27,159141.96,2359762.06,621521.74
"2025-01-02","Uber",404442,24.28,2.07,0.83,0.22,1.06,0.68,0.95,19.13,29.14,5.15,3.58,1.28,4.83,0.0389,0.0324,0.0314,0.7879,9817914.49,11785653.95,382251.41,7735837.09,2032692.48
"2025-01-03","Lyft",150340,23.59,1.9,1.03,0.22,1,0.64,1.15,17.77,28.37,5.82,3.56,1.22,5.14,0.0489,0.0407,0.0391,0.7534,3546865.16,4265126.97,173522.18,2672176.51,690146.82
"2025-01-03","Uber",462169,23.48,2.02,0.88,0.17,0.95,0.65,0.9,18.75,28.17,4.73,3.56,1.13,4.82,0.0384,0.032,0.031,0.7984,10851765.8,13018748.56,416284.46,8663908.97,2249911.69
"2025-01-04","Lyft",168076,22.09,1.79,1.14,0.18,0.98,0.6,1.14,17.36,26.78,4.73,3.53,1.16,4.86,0.0518,0.0428,0.041,0.7857,3712883.14,4500258.09,192389.68,2917091.98,763554.18
"2025-01-04","Uber",504053,22.85,1.96,1,0.16,1.03,0.64,0.98,18.77,27.64,4.08,3.6,1.2,4.56,0.0431,0.0356,0.0344,0.8215,11516730.97,13934099.24,496405.15,9461044.79,2528226.78
"2025-01-05","Lyft",143306,22.66,1.85,1.65,0.25,1.05,0.62,1.16,17.61,28.08,5.05,4.12,1.3,4.63,0.0511,0.0413,0.0396,0.7772,3247106.15,4024136.44,166078.4,2523759.47,701801.54
"2025-01-05","Uber",442342,23.5,2,1.41,0.24,1.12,0.64,0.99,18.93,28.91,4.57,4.05,1.35,4.36,0.0421,0.0342,0.0331,0.8056,10396183.48,12787706.91,437564.04,8374660.47,2382144.87
"2025-01-06","Lyft",150259,22.05,1.82,1.46,0.24,0.96,0.6,1.09,17.94,27.13,4.11,3.89,1.2,4.74,0.0495,0.0402,0.0386,0.8136,3313180.17,4077070.22,163889.47,2695528.32,698974.79
"2025-01-06","Uber",412356,24.5,2.09,1.31,0.22,0.95,0.67,1.03,18.11,29.74,6.4,4.07,1.17,5.01,0.0419,0.0345,0.0334,0.739,10104516,12264064.22,423248.86,7467134.81,2015491.04
"2025-01-07","Lyft",165416,21.29,1.74,1.55,0.17,0.9,0.58,1.06,17.3,26.23,3.99,3.88,1.07,4.92,0.0498,0.0405,0.0389,0.8124,3521593.61,4339187.44,175525.53,2860926.84,715664.64
"2025-01-07","Uber",442847,24.68,2.09,1.39,0.19,0.93,0.68,1.07,18.12,29.95,6.56,4.16,1.11,5.25,0.0432,0.0356,0.0344,0.7342,10930124.23,13263021.03,472673.44,8025296.06,2082471.07
"2025-01-08","Lyft",175747,21.24,1.74,1.62,0.16,0.89,0.58,1.07,17.22,26.23,4.02,3.94,1.05,5,0.0505,0.0409,0.0393,0.8107,3732396.28,4609159.56,188339.67,3025973.86,745993.4
"2025-01-08","Uber",464979,24.86,2.09,1.42,0.17,0.93,0.68,1.09,18.23,30.16,6.62,4.19,1.1,5.3,0.0439,0.0362,0.035,0.7335,11558988.11,14022029.29,508005.05,8478504.34,2179005.58
"2025-01-09","Lyft",186872,21.59,1.77,1.63,0.15,0.92,0.59,1.08,17.29,26.66,4.3,3.99,1.07,5.08,0.0501,0.0405,0.039,0.8006,4034497.87,4981338.66,201992.08,3230198.34,794348.78
"2025-01-09","Uber",499862,24.95,2.1,1.48,0.18,0.97,0.68,1.07,18.45,30.36,6.5,4.26,1.15,5.23,0.0429,0.0353,0.0341,0.7393,12472326.29,15176828.76,535423.93,9221247.48,2384180.2
"2025-01-10","Lyft",178250,22.3,1.85,1.66,0.14,0.81,0.61,1.08,16.97,27.37,5.34,4.11,0.95,5.32,0.0483,0.0394,0.0379,0.7607,3975319.01,4878541.16,192190.17,3024054.19,747022.95
"2025-01-10","Uber",535409,24.14,2.07,1.48,0.18,0.94,0.66,0.96,18.4,29.47,5.75,4.2,1.12,4.99,0.0399,0.0327,0.0317,0.762,12926676.96,15778309.69,516011.53,9850277.78,2589491.79
"2025-01-11","Lyft",181679,21.69,1.81,1.87,0.12,0.83,0.6,1.12,16.55,26.92,5.14,4.27,0.96,5.06,0.0517,0.0417,0.04,0.7631,3941210.25,4891630.92,203791.99,3007586.69,778170.75
"2025-01-11","Uber",572041,22.76,1.95,1.65,0.14,0.97,0.62,0.9,17.84,28.09,4.92,4.22,1.11,4.62,0.0397,0.0321,0.0311,0.7838,13018666.66,16066137.41,516430.89,10203664.23,2816113.3
"2025-01-12","Lyft",147780,22.38,1.86,1.8,0.2,0.96,0.62,1.17,17.04,27.82,5.34,4.29,1.15,4.81,0.0524,0.0422,0.0405,0.7614,3307998.73,4111815.55,173425.64,2518765.63,687438.81
"2025-01-12","Uber",485540,23.65,2.01,1.55,0.23,1.16,0.65,0.9,18.55,29.24,5.1,4.21,1.38,4.38,0.0379,0.0306,0.0297,0.7845,11483370.53,14196823.06,434994.2,9008338.47,2624030.36
"2025-01-13","Lyft",136203,23.3,1.94,1.64,0.21,0.96,0.65,1.25,17.71,28.69,5.59,4.22,1.16,5.18,0.0537,0.0436,0.0418,0.7599,3173915.51,3907828.58,170309.6,2411986.8,612821.53
"2025-01-13","Uber",437247,25.29,2.14,1.5,0.23,1.05,0.69,1.08,18.63,30.92,6.66,4.34,1.28,5.05,0.0428,0.035,0.0338,0.7368,11058235.98,13517890.24,473350.24,8147703.19,2190053.76
"2025-01-14","Lyft",139558,23.41,1.94,1.71,0.16,0.95,0.65,1.27,17.4,28.83,6.01,4.3,1.12,5.48,0.0541,0.0439,0.0421,0.7431,3267328.39,4022953.92,176674.76,2428109.07,596630.86
"2025-01-14","Uber",475963,25.62,2.14,1.56,0.2,1.06,0.7,1.1,18.74,31.28,6.88,4.4,1.26,5.32,0.043,0.0352,0.034,0.7314,12193883.49,14886366.63,524718.85,8918728.28,2293326.9
"2025-01-15","Lyft",146566,23.8,1.95,1.67,0.17,0.99,0.65,1.28,17.6,29.23,6.2,4.27,1.16,5.51,0.0538,0.0438,0.0419,0.7395,3488817.72,4284693.13,187612.55,2580029.46,633248.65
"2025-01-15","Uber",510089,25.9,2.16,1.53,0.2,1.09,0.71,1.1,19.24,31.58,6.65,4.39,1.29,5.29,0.0425,0.0349,0.0337,0.7431,13209158.9,16109412.24,561580.57,9815767.4,2498849.65
"2025-01-16","Lyft",169822,24.37,2,1.69,0.19,1.02,0.68,1.23,18.14,29.94,6.23,4.36,1.21,5.43,0.0506,0.0411,0.0395,0.7444,4138700.67,5085116.97,209251.02,3080711.6,762794.6
"2025-01-16","Uber",516906,26.84,2.23,1.53,0.22,1.14,0.74,1.1,19.94,32.7,6.9,4.49,1.37,5.25,0.0409,0.0336,0.0325,0.743,13872975.34,16900482.92,567408.83,10307860.66,2641454.58
"2025-01-17","Lyft",176759,23.49,1.93,1.6,0.19,0.96,0.64,1.12,18.18,28.82,5.31,4.18,1.15,5.21,0.0478,0.039,0.0375,0.7738,4152593.63,5094690.61,198647.72,3213155.84,796387.89
"2025-01-17","Uber",549740,25,2.13,1.46,0.22,1.05,0.68,0.95,19.46,30.54,5.54,4.27,1.27,5,0.0381,0.0312,0.0302,0.7784,13744978.47,16789190.1,523120.79,10699076.4,2749965.22
"2025-01-18","Lyft",189922,21.49,1.77,1.74,0.14,0.93,0.59,1.06,17.19,26.66,4.3,4.09,1.07,4.86,0.0494,0.0399,0.0383,0.7999,4081974.06,5062861.08,201780.81,3265111.31,840270.31
"2025-01-18","Uber",567017,22.69,1.94,1.57,0.14,1,0.62,0.88,18.26,27.96,4.43,4.13,1.14,4.59,0.039,0.0317,0.0307,0.8047,12867808.62,15853818.52,501808.06,10354768.37,2801247.78
"2025-01-19","Lyft",166245,21.44,1.8,1.72,0.16,0.92,0.6,1.06,16.77,26.64,4.68,4.12,1.08,4.85,0.0496,0.0399,0.0384,0.7818,3564886.95,4428658.52,176763.32,2787206.21,734954
"2025-01-19","Uber",493788,23.06,1.96,1.45,0.16,1.03,0.63,0.85,18.63,28.29,4.43,4.04,1.19,4.63,0.0367,0.0299,0.029,0.8078,11388232.44,13969288.09,417889.64,9199910.94,2457225.06
"2025-01-20","Lyft",135966,23.67,1.98,1.65,0.33,1.15,0.67,1.22,18.18,29.45,5.49,4.3,1.47,4.69,0.0516,0.0415,0.0399,0.7679,3218939.3,4003867.96,166223.47,2471829.78,685792.73
"2025-01-20","Uber",434918,23.77,2.02,1.4,0.29,1.1,0.65,0.96,18.64,29.23,5.12,4.08,1.38,4.56,0.0405,0.0329,0.0319,0.7844,10336332.83,12712606.47,418514.96,8107663.4,2264532.71
"2025-01-21","Lyft",152250,23.38,1.95,1.63,0.2,0.91,0.64,1.27,17.71,28.72,5.67,4.22,1.12,5.35,0.0545,0.0444,0.0425,0.7576,3559405.01,4372127.27,193998.47,2696684.57,665699.05
"2025-01-21","Uber",493158,25.44,2.16,1.5,0.19,0.97,0.7,1.08,18.65,30.96,6.79,4.35,1.17,5.37,0.0424,0.0348,0.0337,0.733,12546088.76,15269784.64,532070.97,9195776.1,2334456.33
"2025-01-22","Lyft",171499,22.82,1.89,1.71,0.16,0.94,0.63,1.17,17.59,28.16,5.24,4.23,1.1,5.25,0.0514,0.0416,0.04,0.7706,3914453.05,4829339,201045.12,3016426.44,745450.16
"2025-01-22","Uber",514215,25.2,2.11,1.56,0.16,0.98,0.69,1.08,18.61,30.7,6.59,4.36,1.14,5.46,0.0429,0.0352,0.034,0.7385,12959378.87,15788665.44,556500.54,9570682.1,2371522.36
"2025-01-23","Lyft",180422,23.64,1.94,1.71,0.19,1.03,0.66,1.2,18.23,29.17,5.41,4.31,1.22,5.27,0.0509,0.0412,0.0396,0.7712,4264614.3,5262633.84,217040.63,3288877.11,809791.88
"2025-01-23","Uber",517586,26.73,2.22,1.57,0.19,1.12,0.73,1.15,19.5,32.56,7.23,4.52,1.32,5.46,0.0432,0.0355,0.0342,0.7296,13833239.04,16852689,597500.49,10092913.48,2535880.84
"2025-01-24","Lyft",193088,22.75,1.89,1.69,0.19,0.91,0.63,1.12,17.7,28.05,5.05,4.22,1.09,5.21,0.0492,0.0399,0.0383,0.778,4391940.47,5417024.79,215909.12,3417032.26,842204.02
"2025-01-24","Uber",561211,24.7,2.1,1.51,0.18,0.99,0.67,0.98,18.9,30.16,5.8,4.29,1.17,5.15,0.0397,0.0325,0.0315,0.7652,13860106.32,16925696.41,550145.06,10606365.92,2693112.8
"2025-01-25","Lyft",196908,21.59,1.81,1.88,0.12,0.81,0.6,1.06,16.74,26.8,4.85,4.28,0.93,5.17,0.0491,0.0396,0.0381,0.7753,4251779.38,5277618.36,208972.69,3296429.58,823123.84
"2025-01-25","Uber",594322,23.24,1.99,1.64,0.11,0.98,0.63,0.89,18.37,28.59,4.87,4.26,1.09,4.8,0.0385,0.0313,0.0303,0.7905,13810681.77,16989848.61,531669.31,10917915.38,2880047.11
"2025-01-26","Lyft",159299,22.66,1.9,1.81,0.22,0.99,0.63,1.11,17.39,28.21,5.27,4.34,1.21,4.78,0.0491,0.0395,0.038,0.7673,3610229.7,4494039.57,177346.95,2770013.74,755021.54
"2025-01-26","Uber",497252,23.95,2.03,1.51,0.21,1.17,0.65,0.87,18.79,29.53,5.15,4.2,1.38,4.46,0.0363,0.0294,0.0286,0.7847,11906765.91,14682008.85,431622.28,9343810.05,2670265.1
"2025-01-27","Lyft",136619,23.39,1.95,1.59,0.25,1.06,0.65,1.18,18.34,28.88,5.05,4.19,1.3,4.93,0.0505,0.0409,0.0393,0.784,3194917.13,3945423.53,161333.2,2504945.91,648535.77
"2025-01-27","Uber",434453,25.1,2.13,1.42,0.22,1.08,0.69,1.03,19.01,30.64,6.09,4.24,1.3,4.99,0.0409,0.0335,0.0324,0.7574,10904802.24,13309941.79,445826.54,8259574.91,2183674.63
"2025-01-28","Lyft",144588,23.06,1.91,1.69,0.18,1.05,0.64,1.16,18.19,28.52,4.87,4.24,1.22,5.02,0.0504,0.0408,0.0392,0.7887,3334092.51,4124016.15,168132.32,2629758.46,663656.08
"2025-01-28","Uber",458308,24.96,2.1,1.53,0.17,1.02,0.68,1.07,18.7,30.45,6.26,4.31,1.19,5.2,0.0429,0.0352,0.034,0.7491,11438090.12,13956579.34,491178.33,8568752.77,2198082.68
"2025-01-29","Lyft",150057,23.46,1.93,1.73,0.2,1.12,0.66,1.22,18.27,29.09,5.19,4.31,1.32,4.95,0.0521,0.042,0.0403,0.7787,3519952.71,4365163.98,183309.21,2741097.03,710435.85
"2025-01-29","Uber",467200,25.53,2.12,1.59,0.19,1.09,0.7,1.12,18.82,31.22,6.71,4.41,1.28,5.15,0.0437,0.0358,0.0345,0.7373,11925551.33,14584106.21,521398.05,8792533.4,2314980.75
"2025-01-30","Lyft",165676,24.34,1.99,1.7,0.21,1.1,0.68,1.25,18.83,30.02,5.51,4.37,1.31,5.17,0.0515,0.0417,0.0401,0.7735,4032324.53,4973747.35,207608.25,3119154.07,779278.69
"2025-01-30","Uber",520969,26.57,2.21,1.56,0.2,1.14,0.73,1.12,19.86,32.41,6.7,4.5,1.34,5.3,0.0421,0.0345,0.0334,0.7477,13840002.32,16882699.44,582922.13,10348297.9,2610449.34
"2025-01-31","Lyft",193440,23.36,1.92,1.66,0.18,0.93,0.64,1.09,18.39,28.69,4.96,4.22,1.11,5.13,0.0468,0.0381,0.0367,0.7875,4518568.31,5549349.56,211307.79,3558303.88,880028.13
"2025-01-31","Uber",570844,24.71,2.11,1.47,0.18,1,0.67,0.95,19.2,30.14,5.51,4.26,1.18,5.15,0.0384,0.0314,0.0305,0.7769,14104595.88,17207056.24,541091.64,10957430.42,2738200.28
"2025-02-01","Lyft",204646,21.77,1.81,1.74,0.11,0.89,0.55,1.02,17.36,26.86,4.41,4.09,1,4.96,0.0469,0.038,0.0366,0.7974,4454795.55,5497402.83,208771.47,3552179.62,897637.52
"2025-02-01","Uber",593395,23.14,1.98,1.57,0.11,0.97,0.57,0.86,18.48,28.34,4.67,4.12,1.08,4.8,0.0371,0.0303,0.0294,0.7983,13733633.55,16819024.42,509425.43,10963090.57,2858675.59
"2025-02-02","Lyft",181599,22.28,1.84,1.71,0.18,0.99,0.56,1.05,17.5,27.54,4.77,4.1,1.17,4.73,0.0473,0.0383,0.0368,0.7858,4045377.56,5001806.68,191345.94,3178712.23,855257.51
"2025-02-02","Uber",510657,23.89,2.03,1.5,0.2,1.13,0.59,0.86,18.8,29.34,5.09,4.12,1.33,4.56,0.0359,0.0292,0.0284,0.7869,12198138.97,14981753.27,437343.72,9598799.92,2675216.75
"2025-02-03","Lyft",140678,22.89,1.91,1.52,0.21,0.93,0.57,1.11,17.83,28.03,5.06,4,1.14,5.01,0.0487,0.0397,0.0382,0.779,3219885.27,3943227.95,156667.63,2508359.79,642546.92
"2025-02-03","Uber",432639,25.47,2.17,1.47,0.23,1.12,0.64,1.02,19.54,31.09,5.93,4.27,1.35,4.99,0.04,0.0328,0.0317,0.7672,11019982.19,13451785.11,440828.01,8454261.6,2209782.01
"2025-02-04","Lyft",143336,22.72,1.88,1.61,0.15,0.93,0.57,1.14,17.78,27.86,4.94,4.06,1.08,5.19,0.05,0.0407,0.0392,0.7825,3255917.93,3993208.55,162711.29,2547816.24,626995.32
"2025-02-04","Uber",467357,25.3,2.12,1.57,0.18,1.09,0.63,1.07,19.28,30.89,6.02,4.32,1.27,5.19,0.0422,0.0346,0.0334,0.7622,11825125.37,14436975.98,499312.54,9012803.63,2278712.17
"2025-02-05","Lyft",162797,22.99,1.9,1.65,0.17,0.98,0.58,1.14,18.11,28.28,4.88,4.13,1.15,5.14,0.0498,0.0405,0.0389,0.7878,3742568.57,4603164.47,186380.05,2948212.12,728300.57
"2025-02-05","Uber",488775,26.21,2.19,1.62,0.19,1.13,0.65,1.1,19.41,31.99,6.8,4.46,1.33,5.32,0.042,0.0344,0.0333,0.7407,12811555.95,15638293.31,538310.16,9489484.24,2409166.39
"2025-02-06","Lyft",179018,23.25,1.94,1.67,0.19,0.96,0.59,1.13,17.99,28.59,5.25,4.2,1.15,5.19,0.0484,0.0394,0.0379,0.774,4161543.56,5118089.09,201481.55,3220903.3,801692.91
"2025-02-06","Uber",530229,26.22,2.21,1.66,0.2,1.08,0.65,1.06,19.3,32.03,6.92,4.53,1.27,5.45,0.0404,0.033,0.032,0.7361,13904314.34,16982119.18,561242.18,10235545.05,2551808.19
"2025-02-07","Lyft",202427,22.87,1.91,1.65,0.17,0.86,0.57,1.04,17.97,28.03,4.9,4.13,1.03,5.19,0.0453,0.037,0.0357,0.7857,4630291.18,5674184.35,209812.28,3638051.48,891730.18
"2025-02-07","Uber",567666,25.49,2.17,1.57,0.19,1.04,0.63,0.96,19.2,31.09,6.29,4.37,1.23,5.25,0.0376,0.0308,0.0299,0.7531,14470429.71,17651337.43,544051.98,10898022.21,2754523.93
"2025-02-08","Lyft",199897,22.45,1.93,1.8,0.11,0.79,0.58,1.06,17.48,27.65,4.97,4.3,0.9,5.28,0.0474,0.0385,0.0371,0.7788,4487172.2,5526713.32,212859.06,3494601.69,850066.84
"2025-02-08","Uber",578510,25.64,2.19,1.64,0.11,0.97,0.63,0.95,19.7,31.19,5.94,4.46,1.09,5.46,0.037,0.0304,0.0295,0.7684,14832180.06,18042040.04,548071.33,11397153.3,2716523.23
"2025-02-09","Lyft",171049,23.64,2.02,1.68,0.2,0.88,0.6,1.1,18.36,29.03,5.28,4.3,1.08,5.16,0.0465,0.0378,0.0365,0.7766,4044157.07,4964994.93,187852.83,3140647.8,783028.52
"2025-02-09","Uber",524754,25.51,2.17,1.5,0.21,1.13,0.63,0.88,20.02,31.15,5.49,4.3,1.34,4.91,0.0345,0.0282,0.0275,0.7849,13387047.91,16346760.71,461394.71,10508071.53,2729223.73
"2025-02-10","Lyft",149437,23.78,1.98,1.55,0.22,0.92,0.59,1.14,18.42,29.05,5.36,4.13,1.14,5.09,0.0478,0.0391,0.0377,0.7745,3553860.71,4341173.98,169844.04,2752315.01,697745.65
"2025-02-10","Uber",462163,26.14,2.22,1.46,0.24,1.11,0.65,1.02,19.75,31.83,6.39,4.34,1.36,5.15,0.039,0.032,0.031,0.7557,12080966.79,14712354.66,471216.35,9129009.33,2347678.8
"2025-02-11","Lyft",151742,23.28,1.96,1.67,0.16,0.93,0.6,1.16,18.15,28.61,5.13,4.24,1.09,5.2,0.0497,0.0404,0.0389,0.7795,3532500.15,4340742.29,175577.53,2753478.33,679575.86
"2025-02-11","Uber",483930,25.85,2.16,1.58,0.18,1.07,0.64,1.08,19.43,31.49,6.42,4.38,1.25,5.38,0.0416,0.0342,0.033,0.7518,12508434.93,15237593.56,520712.08,9403527.74,2326047.82
"2025-02-12","Lyft",160939,23.3,1.94,1.63,0.19,0.84,0.59,1.16,18.07,28.48,5.22,4.16,1.03,5.13,0.0498,0.0407,0.0391,0.7758,3749150.79,4583787.33,186553.18,2908737.45,731114.37
"2025-02-12","Uber",511676,25.55,2.13,1.55,0.2,1.13,0.64,1.06,19.23,31.2,6.32,4.32,1.33,5.22,0.0415,0.034,0.0329,0.7527,13074427.87,15964176.23,542778.72,9841618.29,2506838
"2025-02-13","Lyft",177388,24.37,2.02,1.6,0.19,0.85,0.62,1.17,18.75,29.64,5.62,4.24,1.04,5.35,0.0482,0.0396,0.0381,0.7693,4322877.07,5258426.51,208315.82,3325424.71,808731.93
"2025-02-13","Uber",537205,27.43,2.28,1.49,0.23,1.23,0.69,1.08,20.75,33.34,6.68,4.45,1.46,5.36,0.0393,0.0323,0.0313,0.7564,14736329.98,17912948.77,578808.99,11146028.2,2751845.03
"2025-02-14","Lyft",202308,24.7,2.07,1.51,0.17,0.73,0.62,1.08,18.82,29.8,5.87,4.2,0.9,5.62,0.0439,0.0364,0.0351,0.7622,4996162.35,6027870.01,219180.37,3808221.04,888488.68
"2025-02-14","Uber",610585,27.46,2.32,1.4,0.2,1.14,0.69,0.95,21.41,33.2,6.05,4.41,1.34,5.49,0.0347,0.0287,0.0279,0.7795,16766443.78,20273573.5,581788.69,13069870.41,3053560.9
"2025-02-15","Lyft",215827,22.1,1.86,1.73,0.12,0.74,0.56,1.04,17.23,27.11,4.88,4.15,0.85,5.04,0.047,0.0383,0.0369,0.7794,4770732.95,5850272.06,224357.19,3718437.79,945729.8
"2025-02-15","Uber",600825,23.82,2.02,1.53,0.13,1.05,0.59,0.87,18.38,29.14,5.45,4.14,1.18,4.96,0.0366,0.0299,0.029,0.7714,14313444.57,17511038.17,523767.76,11041231.27,2888259.79
"2025-02-16","Lyft",172449,22.16,1.84,1.69,0.16,0.79,0.56,1.07,17.2,27.2,4.96,4.08,0.96,4.79,0.0481,0.0392,0.0377,0.7763,3821020.6,4690341.99,183904.87,2966380.91,797896.1
"2025-02-16","Uber",522188,22.66,1.91,1.51,0.18,1.12,0.56,0.83,18.26,27.93,4.4,3.98,1.3,4.52,0.0367,0.0298,0.0289,0.8058,11830872.83,14586893.23,434036.67,9533684.43,2618426.45
"2025-02-17","Lyft",148434,22.86,1.89,1.58,0.29,1.02,0.58,1.16,18.23,28.22,4.63,4.05,1.31,4.41,0.0505,0.0409,0.0393,0.7974,3393159.18,4188810.84,171465.47,2705830.67,769058.51
"2025-02-17","Uber",442539,23.9,2.02,1.43,0.28,1.19,0.6,0.93,18.36,29.41,5.53,4.05,1.46,4.57,0.0389,0.0316,0.0306,0.7684,10576497.78,13014810.08,411320.44,8127196.73,2316020.24
"2025-02-18","Lyft",157658,23.65,1.96,1.63,0.24,0.95,0.6,1.18,18.62,29.02,5.02,4.19,1.19,4.79,0.0499,0.0407,0.0391,0.7876,3728112.93,4575144.15,186045.94,2936251.91,778378.07
"2025-02-18","Uber",476932,25.15,2.11,1.54,0.23,1.11,0.63,1.03,18.63,30.77,6.51,4.28,1.34,5.12,0.041,0.0335,0.0324,0.741,11993218.27,14673916.53,491493.68,8887457.5,2342424.72
"2025-02-19","Lyft",159865,23.51,1.94,1.64,0.2,0.92,0.59,1.17,18.55,28.8,4.96,4.18,1.11,4.89,0.0498,0.0406,0.0391,0.7891,3757886.24,4603380.22,187118.13,2965467.1,768681.42
"2025-02-19","Uber",494156,25.1,2.11,1.57,0.19,1.08,0.62,1.02,18.59,30.68,6.51,4.3,1.28,5.21,0.0407,0.0333,0.0322,0.7405,12404892.61,15161879.25,505187.61,9185503.43,2380624.36
"2025-02-20","Lyft",177754,24.01,2,1.67,0.2,0.91,0.61,1.18,18.68,29.39,5.33,4.28,1.11,5.06,0.0492,0.0402,0.0386,0.7779,4267257.45,5224943.34,209930.7,3319583.62,842713.68
"2025-02-20","Uber",526954,26.32,2.19,1.55,0.2,1.14,0.66,1.04,19.06,32.05,7.26,4.4,1.34,5.4,0.0395,0.0324,0.0314,0.724,13869226.22,16889800.33,547756.54,10041843.97,2566737.64
"2025-02-21","Lyft",212455,22.93,1.9,1.64,0.19,0.83,0.57,1.04,18.28,28.07,4.65,4.11,1.02,4.9,0.0455,0.0372,0.0358,0.797,4872012.94,5962797.4,221655.66,3883166.69,994903.13
"2025-02-21","Uber",559889,24.94,2.12,1.52,0.19,1,0.62,0.94,18.57,30.4,6.38,4.26,1.2,5.19,0.0379,0.0311,0.0301,0.7443,13965006.48,17020479.78,528587.91,10394590.44,2689016.71
"2025-02-22","Lyft",194128,22.37,1.87,1.71,0.12,0.77,0.56,1.04,17.78,27.41,4.59,4.15,0.89,4.89,0.0464,0.0378,0.0365,0.7947,4343310.72,5321903.08,201367.83,3451739.38,888547.76
"2025-02-22","Uber",607152,22.9,1.95,1.58,0.13,1.04,0.57,0.85,18.43,28.17,4.47,4.1,1.17,4.65,0.0371,0.0302,0.0293,0.805,13903244.65,17105545.86,515865.99,11191835.07,2991351.86
"2025-02-23","Lyft",182844,23.41,1.92,1.66,0.22,1.02,0.59,1.06,18.7,28.82,4.71,4.17,1.24,4.49,0.0453,0.0368,0.0355,0.7989,4279611.48,5269118.38,193762.31,3419070.76,953033.37
"2025-02-23","Uber",478561,25.35,2.14,1.42,0.24,1.24,0.63,0.88,19.57,31.03,5.79,4.19,1.48,4.59,0.0348,0.0284,0.0276,0.7718,12132690.1,14848731.09,421804.4,9363892.54,2641680.59
"2025-02-24","Lyft",147929,23.75,1.98,1.47,0.25,0.93,0.6,1.14,19.06,28.99,4.69,4.06,1.18,4.74,0.0481,0.0394,0.0379,0.8024,3513835.26,4289184.35,168887.09,2819649.41,740813.68
"2025-02-24","Uber",434856,26,2.21,1.4,0.25,1.12,0.64,1.03,19.73,31.63,6.27,4.25,1.37,5.03,0.0394,0.0324,0.0314,0.7588,11308049.84,13753529.89,445846.24,8580819.84,2249459.21
"2025-02-25","Lyft",160646,23.81,1.98,1.56,0.2,0.91,0.6,1.12,18.98,29.06,4.83,4.14,1.11,4.9,0.0472,0.0387,0.0372,0.797,3824893.37,4668215.85,180501.89,3048346.76,780045.25
"2025-02-25","Uber",446239,26.58,2.23,1.49,0.2,1.11,0.66,1.11,19.47,32.26,7.11,4.37,1.31,5.27,0.0416,0.0343,0.0331,0.7326,11861849.96,14397867.53,493163.99,8689678.98,2249577.68
"2025-02-26","Lyft",172984,24.36,2.01,1.57,0.21,0.95,0.62,1.15,19.48,29.73,4.88,4.2,1.17,4.98,0.0472,0.0387,0.0373,0.7996,4213639.85,5142872.03,199055.18,3369294.59,845441.07
"2025-02-26","Uber",469371,27.82,2.31,1.5,0.21,1.19,0.69,1.15,20.44,33.72,7.37,4.5,1.4,5.4,0.0414,0.0341,0.033,0.7349,13056918.05,15827125.15,540308.84,9595509.97,2417854.86
"2025-02-27","Lyft",185375,25.86,2.13,1.63,0.24,1,0.66,1.22,20.32,31.52,5.54,4.41,1.24,5.09,0.0472,0.0387,0.0373,0.7858,4793964.87,5842183.28,226095.49,3767183.24,941153.19
"2025-02-27","Uber",507343,28.76,2.37,1.48,0.22,1.21,0.71,1.17,20.79,34.76,7.98,4.56,1.43,5.58,0.0406,0.0336,0.0325,0.7226,14592635.54,17633053.79,592396.69,10545313.8,2614057.53
"2025-02-28","Lyft",203891,24.92,2.09,1.57,0.23,0.91,0.63,1.1,19.61,30.35,5.31,4.29,1.14,5.17,0.0442,0.0363,0.035,0.7869,5081752.29,6188693.87,224443.87,3999010.85,983356.18
"2025-02-28","Uber",544264,27.27,2.31,1.36,0.2,1.1,0.67,1,20.85,32.92,6.42,4.34,1.3,5.41,0.0366,0.0303,0.0294,0.7646,14844298.71,17916587.78,542681.76,11349807.88,2745231.73
"2025-03-01","Lyft",215596,23.91,2.03,1.69,0.14,0.75,0.61,1.04,18.43,29.14,5.48,4.33,0.89,5.4,0.0436,0.0358,0.0346,0.7706,5155147.35,6281534.39,225019.1,3972645.8,954596.92
"2025-03-01","Uber",573760,26.83,2.28,1.46,0.13,1.09,0.66,0.93,20.89,32.46,5.94,4.4,1.22,5.34,0.0346,0.0286,0.0278,0.7785,15396354.39,18621621.94,532521.35,11985496.81,2884088.62
"2025-03-02","Lyft",199047,23.92,2,1.66,0.23,0.87,0.6,1.03,18.56,29.28,5.36,4.26,1.1,4.93,0.043,0.0352,0.034,0.7759,4761918.19,5828893.17,204912.03,3694753.39,964945.27
"2025-03-02","Uber",500681,27.03,2.27,1.42,0.22,1.2,0.67,0.9,20.74,32.81,6.29,4.36,1.42,5.05,0.0333,0.0275,0.0267,0.7674,13532771.46,16428486.52,451137.02,10385445.2,2679549.22
"2025-03-03","Lyft",165302,24.3,2.04,1.53,0.27,0.95,0.62,1.12,19.63,29.71,4.67,4.19,1.22,4.87,0.046,0.0377,0.0363,0.8078,4016882.58,4911906.54,184963.98,3245021.45,824707.53
"2025-03-03","Uber",437400,26.77,2.26,1.42,0.22,1.07,0.66,1.06,19.79,32.4,6.98,4.34,1.29,5.42,0.0396,0.0327,0.0316,0.7391,11709619.46,14173420.11,463195.83,8655060.65,2159447.41
"2025-03-04","Lyft",166214,24.11,2.01,1.6,0.21,0.94,0.61,1.14,19.56,29.49,4.55,4.22,1.16,4.99,0.0475,0.0388,0.0373,0.8112,4006899.27,4901178.9,190137.01,3250316,803157.66
"2025-03-04","Uber",439105,27.78,2.31,1.49,0.19,1.1,0.69,1.15,20.09,33.56,7.69,4.49,1.29,5.63,0.0413,0.0342,0.0331,0.723,12199025.7,14737480.35,503782.98,8820344.07,2168027.86
"2025-03-05","Lyft",184755,24.79,2.07,1.56,0.2,0.88,0.63,1.19,19.47,30.13,5.32,4.26,1.08,5.48,0.0479,0.0394,0.0379,0.7855,4580522.22,5566528.18,219396.56,3597921.28,835578.85
"2025-03-05","Uber",510936,30.12,2.48,1.49,0.18,1.11,0.75,1.24,21.78,36.11,8.34,4.71,1.29,6.35,0.0413,0.0345,0.0333,0.7231,15388228.02,18451172.98,636058.72,11127465.4,2422759.18
"2025-03-06","Lyft",192130,24.98,2.08,1.63,0.27,1.01,0.64,1.21,20.35,30.6,4.62,4.34,1.28,5,0.0483,0.0394,0.0379,0.8149,4798623.62,5878898.38,231878.54,3910175.74,960474.62
"2025-03-06","Uber",481996,29.38,2.42,1.49,0.23,1.24,0.73,1.19,21.21,35.49,8.18,4.63,1.47,5.65,0.0406,0.0336,0.0325,0.7218,14162023.8,17106167.19,575403.27,10221514.17,2504416.02
"2025-03-07","Lyft",206374,24.24,2.03,1.6,0.23,0.89,0.61,1.08,19.56,29.59,4.67,4.24,1.11,5.1,0.0447,0.0366,0.0353,0.8072,5002169.27,6106465.24,223475.47,4037607.88,981304.12
"2025-03-07","Uber",536085,26.73,2.26,1.44,0.19,1.05,0.66,0.99,20.18,32.34,6.55,4.36,1.24,5.46,0.037,0.0306,0.0297,0.7549,14331183.28,17335053.07,529724.95,10818946.72,2626254.37
"2025-03-08","Lyft",211988,23.35,1.97,1.75,0.14,0.78,0.59,1.03,18.22,28.57,5.13,4.3,0.92,5.18,0.0442,0.0361,0.0348,0.7804,4950164.49,6057057.63,218657.06,3863065.88,955698.35
"2025-03-08","Uber",555418,25.56,2.17,1.53,0.13,1.06,0.63,0.9,19.46,31.08,6.1,4.33,1.19,5.18,0.0351,0.0288,0.028,0.7614,14195944.42,17260412.6,497649.19,10808705.81,2741799.52
"2025-03-09","Lyft",170651,24.77,2.08,1.66,0.21,1.02,0.63,1.1,19.32,30.37,5.45,4.36,1.23,4.8,0.0444,0.0362,0.0349,0.7799,4227853.7,5182272.02,187505.58,3297388.77,879887.41
"2025-03-09","Uber",465995,26.75,2.25,1.42,0.23,1.27,0.66,0.88,20.67,32.58,6.08,4.33,1.5,4.86,0.0328,0.027,0.0262,0.7727,12464671.24,15181370.16,409244.26,9631832.16,2565341.74
"2025-03-10","Lyft",153159,25.1,2.12,1.52,0.3,1.02,0.64,1.17,20.08,30.7,5.02,4.28,1.32,4.94,0.0468,0.0383,0.0369,0.8001,3844033.09,4701622.18,179941.29,3075798.35,778850.34
"2025-03-10","Uber",414392,27.89,2.36,1.4,0.24,1.16,0.69,1.1,20.57,33.74,7.32,4.44,1.4,5.39,0.0394,0.0326,0.0316,0.7375,11558784.92,13981106.81,455513.77,8524603.64,2143051.35
"2025-03-11","Lyft",158714,24.85,2.08,1.61,0.23,0.98,0.63,1.2,19.88,30.39,4.96,4.33,1.21,5.15,0.0481,0.0394,0.0379,0.8002,3943886.47,4823280.3,189864.28,3156015.1,765540.82
"2025-03-11","Uber",431006,28.44,2.37,1.5,0.19,1.13,0.7,1.17,20.74,34.33,7.69,4.57,1.32,5.69,0.0411,0.034,0.0329,0.7294,12256606.32,14796437.37,503549.39,8940559.55,2152368.98
"2025-03-12","Lyft",173556,25.09,2.09,1.64,0.24,1.01,0.64,1.25,20.04,30.72,5.05,4.38,1.25,5.15,0.0498,0.0406,0.0391,0.7987,4354305.84,5331476.86,216698.62,3477994.29,845933.1
"2025-03-12","Uber",459119,29.07,2.41,1.53,0.21,1.18,0.72,1.23,20.81,35.11,8.26,4.66,1.39,5.76,0.0422,0.035,0.0338,0.7158,13344359.33,16118845.31,563500.88,9552051.69,2318392.45
"2025-03-13","Lyft",191342,25.69,2.14,1.62,0.22,1.04,0.66,1.24,20.41,31.37,5.28,4.42,1.26,5.2,0.0482,0.0395,0.038,0.7944,4915351.28,6002095.28,236943.81,3904608.3,945846.79
"2025-03-13","Uber",496970,29.85,2.47,1.49,0.23,1.25,0.74,1.22,21.65,36.02,8.2,4.7,1.48,5.75,0.041,0.0339,0.0328,0.7254,14833536.14,17902510.48,607512.85,10760267.91,2580872.87
"2025-03-14","Lyft",213019,24.66,2.09,1.58,0.23,1.02,0.63,1.12,19.8,30.21,4.86,4.31,1.24,5.11,0.0456,0.0372,0.0359,0.8031,5252518.3,6435710.66,239381.72,4218092.29,1028563.23
"2025-03-14","Uber",533794,27.86,2.34,1.43,0.21,1.14,0.69,1.05,20.64,33.67,7.22,4.45,1.35,5.51,0.0378,0.0312,0.0303,0.7407,14871371.02,17971666.36,561601.39,11015584.46,2697314.71
"2025-03-15","Lyft",218396,23.75,2.01,1.69,0.14,0.85,0.6,1.06,18.7,29.05,5.05,4.31,0.99,5.16,0.0448,0.0366,0.0353,0.7872,5187003.14,6344470.05,232130.75,4083025.18,1005120.59
"2025-03-15","Uber",560475,26.85,2.26,1.55,0.14,1.21,0.66,0.97,20.42,32.67,6.42,4.46,1.36,5.22,0.036,0.0296,0.0287,0.7607,15047475.69,18309791.17,541754.31,11447147.29,2880136.1
"2025-03-16","Lyft",170529,24.04,2.02,1.57,0.24,1.06,0.61,1.15,19.23,29.55,4.81,4.21,1.3,4.77,0.048,0.039,0.0376,0.8,4100019.68,5039662.19,196683.26,3279840.64,859708.46
"2025-03-16","Uber",460756,27.53,2.3,1.39,0.24,1.36,0.68,0.95,21.12,33.49,6.41,4.37,1.6,4.85,0.0345,0.0284,0.0276,0.767,12684366.33,15432894.52,438189.17,9729526.13,2613768.01
"2025-03-17","Lyft",160431,25.72,2.17,1.47,0.3,0.99,0.66,1.21,20.15,31.31,5.57,4.3,1.3,5.05,0.0469,0.0385,0.0371,0.7834,4125860.17,5023330.36,193426.93,3232404.47,817507.49
"2025-03-17","Uber",432116,28.6,2.41,1.37,0.27,1.2,0.71,1.13,21.15,34.57,7.46,4.49,1.47,5.43,0.0395,0.0326,0.0316,0.7392,12360550.03,14937497.71,487684.11,9137144.18,2275360.39
"2025-03-18","Lyft",167694,24.58,2.05,1.57,0.23,0.97,0.62,1.18,19.94,30.03,4.64,4.25,1.2,5.02,0.0479,0.0392,0.0377,0.8113,4121316.31,5035087.29,197497.7,3343577.9,820181.02
"2025-03-18","Uber",426980,28.52,2.37,1.49,0.21,1.17,0.71,1.2,20.78,34.46,7.74,4.56,1.38,5.65,0.042,0.0348,0.0336,0.7287,12178326.84,14715340.38,511608.82,8874603.06,2156169.27
"2025-03-19","Lyft",172879,25.48,2.11,1.58,0.22,1.02,0.65,1.24,20.28,31.07,5.21,4.35,1.24,5.1,0.0485,0.0398,0.0383,0.7957,4405811.61,5371546.37,213748.56,3505750.14,863927.72
"2025-03-19","Uber",447306,29.24,2.42,1.5,0.22,1.21,0.72,1.24,20.96,35.32,8.28,4.64,1.43,5.73,0.0423,0.0351,0.0339,0.7169,13079510.5,15797713.83,553846.83,9377089.75,2284267
"2025-03-20","Lyft",198518,26.21,2.23,1.55,0.24,0.99,0.68,1.25,20.24,31.9,5.97,4.46,1.23,5.49,0.0478,0.0392,0.0378,0.7723,5202570.62,6333446.47,248573.15,4018075.77,947633.37
"2025-03-20","Uber",499098,31.6,2.58,1.54,0.22,1.23,0.78,1.29,21.92,37.95,9.67,4.9,1.45,6.31,0.0409,0.0341,0.0329,0.6939,15769394.16,18941048.99,645066.68,10942354.19,2497657.07
"2025-03-21","Lyft",201545,25.13,2.11,1.53,0.24,1.03,0.64,1.21,19.99,30.67,5.15,4.27,1.26,5.18,0.048,0.0394,0.0379,0.7952,5065581.33,6181636.35,243264.89,4028116.13,977139.05
"2025-03-21","Uber",510721,28.5,2.39,1.44,0.22,1.11,0.7,1.09,20.41,34.36,8.09,4.53,1.34,5.75,0.0383,0.0317,0.0308,0.7162,14555046.94,17550493.59,556893.99,10423611.06,2532886.48
"2025-03-22","Lyft",211111,24.26,2.02,1.66,0.16,1.02,0.62,1.14,19.13,29.74,5.13,4.3,1.18,4.98,0.0471,0.0384,0.037,0.7887,5121895.15,6278481.65,241304.79,4039407.82,1028848.89
"2025-03-22","Uber",520703,27.47,2.31,1.51,0.15,1.14,0.68,0.99,19.83,33.25,7.64,4.49,1.29,5.39,0.0361,0.0298,0.0289,0.7218,14301197.19,17312347.04,516027.34,10323056.3,2653716.93
"2025-03-23","Lyft",198947,24.92,2.08,1.64,0.26,1.05,0.63,1.12,19.5,30.58,5.42,4.34,1.32,4.73,0.045,0.0367,0.0354,0.7825,4957724.44,6083995.07,223226.9,3879651.92,1048626.25
"2025-03-23","Uber",446830,28.44,2.38,1.43,0.25,1.31,0.7,1,20.16,34.52,8.28,4.52,1.56,5.14,0.0352,0.029,0.0282,0.7088,12707805.76,15423787.18,447338.69,9006727.36,2471976.85
"2025-03-24","Lyft",186806,25.13,2.1,1.51,0.26,0.94,0.64,1.17,19.68,30.57,5.45,4.24,1.2,5.2,0.0464,0.0381,0.0367,0.7833,4694146.09,5711007.8,217764.04,3676699.79,903256.53
"2025-03-24","Uber",422170,29.39,2.48,1.45,0.24,1.06,0.73,1.17,20.3,35.35,9.09,4.65,1.3,6.07,0.0398,0.0331,0.0321,0.6906,12409142.79,14922813.45,494138.92,8570313.8,2044426.41
"2025-03-25","Lyft",179954,25.48,2.1,1.55,0.19,1.01,0.64,1.17,20.15,30.98,5.33,4.3,1.2,5.06,0.0459,0.0377,0.0363,0.7907,4585660.3,5575837.84,210316.1,3625699.35,905368.93
"2025-03-25","Uber",388582,30.54,2.52,1.52,0.21,1.12,0.76,1.28,20.55,36.67,9.98,4.8,1.33,6.19,0.0419,0.0349,0.0337,0.673,11865852.62,14249927.03,497583.07,7986017.92,1916386.51
"2025-03-26","Lyft",195411,25.73,2.12,1.48,0.23,1.13,0.65,1.25,20.38,31.34,5.35,4.24,1.36,5.13,0.0487,0.04,0.0385,0.7921,5027738.83,6123322.66,244958.07,3982303.08,979118.4
"2025-03-26","Uber",400902,31.99,2.62,1.55,0.22,1.15,0.79,1.38,20.39,38.32,11.6,4.96,1.37,6.57,0.0431,0.036,0.0347,0.6374,12826537.38,15364065.18,552729.58,8175002.93,1952864.19
"2025-03-27","Lyft",218779,27.19,2.21,1.51,0.25,1.09,0.69,1.24,21.1,32.93,6.09,4.41,1.34,5.29,0.0457,0.0378,0.0364,0.776,5948253.87,7205474.93,272100.45,4615880.22,1123546.69
"2025-03-27","Uber",426428,33.15,2.69,1.53,0.24,1.27,0.82,1.38,21.61,39.71,11.54,5.05,1.51,6.5,0.0415,0.0347,0.0335,0.6519,14136618.39,16931355.67,587368.13,9215901.71,2176487.85
"2025-03-28","Lyft",226698,26.2,2.16,1.53,0.2,0.92,0.65,1.12,19.85,31.68,6.35,4.35,1.12,5.35,0.0427,0.0353,0.0341,0.7575,5940320.28,7180820.56,253752.73,4499903.48,1109914.71
"2025-03-28","Uber",478254,29.19,2.45,1.45,0.22,1.09,0.72,1.07,20.1,35.12,9.1,4.62,1.31,5.99,0.0367,0.0305,0.0296,0.6884,13961617.81,16797207.14,511997.73,9611349.24,2331810.48
"2025-03-29","Lyft",251846,26.88,2.25,1.58,0.13,0.87,0.67,1.11,19.93,32.39,6.94,4.5,1,5.53,0.0414,0.0344,0.0332,0.7416,6769448.3,8156489.47,280440.67,5020539.74,1224455.89
"2025-03-29","Uber",493943,30.54,2.56,1.53,0.13,1.09,0.75,1.02,20.26,36.61,10.28,4.84,1.22,6.42,0.0334,0.0279,0.0271,0.6634,15087342.25,18084707.25,504168.92,10008852.47,2350865.35
"2025-03-30","Lyft",188097,28.62,2.38,1.54,0.23,0.94,0.72,1.2,20.12,34.43,8.5,4.64,1.17,5.52,0.0418,0.0348,0.0336,0.7031,5383266.33,6476853.12,225197.71,3785114.77,974616.36
"2025-03-30","Uber",407861,32.38,2.7,1.36,0.25,1.32,0.8,1.09,21.41,38.81,10.97,4.87,1.57,5.99,0.0335,0.028,0.0272,0.6612,13206015.53,15829769.49,442771.96,8732147.01,2205087.87
"2025-03-31","Lyft",177081,26.31,2.2,1.55,0.25,1,0.66,1.18,19.44,31.97,6.87,4.41,1.25,5.25,0.0447,0.0368,0.0355,0.739,4659398.57,5661400.81,208337.76,3443318.12,887175.29
"2025-03-31","Uber",379989,30.03,2.52,1.47,0.26,1.17,0.74,1.22,20.03,36.2,10,4.73,1.43,5.95,0.0405,0.0336,0.0325,0.667,11412694.14,13753878.11,461957.36,7611905.96,1919252.41
"2025-04-01","Lyft",162212,26.34,2.18,1.61,0.24,1.03,0.66,1.26,19.68,32.08,6.66,4.46,1.28,5.43,0.048,0.0394,0.0379,0.7471,4273142.13,5203995.1,205055.72,3192305.74,786969.92
"2025-04-01","Uber",431045,29.09,2.43,1.51,0.23,1.12,0.72,1.22,20.78,35.11,8.31,4.67,1.36,5.82,0.042,0.0348,0.0336,0.7143,12539298.18,15135656.72,526474.07,8956896.05,2156258.2
"2025-04-02","Lyft",163405,26.05,2.14,1.71,0.21,1.08,0.66,1.29,19.68,31.84,6.37,4.51,1.28,5.48,0.0497,0.0407,0.0391,0.7555,4256065.66,5202682.96,211607.02,3215532.61,777313.74
"2025-04-02","Uber",477227,27.77,2.31,1.56,0.2,1.09,0.69,1.17,20.13,33.61,7.64,4.55,1.28,5.72,0.0421,0.0348,0.0337,0.7248,13253049.02,16038415.27,558489.36,9605618.83,2316800.22
"2025-04-03","Lyft",165958,27.52,2.25,1.74,0.24,1.2,0.7,1.39,20.84,33.65,6.67,4.69,1.44,5.48,0.0506,0.0414,0.0398,0.7575,4566842.92,5584036.67,231182.95,3459247.86,833428.68
"2025-04-03","Uber",503365,29.02,2.39,1.56,0.23,1.21,0.72,1.2,21.42,35.14,7.6,4.67,1.44,5.7,0.0415,0.0343,0.0331,0.7382,14607343.25,17686572.02,606372.71,10783055.17,2561518.57
"2025-04-04","Lyft",186755,25.71,2.15,1.69,0.2,1,0.65,1.23,19.86,31.4,5.85,4.49,1.2,5.42,0.0478,0.0392,0.0377,0.7726,4801473.71,5864252.2,229636.46,3709385.6,886302.13
"2025-04-04","Uber",536095,27.07,2.29,1.47,0.21,1.06,0.67,0.99,20.57,32.77,6.5,4.43,1.27,5.49,0.0364,0.0301,0.0292,0.7598,14513315.13,17569415.47,528138.25,11027185.69,2643031.46
"2025-04-05","Lyft",218170,22.97,1.92,1.82,0.12,0.91,0.58,1.11,18.65,28.32,4.32,4.32,1.03,5.06,0.0483,0.0392,0.0377,0.8119,5011654.38,6177926.7,242080.12,4068928.33,990871.99
"2025-04-05","Uber",585046,24.54,2.08,1.59,0.13,1,0.6,0.87,19.11,29.94,5.43,4.27,1.13,5.18,0.0356,0.0292,0.0283,0.7786,14357373.31,17516395.2,510746.41,11178411.47,2770686.82
"2025-04-06","Lyft",167656,25.16,2.08,1.75,0.24,0.99,0.64,1.24,19.34,30.86,5.82,4.47,1.24,4.95,0.0491,0.04,0.0385,0.7688,4217895.44,5174692.46,207076.8,3242529.96,851395.57
"2025-04-06","Uber",491276,26.33,2.22,1.47,0.24,1.23,0.65,0.93,20.46,32.13,5.87,4.33,1.47,4.89,0.0354,0.029,0.0282,0.777,12934012.72,15782548.92,458175.11,10049914.08,2645402.44
"2025-04-07","Lyft",165892,24.35,2.03,1.62,0.23,0.93,0.62,1.21,19.8,29.78,4.56,4.26,1.16,5.07,0.0496,0.0406,0.039,0.8128,4040089.51,4939748.4,200462.05,3283909.68,797608.09
"2025-04-07","Uber",448039,27.21,2.3,1.49,0.25,1.07,0.67,1.13,20.28,33,6.93,4.47,1.32,5.58,0.0417,0.0344,0.0332,0.7453,12193218.55,14784928.87,508478.96,9088200.44,2183553.15
"2025-04-08","Lyft",171924,23.94,1.96,1.64,0.2,0.95,0.6,1.18,20,29.29,3.94,4.2,1.15,4.92,0.0494,0.0404,0.0388,0.8356,4115704.56,5035675.69,203483.38,3439151.3,837293.22
"2025-04-08","Uber",446338,26.99,2.25,1.55,0.2,1.07,0.67,1.17,19.72,32.72,7.27,4.46,1.27,5.66,0.0433,0.0357,0.0345,0.7306,12047564.49,14605927.5,521553.72,8802312.13,2127984.32
"2025-04-09","Lyft",175816,25.32,2.07,1.65,0.23,1.01,0.64,1.27,20.65,30.92,4.67,4.36,1.24,5.03,0.0503,0.0412,0.0395,0.8156,4451087.85,5435379.58,223713.31,3630476.02,885309.64
"2025-04-09","Uber",474886,28.15,2.33,1.56,0.22,1.15,0.7,1.22,20.76,34.11,7.39,4.59,1.37,5.68,0.0435,0.0359,0.0347,0.7374,13366367.45,16200035.33,581732.84,9856865.63,2354890.31
"2025-04-10","Lyft",190603,25.56,2.08,1.64,0.24,1.01,0.64,1.27,20.77,31.17,4.8,4.36,1.25,5.07,0.0499,0.0409,0.0393,0.8124,4872755.64,5941512.36,242938.76,3958403.95,961972.59
"2025-04-10","Uber",496965,28.64,2.36,1.54,0.23,1.2,0.71,1.23,21.11,34.69,7.53,4.62,1.44,5.67,0.0428,0.0353,0.0341,0.737,14232153.41,17240457.78,609162.2,10489726.25,2512209.94
"2025-04-11","Lyft",230179,23.53,1.94,1.57,0.19,0.82,0.59,1.12,19.42,28.64,4.11,4.1,1.01,5.16,0.0474,0.0389,0.0375,0.8254,5416624.66,6592596.43,256666.03,4470750,1049404.08
"2025-04-11","Uber",562156,26.24,2.22,1.47,0.19,1.01,0.65,1.02,20.08,31.77,6.16,4.33,1.2,5.58,0.039,0.0322,0.0312,0.7653,14748725.98,17857889.1,574504.46,11287465.83,2640793.51
"2025-04-12","Lyft",248364,22.21,1.81,1.73,0.12,0.79,0.55,1.04,18.61,27.21,3.6,4.09,0.91,4.9,0.0469,0.0383,0.0369,0.838,5516137.51,6758501.93,258662.58,4622741.85,1125098.2
"2025-04-12","Uber",568808,24.32,2.06,1.56,0.12,0.99,0.6,0.93,18.92,29.64,5.39,4.22,1.11,5.23,0.0382,0.0314,0.0304,0.7782,13832076.04,16860181.45,528737.29,10763800.14,2643497
"2025-04-13","Lyft",189648,23.31,1.89,1.64,0.23,1.01,0.58,1.1,19.43,28.65,3.88,4.11,1.24,4.38,0.0472,0.0384,0.037,0.8335,4420530.23,5433754.11,208736.71,3684633.53,1009901.64
"2025-04-13","Uber",446825,25.08,2.12,1.44,0.22,1.2,0.62,0.91,19.57,30.69,5.52,4.18,1.43,4.69,0.0363,0.0297,0.0288,0.7801,11208433.46,13712909.29,407136.74,8743211.86,2392004.67
"2025-04-14","Lyft",155159,23.47,1.97,1.57,0.27,1.05,0.6,1.16,19.43,28.93,4.05,4.14,1.32,4.49,0.0494,0.0401,0.0385,0.8276,3642280.26,4489052.71,179808.23,3014183.86,811896.66
"2025-04-14","Uber",376291,26.8,2.26,1.46,0.26,1.14,0.66,1.1,19.5,32.6,7.3,4.39,1.4,5.18,0.0411,0.0338,0.0327,0.7275,10085416.56,12265962.77,414652.75,7337362.88,1947978.9
"2025-04-15","Lyft",160545,23.5,1.98,1.67,0,1.04,0.61,1.17,19.51,28.79,4,4.25,1.04,4.78,0.0499,0.0407,0.0391,0.83,3773366.18,4621843.53,188215.15,3131879.53,790092.86
"2025-04-15","Uber",412629,26.98,2.26,1.56,0.21,1.11,0.67,1.14,19.83,32.79,7.15,4.49,1.32,5.41,0.0422,0.0347,0.0336,0.7349,11132166.77,13529250.28,469881.95,8180912.38,2056866.88
"2025-04-16","Lyft",172102,23.86,2.02,1.69,0.21,1.07,0.62,1.21,19.65,29.48,4.21,4.33,1.29,4.79,0.0506,0.0409,0.0393,0.8235,4106808.36,5073844.81,207707.75,3381793.16,857542.4
"2025-04-16","Uber",441322,27.51,2.3,1.59,0.22,1.12,0.68,1.16,19.91,33.42,7.6,4.57,1.34,5.5,0.0423,0.0348,0.0336,0.7238,12142076.76,14750141.96,513329.22,8788788.29,2207963.35
"2025-04-17","Lyft",179469,24.55,2.09,1.68,0.23,1.1,0.65,1.26,20.47,30.3,4.08,4.42,1.33,4.88,0.0512,0.0415,0.0398,0.8336,4406072.48,5437792.74,225634.65,3673060.61,903100.08
"2025-04-17","Uber",455383,28.81,2.4,1.56,0.25,1.19,0.71,1.18,21.14,34.93,7.67,4.67,1.45,5.55,0.0411,0.0339,0.0328,0.7338,13120482.01,15905233.19,538701.01,9628458.32,2364397.44
"2025-04-18","Lyft",195027,23.71,1.97,1.65,0.19,1.02,0.61,1.12,19.17,29.15,4.54,4.23,1.21,4.84,0.0472,0.0384,0.037,0.8085,4624356.7,5685689.41,218219.81,3738927.53,955566.13
"2025-04-18","Uber",480009,26.18,2.22,1.47,0.21,1.05,0.65,1,19.69,31.78,6.49,4.34,1.26,5.19,0.0382,0.0315,0.0305,0.752,12566714.87,15253132.52,480548.22,9450398.73,2422915.9
"2025-04-19","Lyft",214371,23.45,1.91,1.68,0.12,0.89,0.59,1.06,19.2,28.64,4.25,4.18,1.01,4.78,0.0453,0.0371,0.0358,0.8187,5027622.58,6139470.64,227914.4,4116352.98,1052710.33
"2025-04-19","Uber",522302,25.34,2.15,1.43,0.13,1.06,0.63,0.92,19.59,30.74,5.75,4.21,1.19,5.02,0.0362,0.0298,0.029,0.773,13235308.19,16053897.92,478976.41,10230946.77,2636094.7
"2025-04-20","Lyft",183038,24.61,2,1.55,0.22,1.05,0.62,1.14,19.74,30.04,4.87,4.17,1.26,4.53,0.0462,0.0378,0.0364,0.8022,4504223.22,5499302.53,207992.74,3613143.88,993448.45
"2025-04-20","Uber",458966,26.28,2.22,1.32,0.22,1.21,0.65,0.9,20.26,31.9,6.03,4.18,1.43,4.73,0.0341,0.0281,0.0273,0.7707,12062756.81,14641386.79,411641.07,9296743.14,2548820.54
"2025-04-21","Lyft",142575,25.36,2.11,1.56,0.27,1,0.65,1.26,20.26,30.95,5.1,4.32,1.27,4.85,0.0498,0.0408,0.0392,0.7988,3615247.8,4412436.8,179957.78,2887956.03,745515.68
"2025-04-21","Uber",415999,27.3,2.31,1.41,0.28,1.11,0.68,1.12,20.62,33.09,6.69,4.4,1.39,5.22,0.0408,0.0337,0.0326,0.755,11358606.39,13766448.8,463935.29,8576021.48,2174431.14
"2025-04-22","Lyft",148693,26.43,2.11,1.63,0.24,0.44,0.65,1.35,20.72,31.5,5.71,4.39,0.68,5.17,0.051,0.0428,0.0411,0.7839,3929804.51,4683158.63,200615.14,3080729.77,760495.97
"2025-04-22","Uber",433953,27.8,2.33,1.51,0.23,1.11,0.69,1.2,20.75,33.66,7.05,4.52,1.34,5.49,0.043,0.0355,0.0343,0.7463,12065174.84,14608956.33,518742.69,9003977.34,2198098
"2025-04-23","Lyft",160805,25.79,2.1,1.64,0.18,1.03,0.65,1.33,20.92,31.4,4.87,4.4,1.22,5.06,0.0514,0.0422,0.0405,0.8112,4146378.69,5048940.9,213112.51,3363584.16,819766.44
"2025-04-23","Uber",459226,28.29,2.35,1.54,0.22,1.13,0.7,1.23,21.09,34.24,7.2,4.6,1.36,5.6,0.0437,0.0361,0.0348,0.7454,12990582.46,15723518.94,567055.8,9683417.21,2319298.38
"2025-04-24","Lyft",162309,26.45,2.17,1.62,0.24,1.14,0.67,1.44,21.45,32.29,5,4.46,1.38,5.26,0.0544,0.0446,0.0427,0.811,4292571.35,5241191.2,233530.34,3481083.18,816647.99
"2025-04-24","Uber",485411,29.52,2.45,1.54,0.25,1.19,0.73,1.27,21.98,35.68,7.54,4.72,1.44,5.74,0.043,0.0356,0.0343,0.7447,14329670.32,17318943.64,616059.73,10671314.61,2496673.35
"2025-04-25","Lyft",203624,25.36,2.09,1.63,0.22,0.98,0.64,1.24,20.94,30.92,4.42,4.35,1.2,5.07,0.0488,0.04,0.0385,0.8256,5163481.94,6295447.28,252087.65,4262976.96,1019356.58
"2025-04-25","Uber",534953,27.27,2.31,1.46,0.21,1.05,0.68,1.09,20.59,32.98,6.69,4.45,1.26,5.52,0.0399,0.033,0.0319,0.7549,14589926.59,17643420.58,581441.54,11013214.35,2641346.06
"2025-04-26","Lyft",219262,24.35,2.01,1.73,0.14,0.91,0.61,1.21,19.87,29.76,4.48,4.36,1.05,5.01,0.0497,0.0407,0.0391,0.8159,5339862.13,6525873.69,265350.91,4356800.24,1065816.6
"2025-04-26","Uber",582730,25.58,2.17,1.58,0.13,1.03,0.63,0.99,19.97,31.11,5.61,4.38,1.16,5.3,0.0388,0.0319,0.0309,0.7807,14903836.34,18131584.97,578714.35,11634761.55,2811625.27
"2025-04-27","Lyft",183035,26.04,2.13,1.67,0.25,1.09,0.66,1.29,20.93,31.84,5.12,4.45,1.34,4.77,0.0494,0.0404,0.0389,0.8035,4767035.45,5828202.07,235718.19,3830266.13,999242.09
"2025-04-27","Uber",487536,27.69,2.33,1.41,0.24,1.31,0.69,1.03,21.62,33.67,6.07,4.43,1.56,5.03,0.0373,0.0307,0.0298,0.7808,13497833.02,16413989.26,503623.35,10538691.52,2685524.96
"2025-04-28","Lyft",146003,25.67,2.11,1.56,0.31,1.1,0.65,1.32,21.1,31.39,4.56,4.32,1.41,4.84,0.0516,0.0422,0.0404,0.8223,3747387.16,4583561.55,193207.66,3081322.41,774772.52
"2025-04-28","Uber",423468,27.58,2.32,1.42,0.27,1.15,0.68,1.17,21.16,33.43,6.42,4.43,1.42,5.28,0.0424,0.035,0.0338,0.7674,11678422.47,14155934.22,495383.78,8961714.34,2211233.43
"2025-04-29","Lyft",151041,25.18,2.05,1.62,0.24,1.03,0.64,1.31,20.85,30.75,4.32,4.31,1.27,4.93,0.0521,0.0426,0.0409,0.8283,3802495.52,4645208.08,198055.38,3149769.64,771804.95
"2025-04-29","Uber",441993,27.84,2.32,1.51,0.21,1.13,0.69,1.23,20.92,33.69,6.92,4.52,1.34,5.55,0.0441,0.0365,0.0352,0.7516,12304529.37,14892116.43,543031.77,9247647.05,2218424.92
"2025-04-30","Lyft",165571,26.02,2.11,1.64,0.25,1.05,0.66,1.35,21.44,31.74,4.58,4.41,1.3,5.07,0.052,0.0426,0.0409,0.8239,4308961.45,5255679.84,223947.33,3550115.4,849953.32
"2025-04-30","Uber",473357,29.16,2.41,1.52,0.22,1.18,0.72,1.29,21.84,35.21,7.32,4.65,1.4,5.68,0.0443,0.0367,0.0354,0.7489,13801655.8,16668549.12,611235.5,10336572.47,2429719.03
"2025-05-01","Lyft",181704,27.07,2.18,1.65,0.27,1.07,0.68,1.4,22.1,32.92,4.97,4.52,1.34,5.2,0.0519,0.0426,0.0409,0.8164,4918349.4,5982544.68,255050.86,4015107.5,945563.38
"2025-05-01","Uber",492763,30.7,2.53,1.51,0.25,1.22,0.76,1.31,22.8,36.97,7.9,4.8,1.47,5.84,0.0428,0.0355,0.0343,0.7428,15128068.5,18217871.7,647350.34,11237353.28,2588535.61
"2025-05-02","Lyft",207976,25.16,2.06,1.63,0.23,0.98,0.63,1.23,20.71,30.68,4.45,4.32,1.21,5.07,0.049,0.0402,0.0386,0.8233,5232162.93,6381179.02,256303.53,4307647.86,1031112.23
"2025-05-02","Uber",536917,27.56,2.33,1.45,0.21,1.05,0.68,1.09,20.99,33.28,6.57,4.47,1.26,5.58,0.0395,0.0327,0.0316,0.7617,14796569.19,17871221.32,583916.63,11271175.72,2653154.99
"2025-05-03","Lyft",228621,24.28,2,1.76,0.15,0.96,0.61,1.17,20.15,29.75,4.13,4.37,1.11,4.92,0.0482,0.0394,0.0379,0.83,5550242.35,6802473.64,267784.13,4606873.17,1127882.76
"2025-05-03","Uber",574273,26.14,2.22,1.5,0.13,1.05,0.65,0.96,20.43,31.69,5.71,4.37,1.18,5.32,0.0368,0.0304,0.0295,0.7815,15013828.81,18199913.62,552658.99,11732708.19,2820567.74
"2025-05-04","Lyft",189969,25.83,2.12,1.64,0.26,1.01,0.65,1.25,20.78,31.52,5.05,4.41,1.28,4.89,0.0484,0.0396,0.0381,0.8044,4906909.78,5987242.79,237324.48,3946963.96,1003612.98
"2025-05-04","Uber",480251,28.07,2.37,1.39,0.24,1.21,0.7,0.99,21.69,33.97,6.38,4.45,1.45,5.26,0.0354,0.0293,0.0284,0.7727,13481241.4,16312657.46,477641,10416905.7,2562320.33
"2025-05-05","Lyft",179514,25.47,2.09,1.61,0.27,1.01,0.64,1.31,20.7,31.09,4.78,4.34,1.28,5.1,0.0514,0.0421,0.0404,0.8125,4572637.02,5581442.32,235236.37,3715399.27,896221.09
"2025-05-05","Uber",477427,27.83,2.35,1.47,0.24,1.05,0.69,1.18,20.88,33.63,6.95,4.51,1.29,5.76,0.0422,0.0349,0.0338,0.7502,13286742.34,16054972.37,561018.92,9967723.76,2307026.28
"2025-05-06","Lyft",174610,25.6,2.08,1.7,0.26,1.07,0.65,1.31,21.09,31.37,4.51,4.43,1.33,5,0.0513,0.0419,0.0402,0.8238,4470452.47,5477063.29,229475.83,3682583.47,893759.69
"2025-05-06","Uber",458254,28.86,2.4,1.61,0.22,1.12,0.72,1.29,21.13,34.93,7.73,4.73,1.34,5.84,0.0446,0.0369,0.0356,0.7321,13225123.27,16009038.5,590451.03,9681687.66,2264167.74
"2025-05-07","Lyft",174257,26.2,2.12,1.66,0.24,1.09,0.66,1.36,21.45,31.98,4.75,4.45,1.33,5.06,0.0519,0.0425,0.0408,0.8187,4565339.35,5572167.79,236812.73,3737485.68,902316
"2025-05-07","Uber",460814,29.86,2.48,1.58,0.25,1.2,0.74,1.34,21.94,36.1,7.92,4.79,1.45,5.76,0.0448,0.037,0.0357,0.7347,13759811.89,16634931.49,616201.9,10109247.03,2390278.98
"2025-05-08","Lyft",192065,26.78,2.15,1.65,0.24,1.06,0.67,1.36,21.91,32.55,4.87,4.48,1.3,5.26,0.0509,0.0419,0.0402,0.8183,5142720.6,6251903.41,261877.49,4208217.39,978274.22
"2025-05-08","Uber",487182,30.84,2.53,1.54,0.24,1.24,0.77,1.35,22.86,37.16,7.98,4.84,1.48,5.94,0.0438,0.0364,0.0351,0.7412,15022956.2,18102296.87,658223.27,11135511.12,2528967.27
"2025-05-09","Lyft",221848,25.61,2.1,1.62,0.22,0.9,0.64,1.25,20.64,31.09,4.97,4.36,1.12,5.42,0.049,0.0403,0.0388,0.8059,5680926.28,6896256.17,278219.62,4578371.05,1047454.23
"2025-05-09","Uber",565820,28.35,2.38,1.46,0.22,1.05,0.7,1.09,21.68,34.15,6.67,4.54,1.26,5.86,0.0386,0.032,0.031,0.7648,16040592,19324502.38,618781.91,12268206.53,2735126.28
"2025-05-10","Lyft",218874,24.76,2.02,1.7,0.15,0.95,0.62,1.17,20.2,30.2,4.56,4.34,1.1,5.02,0.0473,0.0388,0.0373,0.8159,5419471.06,6610204.05,256179.12,4421824.11,1078579.7
"2025-05-10","Uber",550307,26.19,2.22,1.44,0.15,1.08,0.65,1.07,20.72,31.72,5.47,4.31,1.22,5.2,0.0407,0.0336,0.0325,0.7911,14413962.49,17456667.99,586763.9,11402513.72,2773834.95
"2025-05-11","Lyft",189358,26.07,2.12,1.59,0.23,1.03,0.65,1.21,20.48,31.7,5.59,4.37,1.26,4.99,0.0465,0.0382,0.0368,0.7856,4936738.71,6002104.39,229391.55,3878212.58,988995.94
"2025-05-11","Uber",495108,27.97,2.35,1.31,0.23,1.26,0.69,1.08,22.3,33.8,5.67,4.35,1.48,5.05,0.0386,0.0319,0.0309,0.7973,13847395.4,16736989.25,534350.66,11040655.27,2739605.14
"2025-05-12","Lyft",156783,26.31,2.17,1.63,0.3,1.09,0.67,1.37,21.25,32.16,5.07,4.46,1.39,5.04,0.0521,0.0426,0.0409,0.8075,4125353.34,5042850.11,214900.66,3331039.15,819013.6
"2025-05-12","Uber",418332,29.63,2.49,1.48,0.28,1.19,0.74,1.46,21.92,35.8,7.71,4.7,1.47,5.59,0.0493,0.0408,0.0392,0.7399,12394945.37,14977020.5,611261.04,9171567.04,2218740.93
"2025-05-13","Lyft",170305,25.92,2.13,1.73,0.24,1.03,0.66,1.38,20.86,31.7,5.06,4.52,1.26,5.4,0.0531,0.0434,0.0416,0.8048,4414064.78,5398402.97,234357.17,3552633.45,817557.11
"2025-05-13","Uber",458848,30.15,2.5,1.61,0.22,1.11,0.75,1.54,21.89,36.34,8.26,4.86,1.33,6.12,0.0511,0.0424,0.0407,0.7261,13834815.35,16674280.39,707106.41,10045704.66,2259282.75
"2025-05-14","Lyft",189998,26.72,2.18,1.64,0.21,0.88,0.67,1.43,20.65,32.31,6.07,4.5,1.09,5.94,0.0536,0.0443,0.0425,0.7729,5076036.58,6137933.41,272177.07,3923090.75,854598.01
"2025-05-14","Uber",530127,31.78,2.64,1.64,0.22,1.08,0.79,1.59,23.19,38.14,8.59,5.06,1.3,6.68,0.05,0.0417,0.04,0.7297,16846877.85,20218816.9,842575.62,12292972.79,2523802.57
"2025-05-15","Lyft",187956,27.92,2.25,1.7,0.26,1.08,0.71,1.47,21.84,33.91,6.08,4.65,1.34,5.59,0.0526,0.0433,0.0415,0.7824,5246983.56,6372725.47,276112.2,4105049.52,937894.38
"2025-05-15","Uber",499776,32.41,2.66,1.54,0.28,1.31,0.81,1.45,23.87,39.01,8.54,5.01,1.59,6.01,0.0446,0.0371,0.0357,0.7366,16198632.45,19494964.54,722780.34,11931307.5,2693988.09
"2025-05-16","Lyft",210827,26.56,2.16,1.57,0.21,0.89,0.67,1.33,21.56,32.06,5,4.39,1.1,5.65,0.0502,0.0416,0.0399,0.8118,5600214.58,6758208.63,281210.06,4546303.92,991513.23
"2025-05-16","Uber",537494,31.56,2.59,1.43,0.25,1.25,0.79,1.31,24.46,37.88,7.1,4.81,1.5,5.94,0.0414,0.0345,0.0334,0.7751,16963181.08,20357590.89,702508.01,13147383.23,2854426.23
"2025-05-17","Lyft",234066,26.08,2.14,1.65,0.15,0.89,0.66,1.3,21.96,31.57,4.12,4.45,1.04,5.48,0.0497,0.041,0.0394,0.842,6105064.52,7389582.42,303292.38,5140294.53,1113993.52
"2025-05-17","Uber",559580,30.06,2.5,1.42,0.18,1.28,0.75,1.17,24.24,36.18,5.81,4.67,1.46,5.48,0.0389,0.0323,0.0313,0.8066,16818368.57,20245462.14,653672.77,13566369.28,3071210.18
"2025-05-18","Lyft",196230,26.24,2.13,1.59,0.23,1.03,0.66,1.31,21.67,31.87,4.56,4.37,1.26,5.09,0.0498,0.041,0.0394,0.8261,5148318.17,6254192.81,256618.81,4252919.87,1010760.83
"2025-05-18","Uber",474764,29.93,2.49,1.34,0.27,1.43,0.74,1.13,24.02,36.19,5.91,4.57,1.69,5.11,0.0377,0.0312,0.0303,0.8025,14207994.07,17183693.57,536163.4,11402033.26,2778138.26
"2025-05-19","Lyft",170297,26.83,2.16,1.6,0.29,1.12,0.67,1.38,22.04,32.68,4.78,4.44,1.41,5.14,0.0516,0.0424,0.0407,0.8216,4568463.73,5564464.89,235780.55,3753611.52,889260.61
"2025-05-19","Uber",414872,30.21,2.51,1.43,0.29,1.27,0.75,1.36,22.56,36.46,7.65,4.69,1.55,5.61,0.0451,0.0374,0.0361,0.7467,12532325.16,15124353.69,565759.49,9357532.06,2234978.8
"2025-05-20","Lyft",176602,26.89,2.17,1.67,0.24,1.06,0.68,1.41,21.65,32.7,5.24,4.52,1.29,5.34,0.0524,0.0431,0.0413,0.8051,4748198.13,5774747.92,248638.88,3822922,889073.63
"2025-05-20","Uber",433681,31.3,2.59,1.55,0.24,1.24,0.78,1.43,22.79,37.7,8.51,4.92,1.48,6,0.0458,0.038,0.0366,0.7281,13574886.19,16351808.79,621453.28,9884195.16,2262079.89
"2025-05-21","Lyft",209528,26.45,2.14,1.61,0.23,0.98,0.66,1.35,21.09,32.06,5.35,4.41,1.21,5.46,0.0511,0.0422,0.0405,0.7976,5541181.65,6717915.17,283216.24,4419499.54,1015197.15
"2025-05-21","Uber",487610,31.8,2.61,1.57,0.24,1.2,0.79,1.45,22.67,38.22,9.14,4.97,1.44,6.31,0.0456,0.038,0.0366,0.7127,15507802.48,18635856.09,707461.43,11052500.56,2457039.5
"2025-05-22","Lyft",199585,27.86,2.23,1.61,0.23,1,0.69,1.41,21.55,33.62,6.31,4.53,1.24,5.84,0.0508,0.0421,0.0404,0.7734,5560742.33,6710611.83,282365.63,4300571.89,952508.83
"2025-05-22","Uber",516231,32.94,2.69,1.46,0.26,1.23,0.82,1.39,24.8,39.4,8.13,4.97,1.49,6.41,0.0422,0.0353,0.0341,0.7531,17002165.87,20337918.98,717822.56,12804128.19,2650897.14
"2025-05-23","Lyft",232672,25.12,2.02,1.51,0.23,0.91,0.62,1.18,20.19,30.42,4.93,4.15,1.14,5.29,0.0469,0.0388,0.0373,0.8037,5845423,7077040.74,274422.53,4697861.75,1104375.08
"2025-05-23","Uber",473915,29.33,2.45,1.32,0.26,1.12,0.73,1.15,22.32,35.22,7.02,4.5,1.38,5.61,0.0391,0.0325,0.0315,0.7609,13902008.46,16690205.05,543052.78,10577405.48,2478033.98
"2025-05-24","Lyft",221835,23.32,1.87,1.58,0.16,1.02,0.58,1.08,19.25,28.52,4.07,4.02,1.18,4.65,0.0464,0.0379,0.0365,0.8255,5172138.23,6326944.64,239785.98,4269354.31,1111300.41
"2025-05-24","Uber",462421,25.32,2.13,1.33,0.18,1.17,0.63,0.96,20.19,30.76,5.13,4.09,1.35,4.77,0.0379,0.0312,0.0303,0.7974,11710443.03,14223019.57,443958.71,9337584.94,2453423.01
"2025-05-25","Lyft",196808,23.42,1.88,1.52,0.19,1.01,0.58,1.11,19.2,28.6,4.22,3.98,1.2,4.65,0.0474,0.0388,0.0374,0.8198,4608935.27,5627843.82,218451.51,3778380.9,991993.37
"2025-05-25","Uber",436788,25.11,2.11,1.26,0.19,1.21,0.62,0.88,20.32,30.5,4.79,4,1.4,4.66,0.0351,0.0289,0.028,0.8092,10966525.8,13323694.4,384511.85,8873703.71,2354787.83
"2025-05-26","Lyft",165582,24.81,2,1.47,0.33,1.12,0.62,1.17,19.55,30.35,5.26,4.09,1.45,4.6,0.0471,0.0385,0.0371,0.7881,4107520.2,5025234.04,193361.15,3237216.5,892229.55
"2025-05-26","Uber",355795,26.57,2.26,1.25,0.3,1.24,0.66,1.04,20.45,32.28,6.12,4.17,1.54,4.71,0.0392,0.0322,0.0312,0.7698,9454021.04,11484474.34,370201.14,7277615.74,2005437.82
"2025-05-27","Lyft",165010,25.27,2.06,1.51,0.27,0.99,0.63,1.23,20.2,30.74,5.07,4.21,1.26,5.11,0.0485,0.0399,0.0384,0.7994,4169584.78,5071955.86,202312.2,3333354.65,815341.94
"2025-05-27","Uber",400768,28.09,2.37,1.43,0.25,1.12,0.7,1.23,21.09,33.95,6.99,4.49,1.37,5.48,0.0438,0.0362,0.035,0.751,11256134.05,13605854.16,493120.5,8453222.47,2052749.03
"2025-05-28","Lyft",189763,25.28,2.06,1.57,0.21,0.87,0.63,1.26,19.99,30.62,5.29,4.26,1.07,5.67,0.0498,0.0411,0.0395,0.7907,4797517.41,5809746.77,238970.48,3793534.46,845781.43
"2025-05-28","Uber",459069,29.83,2.47,1.51,0.2,1.09,0.74,1.36,21.96,35.85,7.88,4.72,1.29,6.2,0.0455,0.0378,0.0365,0.736,13695439.66,16455987.02,622602.75,10079404.99,2208948.88
"2025-05-29","Lyft",190361,26.22,2.13,1.57,0.24,0.99,0.66,1.3,20.75,31.81,5.47,4.35,1.23,5.4,0.0497,0.041,0.0394,0.7912,4992005.98,6054649.06,248330.55,3949836.96,924950.55
"2025-05-29","Uber",471880,29.66,2.45,1.54,0.23,1.15,0.74,1.33,22.05,35.77,7.61,4.73,1.38,5.84,0.0449,0.0372,0.0359,0.7434,13995464.21,16877833.18,628064.88,10404605.8,2396425.66
"2025-05-30","Lyft",215396,25.04,2.05,1.52,0.2,0.89,0.62,1.17,20.26,30.33,4.77,4.2,1.1,5.21,0.0465,0.0384,0.037,0.8094,5392444.7,6532998.12,250970.41,4364626.2,1034110.09
"2025-05-30","Uber",504696,27.28,2.31,1.44,0.21,1.04,0.68,1.13,20.99,32.97,6.29,4.43,1.25,5.53,0.0415,0.0343,0.0332,0.7694,13770255.99,16638435.95,570896.32,10595161.88,2490141.31
"2025-05-31","Lyft",213447,24.14,1.99,1.65,0.14,0.85,0.6,1.16,19.27,29.37,4.87,4.25,0.98,5.09,0.0479,0.0393,0.0379,0.7983,5152972.18,6269495.27,246683.44,4113682.58,1013154.72
"2025-05-31","Uber",553991,25.41,2.15,1.52,0.15,1.06,0.63,0.99,20.44,30.92,4.97,4.3,1.21,5.05,0.0389,0.032,0.031,0.8044,14079258.81,17131678.81,547947.12,11325828.02,2787940.54
"2025-06-01","Lyft",184147,25.59,2.07,1.6,0.25,1.05,0.64,1.23,20.33,31.19,5.26,4.31,1.3,4.81,0.0481,0.0395,0.038,0.7946,4711960.38,5744096.75,226750.14,3744213.89,980492.16
"2025-06-01","Uber",466418,26.77,2.26,1.4,0.25,1.28,0.66,1.05,21.35,32.63,5.43,4.33,1.53,4.79,0.0392,0.0321,0.0311,0.7973,12487152.95,15220380.07,489154.61,9956337.42,2605400.03
"2025-06-02","Lyft",135448,25.56,2.07,1.52,0.28,0.53,0.63,1.4,19.87,30.59,5.69,4.22,0.81,5,0.0548,0.0458,0.0438,0.7775,3462244.01,4143747.78,189889.67,2691915.33,692721.2
"2025-06-02","Uber",400560,27.53,2.32,1.51,0.29,1.2,0.68,1.25,20.74,33.53,6.79,4.52,1.49,5.19,0.0452,0.0371,0.0358,0.7532,11026614.83,13431614.36,498756.11,8305659.06,2123328.74
"2025-06-03","Lyft",147396,26.23,2.06,1.56,0.22,1.22,0.64,1.39,20.05,31.93,6.18,4.26,1.44,5.23,0.0529,0.0434,0.0416,0.7644,3865922.89,4705751.25,204337.54,2954967.61,739172.82
"2025-06-03","Uber",436567,28.15,2.33,1.61,0.24,1.24,0.7,1.32,20.97,34.26,7.18,4.63,1.47,5.5,0.0467,0.0384,0.037,0.7449,12290637.34,14955005.56,574139.08,9154698.21,2233801.8
"2025-06-04","Lyft",167997,26.88,2.2,1.6,0.21,1.01,0.68,1.44,20.93,32.57,5.95,4.47,1.22,5.48,0.0536,0.0442,0.0423,0.7787,4516113.21,5472398.86,241909.29,3516783.14,823668.64
"2025-06-04","Uber",480259,30.14,2.5,1.55,0.23,1.2,0.75,1.38,22.63,36.37,7.51,4.79,1.44,5.86,0.0459,0.038,0.0366,0.7507,14474515.3,17466579.37,664013.95,10866549.3,2469820.38
"2025-06-05","Lyft",183663,27.53,2.26,1.63,0.23,1.05,0.71,1.45,21.55,33.4,5.98,4.6,1.27,5.56,0.0527,0.0435,0.0416,0.7828,5056608.57,6134850.22,266590.88,3958479.77,909407.31
"2025-06-05","Uber",497488,31.91,2.6,1.52,0.25,1.3,0.79,1.45,23.88,38.37,8.03,4.91,1.55,5.94,0.0455,0.0378,0.0364,0.7485,15873316.21,19089221.57,721541.26,11880697.74,2671329.36
"2025-06-06","Lyft",191553,27.55,2.3,1.51,0.22,0.87,0.7,1.38,21.87,33.14,5.68,4.51,1.08,5.95,0.05,0.0416,0.0399,0.7939,5276456.14,6348313.37,263781.55,4188810.86,887219.61
"2025-06-06","Uber",506471,32.21,2.69,1.38,0.24,1.21,0.8,1.34,25.19,38.52,7.01,4.87,1.44,6.04,0.0417,0.0348,0.0337,0.7823,16311847.01,19508177.5,679790.9,12760225.87,2701340.91
"2025-06-07","Lyft",200018,25.84,2.15,1.6,0.17,0.83,0.65,1.27,19.95,31.24,5.89,4.4,1,5.72,0.0493,0.0408,0.0392,0.772,5168604.33,6248985.63,254989.72,3990291.88,903977.75
"2025-06-07","Uber",560954,28.55,2.4,1.47,0.17,1.17,0.71,1.12,23.37,34.46,5.18,4.57,1.34,5.49,0.0392,0.0325,0.0315,0.8186,16015483.78,19331475.58,628473.08,13111051.36,2918452.01
"2025-06-08","Lyft",174743,26.48,2.17,1.54,0.25,0.97,0.67,1.31,20.31,32.09,6.17,4.38,1.23,5.24,0.0494,0.0407,0.0391,0.767,4627517.88,5606859.92,228435.91,3549130.98,882755.87
"2025-06-08","Uber",479259,29.45,2.47,1.33,0.26,1.35,0.73,1.12,23.83,35.6,5.62,4.53,1.61,5.11,0.0379,0.0313,0.0304,0.8092,14114841.18,17059695.73,534745.8,11422015.96,2759993.74
"2025-06-09","Lyft",155019,25.81,2.14,1.54,0.26,1,0.65,1.32,20.26,31.4,5.55,4.33,1.26,5.2,0.051,0.0419,0.0402,0.7849,4000777.9,4867419.2,203981.67,3140149.07,769956.07
"2025-06-09","Uber",432917,29.2,2.46,1.5,0.29,1.2,0.72,1.29,21.95,35.39,7.25,4.69,1.5,5.52,0.0441,0.0364,0.0351,0.7517,12642523.59,15318826.46,557366.85,9503257.16,2291132.15
"2025-06-10","Lyft",166709,25.29,2.08,1.6,0.22,0.94,0.64,1.34,19.88,30.78,5.41,4.32,1.16,5.37,0.053,0.0436,0.0417,0.7861,4216641.28,5130733.05,223455.93,3314555.78,784521.6
"2025-06-10","Uber",455485,29.45,2.45,1.6,0.23,1.14,0.73,1.36,21.76,35.61,7.69,4.78,1.37,5.88,0.0462,0.0382,0.0368,0.7389,13413120.38,16217961.88,619258.41,9910321.18,2281767.28
"2025-06-11","Lyft",174416,25.67,2.11,1.56,0.21,0.94,0.65,1.36,20.18,31.13,5.49,4.31,1.15,5.46,0.0532,0.0438,0.042,0.7862,4476856.57,5430330.09,237982.52,3519524.96,820363.62
"2025-06-11","Uber",463150,30.51,2.52,1.55,0.24,1.23,0.76,1.41,22.59,36.81,7.92,4.83,1.47,5.83,0.0462,0.0383,0.0369,0.7406,14130724.57,17049340.34,652936.43,10464834.5,2424053.36
"2025-06-12","Lyft",191534,26.45,2.17,1.55,0.21,0.91,0.67,1.38,20.63,31.96,5.82,4.39,1.12,5.68,0.0521,0.0431,0.0413,0.7801,5065762.65,6121982.91,263875.61,3951812.1,892626.81
"2025-06-12","Uber",492083,31.98,2.63,1.5,0.25,1.25,0.8,1.41,23.89,38.4,8.08,4.92,1.5,6,0.0442,0.0368,0.0355,0.7472,15734454.96,18894352.02,695893.08,11756976.28,2622307.99
"2025-06-13","Lyft",215558,24.88,2.03,1.46,0.19,0.87,0.62,1.18,20.05,30.06,4.83,4.11,1.07,5.24,0.0475,0.0393,0.0378,0.8059,5363859.68,6479947.09,254705.78,4322957.74,1023514.75
"2025-06-13","Uber",504085,28.06,2.36,1.4,0.24,1.14,0.7,1.14,21.98,33.9,6.09,4.46,1.38,5.42,0.0406,0.0336,0.0325,0.7831,14146342.78,17088729.13,573761.98,11077609.22,2612180.42
"2025-06-14","Lyft",226902,23.14,1.89,1.52,0.12,0.78,0.57,1.09,18.62,28.03,4.52,3.98,0.9,5.07,0.0472,0.039,0.0375,0.8047,5250617.55,6358943.13,247901.64,4224988.49,1035395.64
"2025-06-14","Uber",538796,25.48,2.16,1.43,0.16,1.12,0.63,0.98,20.76,30.97,4.72,4.22,1.28,4.97,0.0385,0.0317,0.0307,0.8147,13728615.15,16688998.87,528272.07,11185224.64,2761103.05
"2025-06-15","Lyft",188891,23.46,1.91,1.47,0.2,0.9,0.58,1.12,18.64,28.51,4.81,3.96,1.09,4.89,0.0478,0.0393,0.0378,0.7947,4430550.81,5385053.34,211681.66,3521054.5,906572.94
"2025-06-15","Uber",452993,26.12,2.19,1.33,0.25,1.3,0.65,0.95,21.23,31.83,4.89,4.17,1.54,4.71,0.0363,0.0298,0.0289,0.8129,11832705.44,14420807.47,429841.23,9619040.61,2512583.19
"2025-06-16","Lyft",161395,24.49,2.03,1.44,0.25,0.98,0.62,1.22,19.25,29.82,5.24,4.09,1.23,5.11,0.0496,0.0408,0.0392,0.7859,3952433.73,4812011.37,196184.94,3106129.64,772825.15
"2025-06-16","Uber",413536,27.78,2.34,1.44,0.27,1.19,0.69,1.16,21.22,33.71,6.56,4.46,1.46,5.3,0.0418,0.0345,0.0333,0.7639,11489558.01,13940720.11,480527.12,8776436.14,2167139.6
"2025-06-17","Lyft",166415,24.84,2.05,1.53,0.2,0.98,0.64,1.26,19.48,30.24,5.36,4.22,1.18,5.41,0.0507,0.0417,0.04,0.7841,4134029.52,5032220.92,209727.42,3241448.42,764427.54
"2025-06-17","Uber",433424,28.52,2.36,1.53,0.22,1.18,0.71,1.25,21.6,34.51,6.92,4.6,1.39,5.63,0.044,0.0363,0.0351,0.7574,12362517.88,14958250.23,543622.64,9363689.85,2196125.26
"2025-06-18","Lyft",186949,25.99,2.14,1.48,0.23,0.99,0.67,1.3,20.03,31.5,5.96,4.29,1.22,5.59,0.0499,0.0412,0.0395,0.7708,4859302.14,5889485.6,242505.6,3745381.21,869207.23
"2025-06-18","Uber",473540,30.06,2.47,1.44,0.24,1.25,0.75,1.29,22.9,36.22,7.17,4.66,1.5,5.7,0.0431,0.0358,0.0345,0.7616,14236884.02,17153067.58,613232.58,10842310.95,2499731.85
"2025-06-19","Lyft",197818,25.25,2.06,1.51,0.24,1.01,0.65,1.26,19.54,30.72,5.71,4.22,1.25,5.38,0.0499,0.041,0.0394,0.7739,4994255.79,6077242.96,249025.28,3864970.44,927796.43
"2025-06-19","Uber",468848,28.44,2.36,1.43,0.24,1.2,0.71,1.19,21.77,34.38,6.67,4.49,1.45,5.47,0.0419,0.0346,0.0335,0.7653,13333658.39,16118204.47,558072.82,10204614.06,2436660.91
"2025-06-20","Lyft",207697,25.35,2.09,1.45,0.21,0.84,0.65,1.21,19.76,30.58,5.58,4.18,1.05,5.47,0.0478,0.0396,0.0381,0.7797,5264603.5,6351897.04,251476.95,4104755.04,963026.16
"2025-06-20","Uber",499579,27.9,2.36,1.31,0.22,1.11,0.69,1.11,22.17,33.59,5.73,4.36,1.33,5.39,0.0396,0.0329,0.0319,0.7947,13936553.49,16779295.89,552442.33,11074868.68,2585428.21
"2025-06-21","Lyft",219694,24.77,2.04,1.58,0.13,0.76,0.63,1.21,19.1,29.91,5.67,4.25,0.89,5.42,0.0487,0.0403,0.0388,0.7711,5442867.2,6571912.53,264977.67,4197233.42,1003773.17
"2025-06-21","Uber",536818,26.94,2.28,1.34,0.15,1.17,0.67,1.04,22.06,32.55,4.88,4.29,1.32,5.04,0.0387,0.032,0.0311,0.8188,14463293.22,17474825.38,560008.78,11842731.54,2868335.02
"2025-06-22","Lyft",193556,25.37,2.07,1.63,0.24,0.88,0.65,1.27,19.52,30.83,5.85,4.34,1.12,5.03,0.05,0.0411,0.0395,0.7695,4910285.32,5968113.03,245568.66,3778685.99,975842.77
"2025-06-22","Uber",472400,27.15,2.29,1.34,0.25,1.29,0.67,1.03,21.73,32.99,5.42,4.3,1.54,4.83,0.0381,0.0314,0.0304,0.8003,12825579.91,15585503.12,488690.54,10263935.11,2657517.35
"2025-06-23","Lyft",182155,26.08,2.15,1.52,0.26,0.87,0.67,1.35,19.88,31.55,6.2,4.34,1.13,5.49,0.0518,0.0429,0.0411,0.7623,4750663.75,5747609.8,246308.15,3621511.18,865628.1
"2025-06-23","Uber",448058,30.21,2.54,1.41,0.28,1.18,0.75,1.33,22.54,36.37,7.67,4.69,1.47,5.79,0.0441,0.0366,0.0353,0.7461,13536388.62,16296216.54,596652.04,10099958.9,2338433.87
"2025-06-24","Lyft",196908,25.58,2.12,1.52,0.2,0.79,0.66,1.35,19.15,30.87,6.44,4.3,0.98,5.8,0.0528,0.0437,0.0419,0.7484,5037266.94,6078180.24,265782.14,3770051.48,868786.1
"2025-06-24","Uber",488411,30.84,2.58,1.52,0.21,1.08,0.76,1.39,22.28,37.01,8.56,4.87,1.3,6.35,0.0452,0.0377,0.0363,0.7224,15064582.6,18075743.02,681194.68,10882873.32,2371807.94
"2025-06-25","Lyft",199660,26.16,2.16,1.55,0.2,0.75,0.67,1.35,19.51,31.49,6.65,4.38,0.95,5.95,0.0518,0.043,0.0412,0.7457,5222806.74,6286428.16,270340.22,3894448.05,877450.9
"2025-06-25","Uber",487608,32.43,2.68,1.54,0.22,1.14,0.8,1.46,23.09,38.8,9.34,5.03,1.35,6.5,0.0449,0.0375,0.0361,0.7119,15810762.96,18920850.13,709610.04,11256466.87,2432150.98
"2025-06-26","Lyft",197411,27.25,2.21,1.51,0.24,0.81,0.7,1.37,20.95,32.72,6.3,4.42,1.04,5.77,0.0504,0.042,0.0403,0.7688,5379989.32,6458916.25,271001.24,4135894.86,932154.83
"2025-06-26","Uber",470087,33.02,2.71,1.48,0.25,1.24,0.82,1.43,24.03,39.51,8.98,5.01,1.49,6.24,0.0434,0.0363,0.035,0.7279,15520455.65,18575281.13,674057.29,11296919.72,2486860.72
"2025-06-27","Lyft",216334,26.43,2.11,1.52,0.23,0.85,0.66,1.24,20.51,31.81,5.91,4.3,1.09,5.33,0.0469,0.0389,0.0375,0.7762,5716949.57,6881514.97,267851.15,4437476.03,1071941.12
"2025-06-27","Uber",475954,29.28,2.44,1.45,0.26,1.2,0.72,1.22,21.88,35.36,7.4,4.62,1.46,5.53,0.0418,0.0346,0.0335,0.7474,13934617.38,16828457.03,582869.16,10414054.02,2519908.08
"2025-06-28","Lyft",244171,24.08,1.93,1.56,0.15,0.94,0.61,1.13,19.9,29.27,4.19,4.1,1.09,4.96,0.047,0.0386,0.0372,0.8261,5880793.71,7147934.85,276116.21,4858400.63,1184801.13
"2025-06-28","Uber",502051,27.43,2.31,1.44,0.18,1.17,0.68,1.06,21.81,33.21,5.62,4.43,1.35,5.22,0.0386,0.0319,0.0309,0.7951,13773532.36,16674846.59,531157.74,10950923.27,2637239.98
"2025-06-29","Lyft",217677,24.85,2.01,1.46,0.15,1.01,0.63,1.15,20.11,30.11,4.74,4.1,1.16,4.88,0.0464,0.0383,0.0369,0.8092,5409375.83,6553844.96,250800.42,4377136.46,1107493.18
"2025-06-29","Uber",442624,29.11,2.43,1.3,0.24,1.3,0.72,1.06,22.69,35.1,6.41,4.45,1.54,5.16,0.0365,0.0302,0.0294,0.7797,12883002.35,15535678.87,469830.06,10045068.81,2497163.48
"2025-06-30","Lyft",196096,23.18,1.86,1.45,0.22,0.95,0.58,1.08,19.61,28.24,3.56,3.9,1.17,4.7,0.0467,0.0383,0.0369,0.8462,4545121.51,5538489.34,212357.93,3846232.95,966072.39
"2025-06-30","Uber",378741,27.54,2.3,1.43,0.25,1.13,0.68,1.13,20.48,33.34,7.05,4.42,1.39,5.4,0.0412,0.034,0.0329,0.7439,10429600.52,12627438.97,429355.46,7758491,1932968.75
"2025-07-01","Lyft",181170,24.11,1.96,1.53,0.22,0.91,0.62,1.17,18.92,29.34,5.19,4.1,1.13,5.3,0.0485,0.0399,0.0384,0.7848,4368206.95,5316351.28,212014.25,3428367.58,823741.3
"2025-07-01","Uber",419972,27.27,2.27,1.42,0.22,1.07,0.68,1.1,20.19,32.93,7.09,4.37,1.28,5.63,0.0405,0.0335,0.0324,0.7401,11454363.6,13828664.08,463485.76,8477499.12,2033549.47
"2025-07-02","Lyft",169303,25.33,2.06,1.49,0.28,1.02,0.65,1.21,19.9,30.82,5.43,4.2,1.29,5.15,0.0477,0.0392,0.0377,0.7856,4288215.28,5218084.87,204405.55,3368692.91,832518.4
"2025-07-02","Uber",413898,27.1,2.26,1.36,0.25,1.13,0.67,1.06,20.72,32.78,6.38,4.29,1.39,5.28,0.0392,0.0324,0.0314,0.7645,11216881.57,13568514,439446.66,8575390.93,2124403.66
"2025-07-03","Lyft",188954,24.47,2.02,1.41,0.24,0.92,0.64,1.07,19.68,29.7,4.79,4.07,1.17,5.15,0.0437,0.036,0.0348,0.8043,4623356.82,5612608.95,202139.26,3718475.11,898549.32
"2025-07-03","Uber",438803,26.09,2.21,1.19,0.23,1.03,0.65,0.95,20.53,31.39,5.55,4.04,1.27,5.2,0.0364,0.0303,0.0294,0.7872,11446538.35,13775426.09,417005.94,9010784.68,2200555.12
"2025-07-04","Lyft",176266,24.57,2.04,1.28,0.24,0.98,0.64,1.1,19.79,29.75,4.77,3.96,1.22,4.79,0.0449,0.0371,0.0358,0.8057,4330803.99,5243980.17,194488.25,3489169.34,903554.6
"2025-07-04","Uber",396430,26.84,2.28,1.08,0.21,1.18,0.67,0.93,21.36,32.26,5.48,4.03,1.39,4.78,0.0345,0.0287,0.0279,0.796,10639672.84,12787444.37,367263.06,8468923.08,2225139.25
"2025-07-05","Lyft",176608,23.39,1.92,1.36,0.16,0.93,0.6,1.03,18.66,28.35,4.72,3.87,1.09,4.79,0.0442,0.0365,0.0352,0.798,4130009.41,5006999.45,182580.12,3295890.26,862216.49
"2025-07-05","Uber",436144,24.26,2.06,1.16,0.16,1.09,0.6,0.82,19.92,29.33,4.34,3.83,1.25,4.54,0.034,0.0281,0.0274,0.821,10580548.35,12794029.94,359789.8,8686816.8,2330937.02
"2025-07-06","Lyft",163702,24.31,1.98,1.47,0.28,1.07,0.63,1.13,19.43,29.75,4.88,4.08,1.35,4.62,0.0466,0.0381,0.0367,0.7992,3979807.86,4869697.07,185484.73,3180592.11,861127.3
"2025-07-06","Uber",400146,25.34,2.15,1.25,0.27,1.21,0.63,0.89,20.24,30.84,5.1,4.03,1.48,4.5,0.0349,0.0287,0.0279,0.7988,10138681.44,12340504.31,354250.99,8098403.86,2251685.08
"2025-07-07","Lyft",142045,24.99,2.09,1.47,0.25,1,0.65,1.21,19.62,30.45,5.37,4.21,1.25,4.88,0.0486,0.0398,0.0383,0.7851,3549474.43,4325833.66,172337.46,2786622.11,727616.29
"2025-07-07","Uber",386646,25.99,2.21,1.37,0.27,1.11,0.64,1.06,19.85,31.59,6.14,4.22,1.39,5.03,0.0409,0.0336,0.0325,0.7639,10048059.99,12215145.34,410525.01,7675246.85,1998206.22
"2025-07-08","Lyft",155302,24.87,2.04,1.56,0.23,0.95,0.65,1.3,19.25,30.29,5.61,4.24,1.18,5.29,0.0524,0.043,0.0413,0.7744,3861681.69,4703662.53,202389.42,2990337.04,730063.41
"2025-07-08","Uber",443302,26.83,2.23,1.5,0.21,1.06,0.66,1.18,20.26,32.49,6.57,4.39,1.27,5.54,0.0438,0.0362,0.0349,0.755,11893904.06,14403126.69,521323.84,8979836.11,2146085.63
"2025-07-09","Lyft",164089,25.45,2.09,1.59,0.23,0.98,0.66,1.32,19.9,31,5.55,4.34,1.2,5.38,0.052,0.0427,0.041,0.7818,4175851.11,5086489.84,217204.44,3264756.83,775759.82
"2025-07-09","Uber",446298,28.46,2.35,1.52,0.23,1.15,0.71,1.25,21.05,34.4,7.42,4.57,1.37,5.69,0.0439,0.0363,0.035,0.7394,12702194.74,15353077.31,557298.67,9392596.82,2234116.39
"2025-07-10","Lyft",166914,25.91,2.12,1.57,0.24,0.99,0.67,1.33,20.45,31.51,5.46,4.37,1.23,5.3,0.0512,0.0421,0.0404,0.7893,4324200.84,5259190.14,221498.26,3413272.14,816032.8
"2025-07-10","Uber",459520,28.22,2.34,1.53,0.24,1.14,0.7,1.22,21.29,34.17,6.93,4.57,1.38,5.51,0.0431,0.0356,0.0344,0.7543,12968616.25,15701455.49,559364.88,9782691.83,2352002.2
"2025-07-11","Lyft",195958,24.47,2.02,1.53,0.21,0.9,0.63,1.2,19.82,29.75,4.65,4.17,1.1,5.07,0.049,0.0403,0.0388,0.81,4794794.19,5829213.3,235141.32,3883646.87,945009.92
"2025-07-11","Uber",488464,26.27,2.23,1.44,0.22,1.06,0.65,1.07,20.54,31.86,5.73,4.31,1.28,5.19,0.0408,0.0336,0.0325,0.782,12829944.02,15562673.21,523236.69,10033111.84,2469719.18
"2025-07-12","Lyft",219387,23.84,1.94,1.57,0.13,0.98,0.61,1.14,19.17,29.08,4.68,4.13,1.11,5.05,0.0477,0.0391,0.0376,0.8039,5231221.26,6380610.35,249341.15,4205348.22,1036831.29
"2025-07-12","Uber",528082,25.4,2.14,1.41,0.15,1.16,0.63,0.98,21.03,30.88,4.36,4.18,1.31,4.88,0.0384,0.0316,0.0306,0.8283,13410990.64,16308981.49,515427.68,11107738.4,2746885.5
"2025-07-13","Lyft",191151,24.49,1.99,1.53,0.21,1.05,0.63,1.18,19.66,29.9,4.82,4.15,1.26,4.84,0.0483,0.0396,0.0381,0.803,4680905.52,5715577.03,226317.15,3758707.56,967460.2
"2025-07-13","Uber",448595,26.61,2.2,1.33,0.24,1.34,0.66,1,21.31,32.39,5.3,4.19,1.58,4.71,0.0374,0.0308,0.0298,0.8007,11937728.49,14528112.83,446804.11,9559134.46,2534131.95
"2025-07-14","Lyft",154226,25.98,2.13,1.51,0.26,0.93,0.67,1.42,19.7,31.47,6.28,4.3,1.18,5.4,0.0548,0.0453,0.0433,0.7584,4006657.26,4852947.8,219597.71,3038689.8,741708.1
"2025-07-14","Uber",454046,28.33,2.36,1.46,0.25,1.11,0.7,1.27,21.6,34.21,6.72,4.52,1.36,5.6,0.0447,0.0371,0.0357,0.7627,12860887.22,15532645.6,575517.82,9808658.74,2297800.77
"2025-07-15","Lyft",159929,26.26,2.15,1.61,0.26,1.07,0.68,1.44,20.48,32.03,5.77,4.45,1.33,5.2,0.0548,0.0449,0.043,0.7802,4199017.68,5122584.64,229953.69,3276030.24,807071.15
"2025-07-15","Uber",434718,28.84,2.4,1.57,0.27,1.19,0.72,1.38,21.5,34.99,7.33,4.69,1.46,5.52,0.0479,0.0395,0.038,0.7457,12536367.6,15208909.36,600564.93,9348047.09,2270816.9
"2025-07-16","Lyft",168744,25.86,2.11,1.63,0.21,0.98,0.67,1.39,19.76,31.47,6.1,4.41,1.19,5.43,0.0538,0.0442,0.0423,0.7642,4364125.46,5309648.43,234633.47,3334970.78,803579.3
"2025-07-16","Uber",469327,28.65,2.37,1.6,0.23,1.15,0.71,1.37,21.42,34.7,7.23,4.68,1.38,5.64,0.0478,0.0395,0.038,0.7476,13445543.09,16287223.84,642962.85,10051716.01,2382044.89
"2025-07-17","Lyft",184902,26.34,2.13,1.59,0.24,1.03,0.68,1.39,20.38,32.02,5.96,4.41,1.27,5.34,0.0526,0.0433,0.0415,0.7737,4870593.51,5920220.36,256150.04,3768288.04,912129.29
"2025-07-17","Uber",491088,29.26,2.41,1.56,0.27,1.25,0.73,1.35,22.04,35.48,7.23,4.7,1.52,5.53,0.0462,0.0381,0.0367,0.7531,14371128.92,17421916.09,664521.96,10822667.5,2599226.14
"2025-07-18","Lyft",198995,24.85,2.03,1.51,0.2,0.92,0.64,1.21,19.88,30.14,4.97,4.18,1.12,5.14,0.0486,0.04,0.0385,0.8,4944897.24,5998607.56,240231.62,3956093.13,961445.89
"2025-07-18","Uber",494580,26.79,2.25,1.43,0.24,1.14,0.66,1.14,21.02,32.52,5.77,4.35,1.38,5.18,0.0425,0.035,0.0338,0.7847,13247490.98,16082655.35,562478.24,10395477.96,2555297.97
"2025-07-19","Lyft",211483,23.97,1.96,1.59,0.12,0.95,0.62,1.13,19.12,29.21,4.85,4.16,1.07,5.01,0.0471,0.0386,0.0372,0.7976,5069794.09,6176824.85,238734.01,4043710.04,1012107.09
"2025-07-19","Uber",537214,25.08,2.12,1.41,0.15,1.13,0.62,0.99,20.82,30.51,4.26,4.16,1.28,4.82,0.0393,0.0323,0.0313,0.8303,13473720.18,16392204.13,529643.89,11187117.8,2796169.95
"2025-07-20","Lyft",190442,24.43,2,1.55,0.21,1.03,0.63,1.15,19.52,29.85,4.91,4.18,1.24,4.75,0.0472,0.0386,0.0372,0.7989,4652513.03,5684118.67,219679.55,3716679.36,979535.24
"2025-07-20","Uber",463356,25.99,2.19,1.36,0.25,1.24,0.64,1.01,20.9,31.68,5.1,4.2,1.49,4.71,0.0387,0.0317,0.0308,0.8038,12044740.1,14678274.93,465749.6,9681927.13,2559195.45
"2025-07-21","Lyft",148681,25.18,2.08,1.49,0.26,0.99,0.65,1.28,19.79,30.65,5.39,4.22,1.25,4.99,0.051,0.0419,0.0402,0.7858,3744325.95,4557244.22,190997.25,2942470.22,750414.08
"2025-07-21","Uber",409147,27.23,2.3,1.44,0.29,1.18,0.68,1.2,21.05,33.12,6.18,4.41,1.47,5.11,0.0441,0.0363,0.035,0.773,11141963.13,13549424.45,491609.99,8613104.37,2178526.57
"2025-07-22","Lyft",154483,25.17,2.05,1.56,0.21,0.98,0.65,1.33,19.98,30.62,5.19,4.26,1.19,5.18,0.0529,0.0435,0.0416,0.7938,3888286.58,4730747.97,205579.68,3086577.57,751345.16
"2025-07-22","Uber",414555,28.1,2.33,1.53,0.23,1.15,0.7,1.31,21.33,34.04,6.77,4.56,1.38,5.42,0.0466,0.0385,0.0371,0.7591,11650099.91,14112728.1,543126.74,8843740.61,2149299.59
"2025-07-23","Lyft",164559,25.34,2.06,1.6,0.2,1.02,0.65,1.34,20.23,30.87,5.12,4.31,1.22,5.16,0.0529,0.0434,0.0416,0.7981,4170284.08,5080041.35,220566.18,3328215.95,808219.15
"2025-07-23","Uber",432781,28.55,2.36,1.55,0.23,1.19,0.71,1.33,21.65,34.59,6.9,4.62,1.42,5.47,0.0467,0.0385,0.0371,0.7583,12357191.42,14971413.99,576659.49,9370706.43,2259285.99
"2025-07-24","Lyft",178889,25.93,2.11,1.6,0.21,0.99,0.67,1.33,20.6,31.53,5.33,4.39,1.21,5.31,0.0515,0.0423,0.0406,0.7945,4637829.82,5639549.79,238620.41,3684534.94,872894.55
"2025-07-24","Uber",461279,29.17,2.41,1.54,0.25,1.22,0.72,1.32,22.18,35.31,7,4.67,1.47,5.52,0.0451,0.0373,0.0359,0.7602,13455793.31,16288463.77,606977.6,10229144.8,2437294.02
"2025-07-25","Lyft",215214,24.51,1.99,1.55,0.18,0.88,0.62,1.18,19.48,29.73,5.03,4.15,1.06,5.26,0.0482,0.0398,0.0382,0.7948,5275332.01,6397451,254417.23,4192719.67,1002177.86
"2025-07-25","Uber",514924,26.82,2.25,1.46,0.22,1.09,0.66,1.13,21.25,32.5,5.56,4.37,1.31,5.28,0.0423,0.0349,0.0337,0.7926,13807711.97,16732859.33,583700.87,10943379.2,2616423.07
"2025-07-26","Lyft",211098,24.91,2.04,1.56,0.15,0.95,0.64,1.2,19.54,30.25,5.37,4.24,1.1,5.22,0.0481,0.0396,0.0381,0.7846,5257428.21,6385419.54,252646.63,4124815.39,1006722.01
"2025-07-26","Uber",525650,26.89,2.26,1.36,0.17,1.23,0.67,1.05,22.1,32.58,4.79,4.29,1.4,4.94,0.039,0.0322,0.0312,0.8218,14136636.49,17127730.99,550907.72,11617262.47,2861392.91
"2025-07-27","Lyft",184490,24.38,1.98,1.56,0.21,1.02,0.63,1.16,19.12,29.77,5.25,4.17,1.23,4.85,0.0475,0.0389,0.0375,0.7845,4497377.76,5493101.65,213733.9,3527972.88,926389.86
"2025-07-27","Uber",460206,25.95,2.18,1.37,0.24,1.26,0.64,0.99,21.21,31.63,4.73,4.19,1.49,4.62,0.0381,0.0312,0.0303,0.8176,11941616.85,14557880.56,454842.81,9762895.19,2582687.76
"2025-07-28","Lyft",160629,25.11,2.07,1.54,0.27,1.01,0.65,1.32,19.71,30.64,5.4,4.25,1.28,5,0.0525,0.0431,0.0413,0.7851,4033195.79,4920960.44,211937.68,3166534.75,805841.7
"2025-07-28","Uber",423363,27.32,2.3,1.46,0.28,1.19,0.68,1.24,20.93,33.24,6.4,4.44,1.47,5.14,0.0453,0.0373,0.0359,0.7659,11568282.1,14070505.22,524146.04,8859766.41,2252587.11
"2025-07-29","Lyft",165033,25.37,2.08,1.63,0.21,0.95,0.66,1.38,19.5,30.9,5.87,4.36,1.16,5.4,0.0544,0.0447,0.0428,0.7686,4186693.81,5098800.02,227895.37,3218079.09,775076.5
"2025-07-29","Uber",462284,27.51,2.3,1.6,0.22,1.11,0.68,1.28,20.85,33.41,6.65,4.58,1.32,5.51,0.0467,0.0384,0.037,0.7581,12715793.24,15443582.55,593520.63,9639710.12,2306263.63
"2025-07-30","Lyft",174459,25.6,2.08,1.56,0.19,0.94,0.66,1.37,19.56,31.04,6.04,4.31,1.13,5.5,0.0534,0.044,0.0422,0.7639,4466512.02,5415082.84,238298.02,3412137.53,811428.5
"2025-07-30","Uber",475826,28.15,2.34,1.57,0.21,1.1,0.7,1.3,21.13,34.07,7.02,4.61,1.31,5.65,0.046,0.038,0.0366,0.7506,13396368.28,16212020.73,616743.96,10055358.43,2369648.23
"2025-07-31","Lyft",181126,27.04,2.21,1.5,0.21,0.9,0.69,1.39,20.46,32.54,6.58,4.4,1.11,5.89,0.0513,0.0427,0.0409,0.7567,4896862.15,5894743.27,251432.76,3705229.51,830792.77
"2025-07-31","Uber",503072,30.17,2.51,1.52,0.21,1.11,0.75,1.33,23.4,36.27,6.77,4.78,1.33,6.04,0.0439,0.0365,0.0353,0.7758,15177841.3,18248001.98,666908.23,11774348.27,2514351.34
"2025-08-01","Lyft",195261,26.09,2.1,1.44,0.23,0.98,0.66,1.28,20.72,31.5,5.37,4.2,1.21,5.19,0.0489,0.0405,0.0389,0.7941,5094068.07,6150007.16,249027.59,4045189.92,981990.66
"2025-08-01","Uber",485807,27.15,2.29,1.38,0.25,1.13,0.67,1.13,21.3,32.87,5.84,4.34,1.38,5.2,0.0417,0.0344,0.0333,0.7847,13187610.41,15967822.96,550048.14,10348319.65,2534549.32
"2025-08-02","Lyft",206148,25.1,2.02,1.42,0.15,1,0.64,1.19,20,30.33,5.1,4.08,1.15,5.03,0.0474,0.0392,0.0377,0.7968,5174576.44,6253112.47,245196.33,4123003.41,1028567.38
"2025-08-02","Uber",504696,25.68,2.18,1.33,0.16,1.13,0.64,0.98,20.91,31.11,4.76,4.14,1.29,4.85,0.038,0.0314,0.0304,0.8145,12958122.46,15699635.07,492204.78,10553745.3,2670706.87
"2025-08-03","Lyft",179849,24.83,2.01,1.45,0.23,1.06,0.64,1.18,19.76,30.21,5.07,4.1,1.29,4.72,0.0475,0.039,0.0376,0.7958,4464829.4,5433742.73,212052.06,3553180.61,945852.28
"2025-08-03","Uber",438685,25.57,2.16,1.34,0.24,1.21,0.63,0.95,20.5,31.14,5.07,4.13,1.45,4.62,0.0371,0.0304,0.0295,0.8017,11215622.51,13662727.74,415770.66,8992045.8,2428679.11
"2025-08-04","Lyft",149490,25.05,2.05,1.4,0.26,1.02,0.65,1.26,19.93,30.43,5.12,4.1,1.27,4.95,0.0503,0.0414,0.0398,0.7955,3745278.69,4548510.66,188469.48,2979428.14,757190.33
"2025-08-04","Uber",396336,26.41,2.24,1.41,0.26,1.15,0.66,1.14,20.4,32.12,6.01,4.3,1.41,5.08,0.0433,0.0356,0.0344,0.7723,10467031.14,12729899.17,453117.95,8083737.62,2062081.21
"2025-08-05","Lyft",150400,25.56,2.03,1.5,0.22,1.02,0.64,1.32,19.81,30.97,5.75,4.17,1.24,5.21,0.0518,0.0427,0.041,0.7751,3844153.18,4657264.51,199013.86,2979788.67,738479.13
"2025-08-05","Uber",414111,26.71,2.24,1.53,0.22,1.11,0.66,1.2,20.38,32.47,6.33,4.43,1.33,5.28,0.0449,0.0369,0.0356,0.7629,11061494.54,13447829.34,496663.92,8438663.89,2093925.57
"2025-08-06","Lyft",162564,25.28,2.04,1.52,0.21,0.98,0.65,1.29,19.99,30.68,5.28,4.21,1.19,5.26,0.0511,0.0421,0.0404,0.7909,4109034.94,4987327.01,210084.69,3249909.41,781465.26
"2025-08-06","Uber",432333,27.77,2.31,1.54,0.23,1.16,0.69,1.22,21.09,33.7,6.68,4.54,1.39,5.44,0.0441,0.0363,0.035,0.7593,12006362.07,14568334.47,528936.26,9117030.28,2207062.61
"2025-08-07","Lyft",165241,26.43,2.13,1.5,0.24,1.03,0.68,1.32,20.7,32.02,5.73,4.32,1.27,5.29,0.05,0.0413,0.0397,0.7833,4367275.27,5290224.48,218455.88,3420805.93,824867.71
"2025-08-07","Uber",448644,27.92,2.32,1.5,0.25,1.19,0.69,1.2,21.57,33.87,6.35,4.51,1.44,5.33,0.0431,0.0355,0.0343,0.7726,12527407.5,15197613.3,540204.82,9679003.51,2350575.49
"2025-08-08","Lyft",190105,25.38,2.06,1.44,0.21,0.95,0.65,1.2,20.18,30.7,5.21,4.16,1.16,5.17,0.0474,0.0392,0.0377,0.7949,4825542.01,5835816.52,228798.13,3835587.78,933130.97
"2025-08-08","Uber",479062,26.45,2.24,1.4,0.23,1.09,0.66,1.08,20.91,32.06,5.54,4.29,1.32,5.14,0.0407,0.0336,0.0325,0.7907,12670572.35,15358646.48,515611.13,10018949.29,2465204.53
"2025-08-09","Lyft",204532,24.52,1.98,1.45,0.15,1.02,0.63,1.13,19.85,29.75,4.67,4.06,1.16,4.93,0.0462,0.0381,0.0367,0.8094,5015836.78,6084681.8,231932.56,4059930.05,1017807.2
"2025-08-09","Uber",487743,25.47,2.15,1.37,0.16,1.13,0.63,0.98,20.75,30.92,4.72,4.15,1.3,4.83,0.0383,0.0315,0.0306,0.8148,12421665.97,15080273.67,475696.04,10121782.49,2569355.18
"2025-08-10","Lyft",192237,24.55,1.99,1.39,0.23,1.05,0.63,1.15,20.16,29.84,4.4,4.01,1.28,4.68,0.0466,0.0384,0.037,0.821,4720274.65,5736300.56,220145.31,3875268.77,1007554.13
"2025-08-10","Uber",418758,26.69,2.25,1.3,0.25,1.23,0.66,0.98,21.29,32.38,5.41,4.21,1.48,4.78,0.0368,0.0304,0.0295,0.7974,11177776.36,13560021.38,411634.95,8913361.47,2336924.37
"2025-08-11","Lyft",151029,24.82,1.93,1.29,0.27,0.98,0.6,1.22,19.61,29.88,5.2,3.82,1.24,4.95,0.049,0.0407,0.0391,0.7903,3747811.43,4513323.75,183613.22,2961794.29,756888.45
"2025-08-11","Uber",384970,26.99,2.28,1.39,0.28,1.14,0.67,1.15,20.55,32.75,6.44,4.34,1.42,5.12,0.0427,0.0352,0.034,0.7613,10390639.72,12609192.57,443215.09,7910310.39,2030092.77
"2025-08-12","Lyft",160599,24.52,1.99,1.47,0.21,0.97,0.63,1.22,19.48,29.79,5.04,4.09,1.18,5.12,0.0499,0.0411,0.0395,0.7945,3937349.54,4783825.23,196643.63,3128354.66,768325.39
"2025-08-12","Uber",402613,27.25,2.27,1.5,0.23,1.15,0.68,1.21,20.55,33.08,6.7,4.45,1.38,5.37,0.0443,0.0365,0.0352,0.7541,10972108.61,13318314.36,486390.68,8274196.28,2043730.81
"2025-08-13","Lyft",182158,24.86,1.99,1.48,0.19,0.94,0.63,1.25,19.39,30.1,5.47,4.11,1.13,5.45,0.0504,0.0416,0.0399,0.78,4528998.4,5482866.68,228076.27,3532729.05,831340.92
"2025-08-13","Uber",452846,28.48,2.35,1.52,0.21,1.13,0.71,1.25,21.5,34.41,6.98,4.59,1.34,5.76,0.0437,0.0362,0.0349,0.755,12896859.93,15580759.73,564053.86,9737727.62,2237549.16
"2025-08-14","Lyft",185698,26.47,2.1,1.5,0.26,1.07,0.67,1.31,20.45,32.07,6.02,4.26,1.33,5.33,0.0496,0.041,0.0393,0.7726,4915924.83,5954645.72,243909.88,3797821.46,922013.82
"2025-08-14","Uber",454638,28.39,2.36,1.48,0.27,1.21,0.7,1.22,21.8,34.41,6.59,4.54,1.48,5.35,0.043,0.0355,0.0343,0.768,12906102.21,15642019.12,554829.39,9911960.67,2411875.49
"2025-08-15","Lyft",207608,24.94,2.03,1.39,0.21,0.91,0.63,1.16,19.92,30.12,5.02,4.05,1.12,5.15,0.0464,0.0384,0.037,0.7986,5178246.37,6252196.94,240382.53,4135559.21,1005825.6
"2025-08-15","Uber",479359,26.72,2.26,1.38,0.24,1.09,0.66,1.07,20.96,32.35,5.75,4.3,1.33,5.17,0.0402,0.0332,0.0321,0.7846,12806818.96,15505516.01,514851.76,10048728.27,2475436.18
"2025-08-16","Lyft",204951,24.87,1.93,1.41,0.15,0.94,0.6,1.18,19.58,29.9,5.29,3.94,1.09,5.09,0.0473,0.0394,0.0379,0.7874,5097603.3,6127896.45,241225.36,4013789.82,1001701.52
"2025-08-16","Uber",492322,25.79,2.18,1.4,0.16,1.13,0.64,0.96,20.88,31.31,4.91,4.22,1.29,4.9,0.0373,0.0308,0.0298,0.8096,12698363.36,15412740.19,474038.29,10279960.5,2593704.98
"2025-08-17","Lyft",93851,25.17,2,1.44,0.21,1.01,0.63,1.67,19.41,30.47,5.76,4.07,1.22,4.95,0.0665,0.055,0.0521,0.7711,2362637.86,2859409.45,157139.91,1821836.28,477748.13
"2025-08-17","Uber",439093,26.77,2.26,1.36,0.25,1.23,0.66,0.98,21.56,32.53,5.21,4.28,1.48,4.8,0.0366,0.0301,0.0292,0.8053,11756608.44,14283976.47,430021.66,9467377.52,2449299.3
"2025-08-18","Lyft",93981,24.96,2,1.35,0.27,1.01,0.63,0.7,19.15,30.22,5.82,3.98,1.28,4.99,0.0282,0.0233,0.0228,0.767,2346093.51,2840154.15,66157.16,1799379.43,470563.71
"2025-08-18","Uber",369979,27.39,2.32,1.38,0.31,1.22,0.68,1.15,20.98,33.3,6.41,4.39,1.53,4.97,0.0421,0.0346,0.0335,0.7658,10133868.86,12321346.48,426460.83,7760898.9,2037388.19
"2025-08-19","Lyft",151230,25.29,2.05,1.44,0.23,0.98,0.65,1.26,19.43,30.64,5.86,4.14,1.21,5.22,0.0499,0.0412,0.0396,0.7684,3824893,4633968.82,190980.57,2938950.22,732602.29
"2025-08-19","Uber",381297,27.54,2.33,1.48,0.25,1.16,0.69,1.2,20.76,33.44,6.77,4.49,1.41,5.26,0.0437,0.036,0.0347,0.754,10499481.35,12749170.3,458628.39,7916452.48,1996542.24
"2025-08-20","Lyft",192742,24.49,1.98,1.47,0.19,0.88,0.62,1.23,18.91,29.63,5.58,4.07,1.07,5.59,0.0503,0.0416,0.0399,0.7721,4719668.61,5710295.8,237479.49,3644281.47,843953.11
"2025-08-20","Uber",447782,28.11,2.38,1.52,0.22,1.07,0.71,1.22,21.78,34.01,6.32,4.61,1.29,5.75,0.0434,0.0359,0.0346,0.775,12586350.23,15231201.9,546234.21,9754424.39,2187562.03
"2025-08-21","Lyft",180653,26.56,2.1,1.48,0.26,1.09,0.67,1.31,20.43,32.15,6.13,4.25,1.34,5.31,0.0495,0.0409,0.0393,0.7692,4798109.92,5808452.14,237479.98,3690931.52,903801.03
"2025-08-21","Uber",426594,28.91,2.4,1.52,0.27,1.21,0.72,1.26,21.77,35.03,7.14,4.64,1.48,5.4,0.0437,0.0361,0.0348,0.7529,12333742.07,14943211.83,539139.05,9285904.03,2282087.36
"2025-08-22","Lyft",201326,26.5,2.07,1.42,0.21,1,0.65,1.23,20.39,31.85,6.11,4.14,1.21,5.35,0.0465,0.0387,0.0373,0.7693,5336035.19,6412035.71,248268.81,4105121.45,997564.1
"2025-08-22","Uber",459269,27.4,2.31,1.44,0.24,1.13,0.68,1.13,21.39,33.2,6.01,4.43,1.37,5.23,0.0414,0.0341,0.033,0.7806,12584483.39,15249452.79,520479.57,9823940.46,2407410.78
"2025-08-23","Lyft",220912,26.16,2.03,1.5,0.15,1.06,0.64,1.19,20.09,31.55,6.08,4.17,1.21,5.16,0.0456,0.0378,0.0364,0.7678,5779961.98,6968938.18,263473.16,4437613.31,1120756.08
"2025-08-23","Uber",496060,26.08,2.21,1.48,0.17,1.14,0.65,1.02,20.9,31.72,5.18,4.34,1.31,4.97,0.039,0.032,0.031,0.8014,12935348.68,15735413.92,504003.22,10366634.51,2605013.01
"2025-08-24","Lyft",190535,26.36,2.06,1.47,0.23,1.17,0.66,1.23,20.31,31.94,6.05,4.18,1.4,4.86,0.0466,0.0385,0.037,0.7706,5022849.36,6086336.72,234100.23,3870414.01,1033780.27
"2025-08-24","Uber",428123,27.29,2.3,1.43,0.27,1.29,0.68,1.01,21.65,33.27,5.64,4.41,1.56,4.76,0.0371,0.0305,0.0296,0.7932,11684485.57,14242483,433817.44,9268431.87,2455398.55
"2025-08-25","Lyft",157337,26.06,2.09,1.37,0.27,1.09,0.66,1.27,20.1,31.54,5.96,4.12,1.36,5.02,0.0488,0.0403,0.0387,0.7712,4100161.12,4962050.02,200029.14,3162223.5,816643.05
"2025-08-25","Uber",373148,28.22,2.38,1.41,0.3,1.24,0.7,1.23,21.28,34.24,6.94,4.49,1.54,5.17,0.0437,0.036,0.0347,0.7541,10529940.66,12776663.01,459842.71,7940114.61,2036439.39
"2025-08-26","Lyft",157338,25.94,2.08,1.43,0.23,1.03,0.66,1.29,19.96,31.37,5.98,4.17,1.26,5.24,0.0499,0.0413,0.0396,0.7693,4081396.46,4935990.18,203659.28,3139771.58,779063.93
"2025-08-26","Uber",376218,28.62,2.39,1.5,0.24,1.16,0.71,1.28,21.25,34.63,7.37,4.6,1.41,5.45,0.0446,0.0369,0.0356,0.7426,10767264.85,13028761.72,480364.07,7995624.97,1976733.58
"2025-08-27","Lyft",171344,26.73,2.1,1.42,0.24,1.07,0.67,1.32,20.55,32.24,6.18,4.2,1.31,5.35,0.0492,0.0408,0.0392,0.7687,4579735.23,5523618.28,225336.94,3520666.67,855973.27
"2025-08-27","Uber",390624,29.59,2.45,1.49,0.26,1.22,0.73,1.31,22.01,35.74,7.58,4.67,1.48,5.57,0.0444,0.0367,0.0354,0.744,11559195.64,13959541.66,512823.27,8599501.23,2073867.32
"2025-08-28","Lyft",187013,27.11,2.15,1.4,0.27,1.1,0.68,1.3,20.87,32.7,6.24,4.23,1.36,5.34,0.0478,0.0397,0.0382,0.77,5069703.6,6115630.65,242566.29,3903440.85,949664.04
"2025-08-28","Uber",419622,29.54,2.46,1.45,0.28,1.24,0.73,1.27,22.18,35.69,7.36,4.64,1.52,5.48,0.043,0.0356,0.0344,0.7508,12394985.66,14977176.21,532882.31,9306736.34,2260507.04
"2025-08-29","Lyft",210089,26.81,2.11,1.36,0.25,1.06,0.66,1.2,20.57,32.26,6.24,4.14,1.31,5.23,0.0446,0.0371,0.0357,0.7673,5632438.67,6776657.68,251207.27,4321497.81,1076981.94
"2025-08-29","Uber",456003,27.69,2.34,1.38,0.25,1.14,0.69,1.14,21.25,33.5,6.44,4.41,1.4,5.29,0.0411,0.034,0.0329,0.7674,12627988.58,15276635.65,519385.38,9690100.72,2388077.04
"2025-08-30","Lyft",224763,24.42,2,1.4,0.18,1.04,0.63,1.12,19.97,29.68,4.45,4.02,1.23,4.72,0.046,0.0378,0.0364,0.8176,5489535.55,6670165.99,252295.78,4488234.94,1163408.92
"2025-08-30","Uber",474315,26.14,2.22,1.41,0.17,1.13,0.65,1.04,20.49,31.72,5.65,4.28,1.3,4.96,0.04,0.0329,0.0319,0.7839,12397406.34,15044482.6,495558.72,9718057.15,2498627.67
"2025-08-31","Lyft",206929,24.7,2.02,1.36,0.21,1.12,0.64,1.15,20.18,30.05,4.52,4.02,1.33,4.69,0.0464,0.0382,0.0368,0.8171,5111485.65,6218223.99,237316.23,4176623.48,1090912.81
"2025-08-31","Uber",439256,27.04,2.27,1.35,0.2,1.24,0.67,1.01,21.22,32.77,5.83,4.29,1.44,4.96,0.0374,0.0309,0.03,0.7846,11878224.38,14392953.8,444600.39,9319312.62,2392902.93
"2025-09-01","Lyft",161153,26.73,2.14,1.41,0.37,1.31,0.69,1.25,20.64,32.64,6.08,4.24,1.68,4.74,0.0466,0.0382,0.0368,0.7725,4306859.19,5260123.52,200768.21,3326940.79,908906.11
"2025-09-01","Uber",367018,28.79,2.41,1.33,0.31,1.39,0.71,1.08,21.98,34.94,6.8,4.45,1.7,4.97,0.0376,0.031,0.0301,0.7637,10565319.51,12823509.13,397635.13,8068498.34,2127443.12
"2025-09-02","Lyft",162331,26.2,2.16,1.4,0.29,1.03,0.67,1.27,20.26,31.75,5.94,4.23,1.32,5.3,0.0484,0.0399,0.0384,0.7732,4253601.63,5154744.88,205705.67,3288858.25,802107.65
"2025-09-02","Uber",397246,29.25,2.46,1.49,0.26,1.16,0.73,1.24,21.94,35.36,7.31,4.68,1.43,5.56,0.0425,0.0352,0.034,0.75,11620615.89,14046169.68,494407.23,8715015.11,2090701.62
"2025-09-03","Lyft",166191,25.8,1.98,1.32,0.23,0.97,0.62,1.26,20.35,30.92,5.45,3.91,1.2,5.33,0.0487,0.0406,0.039,0.7886,4287629.08,5137870.74,208613.79,3381187.67,804376.16
"2025-09-03","Uber",425014,29.17,2.43,1.59,0.2,1.11,0.72,1.28,21.39,35.22,7.78,4.74,1.31,5.86,0.044,0.0364,0.0351,0.7332,12398188.31,14970975.41,545278.54,9090210.35,2116302.84
"2025-09-04","Lyft",177220,26.85,1.54,1.06,0.22,0.98,0.49,1.31,20.75,31.14,6.1,3.09,1.2,5.69,0.0489,0.0421,0.0404,0.7729,4758438.1,5519164.05,232554.36,3678032.55,836954.97
"2025-09-04","Uber",467063,30.39,2.52,1.65,0.21,1.12,0.75,1.33,22.42,36.64,7.97,4.92,1.32,6.16,0.0436,0.0362,0.0349,0.7377,14192823.11,17111550.4,619208.33,10469530.63,2304546.57
"2025-09-05","Lyft",199288,26.86,2.19,1.48,0.24,1,0.68,1.3,20.82,32.46,6.04,4.36,1.24,5.52,0.0485,0.0401,0.0386,0.7752,5352829.58,6469193.86,259461.63,4149326.63,969068.89
"2025-09-05","Uber",510758,28.67,2.42,1.58,0.22,1.09,0.71,1.2,21.84,34.68,6.83,4.71,1.3,5.77,0.0419,0.0347,0.0335,0.7618,14642718.47,17713876.47,614064.42,11155456.42,2539542.7
"2025-09-06","Lyft",218001,25.5,2.06,1.56,0.15,1.01,0.64,1.22,19.73,30.93,5.77,4.26,1.16,5.36,0.0477,0.0393,0.0378,0.7738,5558861.11,6742028.64,264884.79,4301222.77,1037947.95
"2025-09-06","Uber",545279,26.69,2.28,1.69,0.13,1.04,0.66,1.05,20.9,32.49,5.79,4.63,1.17,5.58,0.0394,0.0324,0.0314,0.7831,14555769.6,17715323.99,573369.64,11398373.31,2610525.76
"2025-09-07","Lyft",186341,26.06,2.11,1.55,0.28,1.19,0.67,1.25,20.2,31.86,5.85,4.34,1.47,4.94,0.048,0.0392,0.0377,0.7753,4855629.12,5937537.65,232910.71,3764639.47,982897.18
"2025-09-07","Uber",463124,27.61,2.32,1.58,0.26,1.27,0.68,1.06,21.42,33.72,6.18,4.58,1.53,5.1,0.0384,0.0314,0.0305,0.776,12785104.38,15616054.94,491001.18,9921333.51,2506763.55
"2025-09-08","Lyft",149328,26.75,2.2,1.48,0.29,1.13,0.69,1.41,20.88,32.55,5.87,4.37,1.42,5.34,0.0526,0.0432,0.0414,0.7805,3995084.86,4859930.96,209994.22,3118207.32,747558.92
"2025-09-08","Uber",414445,29.61,2.48,1.58,0.28,1.24,0.74,1.33,22.65,35.93,6.96,4.79,1.53,5.57,0.0451,0.0371,0.0358,0.7648,12271646.18,14890765.6,552959.96,9385726.21,2203285.9
"2025-09-09","Lyft",152068,26.98,2.19,1.58,0.21,1.09,0.69,1.42,20.92,32.75,6.06,4.47,1.3,5.56,0.0528,0.0435,0.0417,0.7754,4103332.29,4980162.09,216509.61,3181564.87,737377.65
"2025-09-09","Uber",433044,29.98,2.48,1.68,0.22,1.18,0.74,1.39,22.51,36.28,7.46,4.91,1.4,5.88,0.0463,0.0383,0.0369,0.7511,12980542.16,15712303.39,601210.74,9749118.38,2207857.93
"2025-09-10","Lyft",170877,27.67,2.27,1.61,0.2,1.12,0.72,1.49,21.62,33.6,6.05,4.61,1.32,5.69,0.0539,0.0444,0.0425,0.7814,4728658.18,5741356.55,254794.76,3695083.55,831641.01
"2025-09-10","Uber",476169,31.57,2.61,1.74,0.22,1.2,0.78,1.46,23.44,38.12,8.12,5.13,1.42,6.24,0.0464,0.0384,0.037,0.7427,15031038.22,18151423.37,696854.37,11163021.01,2409969.78
"2025-09-11","Lyft",179748,27.93,2.27,1.61,0.24,1.14,0.72,1.42,21.77,33.9,6.15,4.6,1.38,5.67,0.0508,0.0419,0.0402,0.7797,5019498.96,6093858.48,255183.92,3913868.78,885230.4
"2025-09-11","Uber",482546,31.1,2.58,1.64,0.24,1.22,0.77,1.35,23.42,37.56,7.68,5,1.46,5.97,0.0434,0.0359,0.0347,0.753,15007594.99,18122869.76,650962.38,11300441.38,2512673.67
"2025-09-12","Lyft",194308,27.79,2.27,1.55,0.22,1.04,0.71,1.34,21.55,33.58,6.23,4.53,1.26,5.79,0.0482,0.0399,0.0384,0.7758,5398931.9,6524531.1,260293.37,4188281.9,931908.04
"2025-09-12","Uber",529891,29.67,2.51,1.58,0.22,1.14,0.74,1.22,23.46,35.85,6.21,4.82,1.36,5.79,0.041,0.0339,0.0328,0.7907,15720009.06,18996676.01,644567.45,12429525.94,2714453.74
"2025-09-13","Lyft",220360,27.19,2.17,1.63,0.15,1.15,0.69,1.25,21.08,32.98,6.11,4.49,1.3,5.41,0.046,0.0379,0.0365,0.7752,5991664.04,7266700.26,275323.45,4644440.48,1108452.52
"2025-09-13","Uber",572198,27.26,2.31,1.63,0.14,1.15,0.67,1.03,21.75,33.16,5.51,4.62,1.28,5.37,0.0377,0.031,0.0301,0.7978,15598567.83,18975569.49,588441.68,12444290.47,2903005.85
"2025-09-14","Lyft",192764,27.41,2.19,1.59,0.25,1.29,0.7,1.3,21.31,33.43,6.11,4.48,1.54,5.03,0.0476,0.039,0.0375,0.7772,5284121.64,6444625.78,251263.26,4107051.48,1050507.47
"2025-09-14","Uber",498894,27.9,2.33,1.52,0.25,1.32,0.69,1.05,22.19,34.01,5.71,4.55,1.56,5.02,0.0376,0.0308,0.0299,0.7955,13918408.52,16967397.3,523261.08,11071561.91,2773518.64
"2025-09-15","Lyft",154854,26.99,2.21,1.57,0.29,1.12,0.7,1.42,20.92,32.88,6.07,4.48,1.41,5.37,0.0525,0.0431,0.0413,0.7752,4178832.1,5091503.38,219192.56,3239488.84,778715.91
"2025-09-15","Uber",432568,29.27,2.46,1.59,0.29,1.23,0.73,1.31,22.5,35.56,6.77,4.77,1.52,5.49,0.0448,0.0369,0.0356,0.7687,12660111,15380342.04,567785.11,9731859.35,2306086.96
"2025-09-16","Lyft",161019,27.06,2.18,1.63,0.23,1.1,0.69,1.45,20.93,32.89,6.13,4.51,1.33,5.58,0.0537,0.0442,0.0423,0.7735,4356429.75,5295971.01,233986.63,3369643.25,780227.57
"2025-09-16","Uber",440131,29.95,2.48,1.66,0.22,1.2,0.74,1.41,22.28,36.25,7.67,4.88,1.42,5.85,0.047,0.0388,0.0374,0.744,13180478.9,15956094.48,619580.29,9806333.99,2251515.18
"2025-09-17","Lyft",171973,27.6,2.24,1.63,0.24,1.13,0.71,1.52,21.36,33.55,6.24,4.58,1.37,5.59,0.055,0.0452,0.0433,0.774,4746560.16,5769252.97,260863.13,3673701.74,849328.78
"2025-09-17","Uber",471343,30.3,2.5,1.66,0.23,1.19,0.75,1.45,22.58,36.62,7.72,4.91,1.42,5.94,0.0479,0.0396,0.0381,0.7452,14279822.14,17262166.48,684176.19,10641349.47,2403942.4
"2025-09-18","Lyft",186446,28.52,2.3,1.56,0.27,1.12,0.73,1.53,22.22,34.5,6.31,4.58,1.39,5.74,0.0537,0.0444,0.0425,0.7789,5317945.22,6432071.47,285560.49,4142029.37,926986.05
"2025-09-18","Uber",480289,32.36,2.65,1.61,0.26,1.27,0.81,1.51,24.3,38.97,8.06,5.07,1.54,6.08,0.0466,0.0387,0.0373,0.751,15542975.64,18715495.61,724619.09,11672498.63,2554899.58
"2025-09-19","Lyft",207713,28.11,2.22,1.54,0.24,1.07,0.7,1.39,21.7,33.87,6.41,4.45,1.32,5.71,0.0496,0.0411,0.0395,0.772,5837795.8,7035685.28,289382.18,4506574.07,1021747.25
"2025-09-19","Uber",519145,29.04,2.44,1.52,0.24,1.15,0.72,1.25,22.82,35.11,6.21,4.68,1.39,5.64,0.0429,0.0355,0.0343,0.786,15075376.92,18227708.39,646520.92,11849394.82,2673461.34
"2025-09-20","Lyft",223499,26.72,2.12,1.62,0.17,1.1,0.67,1.29,20.72,32.4,6,4.41,1.27,5.51,0.0482,0.0398,0.0382,0.7754,5971257.01,7241027.63,287856.33,4630131.1,1084572.17
"2025-09-20","Uber",545898,27.36,2.32,1.58,0.14,1.16,0.68,1.08,22.06,33.23,5.29,4.57,1.3,5.3,0.0395,0.0325,0.0315,0.8065,14933484.6,18142403.23,590075.77,12043494.83,2819484.94
"2025-09-21","Lyft",193633,27.19,2.16,1.56,0.27,1.27,0.69,1.35,21.09,33.14,6.11,4.41,1.54,5.09,0.0498,0.0408,0.0392,0.7754,5265727.04,6417718.42,262075.71,4082834.25,1035091.03
"2025-09-21","Uber",472294,28.28,2.35,1.5,0.24,1.37,0.7,1.1,22.51,34.45,5.77,4.56,1.62,4.99,0.0389,0.0319,0.0309,0.796,13354488.55,16270449.11,519474.91,10629567.77,2676092.83
"2025-09-22","Lyft",165887,26.75,2.14,1.37,0.28,1.08,0.67,1.31,20.76,32.28,5.99,4.18,1.36,5.36,0.0491,0.0407,0.0391,0.7761,4437075.99,5355172.55,217886.46,3443731.88,828006.74
"2025-09-22","Uber",379516,30.29,2.53,1.55,0.28,1.26,0.75,1.36,22.62,36.66,7.67,4.83,1.54,5.62,0.045,0.0372,0.0359,0.7468,11494958.81,13914105.39,517501.39,8584562.75,2046905.59
"2025-09-23","Lyft",156329,26.25,2.09,1.43,0.23,1.1,0.66,1.36,20.11,31.77,6.14,4.18,1.33,5.24,0.0518,0.0428,0.0411,0.7661,4103967.27,4965810.25,212618.78,3143924.85,783563.62
"2025-09-23","Uber",365889,29.8,2.47,1.64,0.22,1.22,0.74,1.43,21.55,36.09,8.25,4.85,1.44,5.71,0.0479,0.0396,0.038,0.7232,10903149.1,13203254.56,522203.83,7885322.13,1910819.52
"2025-09-24","Lyft",174597,26.4,2.12,1.49,0.24,1.11,0.67,1.41,20.22,32.03,6.17,4.28,1.35,5.34,0.0533,0.044,0.0421,0.7661,4608930.81,5591794.3,245770.56,3530963.01,863612.1
"2025-09-24","Uber",410379,31.11,2.57,1.71,0.24,1.24,0.77,1.53,22.18,37.64,8.93,5.05,1.48,5.9,0.049,0.0405,0.0389,0.7129,12766348.69,15448063.68,625963.03,9101610.34,2162512.73
"2025-09-25","Lyft",196136,27.19,2.22,1.46,0.24,1.07,0.7,1.47,21.11,32.88,6.07,4.38,1.32,5.78,0.0542,0.0449,0.0429,0.7766,5332636.55,6449520.48,289286.88,4141341.89,923265.36
"2025-09-25","Uber",478046,33.32,2.75,1.67,0.24,1.24,0.83,1.58,24.18,40.06,9.14,5.26,1.48,6.35,0.0474,0.0394,0.0379,0.7257,15928275.03,19150457.71,754636.58,11558709.95,2508235.34
"2025-09-26","Lyft",197125,27.68,2.24,1.46,0.26,1.04,0.7,1.44,21.42,33.38,6.26,4.4,1.3,5.72,0.0519,0.043,0.0412,0.774,5456524.82,6579980.59,282963.04,4223198.93,953244.79
"2025-09-26","Uber",519025,30.38,2.56,1.51,0.24,1.18,0.75,1.35,23.48,36.62,6.89,4.82,1.42,5.74,0.0443,0.0367,0.0354,0.7731,15765540.48,19004659.55,698275.44,12188326.1,2746015.08
"2025-09-27","Lyft",204227,25.45,1.93,1.49,0.17,1.01,0.61,1.33,20.38,30.66,5.07,4.04,1.18,5.34,0.0522,0.0434,0.0416,0.8008,5197254.32,6262613.69,271527.54,4161774.07,973840.57
"2025-09-27","Uber",581145,27.28,2.31,1.6,0.14,1.18,0.68,1.13,22.41,33.19,4.88,4.58,1.32,5.18,0.0414,0.034,0.0329,0.8213,15855339.15,19286201.1,655987.19,13022160.32,3061897.35
"2025-09-28","Lyft",174927,26.4,2.14,1.55,0.29,1.18,0.69,1.38,20.64,32.26,5.76,4.39,1.47,5.05,0.0522,0.0427,0.041,0.7817,4618621.04,5643248.51,241191.69,3610383.77,913736.98
"2025-09-28","Uber",496079,27.88,2.32,1.46,0.25,1.36,0.69,1.11,22.54,33.95,5.34,4.48,1.6,4.91,0.0397,0.0326,0.0315,0.8085,13828663.65,16844309.7,548400.89,11180673.4,2813863.04
"2025-09-29","Lyft",142169,27.07,2.25,1.49,0.3,1.11,0.71,1.47,21.39,32.93,5.68,4.45,1.41,5.29,0.0544,0.0447,0.0428,0.7902,3848084.16,4681821,209316.53,3040602.89,727395.14
"2025-09-29","Uber",422326,29.2,2.45,1.49,0.28,1.21,0.73,1.34,22.36,35.35,6.85,4.66,1.48,5.52,0.0459,0.0379,0.0365,0.7656,12333672.27,14929701.98,565979.23,9442574.03,2233027.11
"2025-09-30","Lyft",145439,27.17,2.24,1.61,0.23,1.12,0.71,1.5,21.44,33.07,5.73,4.56,1.35,5.41,0.0551,0.0453,0.0433,0.7892,3951070.12,4809504.36,217667.05,3118124.58,730365.54
"2025-09-30","Uber",440953,29.4,2.43,1.53,0.22,1.16,0.73,1.37,22.13,35.46,7.27,4.69,1.37,5.77,0.0466,0.0387,0.0372,0.7527,12962476.07,15634763.55,604660.09,9756777.62,2245083.48
"2025-10-01","Lyft",161672,26.54,2.11,1.56,0.23,1.1,0.67,1.4,21.06,32.21,5.48,4.35,1.33,5.34,0.0526,0.0433,0.0415,0.7935,4290037.9,5207580.01,225553.7,3404300.81,802976.02
"2025-10-01","Uber",440072,28.43,2.35,1.5,0.23,1.17,0.71,1.42,21.72,34.39,6.72,4.56,1.39,5.6,0.0498,0.0412,0.0396,0.7637,12513024.79,15133971.93,623266.28,9556400.24,2232649.42
"2025-10-02","Lyft",167001,25.99,2.06,1.64,0.25,1.14,0.66,1.37,20.42,31.74,5.57,4.36,1.39,5,0.0528,0.0432,0.0415,0.7857,4339867.34,5300878.01,229253.58,3409941.62,868486.98
"2025-10-02","Uber",443682,27.1,2.26,1.56,0.24,1.18,0.67,1.33,20.5,33,6.59,4.49,1.42,5.25,0.0492,0.0404,0.0388,0.7567,12021865.18,14643092.83,591005.9,9097475.99,2290698.88
"2025-10-03","Lyft",197944,26.22,2.11,1.58,0.21,0.93,0.66,1.28,20.88,31.7,5.33,4.34,1.14,5.5,0.049,0.0405,0.039,0.7966,5189227.65,6274075.17,254356.18,4133765.12,942850.35
"2025-10-03","Uber",513409,26.9,2.28,1.47,0.2,1.03,0.67,1.21,21.39,32.56,5.51,4.42,1.24,5.48,0.0449,0.0371,0.0358,0.7953,13809699.19,16716111.95,619887.97,10983162.89,2520027.04
"2025-10-04","Lyft",223922,24.18,1.94,1.68,0.14,0.89,0.61,1.2,19.9,29.46,4.28,4.24,1.04,5.14,0.0495,0.0407,0.0391,0.8231,5414255.93,6596628.78,268207.08,4456224.42,1053709.17
"2025-10-04","Uber",548330,25.35,2.15,1.54,0.13,1.07,0.63,1.08,20.88,30.88,4.47,4.33,1.2,5.02,0.0427,0.035,0.0339,0.8238,13899967.71,16932642.15,593421.99,11450308.59,2769118.6
"2025-10-05","Lyft",191093,25.19,1.99,1.58,0.27,1.12,0.65,1.28,20.43,30.79,4.76,4.22,1.38,4.82,0.0507,0.0415,0.0398,0.8109,4813133.44,5882883.38,243933.3,3903126.77,999070.4
"2025-10-05","Uber",469089,26.93,2.26,1.45,0.25,1.31,0.67,1.19,21.8,32.86,5.13,4.38,1.56,4.79,0.0441,0.0361,0.0349,0.8095,12630966.03,15416581.31,557262.28,10224178.54,2635941.45
"2025-10-06","Lyft",148298,26.44,2.16,1.54,0.3,1.04,0.69,1.47,21.22,32.17,5.22,4.39,1.34,5.17,0.0554,0.0455,0.0436,0.8025,3920565.14,4770415.67,217283.13,3146323.56,758326.98
"2025-10-06","Uber",422805,27.86,2.38,1.51,0.29,1.21,0.71,1.43,22.1,33.96,5.75,4.6,1.51,5.24,0.0515,0.0422,0.0405,0.7935,11777731.53,14359243.43,606393.41,9345431.75,2245732.78
"2025-10-07","Lyft",151755,25.62,2.09,1.68,0.24,1.06,0.67,1.48,20.69,31.35,4.93,4.43,1.3,5.06,0.0576,0.0471,0.045,0.8078,3887882.42,4757699.32,223924.51,3140476.85,768606.54
"2025-10-07","Uber",440430,27.1,2.3,1.64,0.23,1.17,0.69,1.46,21.09,33.12,6.01,4.62,1.39,5.32,0.0537,0.0439,0.0421,0.7784,11936430.54,14586312.96,641055.3,9290805.38,2242920.84
"2025-10-08","Lyft",176053,27.16,2.18,1.68,0.24,1.08,0.7,1.53,21.34,33.04,5.82,4.56,1.32,5.39,0.0564,0.0463,0.0443,0.7856,4781365.61,5816262.04,269525.15,3756130.89,886387.26
"2025-10-08","Uber",488859,29.21,2.47,1.68,0.23,1.22,0.74,1.58,22.27,35.55,6.94,4.88,1.46,5.69,0.0541,0.0444,0.0425,0.7625,14279948.03,17379754.67,771860.72,10888468.41,2510803.76
"2025-10-09","Lyft",186580,28.34,2.27,1.59,0.26,1.02,0.73,1.57,22.44,34.21,5.9,4.59,1.28,5.72,0.0553,0.0458,0.0438,0.7919,5288103.86,6382448.15,292269.74,4187419.34,923836.84
"2025-10-09","Uber",500380,31.58,2.62,1.55,0.26,1.29,0.8,1.65,24.56,38.1,7.02,4.97,1.55,5.96,0.0522,0.0433,0.0415,0.7778,15803880.47,19065900.28,825086.54,12291818.9,2650791.63
"2025-10-10","Lyft",213115,26.44,2.13,1.56,0.24,0.94,0.67,1.41,21.51,32,4.93,4.37,1.19,5.44,0.0533,0.044,0.0422,0.8136,5635346.13,6818693.57,300239.38,4585117.43,1035770.85
"2025-10-10","Uber",535227,28.16,2.4,1.5,0.25,1.19,0.71,1.38,22.83,34.2,5.33,4.61,1.43,5.46,0.0491,0.0404,0.0389,0.8108,15070098.31,18306550.34,740408.51,12218729.1,2758840.66
"2025-10-11","Lyft",229284,24.58,1.97,1.72,0.17,0.99,0.63,1.28,20.16,30.06,4.43,4.32,1.16,5.07,0.0522,0.0427,0.041,0.8199,5636459.03,6892566.84,294385.53,4621547.46,1112698.87
"2025-10-11","Uber",578157,24.67,2.14,1.61,0.15,1.08,0.62,1.15,20.78,30.28,3.89,4.38,1.23,4.95,0.0466,0.038,0.0366,0.8423,14264000.73,17506296.22,664409.68,12014737.37,2882621.32
"2025-10-12","Lyft",200073,24.17,1.94,1.67,0.24,1.01,0.62,1.28,19.25,29.65,4.92,4.23,1.25,4.81,0.053,0.0432,0.0414,0.7966,4835341.24,5932442.66,256439.98,3851898.95,1004749.18
"2025-10-12","Uber",516421,24.11,2.09,1.56,0.21,1.12,0.61,1.12,19.88,29.69,4.24,4.25,1.33,4.69,0.0466,0.0378,0.0364,0.8244,12453387.86,15334328.25,580051.89,10266275.9,2656054.87
"2025-10-13","Lyft",153734,24.7,2.03,1.65,0.31,0.98,0.64,1.39,18.96,30.31,5.73,4.33,1.29,4.89,0.0564,0.046,0.044,0.7678,3796548.96,4660138.73,214304.31,2915105.51,776443.85
"2025-10-13","Uber",437183,24.37,2.11,1.57,0.26,1.07,0.62,1.23,19.1,29.99,5.27,4.3,1.32,4.89,0.0504,0.0409,0.0393,0.7837,10653393.47,13110247.58,536837.96,8349535.16,2176589.56
"2025-10-14","Lyft",156256,26.75,2.19,1.67,0.3,1.05,0.69,1.53,21.13,32.65,5.62,4.55,1.35,5.16,0.0571,0.0467,0.0447,0.79,4179625.13,5101733.67,238461.08,3301790.09,809248.53
"2025-10-14","Uber",458216,28.17,2.35,1.62,0.25,1.16,0.7,1.46,21.61,34.25,6.56,4.67,1.41,5.47,0.052,0.0427,0.041,0.7672,12905722.13,15695174.24,670705.42,9901811.29,2358815.66
"2025-10-15","Lyft",165194,26.85,2.18,1.65,0.26,1.03,0.69,1.51,21.2,32.66,5.65,4.52,1.29,5.27,0.0563,0.0463,0.0442,0.7895,4435171.04,5394961.95,249761.35,3501363.12,841672.02
"2025-10-15","Uber",480445,28.71,2.38,1.64,0.23,1.19,0.71,1.51,21.76,34.86,6.94,4.73,1.42,5.56,0.0526,0.0433,0.0415,0.7582,13791358.09,16746202.57,724761.43,10456706.19,2478769.98
"2025-10-16","Lyft",188452,27.85,2.25,1.6,0.25,1.04,0.72,1.53,22.41,33.71,5.44,4.57,1.29,5.58,0.055,0.0454,0.0434,0.8047,5249070.24,6353048.59,288495.13,4224100.09,940016.15
"2025-10-16","Uber",513826,31.04,2.56,1.57,0.25,1.2,0.77,1.58,23.83,37.39,7.21,4.9,1.44,5.99,0.051,0.0424,0.0406,0.7679,15949150.4,19210833.83,813849.14,12246631.2,2663286.73
"2025-10-17","Lyft",196620,26.09,2.14,1.55,0.24,0.99,0.67,1.45,21.58,31.69,4.51,4.37,1.23,5.39,0.0555,0.0457,0.0437,0.827,5130637.12,6231086.02,284936.81,4243063.17,952593.13
"2025-10-17","Uber",549717,27.44,2.35,1.5,0.23,1.09,0.69,1.31,22.33,33.31,5.11,4.55,1.32,5.45,0.0476,0.0392,0.0377,0.8138,15083158.58,18312353.24,718040.67,12274543.66,2767571.4
"2025-10-18","Lyft",226610,24.45,2.01,1.65,0.16,1.06,0.64,1.26,20.63,29.97,3.82,4.3,1.22,4.96,0.0516,0.0421,0.0404,0.8438,5541171.96,6791558.35,285996.44,4675820.9,1117791.85
"2025-10-18","Uber",573023,25.18,2.18,1.54,0.14,1.1,0.64,1.1,21.3,30.76,3.87,4.35,1.24,4.93,0.0438,0.0359,0.0346,0.8462,14427203.42,17628646.63,631991.03,12208181.89,2926949.21
"2025-10-19","Lyft",181666,25.06,2.02,1.58,0.26,1.19,0.66,1.4,20.6,30.78,4.46,4.26,1.45,4.81,0.0558,0.0454,0.0434,0.8219,4553150.97,5590901.9,253871.52,3742073.55,946627.72
"2025-10-19","Uber",498692,26.8,2.25,1.48,0.25,1.32,0.66,1.15,22.09,32.76,4.7,4.39,1.57,4.79,0.043,0.0352,0.034,0.8244,13362501.26,16335039.03,575157.42,11016557.71,2791755.55
"2025-10-20","Lyft",139910,26.11,2.18,1.57,0.32,1.19,0.7,1.45,21.05,32.06,5.06,4.45,1.51,4.86,0.0554,0.0451,0.0431,0.8063,3652364.23,4485747.87,202195.56,2944747.34,750758.19
"2025-10-20","Uber",447018,27.49,2.31,1.54,0.28,1.16,0.68,1.32,20.89,33.46,6.59,4.54,1.44,5.28,0.0479,0.0394,0.0379,0.7601,12287062.73,14957158.85,588875.61,9339964.73,2327673.4
"2025-10-21","Lyft",159159,26.01,2.16,1.59,0.24,1.07,0.68,1.42,21.25,31.75,4.76,4.43,1.31,5.26,0.0548,0.0449,0.0429,0.8168,4140119.72,5053549.88,226734.96,3381746.39,786549.58
"2025-10-21","Uber",448182,29.03,2.41,1.56,0.23,1.16,0.72,1.44,22.3,35.11,6.73,4.69,1.39,5.71,0.0496,0.041,0.0394,0.7681,13012866.51,15737522.26,644918.03,9994791.8,2280150.94
"2025-10-22","Lyft",171248,26.52,2.16,1.61,0.23,1.09,0.69,1.45,21.38,32.3,5.15,4.46,1.32,5.41,0.0548,0.045,0.043,0.806,4542325.66,5532067.95,248724.29,3661075.88,839403.36
"2025-10-22","Uber",476509,29.82,2.46,1.58,0.23,1.19,0.74,1.49,22.59,36.02,7.23,4.78,1.42,5.83,0.05,0.0414,0.0397,0.7574,14210411.05,17163372.01,710356.56,10763373.34,2439323.47
"2025-10-23","Lyft",186461,27.37,2.22,1.61,0.26,1.13,0.71,1.49,22.04,33.31,5.32,4.55,1.39,5.41,0.0546,0.0449,0.0429,0.8055,5103103.67,6210371.76,278686.31,4110426.59,943735.18
"2025-10-23","Uber",506824,30.53,2.51,1.56,0.24,1.22,0.76,1.48,23.22,36.83,7.31,4.83,1.47,5.87,0.0485,0.0402,0.0386,0.7606,15471582.03,18664081.98,749893.12,11768088.36,2637041.24
"2025-10-24","Lyft",216504,25.88,2.11,1.54,0.24,1,0.66,1.33,21.44,31.43,4.44,4.31,1.24,5.32,0.0514,0.0423,0.0406,0.8285,5603352.34,6805131.79,288002.64,4642128.93,1054096.97
"2025-10-24","Uber",549543,27.57,2.33,1.47,0.21,1.06,0.68,1.23,22.02,33.32,5.54,4.48,1.27,5.55,0.0447,0.037,0.0357,0.7989,15149196.52,18311317.22,677569.97,12102574.55,2729916.85
"2025-10-25","Lyft",237391,24.19,1.98,1.67,0.15,0.99,0.62,1.22,20.37,29.6,3.82,4.27,1.14,5.06,0.0505,0.0412,0.0396,0.8421,5742554.1,7027908.39,289860.26,4836033.83,1135868.37
"2025-10-25","Uber",592607,25.47,2.17,1.56,0.13,1.06,0.63,1.07,21.19,31.03,4.29,4.37,1.19,5.02,0.042,0.0345,0.0333,0.8317,15096040.82,18388638.8,633919.3,12555543.94,3005554.91
"2025-10-26","Lyft",203033,24.74,2,1.61,0.27,1.18,0.64,1.26,20.5,30.45,4.24,4.26,1.45,4.71,0.0508,0.0412,0.0396,0.8285,5023206.63,6183019.37,254931.44,4161664.53,1065565.09
"2025-10-26","Uber",505093,26.07,2.19,1.5,0.23,1.26,0.65,1.08,21.22,31.9,4.86,4.33,1.49,4.71,0.0415,0.0339,0.0328,0.8137,13168550.26,16111047.74,546695.84,10715559.36,2793649.65
"2025-10-27","Lyft",163493,25.61,2.12,1.46,0.29,1.03,0.66,1.35,20.63,31.17,4.98,4.25,1.31,5.2,0.0528,0.0434,0.0416,0.8057,4186709.83,5095672.11,221256.75,3373079.91,805436.15
"2025-10-27","Uber",432501,28.11,2.37,1.49,0.26,1.13,0.7,1.31,21.48,34.06,6.62,4.56,1.39,5.52,0.0468,0.0386,0.0372,0.7644,12155532.34,14729235.79,568481.45,9291746.12,2202290.07
"2025-10-28","Lyft",171758,25.35,2.08,1.53,0.22,1.02,0.66,1.35,20.76,30.85,4.59,4.27,1.23,5.27,0.0534,0.0438,0.042,0.8191,4353897.02,5298737.73,232290.58,3566108.5,825981.5
"2025-10-28","Uber",447718,28.88,2.4,1.61,0.2,1.1,0.72,1.39,21.65,34.92,7.23,4.73,1.3,5.91,0.0481,0.0398,0.0382,0.7498,12930931.05,15632606.49,621450.32,9695286.34,2188721.35
"2025-10-29","Lyft",178753,25.81,2.12,1.53,0.21,1.02,0.67,1.38,20.7,31.36,5.11,4.32,1.23,5.41,0.0533,0.0439,0.042,0.802,4613377.33,5605903.4,245969.89,3699815.86,852461.18
"2025-10-29","Uber",476995,29.68,2.45,1.65,0.21,1.18,0.74,1.42,22.12,35.91,7.56,4.84,1.4,5.93,0.0478,0.0395,0.038,0.7453,14155963.51,17129515.31,677277.05,10551091.73,2387790.91
"2025-10-30","Lyft",207595,26.94,2.21,1.51,0.19,0.88,0.69,1.42,21.05,32.42,5.89,4.42,1.07,6.29,0.0527,0.0438,0.042,0.7813,5592110.69,6730844.49,294962.77,4369283.04,888883.81
"2025-10-30","Uber",574096,31.73,2.62,1.55,0.19,1.06,0.79,1.44,24.4,37.95,7.34,4.96,1.25,6.81,0.0453,0.0379,0.0365,0.7688,18218733.97,21785746.68,825938.47,14006707.16,2676109.94
"2025-10-31","Lyft",255471,26.34,2.24,1.43,0.23,0.89,0.69,1.26,22.09,31.82,4.25,4.35,1.12,5.6,0.0477,0.0395,0.038,0.8385,6730221.15,8128747.26,321243.63,5643594.68,1202763.29
"2025-10-31","Uber",600764,29.48,2.52,1.43,0.2,1,0.73,1.16,22.51,35.35,6.97,4.68,1.2,6.07,0.0393,0.0328,0.0318,0.7637,17709839.92,21239786.61,696631.91,13524154.38,2918576.09
"2025-11-01","Lyft",280605,27.68,2.27,1.64,0.14,0.99,0.71,1.26,22.91,33.43,4.77,4.61,1.13,5.92,0.0456,0.0377,0.0364,0.8276,7767998.69,9379393,353850.71,6429076.58,1311996.39
"2025-11-01","Uber",647688,30.42,2.57,1.64,0.12,1.19,0.75,1.11,24.3,36.68,6.12,4.96,1.3,5.95,0.0364,0.0302,0.0293,0.7988,19703795.73,23759686.62,717415.92,15739438.11,3310657.44
"2025-11-02","Lyft",206449,25.86,2.08,1.55,0.24,1.19,0.67,1.23,20.86,31.58,4.99,4.3,1.43,4.96,0.0477,0.0391,0.0376,0.8069,5338140.26,6519967.44,254605.48,4307462.03,1077160.61
"2025-11-02","Uber",505483,29.11,2.42,1.6,0.23,1.41,0.72,1.11,23.51,35.5,5.6,4.74,1.64,5.24,0.0382,0.0313,0.0304,0.8076,14716317.72,17944560.39,562065.19,11884908.42,2808123.59
"2025-11-03","Lyft",165160,26.06,2.13,1.53,0.29,1.13,0.68,1.38,20.99,31.81,5.07,4.33,1.42,5.16,0.0531,0.0435,0.0417,0.8055,4303490.28,5254245.23,228698.57,3466621.95,833802.72
"2025-11-03","Uber",430154,29.06,2.43,1.53,0.29,1.23,0.72,1.35,22.04,35.26,7.02,4.68,1.52,5.57,0.0464,0.0383,0.0369,0.7583,12501120.88,15169298.18,580440.44,9479889.2,2244588.68
"2025-11-04","Lyft",170729,24.71,2,1.56,0.21,1.07,0.63,1.34,20.08,30.18,4.63,4.19,1.27,5.06,0.0541,0.0443,0.0424,0.8126,4219502.28,5152086.89,228282.08,3428619.74,834027.29
"2025-11-04","Uber",424384,28.53,2.37,1.61,0.24,1.16,0.71,1.38,21.02,34.62,7.51,4.69,1.4,5.68,0.0484,0.0399,0.0384,0.7368,12106053.72,14690776.91,586209.29,8919466.54,2131821.78
"2025-11-05","Lyft",185796,25.95,2.09,1.58,0.16,1.05,0.66,1.39,20.99,31.5,4.96,4.34,1.22,5.34,0.0536,0.0442,0.0423,0.8089,4820952.41,5853038.67,258585.86,3899578.29,903328.6
"2025-11-05","Uber",456062,30.35,2.51,1.62,0.24,1.21,0.76,1.51,22.46,36.68,7.89,4.88,1.44,5.93,0.0497,0.0411,0.0395,0.74,13840517.83,16726770.38,687690.92,10242457.61,2332836.53
"2025-11-06","Lyft",202376,26.98,2.16,1.62,0.24,1.08,0.69,1.42,21.68,32.77,5.3,4.47,1.31,5.48,0.0528,0.0434,0.0416,0.8036,5460850.57,6630922.44,288108.58,4388506.08,997235.1
"2025-11-06","Uber",499411,30.99,2.55,1.63,0.24,1.21,0.77,1.48,23.16,37.4,7.83,4.96,1.45,6.07,0.0478,0.0396,0.0381,0.7474,15475650.82,18676805.86,739515.15,11565988.49,2548766.87
"2025-11-07","Lyft",226786,25.35,2.04,1.56,0.22,0.98,0.64,1.28,20.73,30.79,4.62,4.24,1.2,5.33,0.0506,0.0417,0.04,0.8177,5749213.5,6983038.37,291196.51,4701286.89,1079539.35
"2025-11-07","Uber",527299,28.18,2.37,1.54,0.23,1.09,0.7,1.28,21.77,34.12,6.41,4.62,1.32,5.66,0.0453,0.0374,0.036,0.7724,14859048.23,17989513.24,672664.49,11477848.6,2624548.6
"2025-11-08","Lyft",235107,24.13,1.95,1.67,0.15,0.99,0.62,1.21,20,29.51,4.12,4.25,1.14,5.1,0.0501,0.041,0.0394,0.8291,5671966.67,6937827.11,284316.1,4702759.93,1112698.33
"2025-11-08","Uber",557371,25.9,2.2,1.62,0.14,1.07,0.64,1.1,20.97,31.57,4.93,4.46,1.21,5.19,0.0425,0.0349,0.0337,0.8098,14435472.25,17594226,613408.3,11690376.1,2778892.37
"2025-11-09","Lyft",193816,24.1,1.95,1.62,0.23,1.09,0.63,1.29,19.58,29.62,4.53,4.2,1.31,4.82,0.0533,0.0434,0.0416,0.8122,4671589.54,5740888.75,249120.9,3794309.18,969052.09
"2025-11-09","Uber",500020,26.3,2.2,1.55,0.22,1.23,0.65,1.1,21.08,32.15,5.22,4.4,1.45,4.94,0.0419,0.0342,0.0331,0.8016,13149923.57,16074395.33,550391.64,10540885.83,2660280.11
"2025-11-10","Lyft",168515,25.48,2.09,1.54,0.28,1.06,0.67,1.43,20.39,31.12,5.09,4.29,1.34,5.17,0.0562,0.046,0.044,0.8001,4293941.49,5243514.77,241276.39,3435628.9,831007.78
"2025-11-10","Uber",473218,27.34,2.29,1.51,0.25,1.12,0.68,1.29,21.34,33.2,6,4.48,1.38,5.45,0.0471,0.0388,0.0373,0.7806,12939295.77,15708903.16,608797.21,10100807.09,2373058.32
"2025-11-11","Lyft",168502,25.01,2.06,1.6,0.25,1.02,0.66,1.39,19.84,30.6,5.16,4.32,1.27,5.15,0.0557,0.0455,0.0435,0.7935,4213795.53,5156339.05,234725.54,3343653.93,817593.35
"2025-11-11","Uber",452025,27.63,2.31,1.61,0.23,1.13,0.69,1.36,20.89,33.59,6.74,4.6,1.36,5.51,0.0493,0.0406,0.039,0.7562,12488608.34,15183626.11,615723.37,9444045.11,2266818.41
"2025-11-12","Lyft",177871,26.19,2.12,1.58,0.21,1.02,0.68,1.44,20.8,31.8,5.38,4.38,1.23,5.51,0.0548,0.0451,0.0432,0.7944,4657684.39,5655550.06,255290.3,3700046.76,845478.53
"2025-11-12","Uber",473250,29.69,2.45,1.61,0.21,1.15,0.74,1.44,22.34,35.86,7.36,4.8,1.36,5.94,0.0485,0.0402,0.0386,0.7522,14052561.92,16968628.27,681740.53,10570732.68,2366834.36
"2025-11-13","Lyft",194324,26.76,2.17,1.61,0.21,1.03,0.69,1.44,21.12,32.47,5.64,4.47,1.24,5.6,0.0538,0.0443,0.0424,0.7892,5200178.67,6309768.18,279520.82,4104108.01,928889.28
"2025-11-13","Uber",515935,30.02,2.47,1.62,0.21,1.2,0.75,1.42,22.86,36.27,7.16,4.84,1.41,5.93,0.0471,0.039,0.0376,0.7614,15490223.59,18714647.15,730187.15,11794928.96,2612036.83
"2025-11-14","Lyft",226782,25.19,2.04,1.57,0.2,0.91,0.64,1.25,20.31,30.55,4.89,4.24,1.11,5.46,0.0496,0.0409,0.0393,0.806,5713673.43,6927971.86,283594.45,4605436.64,1046811.67
"2025-11-14","Uber",548735,27.48,2.32,1.56,0.21,1.09,0.68,1.22,21.72,33.34,5.76,4.56,1.3,5.56,0.0443,0.0366,0.0353,0.7904,15079216.94,18294152.73,668716.24,11918717.99,2711945.36
"2025-11-15","Lyft",251392,23.55,1.9,1.67,0.12,0.91,0.6,1.16,19.25,28.76,4.3,4.17,1.03,5.19,0.0493,0.0404,0.0388,0.8174,5921535.29,7229122.42,291695.23,4840132.19,1140510.55
"2025-11-15","Uber",587709,25.34,2.16,1.6,0.13,1.06,0.63,1.05,20.59,30.9,4.75,4.38,1.19,5.17,0.0415,0.034,0.0329,0.8125,14892798.02,18162568.86,617627.14,12100338.88,2881708.09
"2025-11-16","Lyft",213787,24.88,1.99,1.59,0.21,1.09,0.64,1.23,19.7,30.39,5.18,4.21,1.3,5,0.0494,0.0404,0.0389,0.7917,5318311.25,6497727.79,262783.64,4210547.97,1063273.55
"2025-11-16","Uber",502665,26.9,2.24,1.46,0.24,1.31,0.67,1.09,21.1,32.81,5.79,4.37,1.55,4.97,0.0404,0.0331,0.032,0.7846,13519945.06,16491969.16,545592.15,10608066.94,2722715.77
"2025-11-17","Lyft",167710,25.6,2.1,1.55,0.26,1.02,0.66,1.34,20.25,31.19,5.36,4.32,1.27,5.25,0.0524,0.043,0.0412,0.7908,4293557.58,5231118.3,224908.08,3395359.74,817832.14
"2025-11-17","Uber",460520,27.61,2.32,1.49,0.25,1.13,0.69,1.28,20.93,33.49,6.69,4.5,1.38,5.52,0.0463,0.0382,0.0368,0.7578,12716304.96,15424755.23,588527.61,9637008.94,2301743.29
"2025-11-18","Lyft",172036,26.81,2.2,1.63,0.22,1.06,0.7,1.45,21.04,32.62,5.77,4.53,1.28,5.48,0.054,0.0444,0.0425,0.7847,4611742.77,5611375.83,248950.92,3618909.53,841829.21
"2025-11-18","Uber",464248,29.13,2.41,1.57,0.2,1.11,0.72,1.41,21.35,35.14,7.78,4.7,1.31,6,0.0483,0.04,0.0385,0.733,13523784.71,16315605.49,653043.61,9912989.42,2253702.18
"2025-11-19","Lyft",180777,27.62,2.24,1.62,0.22,1.06,0.71,1.53,21.52,33.47,6.1,4.58,1.27,5.73,0.0553,0.0456,0.0436,0.7791,4992910.37,6051064.27,276090.77,3889731.19,872122.57
"2025-11-19","Uber",511472,30.45,2.51,1.57,0.21,1.14,0.76,1.49,22.6,36.63,7.84,4.84,1.34,6.28,0.0489,0.0406,0.039,0.7425,15571793.59,18734540.21,760808.84,11561737.22,2479875.6
"2025-11-20","Lyft",193777,27.94,2.23,1.63,0.23,1.16,0.73,1.48,21.97,33.92,5.97,4.58,1.4,5.57,0.0531,0.0437,0.0419,0.7865,5414102.05,6573406.54,287321.45,4257952.69,971393.95
"2025-11-20","Uber",524406,30.4,2.47,1.52,0.22,1.24,0.76,1.43,22.75,36.6,7.65,4.74,1.46,5.97,0.047,0.039,0.0375,0.7482,15942215.43,19195614.9,748513.09,11928355.12,2669561.01
"2025-11-21","Lyft",214593,26.66,2.14,1.55,0.22,1.06,0.68,1.32,21.41,32.32,5.26,4.38,1.29,5.39,0.0494,0.0407,0.0391,0.8029,5721413.61,6936563.38,282528.65,4593503.27,1061486.89
"2025-11-21","Uber",566249,27.02,2.27,1.43,0.21,1.06,0.67,1.17,21.36,32.66,5.66,4.36,1.28,5.53,0.0434,0.0359,0.0346,0.7906,15297450.27,18491262.55,663435.41,12093785.59,2767444.89
"2025-11-22","Lyft",225516,25.49,2.04,1.6,0.18,1.15,0.66,1.28,20.71,31.12,4.78,4.3,1.33,4.99,0.0502,0.0412,0.0395,0.8125,5747724.49,7017338.37,288804.04,4669773.07,1152329.57
"2025-11-22","Uber",605102,24.12,2.04,1.51,0.16,1.05,0.6,0.99,20.1,29.47,4.02,4.15,1.21,4.94,0.0412,0.0337,0.0326,0.8334,14592307.8,17833108.37,600971.51,12160991.3,2954597.05
"2025-11-23","Lyft",189035,25.71,2.04,1.54,0.26,1.3,0.67,1.26,20.7,31.53,5.01,4.25,1.56,4.64,0.0491,0.0401,0.0385,0.8051,4860251.41,5960268.43,238851.77,3913118.29,1047936.66
"2025-11-23","Uber",511254,23.97,2.02,1.41,0.21,1.14,0.59,0.94,19.82,29.34,4.16,4.02,1.35,4.64,0.039,0.0319,0.0309,0.8266,12256909.56,15001672.94,478471.61,10131671.64,2639519.03
"2025-11-24","Lyft",164474,26.12,2.12,1.44,0.27,1.07,0.68,1.29,20.84,31.69,5.28,4.23,1.34,5.26,0.0493,0.0406,0.039,0.7979,4296352.75,5212799.76,211615.74,3427851.54,817075.58
"2025-11-24","Uber",427245,26.39,2.23,1.33,0.21,1.01,0.66,1.09,20.44,31.82,5.95,4.21,1.22,5.49,0.0412,0.0342,0.033,0.7747,11274707.09,13593383.71,464616.72,8734206.03,2054697.85
"2025-11-25","Lyft",187532,26.87,2.15,1.45,0.24,1.01,0.69,1.35,21.03,32.41,5.84,4.29,1.24,5.88,0.0503,0.0418,0.0401,0.7827,5039575.9,6077248.73,253733.85,3944525.09,857241.83
"2025-11-25","Uber",477562,28.7,2.36,1.29,0.21,1.06,0.72,1.19,22.21,34.34,6.49,4.37,1.27,6.13,0.0415,0.0347,0.0335,0.7739,13706775.69,16400054.51,568826.68,10607898.19,2235734.55
"2025-11-26","Lyft",188578,26.86,2.14,1.36,0.26,1.1,0.7,1.29,21.06,32.42,5.8,4.19,1.36,5.44,0.048,0.0397,0.0382,0.784,5065618.42,6113196.25,242935.31,3971253.62,931237.31
"2025-11-26","Uber",476511,26.39,2.2,1.17,0.22,1.05,0.66,1.04,20.59,31.69,5.81,4.03,1.26,5.5,0.0393,0.0327,0.0317,0.78,12577440.67,15098549.31,494130.78,9810309.4,2288758.76
"2025-11-27","Lyft",193761,26.16,2.09,1.2,0.15,1.2,0.68,1.34,20.94,31.48,5.22,3.97,1.35,4.73,0.0512,0.0426,0.0409,0.8005,5069717.81,6099493.25,259812.39,4058122.73,1071950.84
"2025-11-27","Uber",467640,25.3,2.12,0.99,0.12,1.09,0.63,1.05,20.49,30.25,4.81,3.74,1.22,4.79,0.0415,0.0347,0.0335,0.81,11829617.87,14148432.1,490906.36,9582335.2,2470701.42
"2025-11-28","Lyft",178524,23.56,1.92,1.3,0.2,0.98,0.61,1.1,19.07,28.57,4.49,3.83,1.18,4.69,0.0466,0.0385,0.037,0.8095,4205657.82,5101257.82,196155.97,3404292.05,896297.52
"2025-11-28","Uber",426977,23.41,2.01,1.21,0.15,0.88,0.58,0.95,18.27,28.23,5.14,3.8,1.03,5,0.0405,0.0336,0.0325,0.7804,9994992.74,12054894.76,404905.74,7800082.13,1998151.66
"2025-11-29","Lyft",194978,24.22,1.98,1.4,0.22,1.06,0.62,1.18,19.99,29.51,4.24,4,1.29,4.65,0.0486,0.0399,0.0384,0.8251,4723311.5,5753034.32,229693.51,3897429.69,1016365.24
"2025-11-29","Uber",446449,24.63,2.1,1.4,0.19,1.02,0.61,1.05,19.42,29.94,5.21,4.1,1.21,5,0.0425,0.035,0.0338,0.7886,10995300.91,13365859.79,467520.52,8671096.79,2200160.46
"2025-11-30","Lyft",188570,24.71,2.01,1.43,0.29,1.16,0.64,1.19,20.38,30.25,4.33,4.09,1.45,4.58,0.0482,0.0394,0.0379,0.8246,4659634.09,5703939.44,224724.69,3842351.21,1017150.43
"2025-11-30","Uber",435302,26.02,2.2,1.41,0.27,1.17,0.64,1.05,20.49,31.73,5.54,4.26,1.45,4.93,0.0402,0.033,0.0319,0.7872,11328036.37,13811224.24,455667.25,8917382.4,2297360.32
"2025-12-01","Lyft",173035,26.84,2.18,1.43,0.32,1.08,0.69,1.39,21.54,32.54,5.3,4.31,1.4,5.21,0.0518,0.0428,0.041,0.8026,4643976.25,5630660.47,240774.33,3727333.06,892209.98
"2025-12-01","Uber",437130,28.74,2.42,1.42,0.29,1.13,0.72,1.33,21.63,34.71,7.11,4.56,1.42,5.72,0.0464,0.0384,0.037,0.7525,12563372.62,15174461.12,583435.25,9453862.03,2197951.58
"2025-12-02","Lyft",203307,25.72,2.09,1.58,0.24,0.99,0.66,1.41,20.51,31.29,5.22,4.34,1.23,5.48,0.0547,0.0449,0.043,0.7972,5229703.2,6361083.77,285870.85,4169245.84,953918.96
"2025-12-02","Uber",511807,28.77,2.4,1.56,0.21,1.02,0.72,1.43,20.92,34.67,7.84,4.68,1.22,6.28,0.0498,0.0413,0.0397,0.7273,14723180.12,17745854.79,733095.81,10708260.76,2344810.53
"2025-12-03","Lyft",188376,27.44,2.21,1.56,0.22,1.06,0.71,1.51,21.25,33.2,6.2,4.47,1.28,5.72,0.0549,0.0453,0.0434,0.7741,5169821.66,6254244.61,283583.61,4002163.36,903199.69
"2025-12-03","Uber",494885,31.25,2.56,1.55,0.22,1.16,0.78,1.57,22.76,37.51,8.49,4.89,1.37,6.33,0.0502,0.0419,0.0402,0.7283,15465467.12,18564155.53,777068.4,11263904.21,2442616.81
"2025-12-04","Lyft",214224,27.78,2.23,1.57,0.22,1.05,0.72,1.57,21.47,33.56,6.31,4.51,1.26,5.88,0.0564,0.0467,0.0446,0.7727,5951545.95,7189239.5,335908.51,4598829.33,1012516.29
"2025-12-04","Uber",551100,33.22,2.67,1.54,0.21,1.22,0.83,1.68,23.74,39.69,9.48,5.05,1.43,6.63,0.0506,0.0424,0.0406,0.7145,18309742.99,21875643.48,926445.81,13082663.56,2763081.8
"2025-12-05","Lyft",240611,26.13,2.06,1.54,0.2,0.94,0.64,1.38,20.7,31.51,5.42,4.24,1.14,5.65,0.053,0.044,0.0421,0.7924,6286939.17,7581031.56,333209.48,4981720.34,1113655.05
"2025-12-05","Uber",623559,27.86,2.34,1.54,0.19,1.03,0.69,1.32,21.59,33.65,6.27,4.57,1.22,5.92,0.0473,0.0391,0.0377,0.7749,17373590.25,20981746.65,821169.03,13462677.47,2933074.77
"2025-12-06","Lyft",242129,24.95,1.94,1.57,0.13,0.98,0.61,1.33,20.2,30.18,4.75,4.12,1.11,5.31,0.0532,0.044,0.0421,0.8096,6040348.08,7307458.23,321210.89,4890273.24,1136554.58
"2025-12-06","Uber",630983,25.55,2.16,1.64,0.13,1.03,0.63,1.16,20.94,31.13,4.61,4.43,1.15,5.4,0.0456,0.0374,0.036,0.8195,16120208.08,19642426.57,734335.61,13210867.07,2985240.83
"2025-12-07","Lyft",204944,25.36,1.94,1.52,0.22,1.14,0.62,1.37,20.13,30.8,5.23,4.08,1.36,4.98,0.0541,0.0445,0.0426,0.7939,5196836.44,6312548.19,280941.34,4125642.31,1043867.27
"2025-12-07","Uber",542389,26.06,2.17,1.55,0.23,1.26,0.64,1.17,21.06,31.91,5,4.36,1.49,4.98,0.045,0.0368,0.0355,0.808,14135514.14,17309106.39,636797.8,11420877.98,2836259.4
"2025-12-08","Lyft",168077,25.77,2.06,1.47,0.24,0.95,0.64,1.53,19.85,31.13,5.92,4.16,1.2,5.6,0.0595,0.0492,0.0469,0.7703,4330635.1,5231538.19,257529.79,3335743.85,773288.47
"2025-12-08","Uber",514195,28.22,2.35,1.52,0.24,1.12,0.7,1.42,21.27,34.14,6.95,4.57,1.35,5.82,0.0503,0.0416,0.0399,0.7537,14510711.93,17556102.16,730415.87,10936369.92,2493084.63
"2025-12-09","Lyft",168146,26.88,2.14,1.56,0.21,0.91,0.67,1.66,20.33,32.36,6.55,4.36,1.12,6.11,0.0618,0.0513,0.0488,0.7564,4519087.12,5441409.74,279278.58,3418329.63,739822.47
"2025-12-09","Uber",532235,31.61,2.58,1.62,0.2,1.17,0.79,1.64,23.19,37.96,8.42,4.99,1.37,6.45,0.052,0.0433,0.0415,0.7336,16823690.3,20203811.56,875428.9,12341787.94,2607427.07
"2025-12-10","Lyft",189532,28.32,2.23,1.59,0.2,0.98,0.71,1.67,21.18,34.04,7.14,4.53,1.18,6.31,0.0589,0.049,0.0467,0.7478,5367616.34,6451185.1,315928.29,4013970.95,851239.17
"2025-12-10","Uber",549571,34.42,2.77,1.62,0.21,1.25,0.86,1.79,24.91,41.13,9.52,5.25,1.45,6.83,0.0521,0.0436,0.0418,0.7235,18918892.46,22603202.32,984962.94,13687226.46,2769288.73
"2025-12-11","Lyft",198712,28.45,2.27,1.58,0.2,0.98,0.72,1.7,21.26,34.21,7.19,4.58,1.19,6.34,0.0599,0.0498,0.0474,0.7473,5653304.6,6798720.66,338498.65,4224698.99,891584.97
"2025-12-11","Uber",591570,34.77,2.76,1.58,0.21,1.31,0.87,1.76,25.58,41.5,9.19,5.21,1.52,6.73,0.0507,0.0425,0.0407,0.7357,20570585.8,24550330.26,1042429.82,15133387.62,3058134.47
"2025-12-12","Lyft",239278,26.21,2.09,1.52,0.2,0.87,0.65,1.46,20.27,31.53,5.94,4.25,1.07,6.07,0.0559,0.0465,0.0444,0.7733,6271724.19,7544935.87,350475.02,4850014.43,1033703.01
"2025-12-12","Uber",646049,30.09,2.5,1.53,0.21,1.15,0.75,1.41,23.39,36.23,6.71,4.78,1.36,6.08,0.0467,0.0388,0.0374,0.7772,19442839.26,23406032.63,908192.74,15110852.55,3196137.6
"2025-12-13","Lyft",245178,25.19,2.03,1.55,0.14,0.87,0.63,1.41,20.08,30.39,5.11,4.2,1.01,5.8,0.0561,0.0465,0.0445,0.7972,6175029.14,7452129.61,346681.4,4922548.36,1063848.17
"2025-12-13","Uber",683666,27.4,2.3,1.6,0.13,1.09,0.68,1.22,22.69,33.21,4.72,4.58,1.23,5.62,0.0444,0.0367,0.0354,0.8278,18735692.08,22703354.25,832151.97,15509754.28,3336468.71
"2025-12-14","Lyft",190527,26.7,2.13,1.51,0.2,0.88,0.66,1.55,19.28,32.08,7.43,4.3,1.08,6.09,0.0579,0.0482,0.046,0.7219,5088001.51,6112984.19,294484.36,3672942.49,835815.76
"2025-12-14","Uber",605403,27.86,2.3,1.52,0.19,1.2,0.69,1.22,22.76,33.75,5.1,4.51,1.39,5.55,0.0437,0.0361,0.0348,0.8171,16864508.11,20432217.41,737159.28,13779858.12,3039988.92
"2025-12-15","Lyft",183527,27.27,2.17,1.46,0.27,0.95,0.68,1.56,20.4,32.79,6.87,4.31,1.22,6.02,0.0574,0.0477,0.0455,0.748,5004101.04,6018650.51,287061.33,3743303.39,831925.09
"2025-12-15","Uber",529211,30.29,2.52,1.39,0.26,1.12,0.76,1.42,22.94,36.33,7.35,4.66,1.38,6.15,0.047,0.0392,0.0377,0.7574,16031184.76,19226915.94,753557.68,12141514.35,2608110.53
"2025-12-16","Lyft",186556,26.89,2.14,1.56,0.22,0.96,0.67,1.52,20.56,32.43,6.33,4.37,1.17,6.09,0.0566,0.0469,0.0448,0.7646,5016702.42,6050800.6,283990.51,3835612.54,824131.92
"2025-12-16","Uber",521812,31.02,2.54,1.45,0.21,1.12,0.77,1.49,22.92,37.12,8.1,4.76,1.33,6.36,0.0479,0.0401,0.0385,0.7389,16189184.01,19368233.7,776125.83,11962514.27,2544202.47
"2025-12-17","Lyft",191254,27.68,2.17,1.51,0.22,1.03,0.69,1.54,21,33.3,6.67,4.37,1.25,6.03,0.0558,0.0464,0.0443,0.7589,5293080.26,6368955.75,295463.66,4016732.85,877558.18
"2025-12-17","Uber",521450,32.63,2.63,1.44,0.22,1.25,0.81,1.57,23.66,39,8.97,4.89,1.48,6.38,0.048,0.0402,0.0386,0.7251,17017431.65,20335316.43,816906.43,12339524.16,2665727.86
"2025-12-18","Lyft",197464,27.89,2.21,1.44,0.22,0.97,0.7,1.53,21.1,33.41,6.78,4.34,1.19,6.3,0.0547,0.0457,0.0437,0.7568,5506572.38,6598229.94,301265.83,4167224.44,873521.49
"2025-12-18","Uber",533579,34.24,2.73,1.41,0.24,1.32,0.86,1.57,25.38,40.8,8.87,5,1.56,6.45,0.046,0.0386,0.0372,0.7411,18271198.22,21770564.63,840278.34,13540229.4,2834698.35
"2025-12-19","Lyft",234247,25.62,2.01,1.42,0.17,0.84,0.63,1.36,19.82,30.69,5.81,4.06,1.01,6.13,0.0532,0.0444,0.0425,0.7733,6002556.55,7189837.92,319415.12,4641796.76,979949.03
"2025-12-19","Uber",637105,29.92,2.47,1.37,0.21,1.13,0.74,1.29,23.36,35.83,6.55,4.58,1.34,6.13,0.043,0.0359,0.0346,0.7809,19060804.85,22830193.74,819299.91,14884964.44,3107847.1
"2025-12-20","Lyft",233625,24.7,1.89,1.46,0.2,1.04,0.61,1.35,19.79,29.9,4.91,3.96,1.24,5.3,0.0546,0.0451,0.0431,0.8011,5770096.66,6984385.92,314932.78,4622421.16,1089442.99
"2025-12-20","Uber",587993,27.42,2.26,1.37,0.21,1.25,0.68,1.2,22.13,33.2,5.29,4.31,1.47,5.22,0.0436,0.036,0.0348,0.807,16124563.85,19520879.38,703398.96,13012347.58,3087664.74
"2025-12-21","Lyft",197745,24.02,1.82,1.34,0.24,1.11,0.59,1.33,19.41,29.13,4.61,3.75,1.35,4.94,0.0552,0.0455,0.0436,0.8082,4750152.35,5759419.76,262285.32,3839017.57,962031.81
"2025-12-21","Uber",506375,26.24,2.14,1.3,0.23,1.31,0.65,1.11,21.27,31.88,4.97,4.09,1.54,4.88,0.0421,0.0347,0.0335,0.8105,13287039.62,16140797.59,559858.27,10769709.74,2723193.21
"2025-12-22","Lyft",173461,24.97,1.93,1.24,0.25,0.99,0.62,1.34,19.75,29.99,5.22,3.79,1.24,5.52,0.0537,0.0447,0.0428,0.7909,4330557.51,5202716.63,232484.29,3425080.93,783920.28
"2025-12-22","Uber",443770,27.26,2.26,1.17,0.23,1.08,0.68,1.17,21.24,32.68,6.02,4.11,1.31,5.54,0.0429,0.0357,0.0345,0.7793,12097737.76,14503350.48,518449.11,9427574.45,2185465.02
"2025-12-23","Lyft",178199,25.06,1.93,1.28,0.23,0.99,0.62,1.34,19.79,30.13,5.28,3.84,1.22,5.6,0.0536,0.0446,0.0427,0.7895,4466095.78,5368438.19,239169.89,3525887.84,797817.66
"2025-12-23","Uber",461146,26.6,2.21,1.09,0.23,1.06,0.66,1.1,21.02,31.84,5.58,3.96,1.29,5.5,0.0414,0.0346,0.0335,0.7904,12266140.21,14684346.82,508359.61,9695018,2231011.17
"2025-12-24","Lyft",185814,24.13,1.87,1.16,0.18,1.03,0.6,1.27,19.08,28.99,5.05,3.63,1.22,5.12,0.0526,0.0438,0.0419,0.7905,4484459.53,5386010.91,235714.61,3545181.28,876244.64
"2025-12-24","Uber",460991,25.15,2.1,0.95,0.17,1.06,0.63,1.02,19.82,30.06,5.32,3.68,1.23,5.08,0.0407,0.0341,0.033,0.7883,11592303.26,13855289.46,472234.44,9137830.97,2283024.25
"2025-12-25","Lyft",151937,23.65,1.86,1.11,0.18,1.1,0.6,1.32,18.56,28.5,5.09,3.57,1.28,4.66,0.0557,0.0462,0.0442,0.7847,3593079.1,4329977.9,200080.5,2819339.39,770697.72
"2025-12-25","Uber",373330,24.83,2.11,0.92,0.17,1.09,0.62,1.05,19.06,29.74,5.77,3.65,1.26,4.66,0.0422,0.0352,0.034,0.7674,9269764.03,11102028.57,390894.02,7113831.19,1987540.07
"2025-12-26","Lyft",175555,21.97,1.74,1.2,0.16,0.86,0.54,1.07,18.03,26.45,3.94,3.47,1.01,4.95,0.0486,0.0404,0.0388,0.8208,3856255.71,4643836.82,187420.34,3165143.71,779477.26
"2025-12-26","Uber",368559,24.4,2.08,1.09,0.17,0.87,0.61,1.02,18.2,29.21,6.2,3.77,1.03,5.38,0.0418,0.035,0.0338,0.746,8993230.93,10764561.02,376351.95,6709303.46,1672677.1
"2025-12-27","Lyft",174440,23.19,1.79,1.35,0.2,1,0.56,1.2,18.6,28.1,4.59,3.7,1.21,4.84,0.0518,0.0428,0.041,0.8021,4045339.32,4901858.85,209614.68,3244786.21,836462.66
"2025-12-27","Uber",377347,25.07,2.12,1.22,0.21,0.97,0.62,1.13,18.93,30.21,6.14,3.96,1.18,5.23,0.0451,0.0374,0.0361,0.755,9460374.54,11400825.07,426440.56,7142714.61,1808956.89
"2025-12-28","Lyft",171414,23.53,1.81,1.29,0.24,1.12,0.58,1.23,19.2,28.57,4.33,3.68,1.36,4.65,0.0524,0.0432,0.0414,0.8159,4033572.1,4896751.5,211477.66,3291083.95,867149.15
"2025-12-28","Uber",392933,25.13,2.11,1.22,0.25,1.13,0.62,1.08,19.82,30.46,5.31,3.95,1.38,4.9,0.0431,0.0356,0.0343,0.7885,9873938.61,11968272.27,425551.65,7786077.75,2016445.13
"2025-12-29","Lyft",174812,23.96,1.84,1.29,0.25,1,0.57,1.25,19.05,28.91,4.92,3.7,1.24,5.03,0.0522,0.0433,0.0415,0.7949,4189086.76,5053018.04,218725.63,3329731.95,833591.99
"2025-12-29","Uber",386480,25.18,2.13,1.19,0.23,0.96,0.63,1.12,19.32,30.32,5.87,3.95,1.19,5.29,0.0446,0.0371,0.0357,0.767,9732816.86,11717335.21,434230.64,7465535.23,1839832.31
"2025-12-30","Lyft",195210,23.86,1.8,1.3,0.21,0.96,0.56,1.19,18.85,28.69,5.01,3.66,1.17,5.2,0.05,0.0416,0.0399,0.7901,4658346.85,5601180.54,232873.89,3680449.6,896655.83
"2025-12-30","Uber",412213,25.24,2.14,1.2,0.21,0.94,0.63,1.09,19.28,30.36,5.96,3.96,1.16,5.44,0.0433,0.036,0.0347,0.7637,10404398.27,12513994.92,450051.23,7945921.51,1911165.6
"2025-12-31","Lyft",229734,22.94,1.88,1.26,0.15,0.82,0.58,1.16,18.42,27.63,4.52,3.72,0.97,5.16,0.0504,0.0418,0.0401,0.803,5269800.8,6346631.32,265412.98,4231648.36,1020657.22
"2025-12-31","Uber",539296,23.79,2.06,1.08,0.13,0.78,0.59,0.94,18.37,28.43,5.42,3.72,0.91,5.38,0.0395,0.0331,0.032,0.7723,12830080.16,15329934.93,506734.7,9909024.94,2383329.6
"2026-01-01","Lyft",208660,27.1,2.13,1.37,0.16,1.08,0.67,1.28,20.72,32.51,6.37,4.18,1.24,5.57,0.0471,0.0392,0.0377,0.7648,5653865.34,6784090.83,266110.17,4324332.6,1015881.66
"2026-01-01","Uber",521406,28.56,2.4,1.2,0.14,1.07,0.71,1.05,22.4,34.07,6.16,4.31,1.21,5.7,0.0367,0.0308,0.0299,0.7844,14889393.09,17766375.21,547019.44,11679689.85,2610171.45
"2026-01-02","Lyft",170422,23.59,1.88,1.34,0.2,0.94,0.58,1.18,18.16,28.53,5.42,3.8,1.14,4.99,0.0501,0.0414,0.0398,0.77,4019970.59,4861626.38,201360.34,3095518.31,806265.42
"2026-01-02","Uber",430368,24.3,2.07,1.26,0.19,0.9,0.6,0.99,18.27,29.32,6.03,3.93,1.1,5.22,0.0406,0.0336,0.0325,0.752,10455968.06,12616765.04,424193.01,7862386.84,2004871.08
"2026-01-03","Lyft",162883,24.2,1.9,1.45,0.2,1.03,0.6,1.3,18.5,29.37,5.71,3.95,1.22,4.99,0.0536,0.0442,0.0423,0.7641,3942449.2,4784525.32,211370.34,3012544.08,790507.12
"2026-01-03","Uber",477230,23.67,2.01,1.34,0.19,0.97,0.59,0.98,18.65,28.77,5.03,3.94,1.16,4.91,0.0416,0.0342,0.0331,0.7877,11297946.94,13731774.93,469941.57,8899434.65,2301733.99
"2026-01-04","Lyft",144206,25.01,1.95,1.38,0.28,1.14,0.62,1.31,19.12,30.38,5.89,3.96,1.42,4.77,0.0525,0.0432,0.0414,0.7644,3606209.94,4381367.96,189299.27,2756522.62,756717.48
"2026-01-04","Uber",427733,24.17,2.05,1.26,0.25,1.1,0.6,0.94,19.13,29.43,5.04,3.91,1.36,4.69,0.0391,0.0321,0.0311,0.7916,10336864.23,12588074.14,403755.73,8182418.64,2203734.94
"2026-01-05","Lyft",145321,24.03,1.94,1.31,0.25,0.94,0.6,1.23,18.72,29.07,5.31,3.85,1.18,5.13,0.0514,0.0425,0.0407,0.779,3492232.32,4223788.72,179383.31,2720467.76,680517.92
"2026-01-05","Uber",407130,25.42,2.16,1.23,0.25,1.01,0.63,1.05,19.5,30.69,5.92,4.02,1.25,5.2,0.0415,0.0343,0.0332,0.767,10348805.65,12495938.1,429048.95,7937163.28,1990839.2
"2026-01-06","Lyft",149674,23.63,1.9,1.38,0.2,0.91,0.59,1.2,18.52,28.61,5.11,3.87,1.11,5.2,0.0506,0.0418,0.0401,0.7838,3537123.22,4281564.45,179062.09,2772455.85,680389.68
"2026-01-06","Uber",415167,25.13,2.13,1.29,0.2,0.94,0.62,1.07,19.21,30.32,5.93,4.04,1.14,5.38,0.0426,0.0353,0.0341,0.7642,10434128.79,12586313.63,444747.82,7974094.53,1938404.1
"2026-01-07","Lyft",154071,23.8,1.9,1.42,0.17,0.93,0.59,1.22,18.61,28.81,5.19,3.91,1.1,5.27,0.0513,0.0424,0.0406,0.7821,3667235.89,4439309.47,188054.71,2867971.99,696498.31
"2026-01-07","Uber",426329,25.89,2.18,1.35,0.19,0.98,0.64,1.11,19.64,31.23,6.26,4.17,1.17,5.47,0.0428,0.0355,0.0343,0.7583,11039349.59,13315550.15,472779.63,8371236.13,2018171.81
"2026-01-08","Lyft",174411,24.52,1.9,1.45,0.18,1,0.59,1.22,19.39,29.65,5.13,3.95,1.18,5.25,0.0498,0.0412,0.0396,0.7909,4276405.03,5170550.61,213111.76,3382056.21,814206.18
"2026-01-08","Uber",442624,26.74,2.24,1.38,0.2,1.06,0.67,1.17,20.13,32.29,6.61,4.29,1.26,5.58,0.0437,0.0362,0.035,0.7528,11836575.85,14292270.21,517688.22,8910816.35,2121814.99
"2026-01-09","Lyft",192462,24.25,1.9,1.46,0.17,0.92,0.58,1.19,18.95,29.29,5.3,3.95,1.1,5.33,0.0491,0.0406,0.039,0.7815,4667383.46,5638087.02,228994.5,3647659.41,875642.04
"2026-01-09","Uber",506863,24.74,2.12,1.38,0.18,0.95,0.61,1.02,19.34,29.99,5.39,4.12,1.13,5.36,0.0414,0.0341,0.033,0.7819,12537817.98,15198891.09,518814.78,9803868.56,2338431.92
"2026-01-10","Lyft",221468,23.89,1.86,1.67,0.13,0.93,0.57,1.26,18.2,29.06,5.69,4.11,1.06,5.45,0.0529,0.0435,0.0416,0.7618,5290256.46,6435408.9,279672.92,4030341.62,971234.78
"2026-01-10","Uber",612307,23.34,2.01,1.59,0.13,0.9,0.58,0.99,18.62,28.55,4.72,4.18,1.03,5.26,0.0425,0.0347,0.0336,0.7979,14288297.16,17478526.1,606942.37,11400564.53,2714946.16
"2026-01-11","Lyft",169509,24.57,1.93,1.57,0.23,1.13,0.61,1.34,18.79,30.04,5.78,4.11,1.36,4.88,0.0544,0.0445,0.0426,0.7649,4164887.96,5091914.22,226533.33,3185866.38,853696.59
"2026-01-11","Uber",503142,24.08,2.06,1.49,0.22,1.13,0.6,1.01,19.04,29.57,5.04,4.14,1.35,4.8,0.0421,0.0343,0.0331,0.7906,12114829.12,14877909.71,510032.76,9578528.52,2524410.35
"2026-01-12","Lyft",146904,24.8,2,1.47,0.22,0.97,0.62,1.36,18.85,30.08,5.95,4.09,1.19,5.32,0.0547,0.0451,0.0431,0.7601,3643280.58,4418637.1,199206.3,2769257.67,684886.83
"2026-01-12","Uber",453015,26.01,2.21,1.47,0.23,1.09,0.65,1.2,19.63,31.65,6.38,4.33,1.32,5.46,0.0463,0.0381,0.0367,0.7547,11783749,14339192,545638.72,8893673.7,2158436.75
"2026-01-13","Lyft",152969,25.25,2.01,1.53,0.19,1.06,0.63,1.4,19.3,30.68,5.95,4.17,1.25,5.37,0.0554,0.0456,0.0436,0.7643,3862425.13,4692654.29,213921.69,2952039.37,719464.07
"2026-01-13","Uber",452594,27.45,2.29,1.53,0.21,1.14,0.68,1.33,19.94,33.29,7.5,4.51,1.34,5.8,0.0484,0.0399,0.0384,0.7266,12421510.92,15068853.85,601149.32,9025608.39,2141623.8
"2026-01-14","Lyft",160811,25.95,2.04,1.49,0.19,1.1,0.65,1.39,19.62,31.43,6.33,4.19,1.29,5.37,0.0534,0.0441,0.0422,0.7562,4172677.27,5053628.94,222903.65,3155425.92,777489
"2026-01-14","Uber",459138,28.21,2.34,1.47,0.22,1.2,0.7,1.32,20.45,34.15,7.76,4.51,1.42,5.74,0.0469,0.0387,0.0373,0.7249,12952478.21,15679370.5,607367.25,9388927.55,2257725.7
"2026-01-15","Lyft",185191,25.79,2,1.52,0.2,1.09,0.63,1.36,19.56,31.24,6.24,4.15,1.29,5.47,0.0526,0.0435,0.0416,0.7582,4776798.4,5784839.53,251360.68,3621907.65,872582.3
"2026-01-15","Uber",518762,27.41,2.27,1.45,0.23,1.17,0.68,1.26,20.67,33.21,6.74,4.4,1.4,5.62,0.0459,0.0379,0.0365,0.754,14220970.8,17227858.84,652694.09,10723187.84,2529006.57
"2026-01-16","Lyft",218256,24.55,1.91,1.44,0.2,0.94,0.59,1.23,18.94,29.63,5.61,3.95,1.13,5.49,0.05,0.0415,0.0398,0.7714,5357932.2,6466694.97,268142.32,4132968.21,976576.96
"2026-01-16","Uber",565587,25.65,2.18,1.38,0.21,1.04,0.64,1.09,20,31.1,5.65,4.19,1.26,5.44,0.0426,0.0351,0.0339,0.7796,14506754.71,17587723.74,617756.25,11309875.71,2664241.18
"2026-01-17","Lyft",230913,22.82,1.77,1.58,0.14,0.94,0.55,1.19,17.71,27.8,5.11,3.9,1.08,5.17,0.052,0.0427,0.041,0.7762,5270058.31,6419185.09,274241.34,4090617.83,1018464.67
"2026-01-17","Uber",575269,23.22,2,1.5,0.13,0.95,0.57,1.01,18.53,28.38,4.69,4.07,1.09,4.99,0.0433,0.0354,0.0342,0.7982,13357449.67,16325397.11,578599.88,10661989.78,2678487.37
"2026-01-18","Lyft",211585,22.52,1.76,1.59,0.18,0.95,0.55,1.17,17.44,27.54,5.08,3.89,1.13,4.98,0.052,0.0425,0.0408,0.7744,4765392.23,5828099.35,247670.59,3690156.09,957007.78
"2026-01-18","Uber",509931,23.29,1.99,1.43,0.16,0.98,0.58,0.96,18.19,28.44,5.1,4,1.14,4.92,0.041,0.0336,0.0325,0.781,11878223.12,14500100.72,487286.42,9277298.17,2412941.12
"2026-01-19","Lyft",168619,24.48,1.95,1.47,0.3,1.08,0.61,1.34,18.87,29.89,5.61,4.03,1.38,4.96,0.0546,0.0447,0.0428,0.7708,4128439.24,5040688.33,225415.77,3182195.23,832652.29
"2026-01-19","Uber",438048,24.8,2.12,1.3,0.26,1.1,0.62,1.08,19.1,30.21,5.7,4.04,1.36,4.99,0.0435,0.0357,0.0345,0.7701,10864927.03,13231683.83,472623.36,8367279.32,2176479.71
"2026-01-20","Lyft",182743,23.82,1.9,1.46,0.2,0.9,0.59,1.31,18.24,28.86,5.58,3.95,1.09,5.53,0.0549,0.0453,0.0434,0.7657,4352447.23,5274502.88,239026.54,3332616.47,786551
"2026-01-20","Uber",500424,26.06,2.21,1.44,0.2,1.02,0.65,1.2,19.7,31.58,6.36,4.3,1.23,5.65,0.0459,0.0378,0.0365,0.7561,13041753,15805519.77,598147.66,9860315.23,2306319.93
"2026-01-21","Lyft",178325,23.7,1.88,1.49,0.16,0.92,0.59,1.27,18.15,28.75,5.56,3.96,1.09,5.53,0.0534,0.044,0.0422,0.7655,4227146.62,5127235.38,225687.47,3235768.53,764410.54
"2026-01-21","Uber",500155,26.25,2.19,1.52,0.18,1.05,0.65,1.23,19.63,31.85,6.63,4.37,1.23,5.71,0.047,0.0387,0.0373,0.7476,13131142.38,15930580.46,616652.63,9816712.71,2298110.88
"2026-01-22","Lyft",167536,24.39,1.93,1.43,0.18,0.96,0.6,1.39,18.89,29.49,5.5,3.96,1.14,5.58,0.0569,0.0471,0.045,0.7745,4086640.21,4940934.78,232586.23,3164934.29,732135.96
"2026-01-22","Uber",500912,27.78,2.3,1.51,0.21,1.17,0.69,1.29,20.86,33.66,6.92,4.51,1.37,5.7,0.0464,0.0383,0.0369,0.7509,13914409.13,16859392.16,646151.91,10448266.22,2443255.22
"2026-01-23","Lyft",203443,22.89,1.83,1.41,0.17,0.82,0.56,1.25,18.14,27.69,4.75,3.81,0.99,5.54,0.0545,0.0451,0.0431,0.7923,4657546.49,5632800.28,253771.79,3690211.82,841171.02
"2026-01-23","Uber",577984,25.2,2.15,1.43,0.17,0.97,0.63,1.05,19.5,30.54,5.7,4.2,1.14,5.56,0.0416,0.0344,0.0332,0.7737,14566458.57,17652769.94,606372.74,11270407.65,2621563.18
"2026-01-24","Lyft",246215,21.65,1.71,1.62,0.13,0.85,0.53,1.15,16.99,26.48,4.66,3.85,0.98,5.26,0.0529,0.0433,0.0415,0.7847,5329763.81,6519664.33,282071.82,4182508.73,1012684.3
"2026-01-24","Uber",633385,23.13,1.97,1.57,0.13,0.96,0.57,0.93,18.35,28.33,4.79,4.11,1.09,5.1,0.0402,0.0328,0.0318,0.7931,14651059.18,17946778.1,588740.41,11620271.76,2870044.25
"2026-01-25","Lyft",87132,23.73,1.95,1.45,0.1,0.84,0.59,1.27,18.8,28.67,4.93,3.99,0.95,5.77,0.0535,0.0443,0.0424,0.7923,2068034.72,2498220.29,110669.63,1638504.01,358646.93
"2026-01-25","Uber",178289,26.14,2.23,1.38,0.09,0.94,0.65,0.91,20.56,31.42,5.58,4.26,1.02,5.75,0.0347,0.0289,0.0281,0.7866,4659972.74,5601918.06,161903.64,3665701.92,810079.06
"2026-01-26","Lyft",114934,24.89,1.96,1.27,0.29,0.93,0.6,1.38,19.17,29.95,5.72,3.83,1.22,5.53,0.0553,0.0459,0.0439,0.7702,2860691.09,3442071.81,158125.5,2203220.88,517619.46
"2026-01-26","Uber",324389,26.26,2.23,1.12,0.24,0.96,0.65,1.2,20.17,31.45,6.09,4,1.19,5.72,0.0458,0.0383,0.0369,0.7682,8518479.82,10201769.75,390370.42,6543778.7,1490169.96
"2026-01-27","Lyft",173606,27.55,2.19,1.24,0.21,0.84,0.67,1.47,21.52,32.7,6.03,4.1,1.05,6.44,0.0533,0.0449,0.043,0.7811,4782180.48,5676712.4,255080.8,3735487.53,742553.15
"2026-01-27","Uber",508516,32.13,2.71,1.16,0.19,0.98,0.81,1.41,24.83,37.99,7.3,4.68,1.18,7.02,0.0439,0.0371,0.0358,0.7727,16338689.5,19316039.73,716717.91,12624659.47,2326739.57
"2026-01-28","Lyft",196010,26.84,2.16,1.27,0.17,0.82,0.66,1.4,21.31,31.91,5.53,4.08,0.99,6.56,0.0522,0.0439,0.042,0.7941,5260755.82,6254219.38,274411.67,4177741.53,802402.72
"2026-01-28","Uber",530824,31.16,2.62,1.21,0.17,0.99,0.78,1.37,23.75,36.94,7.41,4.62,1.16,6.83,0.044,0.0371,0.0358,0.7623,16540132.64,19607772.43,727901.94,12607769.69,2420171.83
"2026-01-29","Lyft",216031,27.03,2.17,1.3,0.17,0.79,0.66,1.41,21.67,32.14,5.36,4.14,0.96,6.7,0.0523,0.044,0.0421,0.8016,5840133.34,6943016.69,305305.49,4681585.9,872158.25
"2026-01-29","Uber",554631,32.2,2.68,1.22,0.18,1.05,0.81,1.4,24.39,38.15,7.81,4.71,1.23,6.93,0.0435,0.0367,0.0354,0.7575,17858738.03,21156895.4,776825.71,13527285.98,2575758.21
"2026-01-30","Lyft",247576,26.25,2.1,1.3,0.15,0.55,0.63,1.29,21.16,30.99,5.09,4.03,0.7,6.83,0.049,0.0415,0.0399,0.8062,6498783.44,7671370.42,318465.36,5239516.03,951527.12
"2026-01-30","Uber",616874,29.57,2.53,1.24,0.16,0.9,0.74,1.2,23.01,35.14,6.55,4.5,1.06,6.66,0.0406,0.0342,0.0331,0.7783,18240803.17,21674116.77,740902.57,14197255.2,2737499.44
"2026-01-31","Lyft",270151,23.77,1.84,1.54,0.12,0.49,0.57,1.2,19.23,28.34,4.55,3.96,0.61,5.77,0.0503,0.0422,0.0405,0.8087,6422718.88,7656396.61,322862.32,5194342.69,1113501.96
"2026-01-31","Uber",614533,25.07,2.17,1.43,0.1,0.83,0.62,1.02,19.67,30.21,5.4,4.21,0.93,5.64,0.0409,0.0339,0.0328,0.7847,15404696.3,18565625.51,629423.84,12088478.31,2730926.27
"2026-02-01","Lyft",240283,23.81,1.78,1.47,0.2,0.54,0.56,1.18,18.97,28.35,4.84,3.8,0.74,5.38,0.0497,0.0418,0.0401,0.7967,5720263.16,6811170.51,284567,4557308.13,1062992.52
"2026-02-01","Uber",524542,25.68,2.19,1.36,0.19,1.01,0.64,1.01,19.9,31.06,5.77,4.19,1.2,5.34,0.0395,0.0326,0.0316,0.7751,13470049.94,16293460.35,531938.57,10440948.37,2521493.16
"2026-02-02","Lyft",190684,25.59,2,1.26,0.21,0.55,0.61,1.27,20.19,30.23,5.41,3.87,0.76,5.97,0.0497,0.0421,0.0404,0.7887,4880405.55,5763556.48,242730.47,3849194.85,816923.13
"2026-02-02","Uber",461455,28.89,2.46,1.24,0.21,1,0.72,1.25,21.83,34.52,7.06,4.43,1.2,6.22,0.0433,0.0363,0.035,0.7556,13331129.48,15929145.03,577777.65,10073411.13,2144250.29
"2026-02-03","Lyft",191698,25.4,1.98,1.33,0.17,0.57,0.61,1.29,20.11,30.06,5.29,3.92,0.74,6.02,0.0509,0.043,0.0412,0.7917,4869683.21,5762955.48,247693.46,3855394.86,809190.25
"2026-02-03","Uber",475323,29.28,2.47,1.34,0.16,1,0.73,1.32,21.87,34.98,7.41,4.54,1.16,6.45,0.045,0.0377,0.0363,0.747,13917528.97,16628870.39,626085.41,10396688.83,2157257.27
"2026-02-04","Lyft",198503,25.53,1.98,1.29,0.16,0.58,0.62,1.3,20.15,30.16,5.38,3.89,0.74,5.98,0.051,0.0432,0.0414,0.7892,5068300.6,5986604.62,258581.35,3999904.58,847432.73
"2026-02-04","Uber",489591,29.46,2.47,1.36,0.18,1.04,0.73,1.34,22.13,35.25,7.33,4.57,1.23,6.31,0.0456,0.0381,0.0367,0.7511,14422316.18,17260519.8,658275.86,10832634.22,2286196.55
"2026-02-05","Lyft",209469,26.22,2.03,1.34,0.18,0.66,0.64,1.33,20.42,31.07,5.8,4.01,0.84,6.06,0.0509,0.0429,0.0412,0.7787,5492378.28,6508039.8,279335.13,4276936.82,905892.07
"2026-02-05","Uber",509586,30.14,2.51,1.36,0.21,1.13,0.75,1.34,22.27,36.1,7.87,4.63,1.33,6.3,0.0444,0.0371,0.0358,0.7389,15359975.49,18398418.93,682261.6,11350115.75,2436817.67
"2026-02-06","Lyft",239426,23.89,1.89,1.35,0.16,0.78,0.58,1.19,19.08,28.64,4.81,3.81,0.93,5.88,0.0498,0.0416,0.0399,0.7986,5720831.59,6857478.36,285181.41,4568481.62,972407.01
"2026-02-06","Uber",560485,26.95,2.3,1.35,0.18,0.98,0.67,1.12,20.89,32.43,6.06,4.31,1.17,5.85,0.0414,0.0344,0.0333,0.775,15104059.43,18175511.24,625329.4,11706303.48,2582719.97
"2026-02-07","Lyft",283048,22.19,1.78,1.56,0.1,0.68,0.54,1.19,17.6,26.85,4.59,3.88,0.78,6.07,0.0535,0.0442,0.0424,0.7933,6281155.32,7599304.59,336118.37,4982750.65,1034910.82
"2026-02-07","Uber",668681,24.53,2.11,1.51,0.1,0.89,0.61,1.02,19.28,29.75,5.26,4.23,0.99,5.62,0.0414,0.0341,0.033,0.7858,16405234.44,19892962.78,678805.74,12890930.21,2920347.26
"2026-02-08","Lyft",249605,22.9,1.88,1.48,0.16,0.76,0.57,1.23,18.66,27.75,4.24,3.94,0.91,5.81,0.0536,0.0442,0.0424,0.815,5715046.41,6926729.85,306363.74,4657769.81,983258.54
"2026-02-08","Uber",592106,25.89,2.21,1.41,0.17,1.03,0.64,0.99,20.36,31.36,5.53,4.27,1.2,5.41,0.0383,0.0316,0.0307,0.7863,15329223.75,18568327.19,587284.27,12053043.78,2832201.3
"2026-02-09","Lyft",171444,24.89,1.96,1.24,0.21,0.86,0.6,1.32,18.94,29.76,5.95,3.81,1.06,5.91,0.0529,0.0442,0.0424,0.7609,4267575.39,5102772.52,225702.35,3247193.07,722144.9
"2026-02-09","Uber",508458,28.12,2.38,1.36,0.23,1.15,0.7,1.22,22.05,33.94,6.06,4.44,1.38,5.73,0.0433,0.0358,0.0346,0.7844,14296355.79,17254658.24,618460.08,11213563.51,2493237.99
"2026-02-10","Lyft",181499,23.95,1.89,1.31,0.16,0.83,0.58,1.26,18.73,28.71,5.22,3.78,0.99,5.8,0.0525,0.0438,0.0419,0.7822,4346269.67,5211064.34,228157.8,3399633.75,749806.06
"2026-02-10","Uber",481938,28.16,2.37,1.5,0.19,1.11,0.7,1.27,21.1,34.03,7.06,4.57,1.3,5.92,0.0451,0.0373,0.036,0.7493,13571615.23,16402111.62,612228.18,10168560.38,2290580.59
"2026-02-11","Lyft",191526,24.74,1.95,1.31,0.17,0.87,0.61,1.29,19.37,29.65,5.38,3.87,1.04,5.87,0.0521,0.0435,0.0417,0.7827,4738632.65,5679617.82,246954.35,3708962.67,807068.47
"2026-02-11","Uber",504156,29.45,2.45,1.51,0.21,1.17,0.73,1.33,22.15,35.53,7.3,4.7,1.38,6.06,0.0452,0.0375,0.0361,0.752,14848883.61,17914309.95,671202.6,11166847.89,2450411.47
"2026-02-12","Lyft",208202,25.46,2.01,1.35,0.19,0.9,0.63,1.31,19.58,30.53,5.88,3.98,1.09,5.93,0.0515,0.0429,0.0412,0.7691,5299908.53,6355618.9,272926.87,4076247.21,893380.41
"2026-02-12","Uber",545512,30.1,2.5,1.48,0.24,1.26,0.75,1.32,22.59,36.32,7.51,4.73,1.49,6.05,0.044,0.0364,0.0352,0.7505,16417873.71,19813498.27,721894.4,12321196.81,2713789.42
"2026-02-13","Lyft",233715,24.57,1.95,1.26,0.16,0.75,0.6,1.2,18.84,29.29,5.73,3.81,0.9,6.25,0.0487,0.0409,0.0393,0.7668,5742817.53,6845761.11,279793.92,4403436.86,919223.44
"2026-02-13","Uber",591989,29.07,2.45,1.42,0.22,1.17,0.72,1.16,22.73,35.06,6.33,4.6,1.4,5.92,0.0398,0.033,0.0319,0.7821,17206921.25,20754282.53,684420.04,13456832.58,2904749.34
"2026-02-14","Lyft",241575,23.39,1.84,1.4,0.13,0.8,0.57,1.13,18.49,28.13,4.9,3.81,0.93,5.81,0.0482,0.0401,0.0385,0.7906,5650955.6,6795770.64,272378.35,4467718.77,972990.31
"2026-02-14","Uber",611352,26.36,2.25,1.51,0.13,1.15,0.65,0.97,21.15,32.05,5.21,4.41,1.28,5.36,0.0369,0.0303,0.0294,0.8024,16113387.34,19592331.46,594409.2,12929603.95,3008435.09
"2026-02-15","Lyft",215311,23.2,1.81,1.41,0.18,0.96,0.57,1.15,18.16,28.12,5.04,3.79,1.14,5.3,0.0495,0.0409,0.0393,0.7826,4995003.31,6055195.37,247480.18,3909151.92,943301
"2026-02-15","Uber",503209,26.5,2.23,1.46,0.19,1.27,0.66,0.97,20.46,32.3,6.04,4.35,1.46,5.13,0.0365,0.03,0.0291,0.7721,13332927.65,16254353.28,486851.67,10293831.33,2600256.2
"2026-02-16","Lyft",179711,23.53,1.83,1.33,0.29,1.02,0.57,1.21,18.25,28.58,5.29,3.73,1.31,4.97,0.0512,0.0422,0.0405,0.7754,4229333.59,5136353.9,216732.28,3279419.51,851587.96
"2026-02-16","Uber",408447,26.37,2.23,1.41,0.27,1.25,0.66,1.09,19.47,32.19,6.9,4.3,1.52,5.1,0.0413,0.0338,0.0327,0.7384,10769245.34,13146538.96,444935.09,7952047.02,2113639.45
"2026-02-17","Lyft",179480,23.89,1.88,1.31,0.24,0.97,0.58,1.24,18.78,28.87,5.11,3.77,1.21,5.27,0.0518,0.0428,0.0411,0.7863,4287523.22,5181340.47,221991.99,3371160.21,814337.3
"2026-02-17","Uber",408964,28.2,2.36,1.5,0.24,1.25,0.7,1.27,20.51,34.25,7.69,4.56,1.49,5.6,0.045,0.0371,0.0357,0.7273,11533180.78,14005455.26,518930.83,8388490.99,2061324.22
"2026-02-18","Lyft",184651,23.47,1.85,1.33,0.18,0.85,0.57,1.23,17.88,28.25,5.59,3.75,1.03,5.64,0.0524,0.0435,0.0417,0.762,4333280.49,5216854.02,226969.12,3301943.6,768029.37
"2026-02-18","Uber",455731,28.01,2.33,1.52,0.21,1.18,0.7,1.33,20.58,33.95,7.43,4.55,1.39,5.75,0.0476,0.0392,0.0378,0.7347,12764798.58,15473677.27,607326.27,9377873.27,2220308.56
"2026-02-19","Lyft",188056,24.19,1.89,1.34,0.21,0.93,0.59,1.26,18.57,29.16,5.62,3.83,1.14,5.47,0.052,0.0432,0.0414,0.7677,4549286.82,5483921.85,236776.2,3492335.29,831243.48
"2026-02-19","Uber",490394,27.7,2.29,1.55,0.22,1.25,0.69,1.33,20.94,33.7,6.76,4.53,1.47,5.48,0.0482,0.0396,0.0381,0.756,13581568.63,16527323.47,654547.18,10267850.34,2476255.15
"2026-02-20","Lyft",230046,22.49,1.77,1.36,0.16,0.74,0.54,1.14,17.6,27.08,4.89,3.68,0.91,5.61,0.0509,0.0423,0.0406,0.7827,5173777.97,6229059.21,263338.21,4049457.99,922956.21
"2026-02-20","Uber",578047,25.41,2.17,1.56,0.19,1.02,0.63,1.14,19.9,30.98,5.51,4.36,1.21,5.45,0.0448,0.0368,0.0355,0.7833,14686828.67,17905390.73,658373.42,11503941.49,2694034.85
"2026-02-21","Lyft",229293,23.37,1.84,1.45,0.14,0.83,0.57,1.21,17.92,28.19,5.45,3.86,0.96,5.58,0.0517,0.0429,0.0411,0.7668,5358219.86,6463998.78,277156.81,4108439.71,960124.31
"2026-02-21","Uber",582922,25.61,2.19,1.5,0.15,1.14,0.64,1.1,20.41,31.21,5.2,4.32,1.29,5.13,0.043,0.0353,0.0341,0.7969,14928496.94,18195869.48,641585.51,11896436.38,2909981.6
"2026-02-22","Lyft",173511,23.18,1.84,1.36,0.18,0.9,0.57,1.21,17.45,28.03,5.73,3.77,1.07,5.57,0.0521,0.0431,0.0413,0.7526,4022062.65,4863212.3,209517.41,3027119.42,721698.95
"2026-02-22","Uber",409551,25.29,2.1,1.41,0.2,1.26,0.63,1.15,19.59,30.9,5.7,4.14,1.46,4.96,0.0455,0.0372,0.0359,0.7746,10359169.24,12654201.44,471114.02,8024620.05,2087766.38
"2026-02-23","Lyft",66965,23.67,1.91,1.04,0.03,0.54,0.57,1.12,18.28,27.77,5.39,3.52,0.57,6.88,0.0475,0.0405,0.0389,0.7725,1584937.94,1859369.68,75330.14,1224307.17,230404.1
"2026-02-23","Uber",93814,26.82,2.28,1.14,0.03,0.81,0.67,1.25,21.03,31.75,5.79,4.09,0.84,6.01,0.0465,0.0393,0.0378,0.7841,2516098.43,2978364.55,117110.36,1972881.91,418425.81
"2026-02-24","Lyft",178362,24.5,1.97,1.15,0.18,0.77,0.6,1.23,19.57,29.17,4.93,3.73,0.94,5.87,0.0502,0.0421,0.0404,0.7989,4369847.63,5202781.54,219153.83,3490994.46,744439.58
"2026-02-24","Uber",489935,25.47,2.16,1.2,0.18,0.97,0.64,1.11,20.42,30.62,5.05,4,1.16,5.46,0.0434,0.0361,0.0348,0.8018,12477196.44,15002071.8,541515.31,10004678.42,2286206
"2026-02-25","Lyft",208559,27.79,2.23,1.22,0.23,0.92,0.68,1.37,21.37,33.07,6.41,4.13,1.15,6.16,0.0492,0.0414,0.0397,0.7692,5795280.88,6897422.85,285295.44,4457665.2,941342.3
"2026-02-25","Uber",503365,30.14,2.53,1.23,0.22,1.1,0.75,1.31,22.41,35.99,7.74,4.52,1.33,6.2,0.0435,0.0364,0.0351,0.7434,15173406.45,18114998.7,659458.56,11279213.38,2447305.53
"2026-02-26","Lyft",205199,27.04,2.15,1.28,0.21,0.96,0.67,1.32,20.78,32.32,6.26,4.1,1.17,5.99,0.049,0.041,0.0394,0.7685,5548850.88,6631749.18,271755.11,4264346.74,926053.56
"2026-02-26","Uber",530863,29.4,2.45,1.29,0.21,1.15,0.74,1.24,22.19,35.24,7.21,4.48,1.36,5.94,0.0421,0.0351,0.0339,0.7549,15607495.72,18705498.5,657071.53,11781939.9,2625491.18
"2026-02-27","Lyft",209164,26.42,2.13,1.3,0.18,0.86,0.65,1.25,20.39,31.54,6.02,4.09,1.04,6.24,0.0473,0.0397,0.0381,0.772,5525442.61,6596898.47,261622.6,4265843.33,884811.94
"2026-02-27","Uber",593873,27.5,2.34,1.27,0.18,1.04,0.69,1.08,22.07,33.02,5.43,4.3,1.22,5.74,0.0393,0.0327,0.0317,0.8027,16330438.9,19608075.8,641092.81,13108374.02,2845559.98
"2026-02-28","Lyft",227605,26.37,2.11,1.47,0.13,0.92,0.65,1.25,20.05,31.66,6.33,4.23,1.06,6.05,0.0473,0.0394,0.0379,0.7601,6002473.31,7206183.14,284008.04,4562425.46,992084.46
"2026-02-28","Uber",586091,26.99,2.31,1.36,0.12,1.03,0.67,1,21.04,32.49,5.96,4.34,1.15,5.62,0.0372,0.0309,0.03,0.7794,15819270.77,19040279.39,588968.09,12329009.9,2817106.22
"2026-03-01","Lyft",200214,26.47,2.07,1.44,0.22,1.09,0.65,1.27,20.27,31.94,6.2,4.16,1.32,5.52,0.0481,0.0399,0.0383,0.7657,5299789.17,6395259.47,255017.38,4057825.49,960144.74
"2026-03-01","Uber",499988,27.24,2.31,1.31,0.21,1.22,0.68,1,21.15,32.97,6.09,4.3,1.43,5.19,0.0367,0.0303,0.0294,0.7765,13620101.49,16482515.04,499928.28,10576516.15,2626583.33
"2026-03-02","Lyft",183034,25.25,1.98,1.28,0.21,0.91,0.61,1.26,19.27,30.24,5.98,3.87,1.12,5.79,0.0498,0.0416,0.0399,0.7632,4622071.53,5535175.78,230018.46,3527688.05,798592.95
"2026-03-02","Uber",465150,27.87,2.36,1.35,0.22,1.09,0.7,1.2,21,33.58,6.87,4.41,1.31,5.8,0.043,0.0357,0.0345,0.7536,12963454.36,15621707.08,557515.07,9769249.85,2234041.19
"2026-03-03","Lyft",204261,25.06,1.97,1.39,0.16,0.84,0.61,1.29,18.87,30.03,6.19,3.97,1,6.16,0.0515,0.043,0.0412,0.7531,5119004.82,6134325.01,263690.73,3855363.29,830930.56
"2026-03-03","Uber",510735,28.83,2.41,1.43,0.17,1.04,0.72,1.3,20.94,34.61,7.89,4.56,1.21,6.39,0.0452,0.0376,0.0363,0.7265,14725010.5,17675217.39,664953.5,10697280.59,2305149.49
"2026-03-04","Lyft",187203,26.18,2.02,1.37,0.19,1.04,0.64,1.37,20.22,31.43,5.96,4.03,1.23,5.78,0.0522,0.0435,0.0417,0.7724,4901290.39,5884543.84,255898.38,3785987.84,848164.3
"2026-03-04","Uber",484071,29.61,2.44,1.45,0.2,1.22,0.74,1.36,21.8,35.65,7.81,4.63,1.42,6.07,0.046,0.0382,0.0368,0.7362,14331106.31,17258703.07,658823.77,10550937.08,2362258.81
"2026-03-05","Lyft",218827,26.72,2.12,1.41,0.19,0.86,0.66,1.4,19.72,31.96,7,4.19,1.06,6.5,0.0523,0.0437,0.0419,0.738,5845995.04,6993732.65,305698.56,4314297.91,898936.45
"2026-03-05","Uber",569699,31.32,2.59,1.47,0.2,1.15,0.78,1.39,22.73,37.51,8.6,4.84,1.35,6.64,0.0444,0.0371,0.0358,0.7255,17845684.1,21371849.13,792601.08,12946713.86,2687858.59
"2026-03-06","Lyft",224976,25.82,2.01,1.36,0.18,0.91,0.62,1.27,20.12,30.9,5.7,3.99,1.09,5.9,0.049,0.041,0.0393,0.7792,5808775.26,6951196.7,284688.72,4526130.78,985307.18
"2026-03-06","Uber",553301,27.93,2.37,1.4,0.19,1.06,0.7,1.12,21.25,33.64,6.68,4.47,1.25,5.91,0.0403,0.0334,0.0323,0.7608,15452599.71,18615148.7,622276.96,11756674.53,2613380.92
"2026-03-07","Lyft",234333,24.99,1.94,1.51,0.13,0.98,0.6,1.22,19.52,30.16,5.47,4.05,1.12,5.47,0.0487,0.0404,0.0388,0.7809,5856322.28,7066712.4,285267.78,4573469.88,1069702.29
"2026-03-07","Uber",577532,25.45,2.18,1.47,0.12,1.02,0.63,0.97,20.1,30.87,5.35,4.28,1.14,5.39,0.0379,0.0313,0.0303,0.7899,14696131.88,17831139.61,557385.66,11608863.92,2728442.63
"2026-03-08","Lyft",205090,26.62,2.06,1.46,0.25,1.15,0.65,1.27,20.42,32.2,6.2,4.17,1.41,5.2,0.0478,0.0395,0.038,0.767,5459144.18,6603167.85,260899.1,4187396.5,1050736.59
"2026-03-08","Uber",471297,27.6,2.34,1.36,0.22,1.23,0.69,1.04,21.08,33.44,6.52,4.39,1.45,5.25,0.0376,0.0311,0.0301,0.7638,13007666.23,15759302.57,489603.24,9935411.19,2475451.5
"2026-03-09","Lyft",174918,26.06,2.06,1.3,0.25,1.02,0.64,1.31,20.69,31.33,5.37,4,1.27,5.43,0.0503,0.0418,0.0401,0.7939,4558523.55,5480822.03,229198.08,3619027.02,839276.04
"2026-03-09","Uber",436647,28.83,2.44,1.35,0.24,1.17,0.72,1.27,21.62,34.75,7.22,4.52,1.41,5.78,0.044,0.0365,0.0352,0.7497,12589251.78,15175265.42,554112.98,9438786.58,2176505.25
"2026-03-10","Lyft",187899,26.29,2.08,1.34,0.19,0.96,0.64,1.35,20.79,31.5,5.5,4.06,1.16,5.78,0.0514,0.0429,0.0411,0.7908,4939213.19,5919583.14,253936.42,3906065.39,853845.16
"2026-03-10","Uber",452463,30.77,2.55,1.42,0.19,1.2,0.77,1.4,22.54,36.91,8.22,4.74,1.4,6.26,0.0455,0.0379,0.0365,0.7327,13920933.12,16698198.68,633317.02,10200000.07,2225424.41
"2026-03-11","Lyft",191371,26.36,2.03,1.39,0.2,1.03,0.64,1.38,20.68,31.65,5.68,4.07,1.22,5.63,0.0524,0.0437,0.0418,0.7845,5044966.16,6057148.57,264535.03,3957542.12,896196.15
"2026-03-11","Uber",483006,29.97,2.48,1.46,0.21,1.21,0.75,1.4,22.01,36.07,7.95,4.69,1.42,6.08,0.0466,0.0387,0.0373,0.7346,14474667.22,17422308.6,674696.2,10632652.98,2379854.61
"2026-03-12","Lyft",222930,27.33,2.07,1.39,0.23,0.96,0.65,1.43,20.81,32.63,6.52,4.11,1.19,6.09,0.0522,0.0437,0.0419,0.7615,6092474.73,7275115.92,317875.14,4639354.12,1000150.69
"2026-03-12","Uber",552161,31.62,2.59,1.44,0.23,1.23,0.79,1.44,23.18,37.9,8.45,4.82,1.46,6.53,0.0455,0.0379,0.0365,0.7329,17461495.61,20928860.79,793854.79,12797466.4,2673850.07
"2026-03-13","Lyft",246874,25.9,1.95,1.35,0.24,0.96,0.61,1.26,20.44,31,5.46,3.9,1.2,5.68,0.0487,0.0407,0.0391,0.7893,6393857.37,7653661.18,311347.59,5046497.74,1126539.84
"2026-03-13","Uber",561445,28.46,2.38,1.37,0.21,1.07,0.71,1.2,21.71,34.2,6.74,4.46,1.29,5.94,0.0422,0.0351,0.0339,0.763,15976363.93,19202647.81,674110.22,12190694.65,2688776.81
"2026-03-14","Lyft",244286,25.46,1.93,1.5,0.15,0.97,0.6,1.23,19.15,30.61,6.31,4.03,1.12,5.65,0.0483,0.0402,0.0386,0.7523,6218633.53,7476611.64,300187.05,4678276.36,1101222.76
"2026-03-14","Uber",596327,26.09,2.21,1.49,0.14,1.09,0.65,1.03,20.6,31.67,5.48,4.35,1.24,5.4,0.0397,0.0327,0.0316,0.7898,15555305.76,18884430.97,616846.21,12285595.51,2881687.27
"2026-03-15","Lyft",212381,25.74,1.93,1.36,0.26,1.05,0.61,1.26,19.08,30.95,6.67,3.9,1.31,5.32,0.0488,0.0406,0.039,0.7411,5467644.08,6574095.78,266705.97,4052010.74,1027882.78
"2026-03-15","Uber",498645,27.18,2.29,1.35,0.31,1.27,0.68,1.06,21.16,33.08,6.02,4.31,1.58,5.12,0.039,0.032,0.031,0.7784,13554050.63,16493154.16,528245.72,10550520.5,2647386.87
"2026-03-16","Lyft",178429,25.2,1.97,1.33,0.26,0.82,0.6,1.27,18.5,30.19,6.7,3.9,1.09,5.85,0.0502,0.0419,0.0403,0.7342,4496201.45,5386117.48,225930.84,3300962.82,768681.12
"2026-03-16","Uber",490024,26.79,2.26,1.34,0.29,1.05,0.67,1.15,20.67,32.4,6.11,4.27,1.34,5.76,0.0428,0.0354,0.0342,0.7717,13126709.57,15874821.83,562341.73,10130499.21,2277382.19
"2026-03-17","Lyft",193897,25.74,2.01,1.34,0.26,0.9,0.62,1.3,19.4,30.86,6.34,3.96,1.16,5.84,0.0506,0.0422,0.0405,0.7537,4989974.96,5984106.35,252417.02,3760978.8,854963.94
"2026-03-17","Uber",477773,28.56,2.4,1.35,0.28,1.1,0.71,1.29,21.09,34.42,7.48,4.46,1.39,6.04,0.0452,0.0375,0.0362,0.7382,13647114.37,16442903.23,616706.11,10073916.19,2261180.39
"2026-03-18","Lyft",196947,26.59,2.08,1.42,0.27,0.92,0.64,1.38,19.59,31.91,6.99,4.14,1.19,5.99,0.052,0.0434,0.0416,0.7369,5235865.24,6285105.06,272482.72,3858475.95,874562.33
"2026-03-18","Uber",525498,29.46,2.45,1.45,0.29,1.18,0.74,1.36,21.88,35.57,7.58,4.63,1.48,6.09,0.0462,0.0382,0.0368,0.7428,15481142.76,18692328.9,714620.11,11499630.91,2543973.97
"2026-03-19","Lyft",201422,27.62,2.14,1.44,0.28,0.95,0.67,1.4,19.94,33.1,7.68,4.25,1.24,6.16,0.0506,0.0422,0.0405,0.7218,5563351.04,6668041.67,281572.1,4015603.79,903685.38
"2026-03-19","Uber",534413,30.28,2.48,1.4,0.32,1.25,0.76,1.36,22.58,36.48,7.7,4.64,1.56,6.05,0.045,0.0374,0.036,0.7458,16179669.49,19493075.17,728131.66,12066892.81,2675511.82
"2026-03-20","Lyft",199341,27.89,2.19,1.41,0.27,0.86,0.67,1.38,18.56,33.29,9.32,4.28,1.13,6.49,0.0494,0.0413,0.0397,0.6656,5558955.59,6636872.84,274385.95,3700157.15,856095.86
"2026-03-20","Uber",538480,29.24,2.46,1.39,0.28,1.17,0.73,1.2,22.32,35.26,6.91,4.58,1.45,5.88,0.0409,0.0339,0.0328,0.7636,15743889.55,18988534.64,643812,12021384.04,2678937.06
"2026-03-21","Lyft",205056,26.44,2.03,1.45,0.16,0.86,0.62,1.3,18.21,31.56,8.23,4.1,1.02,6.23,0.0491,0.0412,0.0395,0.6888,5421058.85,6471435.18,266443.46,3733861.21,870802.87
"2026-03-21","Uber",581823,26.46,2.25,1.43,0.2,1.17,0.66,1.03,21.49,32.17,4.98,4.34,1.37,5.24,0.0389,0.032,0.031,0.812,15397365.86,18719785.85,599183.44,12502504.56,2937316.65
"2026-03-22","Lyft",194800,26.85,2.04,1.42,0.29,1.03,0.63,1.32,18.88,32.26,7.96,4.1,1.32,5.71,0.049,0.0408,0.0392,0.7034,5230073.89,6284323.53,256172.17,3678719.23,916184.21
"2026-03-22","Uber",492717,27.53,2.32,1.32,0.34,1.31,0.69,1.06,21.68,33.51,5.85,4.33,1.65,5.05,0.0387,0.0318,0.0308,0.7874,13565895.82,16512325.65,524602.66,10681287.67,2685807.75
"2026-03-23","Lyft",148688,25.9,2.01,1.31,0.22,0.82,0.62,1.31,18.21,30.88,7.69,3.94,1.04,6.18,0.0507,0.0425,0.0408,0.703,3851197.73,4592046.63,195188.44,2707519.54,623240.8
"2026-03-23","Uber",498854,26.34,2.2,1.37,0.29,1.14,0.66,1.13,21.02,31.99,5.32,4.23,1.42,5.41,0.0429,0.0353,0.0341,0.7979,13142259.34,15960767.58,563774.77,10486017.11,2427458.17
"2026-03-24","Lyft",168319,26.69,2.05,1.4,0.24,0.95,0.64,1.37,19.29,31.97,7.41,4.09,1.19,6.06,0.0512,0.0428,0.041,0.7225,4493211.17,5381122.5,230093.15,3246185.08,741217.46
"2026-03-24","Uber",465587,28.48,2.37,1.42,0.3,1.16,0.71,1.3,21.16,34.43,7.32,4.49,1.46,5.85,0.0455,0.0376,0.0363,0.743,13259328.34,16032231.59,603369.45,9851565.62,2266196.2
"2026-03-25","Lyft",169888,27.68,2.09,1.41,0.24,0.97,0.66,1.42,19.43,33.05,8.25,4.16,1.21,6.19,0.0512,0.0429,0.0411,0.7021,4702181.79,5614858.58,240820.78,3301305.77,759091
"2026-03-25","Uber",498820,28.52,2.36,1.46,0.3,1.22,0.71,1.31,21.28,34.57,7.24,4.53,1.53,5.74,0.0458,0.0378,0.0364,0.7462,14225160.19,17244743.98,651446.79,10615350.05,2480147.64
"2026-03-26","Lyft",183605,28.43,2.14,1.4,0.24,1,0.67,1.41,20.37,33.87,8.06,4.21,1.24,6.23,0.0495,0.0415,0.0399,0.7166,5219074.33,6218967.14,258161.26,3740123.99,838267.42
"2026-03-26","Uber",530100,29.44,2.43,1.42,0.31,1.25,0.74,1.3,22.26,35.59,7.18,4.59,1.56,5.83,0.0441,0.0365,0.0352,0.7562,15606502.82,18865157.56,688577.73,11801797.23,2676949.52
"2026-03-27","Lyft",215268,26.66,2.06,1.36,0.22,0.9,0.63,1.25,19.52,31.83,7.14,4.04,1.12,5.91,0.047,0.0394,0.0379,0.7322,5739972.45,6851649.04,269792.9,4202571.24,970608.91
"2026-03-27","Uber",564255,26.96,2.29,1.38,0.27,1.06,0.67,1.12,20.77,32.62,6.19,4.33,1.33,5.67,0.0415,0.0343,0.0332,0.7705,15210056.12,18406980.21,631697.41,11720011.99,2684342.13
"2026-03-28","Lyft",219722,25.57,1.97,1.45,0.13,0.86,0.6,1.23,18.66,30.58,6.91,4.02,0.98,5.91,0.0482,0.0403,0.0387,0.7298,5618398.63,6718655.76,270780.07,4100356.12,950567.58
"2026-03-28","Uber",616287,24.93,2.14,1.48,0.17,1.04,0.62,0.97,20.08,30.37,4.85,4.23,1.21,5.26,0.0391,0.0321,0.0311,0.8056,15362308.72,18716035.36,600309.42,12376060.39,2919663.84
"2026-03-29","Lyft",186153,26.34,1.99,1.39,0.23,0.99,0.62,1.27,18.89,31.56,7.45,3.99,1.22,5.57,0.0482,0.0402,0.0387,0.7172,4904011.78,5875195.71,236366.36,3517065.41,880319.91
"2026-03-29","Uber",510169,25.75,2.19,1.35,0.29,1.23,0.64,0.98,20.68,31.44,5.06,4.18,1.51,4.91,0.0379,0.031,0.0301,0.8033,13136403.97,16041136.92,498042.19,10552437.16,2676855.67
"2026-03-30","Lyft",143151,27.27,2.13,1.3,0.29,0.96,0.66,1.39,19.52,32.6,7.75,4.08,1.25,5.76,0.051,0.0427,0.0409,0.7159,3903403.14,4666830.76,199163.99,2794384.95,677660.49
"2026-03-30","Uber",459715,26.42,2.24,1.33,0.31,1.12,0.66,1.13,20.66,32.09,5.77,4.23,1.43,5.35,0.0427,0.0351,0.0339,0.7818,12147589.48,14750902.34,518162.92,9497330.3,2268488.63
"2026-03-31","Lyft",156487,27.17,2.15,1.33,0.23,0.98,0.67,1.38,19.72,32.52,7.45,4.14,1.21,5.9,0.0508,0.0424,0.0407,0.7257,4251938.84,5089421.65,215935.04,3085753.98,720874.44
"2026-03-31","Uber",448619,28.05,2.35,1.39,0.28,1.12,0.7,1.2,20.58,33.89,7.47,4.44,1.4,5.83,0.0429,0.0355,0.0343,0.7337,12582373.63,15204945.24,539863.55,9231705.32,2158381.33
"2026-04-01","Lyft",165329,27.68,2.13,1.32,0.25,0.98,0.67,1.44,19.9,33.03,7.78,4.12,1.23,5.99,0.0519,0.0435,0.0417,0.7188,4575872.19,5460337.12,237458.13,3289307.7,764061.43
"2026-04-01","Uber",474487,28.2,2.35,1.36,0.3,1.15,0.7,1.23,20.96,34.06,7.24,4.42,1.45,5.78,0.0435,0.036,0.0347,0.7433,13381105.17,16163315.05,581809.81,9946357.47,2315606.11
"2026-04-02","Lyft",165274,27.2,2.09,1.42,0.27,1.05,0.66,1.44,19.43,32.68,7.76,4.17,1.32,5.73,0.053,0.0441,0.0422,0.7146,4494785.36,5401399.46,238070,3211848.26,784011.59
"2026-04-02","Uber",515161,26.45,2.21,1.46,0.31,1.13,0.66,1.15,19.9,32.23,6.55,4.33,1.44,5.49,0.0435,0.0357,0.0345,0.7523,13626812.35,16601858.32,592581.85,10250821.01,2482373.98
"2026-04-03","Lyft",175155,26.09,2.01,1.36,0.24,1.02,0.63,1.3,19.25,31.34,6.83,4,1.26,5.49,0.05,0.0416,0.04,0.738,4569054.16,5489958.91,228482.64,3372160.48,831510.42
"2026-04-03","Uber",512733,25.3,2.15,1.41,0.28,1.08,0.63,1.05,19.72,30.85,5.58,4.19,1.36,5.22,0.0414,0.034,0.0329,0.7793,12972122,15815506.94,537612.79,10108591.83,2482822.38
"2026-04-04","Lyft",195420,25.35,1.95,1.41,0.15,0.97,0.61,1.22,18.81,30.44,6.53,3.97,1.12,5.58,0.0482,0.0402,0.0386,0.7422,4953036.32,5947844.42,238820.83,3676034.56,887625.86
"2026-04-04","Uber",589269,24.25,2.06,1.43,0.17,1.07,0.6,0.94,19.7,29.59,4.56,4.09,1.24,5.08,0.0386,0.0316,0.0307,0.8122,14292576.4,17436993.38,551668.96,11608243.52,2816160.35
"2026-04-05","Lyft",164954,25.45,1.97,1.38,0.26,1,0.62,1.3,18.7,30.68,6.75,3.97,1.26,5.4,0.051,0.0423,0.0406,0.7348,4197561.15,5060074.02,214214.71,3084383.05,778044.16
"2026-04-05","Uber",522192,24.26,2.05,1.35,0.27,1.18,0.6,0.94,20.15,29.72,4.11,4.01,1.45,4.75,0.0389,0.0318,0.0308,0.8306,12669023.56,15519876.7,492829.63,10522801.46,2669488.86
"2026-04-06","Lyft",126957,26.47,2.11,1.36,0.32,1,0.65,1.39,19.56,31.92,6.91,4.12,1.32,5.47,0.0524,0.0434,0.0416,0.7389,3360605.34,4052169.21,176049.13,2483161.03,614070.55
"2026-04-06","Uber",432414,26.04,2.21,1.4,0.36,1.18,0.65,1.16,20.38,31.84,5.66,4.26,1.54,5.18,0.0445,0.0364,0.0351,0.7825,11259001.21,13765910.87,500904.76,8810647.22,2175044.89
"2026-04-07","Lyft",144375,25.75,2.05,1.45,0.25,1.03,0.64,1.43,19.17,31.18,6.59,4.15,1.28,5.49,0.0557,0.046,0.044,0.7443,3718352.94,4501592.47,207048.66,2767386.11,676933.82
"2026-04-07","Uber",458931,26.75,2.25,1.5,0.3,1.11,0.67,1.22,19.92,32.57,6.83,4.41,1.4,5.54,0.0455,0.0374,0.0361,0.7445,12277414.28,14947158.38,559005.09,9140984.63,2217568.89
"2026-04-08","Lyft",154209,25.64,2.09,1.52,0.25,1.09,0.66,1.45,19.4,31.25,6.25,4.27,1.33,5.39,0.0567,0.0466,0.0445,0.7564,3954438.37,4818417.21,224359.38,2991218.42,733357.93
"2026-04-08","Uber",478928,27.14,2.27,1.56,0.3,1.13,0.68,1.27,20.07,33.07,7.07,4.51,1.42,5.59,0.0466,0.0383,0.0369,0.7396,12997078.94,15838791.46,606263.66,9612447.74,2323349.94
"2026-04-09","Lyft",165691,26.13,2.1,1.5,0.27,1.1,0.67,1.48,19.77,31.77,6.36,4.27,1.37,5.46,0.0567,0.0466,0.0446,0.7566,4329556,5263719.99,245442.99,3275673.31,792611.15
"2026-04-09","Uber",508890,28.07,2.34,1.58,0.33,1.19,0.7,1.29,20.9,34.2,7.17,4.62,1.52,5.61,0.046,0.0377,0.0364,0.7446,14283946.58,17405847.75,656605.46,10635485.88,2545931.37
"2026-04-10","Lyft",192707,25.63,2.01,1.43,0.22,0.99,0.62,1.33,19.44,30.9,6.18,4.07,1.2,5.58,0.052,0.0431,0.0413,0.7587,4938357.78,5954753.16,256842.89,3746618.67,885803.9
"2026-04-10","Uber",552516,26.23,2.24,1.49,0.28,1.07,0.65,1.11,20.49,31.96,5.74,4.38,1.35,5.42,0.0425,0.0349,0.0337,0.781,14492913.88,17660941.03,615770.68,11319121.52,2672305.22
"2026-04-11","Lyft",216743,25.13,1.93,1.52,0.13,0.94,0.6,1.27,19.09,30.25,6.04,4.05,1.07,5.69,0.0507,0.0421,0.0404,0.7597,5446687.28,6555886.06,276145.84,4138040.31,956444.47
"2026-04-11","Uber",590405,25.75,2.2,1.52,0.19,1.11,0.64,1.05,20.83,31.4,4.91,4.36,1.29,5.22,0.0409,0.0335,0.0324,0.8093,15200499.09,18540614.97,621212.46,12301082.93,2911450.1
"2026-04-12","Lyft",174158,24.94,1.97,1.46,0.25,1.04,0.62,1.36,18.88,30.27,6.06,4.04,1.29,5.3,0.0545,0.0449,0.043,0.757,4342675.63,5271174.22,236604.86,3287255.45,820088.13
"2026-04-12","Uber",527740,25.96,2.2,1.41,0.32,1.29,0.65,1.04,21.29,31.83,4.67,4.26,1.61,4.79,0.0402,0.0328,0.0317,0.8201,13702678.79,16799725.13,550340.24,11237921.29,2860798.72
"2026-04-13","Lyft",134801,25.75,2.14,1.35,0.3,1.03,0.66,1.51,19.69,31.23,6.05,4.15,1.34,5.52,0.0587,0.0484,0.0461,0.7649,3471061.21,4210383.33,203699.47,2654848.55,628296.41
"2026-04-13","Uber",480983,27.01,2.3,1.39,0.36,1.18,0.68,1.31,21.68,32.92,5.33,4.37,1.54,5.28,0.0485,0.0398,0.0383,0.8028,12990438.58,15832570.09,629740.07,10429175.03,2459260.79
"2026-04-14","Lyft",165649,25.78,2.08,1.38,0.23,0.99,0.65,1.41,19.7,31.11,6.08,4.11,1.21,5.8,0.0548,0.0454,0.0435,0.764,4270524.42,5153054.25,234193.69,3262806.03,736018.1
"2026-04-14","Uber",470558,29.41,2.46,1.46,0.29,1.16,0.74,1.42,21.57,35.52,7.84,4.66,1.45,6.03,0.0483,0.04,0.0384,0.7334,13840455.39,16716058.83,668259.28,10150113.12,2295042.73
"2026-04-15","Lyft",187606,26.68,2.07,1.39,0.24,1.04,0.65,1.44,20.49,32.06,6.2,4.1,1.27,5.8,0.0539,0.0448,0.0429,0.7677,5005923.18,6014639.23,269657.75,3843296.42,862699.17
"2026-04-15","Uber",494259,30.35,2.53,1.49,0.31,1.22,0.76,1.5,22.42,36.66,7.93,4.78,1.53,6.09,0.0494,0.0409,0.0393,0.7386,15000327.96,18121007.05,740390.62,11079604.69,2461225.09
"2026-04-16","Lyft",194296,26.82,2.08,1.39,0.25,1.02,0.65,1.46,20.58,32.21,6.24,4.12,1.27,5.91,0.0546,0.0455,0.0435,0.7672,5211626.02,6258988.31,284610.61,3998286.69,881369.89
"2026-04-16","Uber",524190,31.28,2.6,1.52,0.35,1.29,0.78,1.54,23.64,37.81,7.64,4.9,1.64,6.06,0.0492,0.0407,0.0391,0.7559,16394265.7,19821203.94,806611.19,12391654.38,2705028.04
"2026-04-17","Lyft",252061,26.48,1.92,1.35,0.21,0.91,0.59,1.22,20.27,31.46,6.21,3.86,1.12,5.96,0.046,0.0387,0.0373,0.7654,6674594.29,7928666.71,306832.24,5108820.59,1120543.44
"2026-04-17","Uber",527717,29.51,2.5,1.45,0.31,1.12,0.74,1.32,22.4,35.62,7.1,4.68,1.43,6.06,0.0449,0.0372,0.0358,0.7593,15571790.87,18797124.28,698659.1,11823176.67,2570435.19
"2026-04-18","Lyft",271143,25.23,1.88,1.44,0.15,0.93,0.58,1.21,19.88,30.2,5.35,3.9,1.07,5.56,0.0478,0.0399,0.0384,0.788,6841396.6,8189530.35,327047.65,5390819.9,1230839.64
"2026-04-18","Uber",579558,27.02,2.3,1.51,0.18,1.08,0.67,1.12,21.07,32.75,5.94,4.48,1.26,5.62,0.0415,0.0343,0.0331,0.78,15657086.23,18980865.18,650360.91,12212025.58,2787569
"2026-04-19","Lyft",218886,24.85,1.83,1.41,0.27,1.04,0.57,1.26,19.28,29.98,5.57,3.81,1.31,5.14,0.0507,0.042,0.0403,0.7759,5439878.7,6561532.2,275539.92,4220844.21,1057844.78
"2026-04-19","Uber",515414,26.26,2.22,1.49,0.31,1.24,0.65,1.13,20.99,32.17,5.27,4.37,1.55,5.05,0.0432,0.0353,0.0341,0.7994,13532312.04,16583053.25,584954.22,10817917.57,2677591.48
"2026-04-20","Lyft",186480,25.93,1.97,1.33,0.33,0.98,0.61,1.34,20.04,31.14,5.9,3.9,1.31,5.44,0.0515,0.0429,0.0411,0.7726,4835893.55,5807448.91,249072.99,3736389.68,888471.94
"2026-04-20","Uber",448274,28.44,2.41,1.46,0.35,1.14,0.71,1.32,21.35,34.51,7.09,4.58,1.49,5.73,0.0463,0.0382,0.0368,0.7507,12748489.3,15469579.15,590357.27,9570266.47,2226517.95
"2026-04-21","Lyft",188317,26.14,1.96,1.36,0.26,0.99,0.61,1.35,20.24,31.32,5.9,3.94,1.25,5.6,0.0515,0.043,0.0412,0.7743,4921910.46,5898403.45,253691.33,3811154.73,879378.28
"2026-04-21","Uber",466127,28.8,2.41,1.55,0.27,1.11,0.72,1.36,21.29,34.86,7.51,4.68,1.38,6.08,0.0473,0.0391,0.0376,0.7391,13423601.15,16249983.36,634590.96,9921925.92,2206740.14
"2026-04-22","Lyft",188359,27.03,2.02,1.39,0.26,1.03,0.63,1.44,20.57,32.37,6.46,4.05,1.29,5.74,0.0532,0.0444,0.0426,0.761,5091749.35,6098060.76,271040.15,3874904.37,887113.17
"2026-04-22","Uber",501034,29.47,2.46,1.57,0.3,1.17,0.74,1.4,22.03,35.7,7.44,4.76,1.46,6.05,0.0476,0.0393,0.0378,0.7476,14767452.31,17886271.29,702959.74,11039674.31,2442652.97
"2026-04-23","Lyft",196166,28.01,2.1,1.36,0.29,1.02,0.66,1.48,21.18,33.45,6.83,4.13,1.31,5.95,0.053,0.0444,0.0425,0.756,5494519.4,6561748.12,291201.09,4153912.06,924141.73
"2026-04-23","Uber",511439,31.45,2.61,1.52,0.34,1.27,0.79,1.46,23.73,37.97,7.71,4.92,1.61,6.08,0.0464,0.0384,0.037,0.7547,16082481.94,19420066.73,746701.38,12137279.96,2644148.25
"2026-04-24","Lyft",210919,25.88,1.97,1.32,0.25,0.86,0.6,1.34,19.92,30.88,5.96,3.9,1.11,5.87,0.0519,0.0435,0.0417,0.7696,5458593.99,6513380.64,283438.56,4201117.32,930525.38
"2026-04-24","Uber",561149,28.14,2.39,1.47,0.3,1.13,0.7,1.22,22.04,34.14,6.11,4.57,1.43,5.7,0.0434,0.0358,0.0345,0.783,15791734.3,19156495.51,685228.29,12365144.55,2769223.11
"2026-04-25","Lyft",260708,24.85,1.91,1.44,0.13,0.76,0.58,1.27,18.24,29.67,6.6,3.93,0.9,6.14,0.0512,0.0429,0.0411,0.7343,6477944.82,7736373.68,331641.82,4756473.84,1054727.73
"2026-04-25","Uber",677832,25.84,2.21,1.57,0.15,0.96,0.64,1.08,20.58,31.38,5.26,4.42,1.12,5.79,0.0419,0.0345,0.0333,0.7964,17518204.85,21273274.92,733521.36,13951474.11,3027237.97
"2026-04-26","Lyft",196897,26.49,1.99,1.37,0.31,1.08,0.62,1.34,20.06,31.86,6.42,3.98,1.4,5.32,0.0507,0.0422,0.0405,0.7575,5215374.26,6273963.22,264578.35,3950612.47,980175.16
"2026-04-26","Uber",506939,27.05,2.31,1.44,0.33,1.29,0.67,1.1,21.73,33.1,5.32,4.43,1.62,5.07,0.0407,0.0333,0.0322,0.8032,13714638.85,16780605.26,558163.21,11016096.77,2704083.76
"2026-04-27","Lyft",164753,27.07,2.06,1.3,0.34,1.04,0.64,1.4,20.47,32.45,6.6,4.01,1.38,5.49,0.0516,0.0431,0.0413,0.7561,4459775.3,5346926.74,230196.06,3371936.87,812234.33
"2026-04-27","Uber",439140,28.19,2.39,1.42,0.36,1.18,0.7,1.28,21.43,34.25,6.76,4.51,1.55,5.6,0.0455,0.0375,0.0361,0.7603,12379836.76,15039891.29,563570.88,9412183.37,2212055.08
"2026-04-28","Lyft",168152,27.19,2.06,1.36,0.26,1,0.64,1.43,20.49,32.51,6.7,4.07,1.26,5.66,0.0527,0.0441,0.0422,0.7536,4571429.89,5466264.13,241063.57,3445150.61,807022.74
"2026-04-28","Uber",459853,28.7,2.4,1.53,0.29,1.16,0.72,1.36,21.31,34.81,7.4,4.65,1.45,5.89,0.0475,0.0391,0.0377,0.7423,13199740.02,16007955.72,626458.17,9798768.79,2241005.99
"2026-04-29","Lyft",176554,27.62,2.1,1.36,0.26,0.96,0.65,1.48,20.44,32.95,7.18,4.11,1.22,5.98,0.0537,0.045,0.0431,0.74,4875539.94,5816705.09,261785.99,3608114.36,815931.26
"2026-04-29","Uber",510996,29.75,2.47,1.54,0.3,1.21,0.74,1.4,22.31,36.01,7.45,4.76,1.5,6.08,0.0471,0.0389,0.0375,0.7497,15204643.73,18403403.11,716185.63,11399166.83,2502039.83
"2026-04-30","Lyft",193783,28.55,2.17,1.39,0.31,1.05,0.68,1.51,21.54,34.14,7,4.24,1.36,5.84,0.053,0.0443,0.0424,0.7546,5532061.67,6616361.24,293290.47,4174731.04,948027.93
"2026-04-30","Uber",530994,30.49,2.53,1.55,0.34,1.27,0.76,1.39,23,36.95,7.49,4.85,1.61,6.06,0.0457,0.0377,0.0363,0.7543,16191728.01,19618446.29,739736.02,12213303.48,2670645.83
