"month","operator","distance_bin_miles","trips","avg_distance_miles","avg_base_fare","avg_total_fare","fare_p50","fare_p90","avg_duration_min","sum_base_fare","sum_miles"
"2025-01-01","Lyft",0,617420,0.741,9.14,11.33,8.64,11.58,6.22,5645961.81,457531.02
"2025-01-01","Lyft",1,1279913,1.472,12.39,15.2,11.64,16.68,10.35,15863486.28,1883481.71
"2025-01-01","Lyft",2,827093,2.456,16.66,20.12,15.88,21.78,14.85,13780425.67,2030962.71
"2025-01-01","Lyft",3,546778,3.469,20.77,25.13,19.9,26.63,18.28,11358824.84,1896613.67
"2025-01-01","Lyft",4,372651,4.469,24.44,29.81,23.46,31.24,20.94,9108609.03,1665348.32
"2025-01-01","Lyft",5,273482,5.474,27.28,33.37,26.12,34.93,23.05,7459940.02,1496910
"2025-01-01","Lyft",6,202977,6.475,30.12,37,28.68,38.86,24.71,6113649.41,1314191.31
"2025-01-01","Lyft",7,158400,7.48,33.38,41.31,31.73,43.17,26.25,5287834.59,1184830.89
"2025-01-01","Lyft",8,127219,8.48,36.94,46.45,35.05,48.12,27.78,4698974.57,1078757.84
"2025-01-01","Lyft",9,107067,9.487,40.78,51.47,38.61,53.65,29.12,4365731.28,1015733.33
"2025-01-01","Lyft",10,88980,10.479,44,54.97,41.81,57.44,30.7,3915334.18,932429.16
"2025-01-01","Lyft",11,68249,11.481,46.58,57.9,44.37,60.28,32.88,3178859.37,783559.23
"2025-01-01","Lyft",12,50061,12.467,48.91,60.78,46.68,62.82,34.84,2448414.41,624108.26
"2025-01-01","Lyft",13,39204,13.484,52.14,65.46,49.75,67.24,36.05,2044257.46,528609.68
"2025-01-01","Lyft",14,32840,14.49,55.14,68.55,52.69,70.63,37.22,1810907.73,475846.23
"2025-01-01","Lyft",15,28328,15.486,58.34,72.33,55.66,75.46,38.98,1652595.91,438687.92
"2025-01-01","Lyft",16,31122,16.522,64.24,81.65,61.34,84.19,40.66,1999428.12,514208.48
"2025-01-01","Lyft",17,36082,17.494,69.45,88.18,66.49,90.93,43.52,2505855.02,631221.4
"2025-01-01","Lyft",18,27539,18.464,69.88,87.86,66.59,90.7,44.85,1924300.45,508484.06
"2025-01-01","Lyft",19,19440,19.469,71.09,89.33,67.63,91.83,45.44,1382013.46,378474.78
"2025-01-01","Lyft",20,14013,20.473,72.74,91.2,69.45,93.24,46.72,1019361.7,286881.68
"2025-01-01","Lyft",21,9857,21.476,74.99,94.02,71.67,96.69,48.25,739170.71,211688.57
"2025-01-01","Lyft",22,7873,22.48,77,96.5,73.78,98.45,48.65,606190.44,176981.38
"2025-01-01","Lyft",23,6487,23.478,78.6,98.18,75.57,99.91,48.21,509862.87,152304.4
"2025-01-01","Lyft",24,5946,24.501,80.24,99.68,77.58,103.53,48.45,477123.36,145683.47
"2025-01-01","Lyft",25,6058,25.497,80.59,99.69,77.98,102.55,48.71,488230.29,154457.93
"2025-01-01","Lyft",26,5973,26.489,82.48,101.31,79.98,106.1,49.29,492666.06,158220.58
"2025-01-01","Lyft",27,5738,27.51,86.13,106.82,83.11,111.17,50.29,494202.68,157849.83
"2025-01-01","Lyft",28,5014,28.474,88.57,110.14,85.39,113.88,52.02,444108.13,142770.06
"2025-01-01","Lyft",29,3718,29.484,92.29,113.95,88.59,119.7,53.56,343121.98,109623.01
"2025-01-01","Lyft",30,2977,30.481,97.03,119.34,93.01,126.61,54.63,288870.6,90742.21
"2025-01-01","Lyft",31,2652,31.495,99.95,122.32,96.1,128.27,55.54,265067.77,83523.92
"2025-01-01","Lyft",32,2572,32.478,99.89,122.11,96.37,127.02,55.69,256908.28,83534.34
"2025-01-01","Lyft",33,2003,33.485,105.84,128.62,101.18,136.12,58.04,212001.17,67071.34
"2025-01-01","Lyft",34,1699,34.492,108.44,130.79,104.11,140.97,58.7,184232.97,58602
"2025-01-01","Lyft",35,1533,35.485,112.04,134.5,106.71,146.14,59.46,171763.9,54398.53
"2025-01-01","Lyft",36,1396,36.485,112.92,135.78,107.65,144.69,60.88,157631.97,50933.28
"2025-01-01","Lyft",37,1285,37.495,114.9,137.76,110.67,146.68,62.22,147650.05,48180.57
"2025-01-01","Lyft",38,1358,38.488,117.44,139.42,112.68,153.07,62.9,159489.46,52266.69
"2025-01-01","Lyft",39,1187,39.479,118.02,140.58,112.98,153.09,64.3,140086.9,46862.03
"2025-01-01","Lyft",40,917,40.485,122.99,146.06,116.37,161.81,64.5,112781.93,37124.45
"2025-01-01","Lyft",41,797,41.483,126.22,149.82,119.95,165.38,65.54,100598.27,33061.89
"2025-01-01","Lyft",42,775,42.483,127.77,150.67,121.57,164.69,67.28,99018.24,32924.55
"2025-01-01","Lyft",43,724,43.516,129.32,152.78,123.15,167.09,68.46,93627.88,31505.7
"2025-01-01","Lyft",44,637,44.483,130.69,153.15,126.59,164.55,69.19,83246.73,28335.91
"2025-01-01","Lyft",45,671,45.488,133.29,156.36,127.28,174.11,68.35,89439.96,30522.29
"2025-01-01","Lyft",46,548,46.465,138.01,162.24,131.74,178.85,71.34,75628.62,25462.96
"2025-01-01","Lyft",47,508,47.495,139.73,164.37,135.01,176.21,72.17,70982.86,24127.37
"2025-01-01","Lyft",48,446,48.501,144.1,168.25,136.83,183.98,72.17,64269.05,21631.46
"2025-01-01","Lyft",49,419,49.504,149.37,174.9,144.78,184.29,74.85,62587.03,20742.12
"2025-01-01","Lyft",50,396,50.489,157.04,182.7,148.86,214.41,75.2,62188.06,19993.72
"2025-01-01","Lyft",51,308,51.481,156.71,182.42,150.02,203.86,77.23,48266.41,15856.16
"2025-01-01","Lyft",52,313,52.494,161.68,187.55,153.81,212.73,78.49,50607.06,16430.57
"2025-01-01","Lyft",53,265,53.489,164.93,191.81,159.68,203.47,80.55,43705.48,14174.46
"2025-01-01","Lyft",54,237,54.468,163.85,187.99,158.7,211.44,79.83,38833.09,12909.01
"2025-01-01","Lyft",55,216,55.491,174.22,199.87,164.56,235.07,83.32,37631.5,11986.08
"2025-01-01","Lyft",56,179,56.486,172.73,197.9,165.03,218.81,83.9,30918.79,10110.95
"2025-01-01","Lyft",57,161,57.5,171.35,199.13,168.72,209.17,84.4,27586.79,9257.55
"2025-01-01","Lyft",58,140,58.494,183.45,211.25,168.6,251.24,86.08,25683.24,8189.12
"2025-01-01","Lyft",59,123,59.536,174.79,202.08,168.35,211.17,85.82,21499.75,7322.96
"2025-01-01","Lyft",60,1955,80.105,234.1,266.91,219.25,323.66,107.68,457655.76,156605.87
"2025-01-01","Uber",0,1748970,0.74,10.21,12.61,8.94,14.27,5.85,17855623.51,1294629.5
"2025-01-01","Uber",1,3851213,1.46,13.12,15.98,11.61,19.44,9.85,50511377.55,5623116.41
"2025-01-01","Uber",2,2283358,2.456,17.87,21.33,16.07,26.36,14.43,40795014.94,5607436.56
"2025-01-01","Uber",3,1516354,3.464,21.56,25.73,19.67,31.41,17.9,32691381.02,5252372.78
"2025-01-01","Uber",4,1098079,4.47,24.43,29.38,22.5,35.26,20.61,26825291.4,4908709.29
"2025-01-01","Uber",5,827453,5.471,26.93,32.42,24.84,39.43,22.7,22286744.65,4526814.93
"2025-01-01","Uber",6,646627,6.476,29.08,35.16,26.8,42.48,24.34,18805801.82,4187532.38
"2025-01-01","Uber",7,520165,7.477,31.74,38.79,29.27,46.46,25.96,16510627.08,3889187.09
"2025-01-01","Uber",8,447826,8.485,34.83,43.58,32.1,50.81,27.26,15595972.51,3799803
"2025-01-01","Uber",9,407075,9.485,39.13,49.52,35.83,58.24,28.67,15927121.83,3861008.62
"2025-01-01","Uber",10,333544,10.47,41.9,52.4,38.36,62.27,30.49,13974974.7,3492310.24
"2025-01-01","Uber",11,248503,11.473,42.65,52.72,39.26,62.05,32.59,10599515.16,2851001.02
"2025-01-01","Uber",12,191229,12.474,44.43,54.95,41.07,64.37,34.31,8495753.82,2385330.17
"2025-01-01","Uber",13,157166,13.483,47.92,59.66,43.87,70.16,35.5,7530910.1,2119146.49
"2025-01-01","Uber",14,137438,14.485,51.29,63.59,47,75.11,36.88,7048510.48,1990786.19
"2025-01-01","Uber",15,118887,15.479,54.38,67.08,49.83,79.72,38.59,6465637.18,1840272.78
"2025-01-01","Uber",16,120087,16.515,62.43,78.3,56.99,94.38,39.96,7496972.11,1983245.87
"2025-01-01","Uber",17,143843,17.493,70.35,88.56,65.27,106.01,42.83,10120006.72,2516284.33
"2025-01-01","Uber",18,110151,18.459,69.71,87.03,64.17,103.61,44.36,7678661.41,2033225.48
"2025-01-01","Uber",19,76515,19.466,69.74,86.72,63.94,102.6,44.89,5336102.53,1489432.18
"2025-01-01","Uber",20,56931,20.474,72.05,89.39,65.97,105.97,46.19,4101753.36,1165598.96
"2025-01-01","Uber",21,41888,21.471,75.71,93.59,69.43,111.76,47.89,3171447.98,899394.08
"2025-01-01","Uber",22,32338,22.473,78.74,97.02,72.23,115.82,48.36,2546451.32,726742.24
"2025-01-01","Uber",23,25424,23.477,81.03,99.67,73.89,119.35,48.17,2060109.91,596867.18
"2025-01-01","Uber",24,21471,24.488,84.75,103.86,77.6,124.7,48.73,1819729.31,525783.31
"2025-01-01","Uber",25,19760,25.484,88.52,107.99,81.67,129.03,48.85,1749109.42,503566.9
"2025-01-01","Uber",26,18734,26.484,92.62,112.75,85.15,134.73,49.55,1735170.66,496146.98
"2025-01-01","Uber",27,17235,27.495,98.37,119.82,91.48,141.95,50.43,1695332.66,473869.92
"2025-01-01","Uber",28,15172,28.474,101.19,123.58,94.19,145.36,51.7,1535318.12,432013.98
"2025-01-01","Uber",29,11695,29.478,106.51,128.96,100,153.62,52.79,1245627.37,344748.01
"2025-01-01","Uber",30,9681,30.483,112.15,134.58,105.95,162.1,53.89,1085721.31,295102.15
"2025-01-01","Uber",31,8365,31.484,115.48,138.11,110.07,163.82,55.25,965969.33,263360.15
"2025-01-01","Uber",32,7736,32.486,118.56,140.76,115.15,164.76,55.48,917172.88,251313.83
"2025-01-01","Uber",33,6571,33.478,122.22,144.87,116.88,174.31,56.91,803092.74,219986.94
"2025-01-01","Uber",34,5692,34.489,125.75,148.08,120.87,177.61,58.08,715769.49,196311.58
"2025-01-01","Uber",35,5109,35.484,129.03,151.81,125.11,180.13,58.74,659230.43,181289.17
"2025-01-01","Uber",36,4730,36.486,130.52,154.34,122.92,182.99,59.94,617350.51,172579.52
"2025-01-01","Uber",37,4335,37.492,134.65,158.47,128.47,189.92,61.07,583721.8,162528.87
"2025-01-01","Uber",38,4136,38.488,139.41,162.34,132.97,196.52,62.39,576603,159186.01
"2025-01-01","Uber",39,3797,39.478,140.78,163.84,132.76,197.6,62.93,534544.97,149897.03
"2025-01-01","Uber",40,2980,40.489,143.13,166.1,132.18,207.31,64.08,426518.07,120657.53
"2025-01-01","Uber",41,2648,41.494,146.43,169.55,137.18,206.95,64.96,387743.99,109877.35
"2025-01-01","Uber",42,2397,42.484,151.51,174.59,143.2,215.63,65.52,363166.73,101835.06
"2025-01-01","Uber",43,2346,43.503,154.37,177.72,148.93,214.41,66.65,362144.87,102058.25
"2025-01-01","Uber",44,2189,44.493,157.19,180.88,151.58,218.69,67.48,344097.13,97395.2
"2025-01-01","Uber",45,2133,45.488,159.5,183.25,149.11,224.95,68.67,340212.28,97025.05
"2025-01-01","Uber",46,1950,46.492,163.72,188.21,155.37,228.35,69.89,319246.59,90659.95
"2025-01-01","Uber",47,1746,47.492,165.01,189.58,151.92,232.91,70.96,288109.43,82921.31
"2025-01-01","Uber",48,1576,48.491,166.78,191.26,154.11,235.7,71.29,262839.6,76421.5
"2025-01-01","Uber",49,1559,49.498,169.89,194.99,157.43,238.58,72.63,264863.64,77166.69
"2025-01-01","Uber",50,1574,50.492,172.49,198.83,155.78,248.08,73.86,271501.17,79474.33
"2025-01-01","Uber",51,1516,51.487,173.83,200.82,156.91,245.27,74.46,263522.8,78053.6
"2025-01-01","Uber",52,1403,52.481,179.76,206.51,160.2,256.63,76.31,252196.44,73630.18
"2025-01-01","Uber",53,1116,53.483,181.69,208.09,163.81,258.7,77.7,202768.19,59687.27
"2025-01-01","Uber",54,1032,54.493,181.9,208.09,163.04,256.13,79.31,187716.52,56237.01
"2025-01-01","Uber",55,843,55.501,183.65,209.49,166.51,257.58,79.71,154817.91,46787.4
"2025-01-01","Uber",56,840,56.491,184.46,210.36,167.23,258.24,82.12,154942.61,47452.1
"2025-01-01","Uber",57,820,57.499,183.84,209.09,163.78,258.27,82.32,150749.63,47149.28
"2025-01-01","Uber",58,718,58.494,186.28,212.42,167.09,254.18,82.57,133750.44,41998.97
"2025-01-01","Uber",59,656,59.482,190.56,217.33,165.91,271.57,83.95,125007.74,39020.41
"2025-01-01","Uber",60,9386,79.416,240.47,271.79,209.6,362.14,104.7,2257071.41,745402.35
"2025-02-01","Lyft",0,606726,0.73,8.76,10.85,7.89,11.72,6.15,5312087.56,443080.85
"2025-02-01","Lyft",1,1129469,1.479,13.06,15.95,12.34,17.67,10.51,14749072.26,1670768.81
"2025-02-01","Lyft",2,805954,2.458,16.93,20.41,16.04,22.24,15.13,13645036.69,1980764.31
"2025-02-01","Lyft",3,549293,3.471,20.89,25.19,19.93,26.89,18.7,11474447,1906354.88
"2025-02-01","Lyft",4,379788,4.469,24.52,29.74,23.42,31.49,21.48,9313863.09,1697087.76
"2025-02-01","Lyft",5,289777,5.476,26.96,32.82,25.74,34.86,23.7,7813427.01,1586722.33
"2025-02-01","Lyft",6,217353,6.477,29.69,36.29,28.18,38.65,25.47,6453700.17,1407817.45
"2025-02-01","Lyft",7,168916,7.479,32.86,40.45,31.13,43.07,27.02,5550725.44,1263301.05
"2025-02-01","Lyft",8,133205,8.478,36.09,45.07,34.23,47.28,28.54,4807860.84,1129315.79
"2025-02-01","Lyft",9,109262,9.485,39.79,49.84,37.81,52.36,29.94,4347332.84,1036394.5
"2025-02-01","Lyft",10,91207,10.481,43.22,53.65,41.04,56.77,31.57,3942152.93,955910.19
"2025-02-01","Lyft",11,69627,11.483,45.65,56.38,43.54,59.28,33.85,3178556.14,799503.01
"2025-02-01","Lyft",12,52039,12.47,47.89,59.02,45.78,61.58,36,2492206.12,648920.26
"2025-02-01","Lyft",13,40561,13.483,50.94,63.41,48.58,65.63,37.28,2066012.04,546902.26
"2025-02-01","Lyft",14,33980,14.486,53.61,66.22,51.11,69.16,38.49,1821719.75,492217.69
"2025-02-01","Lyft",15,29270,15.484,56.26,69.36,53.76,72.13,40.18,1646617.4,453228.16
"2025-02-01","Lyft",16,30531,16.522,61,77.29,58.36,79.51,41.76,1862268.81,504426.16
"2025-02-01","Lyft",17,35527,17.497,65.57,83.37,62.73,85.38,44.29,2329560.14,621617.46
"2025-02-01","Lyft",18,28668,18.467,66.51,83.6,63.4,86.06,45.62,1906660.87,529411.19
"2025-02-01","Lyft",19,19581,19.467,67.4,84.57,64.5,85.66,46.15,1319736.63,381186.48
"2025-02-01","Lyft",20,14328,20.475,69.71,87.14,66.59,89,47.51,998874.49,293360.75
"2025-02-01","Lyft",21,10290,21.475,72.29,90.22,69.13,92.51,49.19,743877.13,220974.44
"2025-02-01","Lyft",22,7889,22.484,74.25,92.48,70.83,94.33,49.4,585785.98,177375.72
"2025-02-01","Lyft",23,6310,23.484,75.94,94.41,72.88,95.76,49.23,479154.86,148186.82
"2025-02-01","Lyft",24,5716,24.509,77.04,95.15,74.27,96.32,49.55,440344.57,140092.47
"2025-02-01","Lyft",25,6020,25.5,78.08,95.71,74.91,99.79,49.74,470030.73,153508.26
"2025-02-01","Lyft",26,5795,26.489,79.64,96.98,76.75,102.07,50.32,461533.07,153501.09
"2025-02-01","Lyft",27,5454,27.515,82.47,101.45,79.29,106.47,51.86,449796.38,150067.02
"2025-02-01","Lyft",28,4908,28.471,85.34,105.52,81.61,111.04,53.69,418854.35,139733.55
"2025-02-01","Lyft",29,3576,29.474,90.26,110.68,86.84,116.56,55.6,322753.57,105398.6
"2025-02-01","Lyft",30,2892,30.483,93.74,114.42,89.57,119.69,56.16,271100.85,88156.64
"2025-02-01","Lyft",31,2581,31.509,95.83,116.67,92.02,121.9,57.02,247325.54,81324.41
"2025-02-01","Lyft",32,2369,32.476,97.23,117.79,93.41,123.77,57.21,230342.27,76935.79
"2025-02-01","Lyft",33,1866,33.484,101.62,122.13,97.45,129.5,59.19,189614.85,62480.77
"2025-02-01","Lyft",34,1636,34.477,104.86,125.56,100.55,133.78,60.73,171557.81,56404.59
"2025-02-01","Lyft",35,1528,35.493,107.05,127.25,102.76,135.18,60.83,163573.67,54233.27
"2025-02-01","Lyft",36,1376,36.484,108.37,129.21,103.85,135.7,61.07,149114.06,50202.05
"2025-02-01","Lyft",37,1289,37.51,110.43,130.92,105.5,141.6,61.78,142347.49,48350.1
"2025-02-01","Lyft",38,1196,38.498,113.1,132.99,108.49,144.4,63.95,135272.35,46043.81
"2025-02-01","Lyft",39,1125,39.477,114.71,135.05,109.62,141.73,64.86,129048.92,44411.72
"2025-02-01","Lyft",40,930,40.489,118.73,139.36,113.55,147.52,66.13,110417.24,37654.85
"2025-02-01","Lyft",41,787,41.491,119.65,140.8,114.13,145.99,67.25,94165.11,32653.14
"2025-02-01","Lyft",42,731,42.481,124.1,144.75,117.35,158.33,67.71,90720.27,31053.33
"2025-02-01","Lyft",43,663,43.482,123.07,143.51,119.75,152.32,68.58,81596.45,28828.45
"2025-02-01","Lyft",44,634,44.513,126.26,146.5,120.25,159.14,69.99,80048.42,28221.05
"2025-02-01","Lyft",45,611,45.491,130.54,152.31,125.65,159.43,71.3,79759.67,27795.18
"2025-02-01","Lyft",46,562,46.478,132.93,154.62,127.73,165.62,70.88,74706.35,26120.41
"2025-02-01","Lyft",47,500,47.507,134.99,156.93,129.28,167.03,72.95,67496.2,23753.51
"2025-02-01","Lyft",48,444,48.492,137.39,159.39,131,165.79,74.16,61000.85,21530.46
"2025-02-01","Lyft",49,418,49.489,143.48,165.72,137.82,179.42,74.6,59975.56,20686.48
"2025-02-01","Lyft",50,389,50.508,147.49,169,144.76,180.52,75.42,57372.98,19647.51
"2025-02-01","Lyft",51,315,51.479,153.18,177.65,147.73,186.83,76.38,48252.82,16215.99
"2025-02-01","Lyft",52,296,52.497,154.99,178.22,149.98,191.17,78.63,45878.27,15539.09
"2025-02-01","Lyft",53,257,53.496,158.36,181.43,153.18,200.06,81.23,40697.5,13748.48
"2025-02-01","Lyft",54,238,54.485,165.51,188.01,160.31,205.1,82.9,39390.49,12967.45
"2025-02-01","Lyft",55,196,55.511,168.16,192.54,162.66,202.98,83.71,32959.19,10880.19
"2025-02-01","Lyft",56,187,56.475,163.24,186.18,159.76,197.1,84.75,30526.64,10560.87
"2025-02-01","Lyft",57,175,57.496,165.53,189.54,159.05,204.56,85.03,28968.28,10061.74
"2025-02-01","Lyft",58,140,58.498,177.44,203.75,167.63,236.88,90.57,24842.15,8189.75
"2025-02-01","Lyft",59,129,59.47,174.44,199.85,166.91,217.67,87.4,22502.41,7671.68
"2025-02-01","Lyft",60,2020,80.798,224.17,254.26,205.41,307.5,109.73,452826.57,163211.89
"2025-02-01","Uber",0,1617784,0.742,10.6,13.1,9.02,15.08,5.97,17143915.64,1201000.75
"2025-02-01","Uber",1,3651795,1.459,13.58,16.53,12.01,20.14,10.04,49608426.43,5327579.65
"2025-02-01","Uber",2,2128756,2.456,18.59,22.17,16.88,27.33,14.77,39573565.2,5227992.17
"2025-02-01","Uber",3,1416322,3.465,22.41,26.75,20.55,32.49,18.35,31746211.47,4907649.58
"2025-02-01","Uber",4,1033301,4.471,25.4,30.58,23.37,36.62,21.16,26241045.32,4619556.11
"2025-02-01","Uber",5,768891,5.471,27.99,33.71,25.79,40.72,23.36,21521803.61,4206242.25
"2025-02-01","Uber",6,598537,6.476,30.25,36.58,27.84,43.88,25.05,18108157.49,3876242.36
"2025-02-01","Uber",7,484319,7.477,33.07,40.39,30.47,47.76,26.75,16016883.19,3621430.23
"2025-02-01","Uber",8,419204,8.486,35.98,44.99,33.25,51.6,28.18,15081816.9,3557237.97
"2025-02-01","Uber",9,383730,9.485,40.25,50.95,37.02,58.81,29.72,15443441.73,3639649.74
"2025-02-01","Uber",10,316366,10.471,43.18,53.98,39.64,63.13,31.55,13660888.36,3312713.82
"2025-02-01","Uber",11,233792,11.473,43.93,54.23,40.51,62.73,33.67,10271068.76,2682321.88
"2025-02-01","Uber",12,180771,12.474,45.83,56.66,42.4,64.85,35.41,8284241.05,2254850.93
"2025-02-01","Uber",13,151447,13.483,49.33,61.47,45.36,70.51,36.76,7471040.83,2042008.96
"2025-02-01","Uber",14,132136,14.483,52.6,65.32,48.4,75.26,38.15,6950829.25,1913725.13
"2025-02-01","Uber",15,113185,15.48,55.37,68.28,51,79.08,39.97,6267614.06,1752155.04
"2025-02-01","Uber",16,114957,16.519,62.46,78.55,57.17,91.76,41.35,7180039.93,1898946.62
"2025-02-01","Uber",17,139779,17.495,69.57,87.83,64.39,102.34,44.39,9724144.66,2445464.1
"2025-02-01","Uber",18,105158,18.457,70.03,87.37,64.25,102.5,45.96,7364581.76,1940883.8
"2025-02-01","Uber",19,71987,19.467,70.33,87.31,64.41,101.65,46.26,5062566.13,1401353.61
"2025-02-01","Uber",20,54869,20.472,73.19,90.7,67.15,105.47,47.61,4015950.58,1123275.72
"2025-02-01","Uber",21,40133,21.47,76.73,94.73,70.55,110.74,49.29,3079318.24,861666.12
"2025-02-01","Uber",22,30914,22.474,79.28,97.65,72.66,114.25,49.68,2450787.09,694765.16
"2025-02-01","Uber",23,24294,23.479,82.33,101.1,75.45,118.75,49.75,2000012.69,570396.01
"2025-02-01","Uber",24,20589,24.488,85.44,104.53,78.16,123.11,50.12,1759177.87,504180.9
"2025-02-01","Uber",25,19285,25.49,89.41,108.98,81.81,129.03,50.51,1724257.37,491567.08
"2025-02-01","Uber",26,17985,26.487,92.94,112.83,85.61,132.67,50.78,1671597.79,476371.58
"2025-02-01","Uber",27,16557,27.493,97.52,118.73,90.35,138.6,51.9,1614707.32,455203.03
"2025-02-01","Uber",28,14919,28.476,100.95,123.19,93.54,143.48,53.38,1505999.09,424840.09
"2025-02-01","Uber",29,11312,29.482,105.98,128.07,98.87,151.11,54.41,1198862.79,333502.8
"2025-02-01","Uber",30,9350,30.481,110.9,132.97,103.6,157.49,55.43,1036895.53,284999.44
"2025-02-01","Uber",31,7982,31.483,113.56,135.55,107.13,159.08,56.31,906475.61,251293.86
"2025-02-01","Uber",32,7573,32.486,116.16,137.9,110.33,160.52,56.22,879700.15,246016.18
"2025-02-01","Uber",33,6179,33.479,121.5,143.3,114,171.28,58.18,750748.93,206864.42
"2025-02-01","Uber",34,5601,34.492,125.23,147.03,117.95,176.47,59.44,701412.29,193187.08
"2025-02-01","Uber",35,5293,35.488,128.3,150.09,121.53,179.79,60.02,679083.73,187836.98
"2025-02-01","Uber",36,4741,36.49,130.67,153.44,123.45,180.72,61.49,619486.51,172997.41
"2025-02-01","Uber",37,4047,37.482,135.24,158.03,127.46,189.3,62.48,547327.54,151687.86
"2025-02-01","Uber",38,4110,38.484,137.36,159.25,130.53,189.48,62.83,564556.92,158170.61
"2025-02-01","Uber",39,3690,39.482,138.3,159.7,130.27,190.65,64.06,510343.86,145687.99
"2025-02-01","Uber",40,2909,40.477,141.18,163.64,131.38,196.08,65.84,410683.04,117747.03
"2025-02-01","Uber",41,2469,41.486,144.31,166.97,135.54,199.22,66.27,356294.98,102428.18
"2025-02-01","Uber",42,2456,42.494,150.2,172.77,141.7,209.09,67.13,368899.23,104364.5
"2025-02-01","Uber",43,2195,43.486,152.27,174.94,143.1,210.48,68.3,334238.07,95451.95
"2025-02-01","Uber",44,2251,44.501,154.06,176.58,145.5,211.14,68.15,346797.65,100170.88
"2025-02-01","Uber",45,2050,45.48,158.32,181.2,148.84,219.25,69.79,324556.52,93234.63
"2025-02-01","Uber",46,1828,46.496,162.49,186.47,152.19,225.77,71.22,297026.03,84993.97
"2025-02-01","Uber",47,1655,47.487,163.71,187.64,153.89,227.08,71.84,270942.9,78590.78
"2025-02-01","Uber",48,1598,48.483,167.87,191.92,159.27,231.97,72.93,268253.72,77475.8
"2025-02-01","Uber",49,1570,49.479,172.31,196.35,162.98,238.03,73.22,270532.57,77682.37
"2025-02-01","Uber",50,1491,50.499,174.55,199.62,162.16,239.14,74.85,260246.74,75294.15
"2025-02-01","Uber",51,1359,51.484,175.07,199.89,165.2,239.76,76.02,237925.31,69966.16
"2025-02-01","Uber",52,1265,52.481,182.86,207.88,170.62,253.47,77.98,231323.02,66388.8
"2025-02-01","Uber",53,1080,53.471,183.46,208.46,172.36,255.52,79.03,198140.46,57748.46
"2025-02-01","Uber",54,1005,54.492,182.42,207.15,171.15,252.37,80.06,183332.42,54764.31
"2025-02-01","Uber",55,868,55.487,184.99,209.23,171.76,254.36,80.61,160570.05,48163.11
"2025-02-01","Uber",56,795,56.476,185.99,210.32,170.78,257.24,82.2,147860.75,44898.07
"2025-02-01","Uber",57,746,57.48,184.4,208.41,170.81,247.15,84.04,137564.32,42879.88
"2025-02-01","Uber",58,697,58.466,191.69,217.04,177.98,261.5,84.59,133609.12,40750.93
"2025-02-01","Uber",59,596,59.507,190,216.45,174.56,249.53,85.71,113241.91,35465.95
"2025-02-01","Uber",60,8287,78.237,242.65,273.17,215.32,361.82,104.85,2010834.53,648350.98
"2025-03-01","Lyft",0,672800,0.732,8.94,10.96,8.05,12.31,6.12,6016486.56,492311.91
"2025-03-01","Lyft",1,1327461,1.481,13.45,16.3,12.56,18.41,10.47,17854547.29,1966092.8
"2025-03-01","Lyft",2,951149,2.459,17.69,21.19,16.79,23.36,15.04,16828079.36,2338702.55
"2025-03-01","Lyft",3,653254,3.472,21.86,26.22,20.82,28.31,18.66,14281015.53,2267878.36
"2025-03-01","Lyft",4,454182,4.471,25.61,30.88,24.55,32.9,21.5,11631875.77,2030484.35
"2025-03-01","Lyft",5,353198,5.477,28.09,33.98,26.82,36.17,23.78,9921623.72,1934484.24
"2025-03-01","Lyft",6,270962,6.478,30.87,37.52,29.36,40.04,25.56,8364814.73,1755266.44
"2025-03-01","Lyft",7,214533,7.481,34.21,41.93,32.39,44.67,27.28,7339066.42,1605022.17
"2025-03-01","Lyft",8,173958,8.48,37.64,46.94,35.7,49.15,28.93,6548135.69,1475196.14
"2025-03-01","Lyft",9,143903,9.488,41.88,52.44,39.9,54.73,30.58,6027338.02,1365313.58
"2025-03-01","Lyft",10,120427,10.479,45.46,56.25,43.35,59.19,32.34,5474765.25,1261942.79
"2025-03-01","Lyft",11,91745,11.48,47.95,58.97,45.86,61.82,34.7,4398968.93,1053213.64
"2025-03-01","Lyft",12,68712,12.472,50.32,61.76,48.25,64.34,36.95,3457827.13,857002.26
"2025-03-01","Lyft",13,53889,13.483,53.61,66.5,51.3,68.57,38.54,2888980.49,726602.8
"2025-03-01","Lyft",14,45689,14.491,56.28,69.33,53.91,71.87,39.66,2571153.06,662063.45
"2025-03-01","Lyft",15,40164,15.484,59.26,72.66,56.68,75.93,41.7,2380220.01,621917.55
"2025-03-01","Lyft",16,43063,16.519,63.65,80.44,60.96,82.05,43.66,2741101.17,711362.77
"2025-03-01","Lyft",17,50398,17.497,68.82,87.15,65.84,89.15,46.7,3468563.51,881791.1
"2025-03-01","Lyft",18,40392,18.469,70.32,87.93,67.09,90.74,48.28,2840171.68,746008.36
"2025-03-01","Lyft",19,28056,19.464,71.28,88.99,68.26,90.92,48.46,1999870.23,546076.68
"2025-03-01","Lyft",20,19278,20.469,73.71,91.65,70.32,94.21,49.6,1421065.68,394603.81
"2025-03-01","Lyft",21,13506,21.469,76.33,94.67,73.08,97.98,51.13,1030958.86,289958.09
"2025-03-01","Lyft",22,10163,22.481,78.57,97.35,75.2,100.72,51.51,798524.39,228472.99
"2025-03-01","Lyft",23,8317,23.484,80.66,99.6,77.6,102.68,51.16,670815.05,195316.09
"2025-03-01","Lyft",24,7290,24.501,81.89,100.55,79.14,104,51.24,597002.62,178614.1
"2025-03-01","Lyft",25,7628,25.501,82.29,100.21,79.09,106.98,50.78,627679.43,194520.39
"2025-03-01","Lyft",26,7589,26.486,82.94,100.46,80.16,107.93,51.61,629466.18,201004.51
"2025-03-01","Lyft",27,7252,27.511,86.31,105.54,82.73,113.1,53.03,625945.94,199512.94
"2025-03-01","Lyft",28,6706,28.48,88.69,109.01,85.2,114.4,55.04,594786.27,190986
"2025-03-01","Lyft",29,4934,29.477,93.5,114.17,89.97,121.15,56.82,461335.49,145439.94
"2025-03-01","Lyft",30,3805,30.484,98.14,118.95,94.36,127.86,57.62,373431.11,115990.52
"2025-03-01","Lyft",31,3375,31.492,101.35,122.65,97.59,130.36,59.04,342065.71,106284.45
"2025-03-01","Lyft",32,3139,32.48,102.99,123.86,98.76,131.06,58.71,323301.28,101955.42
"2025-03-01","Lyft",33,2267,33.491,107.83,129.06,103.39,137.45,60.84,244444.69,75923.93
"2025-03-01","Lyft",34,1990,34.486,110.16,131.12,105.89,136.79,61.3,219227.25,68626.42
"2025-03-01","Lyft",35,1917,35.486,113.47,134.41,108.61,143.66,62.34,217526.15,68026.03
"2025-03-01","Lyft",36,1609,36.494,115.86,137.4,110.33,146.29,64.11,186422.67,58719.4
"2025-03-01","Lyft",37,1586,37.486,117.57,139.23,113.67,147.33,64.77,186460.34,59452.02
"2025-03-01","Lyft",38,1556,38.495,119.09,140.35,114.39,148.2,65.97,185296.4,59898.6
"2025-03-01","Lyft",39,1357,39.489,120.28,141.04,117.24,146.82,66.9,163221.94,53586.43
"2025-03-01","Lyft",40,1075,40.492,126.03,147.54,121.49,156.73,68.17,135484,43528.4
"2025-03-01","Lyft",41,1014,41.486,126.87,147.77,122.09,155.2,69.39,128641.96,42067
"2025-03-01","Lyft",42,925,42.481,131.77,153.38,125.93,166.27,70.59,121883.89,39295.29
"2025-03-01","Lyft",43,857,43.483,130.68,151.38,124.79,163.11,70.89,111996.8,37264.53
"2025-03-01","Lyft",44,796,44.518,134.14,154.34,128.6,167.36,70.34,106774.21,35436.21
"2025-03-01","Lyft",45,772,45.483,134.87,156.16,130.53,166.79,71.46,104122.61,35112.92
"2025-03-01","Lyft",46,680,46.494,138.97,159.72,132.57,175.94,73.28,94497.78,31616.19
"2025-03-01","Lyft",47,631,47.497,141.32,162.68,136.76,174.92,74.26,89169.96,29970.47
"2025-03-01","Lyft",48,518,48.498,149.06,171.46,140.46,183.83,75.34,77213.7,25121.81
"2025-03-01","Lyft",49,463,49.485,151.58,174.26,147,187.24,76.96,70179.81,22911.59
"2025-03-01","Lyft",50,480,50.479,158.32,181.31,150.79,193.48,78.43,75991.74,24230.05
"2025-03-01","Lyft",51,438,51.485,161.93,184.91,156.46,200.62,78.72,70927.05,22550.52
"2025-03-01","Lyft",52,355,52.519,164.24,187.35,158.16,203.84,80.83,58303.58,18644.39
"2025-03-01","Lyft",53,325,53.499,169.95,193.45,160.52,211.25,82.02,55233.48,17387.15
"2025-03-01","Lyft",54,315,54.459,173.1,198.67,165.48,217.34,83.76,54527.93,17154.6
"2025-03-01","Lyft",55,270,55.502,172.23,195.41,164.82,211.3,85.85,46500.95,14985.48
"2025-03-01","Lyft",56,235,56.507,176.93,202.12,168.12,223.55,85.5,41578.86,13279.12
"2025-03-01","Lyft",57,175,57.51,178.9,203.96,170.76,222.42,88.6,31307.33,10064.24
"2025-03-01","Lyft",58,197,58.513,188.15,214.98,176.71,244.99,91.89,37066.39,11527.11
"2025-03-01","Lyft",59,178,59.524,182.88,206.88,175.69,227.22,89.87,32552.85,10595.28
"2025-03-01","Lyft",60,2671,79.694,235.4,266.21,218.66,320.76,110.5,628753.81,212862.22
"2025-03-01","Uber",0,1591210,0.744,11.27,13.74,9.8,16.08,5.91,17927726.33,1183906.35
"2025-03-01","Uber",1,3652154,1.46,14.84,17.85,13.14,22.18,9.96,54189374.54,5330880.53
"2025-03-01","Uber",2,2156035,2.457,20.35,24.08,18.24,29.83,14.72,43878807.3,5297916.39
"2025-03-01","Uber",3,1444137,3.465,24.56,29.09,22.38,35.37,18.34,35468844.99,5004321.35
"2025-03-01","Uber",4,1045569,4.471,27.9,33.3,25.79,39.73,21.14,29167982.69,4674688.33
"2025-03-01","Uber",5,773421,5.469,30.99,37.03,28.64,44.75,23.34,23971587.39,4229552.55
"2025-03-01","Uber",6,595247,6.476,33.66,40.37,30.98,48.51,25.03,20035431.48,3854580.3
"2025-03-01","Uber",7,481792,7.479,37,44.78,34.09,53.21,26.75,17827086.35,3603298.29
"2025-03-01","Uber",8,421323,8.487,40.74,50.37,37.65,58.9,28.3,17166020.17,3575702.53
"2025-03-01","Uber",9,391651,9.487,45.7,57.17,42.11,67.35,30.01,17898607.69,3715674.48
"2025-03-01","Uber",10,327016,10.472,48.85,60.45,45.15,71.39,31.83,15974572.96,3424364.98
"2025-03-01","Uber",11,240169,11.472,49.9,60.99,46.38,71.19,33.97,11983790.49,2755276.22
"2025-03-01","Uber",12,184539,12.473,52.06,63.62,48.45,73.86,35.64,9606370.88,2301685.48
"2025-03-01","Uber",13,152717,13.484,56.08,69.09,51.86,80.69,37.1,8564396.62,2059250.39
"2025-03-01","Uber",14,132966,14.485,59.61,73.23,55.17,85.78,38.68,7926118.71,1925964.01
"2025-03-01","Uber",15,114829,15.477,62.98,76.78,58.4,90.45,40.65,7231509.46,1777242.4
"2025-03-01","Uber",16,119036,16.519,71.34,88.44,66.23,104.91,42.43,8491712.54,1966308.65
"2025-03-01","Uber",17,144687,17.495,80.9,100.41,76.35,117.96,46,11705861.45,2531361.11
"2025-03-01","Uber",18,110850,18.459,81.5,100.14,76.57,118.39,47.45,9034194.88,2046175.88
"2025-03-01","Uber",19,76570,19.466,81.29,99.6,76.11,117.58,47.42,6224016.76,1490512.21
"2025-03-01","Uber",20,58282,20.471,84.08,102.89,78.79,120.47,48.72,4900636.98,1193103.09
"2025-03-01","Uber",21,42883,21.473,87.4,106.58,82.1,125.76,50.37,3748149.86,920805.7
"2025-03-01","Uber",22,33006,22.473,89.89,109.38,84.13,129.48,50.56,2966898.65,741760.28
"2025-03-01","Uber",23,26450,23.482,92.38,112.25,86.46,131.94,50.43,2443508,621104.79
"2025-03-01","Uber",24,22776,24.491,96.09,116.24,89.69,137.86,50.85,2188503.12,557800.34
"2025-03-01","Uber",25,21426,25.49,99.95,120.54,93.56,142.4,51.24,2141531.98,546149.95
"2025-03-01","Uber",26,19881,26.489,103.99,125.02,97.22,147.04,51.86,2067336.47,526626.74
"2025-03-01","Uber",27,17983,27.497,108.97,131.31,102.71,154.17,52.77,1959560.53,494470.3
"2025-03-01","Uber",28,16677,28.475,113.44,137.05,107.74,158.47,54.43,1891831.49,474877.88
"2025-03-01","Uber",29,12852,29.479,117.36,140.52,111.59,163.92,55.38,1508325.08,378859.44
"2025-03-01","Uber",30,10585,30.484,121.87,144.85,116.8,170.03,56.48,1290004.79,322669.59
"2025-03-01","Uber",31,9144,31.484,124.49,147.29,119.16,173.59,57.27,1138339.47,287887.21
"2025-03-01","Uber",32,8823,32.486,127.38,149.76,122.15,176.71,57.64,1123862.26,286620.68
"2025-03-01","Uber",33,6919,33.484,131.77,154.6,125.36,184.76,59.08,911713.38,231672.5
"2025-03-01","Uber",34,6256,34.488,136.3,158.75,130.31,190.49,59.98,852718.6,215759.6
"2025-03-01","Uber",35,5876,35.487,139.19,161.89,132.85,195.55,60.2,817872.11,208520.04
"2025-03-01","Uber",36,5285,36.485,143.23,166.81,137.32,198.93,62.15,756975.04,192823.21
"2025-03-01","Uber",37,4532,37.487,144.52,167.96,137.63,200.45,63.27,654950.78,169889.9
"2025-03-01","Uber",38,4511,38.488,149.64,172.31,142.44,208.67,64.16,675015.56,173620.67
"2025-03-01","Uber",39,4234,39.479,151.57,173.38,145.64,206.91,64.8,641748.29,167155.11
"2025-03-01","Uber",40,3451,40.477,152.05,175.06,143.77,211.16,66.57,524725.69,139686.12
"2025-03-01","Uber",41,3114,41.488,157.31,180.24,149.06,217.98,66.86,489876,129192.53
"2025-03-01","Uber",42,2956,42.496,162.68,185.45,154.33,226.44,67.97,480882.9,125619
"2025-03-01","Uber",43,2641,43.493,165.65,188.66,157.25,229.33,69.27,437470.21,114865.92
"2025-03-01","Uber",44,2515,44.5,165.95,189.04,156.16,227.79,69.86,417359.97,111916.86
"2025-03-01","Uber",45,2480,45.488,169.95,193.02,159.09,239.1,70.73,421485.77,112810.53
"2025-03-01","Uber",46,2121,46.487,173.51,197.32,162.03,243.61,70.81,368013.16,98599
"2025-03-01","Uber",47,1923,47.477,174.78,198.97,163.94,239.6,71.94,336106.81,91297.46
"2025-03-01","Uber",48,1748,48.484,180.19,204.33,171.98,249.5,73.84,314977.96,84749.33
"2025-03-01","Uber",49,1762,49.488,183.94,208.17,176.22,250.98,74.63,324108.08,87198.42
"2025-03-01","Uber",50,1739,50.493,190,215.85,179.5,262.93,75.64,330418.16,87806.8
"2025-03-01","Uber",51,1584,51.496,191.35,216.58,180.89,264.03,77.81,303098,81570.38
"2025-03-01","Uber",52,1355,52.499,195.1,220.57,184.45,268.69,78.65,264363.54,71135.64
"2025-03-01","Uber",53,1291,53.494,196.59,222.12,184.32,270.09,80.41,253794,69060.7
"2025-03-01","Uber",54,1141,54.467,199.14,224.86,187.97,270.16,82.13,227217.45,62146.58
"2025-03-01","Uber",55,988,55.486,203.66,228.79,191.02,278.51,83,201214.89,54820.51
"2025-03-01","Uber",56,910,56.489,201.95,227.34,189.8,278.66,83.99,183771.71,51405.27
"2025-03-01","Uber",57,915,57.494,201.86,226.9,191.06,275.75,84.3,184702.5,52607.28
"2025-03-01","Uber",58,754,58.482,207.45,233.58,196.08,281.42,86.14,156414.12,44095.41
"2025-03-01","Uber",59,750,59.493,212.53,239.51,198.67,285,86.65,159397.73,44619.61
"2025-03-01","Uber",60,9334,78.29,267.95,299.58,239.58,395.98,106.06,2501079.08,730760.67
"2025-04-01","Lyft",0,580824,0.733,8.39,10.41,7.63,11.4,6.24,4873992.74,425886.77
"2025-04-01","Lyft",1,1192847,1.482,12.68,15.52,11.92,17.2,10.69,15125680.52,1768232.63
"2025-04-01","Lyft",2,859743,2.46,16.69,20.16,15.9,22.08,15.34,14345056.96,2114775.44
"2025-04-01","Lyft",3,601389,3.475,20.46,24.73,19.57,26.55,18.92,12305078.82,2089699.82
"2025-04-01","Lyft",4,431862,4.473,23.98,29.16,23.05,30.99,21.8,10357011.61,1931576.68
"2025-04-01","Lyft",5,330803,5.476,26.9,32.82,25.78,34.76,24.08,8897973.12,1811344.66
"2025-04-01","Lyft",6,252378,6.477,29.86,36.54,28.48,38.77,25.95,7535050.37,1634619.64
"2025-04-01","Lyft",7,198114,7.479,33.23,40.85,31.56,43.49,27.68,6582958.76,1481748.42
"2025-04-01","Lyft",8,157517,8.479,36.79,45.81,34.9,48.61,29.46,5795689.95,1335617.06
"2025-04-01","Lyft",9,125497,9.484,41.58,51.86,39.58,54.99,31.07,5218711,1190226.01
"2025-04-01","Lyft",10,107191,10.483,45.62,56.44,43.51,60.01,32.83,4890099.19,1123652.95
"2025-04-01","Lyft",11,83666,11.485,48.57,59.93,46.44,63.32,35.2,4063982.03,960889.72
"2025-04-01","Lyft",12,64027,12.471,50.76,62.55,48.54,65.66,37.42,3249700.82,798460.89
"2025-04-01","Lyft",13,48821,13.484,54.14,67.11,51.64,70.29,39.02,2643091.45,658313.56
"2025-04-01","Lyft",14,42021,14.495,56.98,69.94,54.46,73.62,40.06,2394326.2,609091.51
"2025-04-01","Lyft",15,37491,15.486,60.02,73.53,57.15,77.72,42.16,2250105.9,580572.23
"2025-04-01","Lyft",16,36486,16.511,65.65,81.87,62.45,87.17,43.72,2395124.47,602415.95
"2025-04-01","Lyft",17,39655,17.494,72.97,90.98,69.94,96.82,47.02,2893620.44,693726.87
"2025-04-01","Lyft",18,32426,18.474,74.24,91.73,70.94,97.47,48.68,2407370.92,599038.4
"2025-04-01","Lyft",19,23137,19.471,74.9,92.51,71.73,96.89,49.08,1733057.15,450496.74
"2025-04-01","Lyft",20,17295,20.482,76.76,94.52,73.62,98.21,50.11,1327590.32,354229.84
"2025-04-01","Lyft",21,13426,21.482,79.53,97.97,75.97,102.71,51.66,1067780.81,288414.31
"2025-04-01","Lyft",22,10774,22.478,81.52,100.45,78.31,104.35,52.54,878258.41,242180.47
"2025-04-01","Lyft",23,8695,23.484,83.59,102.46,80.59,105.34,52.4,726787.97,204196.28
"2025-04-01","Lyft",24,7485,24.508,84.8,103.42,82.16,106.47,51.73,634740.01,183441.19
"2025-04-01","Lyft",25,7692,25.499,85.4,103.31,82.93,108.67,51.75,656925.42,196139.74
"2025-04-01","Lyft",26,7516,26.494,88.14,106,85.77,113.45,52.97,662482.36,199132.19
"2025-04-01","Lyft",27,6966,27.502,90.99,110.33,88.49,117.43,54.2,633849.32,191578.93
"2025-04-01","Lyft",28,6596,28.477,94.29,114.88,90.84,120.19,56.04,621951.19,187833.93
"2025-04-01","Lyft",29,5022,29.484,97.59,118.02,94.37,123.82,57.32,490108.45,148069.28
"2025-04-01","Lyft",30,4025,30.482,102.28,122.85,98.63,130.51,58.54,411677.32,122690.47
"2025-04-01","Lyft",31,3751,31.492,104.15,124.63,100.73,130.79,59.32,390652.46,118125.99
"2025-04-01","Lyft",32,3425,32.473,106.95,127.47,103.22,133.36,59.91,366315.02,111219.08
"2025-04-01","Lyft",33,2669,33.485,110.83,131.61,106.27,140.91,61.93,295797.94,89370.56
"2025-04-01","Lyft",34,2346,34.492,111.81,132.3,108.11,138.24,61.85,262297.73,80919.22
"2025-04-01","Lyft",35,2178,35.491,115.73,136,111.68,144.96,63.16,252069.75,77300.25
"2025-04-01","Lyft",36,2016,36.484,117.27,138.1,113.44,144.01,64.66,236425.09,73551.49
"2025-04-01","Lyft",37,1892,37.504,120.42,141.6,115.43,149.58,66.39,227836.26,70958.25
"2025-04-01","Lyft",38,1825,38.479,123.48,144.49,118.18,153.16,68,225346.99,70224.1
"2025-04-01","Lyft",39,1673,39.478,124.08,144.45,119.99,152.8,68.92,207591.63,66047.4
"2025-04-01","Lyft",40,1308,40.492,128.88,149.46,123.82,160.75,70.01,168577.94,52964.06
"2025-04-01","Lyft",41,1195,41.496,130.22,151.75,125.92,160.99,70.14,155617.6,49587.54
"2025-04-01","Lyft",42,1210,42.488,133.48,153.84,128.59,162.4,71.42,161507.08,51410.76
"2025-04-01","Lyft",43,1028,43.492,135.75,156.55,130.12,168.52,70.9,139551.53,44709.98
"2025-04-01","Lyft",44,991,44.505,136.36,156.89,132.38,166.55,72.49,135128.12,44104.74
"2025-04-01","Lyft",45,943,45.495,139.18,160.51,134.1,170.91,73.28,131249.97,42901.8
"2025-04-01","Lyft",46,833,46.5,143.05,164.67,137.75,175.12,75.14,119158.77,38734.51
"2025-04-01","Lyft",47,739,47.491,146.05,168.24,140.65,177.78,77.27,107930.61,35095.76
"2025-04-01","Lyft",48,690,48.507,150.12,171.88,144.08,187.65,77.73,103580.53,33469.91
"2025-04-01","Lyft",49,619,49.518,154.48,177.03,148.79,186.8,79.56,95625.33,30651.77
"2025-04-01","Lyft",50,563,50.479,160.04,182.11,155.44,189.94,78.47,90101.86,28419.86
"2025-04-01","Lyft",51,482,51.464,165.64,188.81,159.89,200.85,79.78,79836.57,24805.46
"2025-04-01","Lyft",52,432,52.491,167.11,189.91,161.24,201.49,81.26,72192.67,22676.04
"2025-04-01","Lyft",53,424,53.505,169.56,191.88,163.33,208.08,82.48,71891.42,22686.23
"2025-04-01","Lyft",54,318,54.493,175.77,198.62,171,214.27,87.59,55895.65,17328.84
"2025-04-01","Lyft",55,330,55.446,175.25,197.48,169.07,211.33,85.57,57832.26,18297.16
"2025-04-01","Lyft",56,331,56.489,180.54,202.75,174.37,221.99,89.68,59757.86,18697.81
"2025-04-01","Lyft",57,271,57.471,183.29,207.22,177.21,222.76,87.32,49671.29,15574.55
"2025-04-01","Lyft",58,222,58.488,185.81,209.93,178.3,229.26,89.07,41248.84,12984.44
"2025-04-01","Lyft",59,182,59.448,189.3,214.54,183.71,235.43,93.43,34452.46,10819.57
"2025-04-01","Lyft",60,2938,77.831,235.87,265.08,221.07,319.33,110.05,692984.75,228668.86
"2025-04-01","Uber",0,1513743,0.745,10.12,12.51,8.91,14.56,6.01,15320917.36,1127044.15
"2025-04-01","Uber",1,3581718,1.463,13.61,16.53,11.85,20.56,10.16,48733167.81,5241375.08
"2025-04-01","Uber",2,2170078,2.457,18.65,22.24,16.54,28.01,14.99,40479365.15,5332060.38
"2025-04-01","Uber",3,1451844,3.464,22.58,26.92,20.37,33.31,18.63,32781298.22,5029314.81
"2025-04-01","Uber",4,1043205,4.471,25.87,31.09,23.57,37.83,21.51,26989513.55,4663717.63
"2025-04-01","Uber",5,774311,5.47,28.92,34.75,26.3,42.7,23.77,22393308.91,4235302.85
"2025-04-01","Uber",6,598453,6.476,31.62,38.13,28.8,46.62,25.56,18922322.87,3875485.24
"2025-04-01","Uber",7,484449,7.478,35,42.6,31.98,51.4,27.35,16956686.57,3622738.72
"2025-04-01","Uber",8,421442,8.485,38.78,48.22,35.5,57.35,28.96,16342356.98,3576138.03
"2025-04-01","Uber",9,393677,9.488,43.7,55.01,39.96,65.42,30.7,17204898.55,3735233.88
"2025-04-01","Uber",10,328583,10.47,46.81,58.2,43.14,69.12,32.58,15381361.61,3440270.84
"2025-04-01","Uber",11,241170,11.472,48.23,59.13,44.46,69.86,34.82,11630588.76,2766812.24
"2025-04-01","Uber",12,184782,12.471,50.57,61.93,46.72,72.84,36.61,9343549.61,2304457.98
"2025-04-01","Uber",13,149340,13.484,54.49,67.16,50.08,79.61,38.07,8137552.83,2013637.99
"2025-04-01","Uber",14,129961,14.485,58.31,71.57,53.8,84.8,39.66,7577779.59,1882452.96
"2025-04-01","Uber",15,111997,15.479,61.98,75.56,57.07,90.31,41.65,6941855.6,1733568.59
"2025-04-01","Uber",16,113122,16.514,70.58,87.36,65.47,105.32,43.47,7984422.81,1868071.76
"2025-04-01","Uber",17,134763,17.494,81.04,100.41,75.95,120.76,46.95,10921441.68,2357534.46
"2025-04-01","Uber",18,102816,18.458,81.28,99.77,75.7,120.71,48.5,8356867.36,1897802.82
"2025-04-01","Uber",19,71043,19.464,80.72,98.79,75.5,117.79,48.62,5734327.29,1382777.34
"2025-04-01","Uber",20,54049,20.472,83.75,102.25,78.75,121.25,49.81,4526548.43,1106476.3
"2025-04-01","Uber",21,39598,21.469,88.18,107.23,83.34,128.07,51.65,3491568.18,850129.04
"2025-04-01","Uber",22,30738,22.473,91.4,110.96,87.13,131.96,51.75,2809361.62,690781.42
"2025-04-01","Uber",23,24866,23.475,93.93,113.78,89.9,134.29,51.48,2335583.63,583733.79
"2025-04-01","Uber",24,21006,24.489,97.94,118.2,93.7,139.95,51.9,2057340.9,514408.5
"2025-04-01","Uber",25,19441,25.489,102,122.61,97.66,145.19,52.46,1983048.44,495540.34
"2025-04-01","Uber",26,18480,26.489,106.59,127.66,102.48,150.04,53.07,1969698.94,489525.77
"2025-04-01","Uber",27,16739,27.495,112.34,134.71,109.1,157.78,53.98,1880529.1,460237.35
"2025-04-01","Uber",28,15213,28.471,117.2,140.78,113.74,163.44,55.56,1782984.25,433132.88
"2025-04-01","Uber",29,11905,29.476,122.05,145.34,119.08,169.35,56.63,1453032.04,350906.24
"2025-04-01","Uber",30,9761,30.482,127.6,151.14,124.33,177.4,57.95,1245468.6,297530.51
"2025-04-01","Uber",31,8464,31.489,132.21,155.39,129.59,182.71,58.75,1119015.9,266523.53
"2025-04-01","Uber",32,7902,32.485,136.07,158.72,133.57,184.62,59.2,1075214.97,256700.39
"2025-04-01","Uber",33,6593,33.487,141.11,163.96,138.32,194.03,60.52,930356.39,220777.42
"2025-04-01","Uber",34,5665,34.483,146.33,169,143.48,200.89,61.77,828940.29,195345.56
"2025-04-01","Uber",35,5221,35.488,150.22,173.51,147.52,205.56,62.61,784322.75,185282.23
"2025-04-01","Uber",36,4776,36.484,152.55,176.39,149.89,206.22,63.64,728560.97,174246.76
"2025-04-01","Uber",37,4174,37.491,155.43,179.08,152.62,209.75,64.87,648763.47,156487.81
"2025-04-01","Uber",38,4204,38.485,160.42,183.39,156.98,218.57,65.53,674420.36,161792.97
"2025-04-01","Uber",39,3723,39.483,164.41,187.15,161.14,222.55,67.36,612091.68,146993.4
"2025-04-01","Uber",40,3041,40.485,167.1,190.49,162.87,226.35,68.67,508138.88,123114.82
"2025-04-01","Uber",41,2753,41.491,171.55,195.57,168.99,230.35,68.93,472264.92,114223.84
"2025-04-01","Uber",42,2571,42.482,175.56,199.67,171.98,236.82,70.02,451371.33,109222.5
"2025-04-01","Uber",43,2307,43.49,180.17,204.04,176.38,242.91,70.65,415651.01,100331.04
"2025-04-01","Uber",44,2186,44.5,182.73,206,180.42,243.21,71.12,399444.83,97276.66
"2025-04-01","Uber",45,2237,45.482,189.06,213.08,185.63,254.88,71.95,422921.16,101742.48
"2025-04-01","Uber",46,1874,46.492,190.77,215.3,186.5,256.8,73.65,357507.58,87125.32
"2025-04-01","Uber",47,1757,47.491,194.03,219.29,190.08,262.16,75.08,340906,83442.35
"2025-04-01","Uber",48,1598,48.493,197.21,222.58,193.25,262.22,75.84,315135,77492.48
"2025-04-01","Uber",49,1541,49.489,200.53,225.72,198.37,264.73,77.05,309013.87,76262.08
"2025-04-01","Uber",50,1487,50.489,205.55,231.83,202.58,273.48,77.13,305646.18,75077.55
"2025-04-01","Uber",51,1334,51.485,207.66,234.38,205.75,269.78,79.17,277016.84,68680.53
"2025-04-01","Uber",52,1287,52.492,214.1,240.76,210.65,286.24,80.88,275548.27,67557.46
"2025-04-01","Uber",53,1215,53.478,216.83,243.23,212.23,284.91,82.31,263448.51,64975.97
"2025-04-01","Uber",54,1024,54.48,218.55,245.42,214.97,289.17,83.39,223796.21,55787.11
"2025-04-01","Uber",55,867,55.491,218.83,245.7,217.34,285.71,85.06,189725.09,48110.47
"2025-04-01","Uber",56,859,56.488,226.12,252.3,220.42,300.71,87.53,194238.94,48523.45
"2025-04-01","Uber",57,780,57.477,224,250.9,220,296.6,87.25,174716.74,44832.37
"2025-04-01","Uber",58,700,58.52,226.08,252.74,223.45,295.64,87.84,158253.94,40964.07
"2025-04-01","Uber",59,643,59.476,227.02,253.78,222.92,295.39,87.81,145971.01,38242.94
"2025-04-01","Uber",60,8523,79.163,284.75,317.49,260.66,402.28,110.23,2426940.23,674707.41
"2025-05-01","Lyft",0,650844,0.735,8.7,10.73,7.74,12.26,6.38,5664643.77,478112.96
"2025-05-01","Lyft",1,1388825,1.481,13.06,15.86,11.95,18.38,10.93,18132636.27,2057275.79
"2025-05-01","Lyft",2,952795,2.467,17.69,21.2,16.44,23.96,15.77,16855752.67,2350433.71
"2025-05-01","Lyft",3,661966,3.471,21.67,25.99,20.43,28.92,19.54,14344910.13,2297735.57
"2025-05-01","Lyft",4,486016,4.474,25.05,30.23,23.72,33.08,22.58,12175367.66,2174527.23
"2025-05-01","Lyft",5,365456,5.474,28.29,34.26,26.7,37.53,25.04,10337668.72,2000590.95
"2025-05-01","Lyft",6,279416,6.478,31.34,38.09,29.48,41.72,26.97,8756483.89,1810022.07
"2025-05-01","Lyft",7,218844,7.479,35.11,43.06,33.01,46.9,28.95,7684009.32,1636663.52
"2025-05-01","Lyft",8,177075,8.481,39.28,49,36.97,52.57,31.23,6956309.01,1501703.06
"2025-05-01","Lyft",9,150160,9.485,43.51,54.38,40.96,58.23,33.22,6533260.6,1424315.88
"2025-05-01","Lyft",10,125459,10.478,46.87,57.84,44.15,62.26,34.93,5880156,1314601.83
"2025-05-01","Lyft",11,93450,11.477,49.9,61.18,47.11,65.59,37.18,4662904.64,1072554.06
"2025-05-01","Lyft",12,68889,12.469,52.73,64.59,49.85,69.37,39.38,3632300.38,858992.66
"2025-05-01","Lyft",13,53258,13.484,56.37,69.49,53.14,74.55,41.42,3002122.81,718114.07
"2025-05-01","Lyft",14,46858,14.49,59.21,72.54,56.04,77.25,42.63,2774623.91,678983.66
"2025-05-01","Lyft",15,40540,15.485,62.8,76.76,59.16,83.32,44.84,2545881.83,627747.93
"2025-05-01","Lyft",16,42594,16.517,69.06,85.98,64.83,93.6,47.17,2941641.43,703544.47
"2025-05-01","Lyft",17,46917,17.494,74.73,92.81,70.18,101.08,50.09,3506337.05,820759.86
"2025-05-01","Lyft",18,35461,18.465,76.13,93.83,71.68,101.69,51.88,2699487.27,654775
"2025-05-01","Lyft",19,24221,19.467,77.2,95,72.85,101.51,51.59,1869816.12,471507.52
"2025-05-01","Lyft",20,17741,20.475,79.14,97.08,74.86,103.73,52.76,1403999.93,363239.34
"2025-05-01","Lyft",21,13760,21.482,81.69,100,77.7,106.46,54.52,1124107.85,295588.67
"2025-05-01","Lyft",22,11086,22.486,84.12,102.94,79.96,109.92,55.34,932527.99,249284.32
"2025-05-01","Lyft",23,9242,23.493,85.86,104.65,82.14,111.85,54.67,793542.32,217120.13
"2025-05-01","Lyft",24,8104,24.505,87.54,105.92,84.19,113.41,54.71,709456.47,198589.33
"2025-05-01","Lyft",25,8219,25.497,89.2,107.48,85.77,117.25,54.74,733149.81,209560.2
"2025-05-01","Lyft",26,8001,26.492,91.7,110.44,88.56,120.23,55.72,733677.53,211965.64
"2025-05-01","Lyft",27,7510,27.492,95.99,115.83,91.98,125.46,57.68,720896.23,206467.5
"2025-05-01","Lyft",28,6767,28.482,98.73,119.39,94.44,129.52,59.48,668127.5,192735.64
"2025-05-01","Lyft",29,5171,29.484,101.8,122.37,98.04,132.28,60.32,526422.16,152464.13
"2025-05-01","Lyft",30,4354,30.494,106.69,127.83,102.34,136.81,62.69,464517.7,132770.1
"2025-05-01","Lyft",31,3997,31.494,108.6,129.47,103.93,137.78,62.95,434054.81,125883.15
"2025-05-01","Lyft",32,3735,32.479,111.04,131.82,106.02,141.51,64.13,414752.88,121310.67
"2025-05-01","Lyft",33,2976,33.48,114.44,135.58,109.42,143.79,66.27,340572.75,99636.96
"2025-05-01","Lyft",34,2562,34.493,116.23,137.22,111.36,145.97,66.31,297788.96,88369.98
"2025-05-01","Lyft",35,2614,35.489,119.18,140.26,113.92,150.76,67.54,311525.97,92767.83
"2025-05-01","Lyft",36,2281,36.493,121.84,143.24,116.87,152.58,69.47,277917.24,83241.31
"2025-05-01","Lyft",37,2021,37.487,124.4,145.52,119.25,157.6,70.29,251404.53,75761.21
"2025-05-01","Lyft",38,2078,38.5,126.09,146.72,120.94,156.96,71.52,262007.74,80002.97
"2025-05-01","Lyft",39,1836,39.482,129.42,149.75,124.55,160.01,72.69,237621.05,72488.67
"2025-05-01","Lyft",40,1551,40.48,131.71,152.59,127,163.67,73.27,204275.63,62784.91
"2025-05-01","Lyft",41,1364,41.495,135.49,156.68,129.31,173.45,74.18,184807.1,56599.53
"2025-05-01","Lyft",42,1315,42.481,136.56,157.69,130.8,169.12,76.15,179574.73,55862.18
"2025-05-01","Lyft",43,1189,43.509,139.31,159.94,132.77,172.83,76.23,165641.57,51732.09
"2025-05-01","Lyft",44,1155,44.496,140.68,161.1,135.48,173.28,77.14,162487.28,51393.41
"2025-05-01","Lyft",45,1143,45.51,145.09,167.21,140.47,178.9,78.57,165837.43,52017.52
"2025-05-01","Lyft",46,935,46.479,148.07,170.16,141.38,185.76,79.65,138448.35,43458.32
"2025-05-01","Lyft",47,877,47.488,150.86,172.65,143.64,190.21,79.14,132304.02,41647.16
"2025-05-01","Lyft",48,716,48.488,153.36,175.05,146.84,187.7,82.93,109802.67,34717.07
"2025-05-01","Lyft",49,714,49.497,155.71,178.13,148.98,190.76,84.02,111178,35340.78
"2025-05-01","Lyft",50,655,50.487,161.12,182.76,155.87,196.14,82.6,105536.34,33068.92
"2025-05-01","Lyft",51,605,51.498,165.74,187.69,160.8,203.77,84.62,100272.33,31156
"2025-05-01","Lyft",52,518,52.478,171.02,194.38,166.32,212.6,86.09,88587.66,27183.78
"2025-05-01","Lyft",53,464,53.503,175.25,198.25,170.68,217.86,89.59,81315.96,24825.53
"2025-05-01","Lyft",54,410,54.464,177.06,200.18,170.59,221.48,89.78,72594.63,22330.27
"2025-05-01","Lyft",55,357,55.531,179.5,201.89,172.56,226.79,89.72,64079.94,19824.58
"2025-05-01","Lyft",56,367,56.496,185.8,209.68,179.84,227.73,91.95,68189.7,20733.93
"2025-05-01","Lyft",57,334,57.466,186.46,209.9,179.4,230.21,93.32,62277.61,19193.65
"2025-05-01","Lyft",58,276,58.513,192.31,217.01,187.36,239.58,93.84,53076.58,16149.66
"2025-05-01","Lyft",59,244,59.484,196.08,220.18,187.7,241.63,95.86,47844.14,14514.07
"2025-05-01","Lyft",60,3559,79.134,246.3,275.84,229.94,334.75,118.29,876596.5,281637.36
"2025-05-01","Uber",0,1576517,0.742,11.02,13.49,8.96,17.44,6.18,17376493.84,1170513.18
"2025-05-01","Uber",1,3653710,1.463,14.7,17.69,12.51,23.9,10.46,53691780.76,5345568.91
"2025-05-01","Uber",2,2260896,2.457,19.75,23.38,17,31.53,15.44,44641820.71,5554334.5
"2025-05-01","Uber",3,1526772,3.465,23.71,28.1,20.71,37.06,19.34,36197635.44,5291004.08
"2025-05-01","Uber",4,1089982,4.47,27.05,32.34,24.16,41.76,22.47,29488659.29,4871854.4
"2025-05-01","Uber",5,811986,5.47,30.19,36.13,26.96,46.93,24.96,24516924.83,4441656.45
"2025-05-01","Uber",6,627022,6.476,32.99,39.63,29.55,51.09,26.95,20688138.23,4060729.58
"2025-05-01","Uber",7,513966,7.48,36.63,44.39,32.83,56.66,29.01,18825390.16,3844527.29
"2025-05-01","Uber",8,449049,8.486,40.81,50.42,36.57,63.88,31.03,18323633.54,3810643.88
"2025-05-01","Uber",9,417397,9.489,46.34,57.91,41.52,73.46,33.1,19342529.03,3960524.47
"2025-05-01","Uber",10,350708,10.471,49.67,61.43,44.84,77.8,34.95,17418068.71,3672215.57
"2025-05-01","Uber",11,257838,11.473,50.82,62.08,46.11,77.91,37.06,13102151.45,2958134.78
"2025-05-01","Uber",12,200193,12.471,52.93,64.61,48.32,79.94,38.98,10596631.21,2496680.23
"2025-05-01","Uber",13,160968,13.484,56.53,69.33,51.34,86.12,40.93,9100302.05,2170451.26
"2025-05-01","Uber",14,140847,14.485,60.28,73.69,55,91.27,42.71,8490173.23,2040150
"2025-05-01","Uber",15,122402,15.479,64.31,78.19,58.82,97.07,44.89,7871717.61,1894638.46
"2025-05-01","Uber",16,129047,16.518,73.99,91.36,68.07,113.55,47.23,9547757.3,2131588.95
"2025-05-01","Uber",17,152985,17.492,84.15,103.84,78.09,128,51,12872981.44,2675947.83
"2025-05-01","Uber",18,112874,18.456,84.04,102.82,77.64,127.47,52.41,9486275.76,2083246.21
"2025-05-01","Uber",19,78822,19.467,83.89,102.41,77.93,125.3,52.41,6612718.86,1534460.78
"2025-05-01","Uber",20,59406,20.47,87.43,106.44,81.69,130.21,53.76,5193993.29,1216024.33
"2025-05-01","Uber",21,43420,21.471,91.54,111.01,86.18,136.2,55.24,3974622.35,932286.27
"2025-05-01","Uber",22,34022,22.475,94.56,114.35,89.37,139.08,55.39,3216963.5,764632.45
"2025-05-01","Uber",23,27912,23.479,97.48,117.68,92.53,142.71,55.14,2720998.34,655336.6
"2025-05-01","Uber",24,23439,24.493,101.34,121.87,96.54,147.13,55.62,2375289.86,574093.64
"2025-05-01","Uber",25,21578,25.488,105.33,126.58,100.57,152.58,55.65,2272893.89,549984.29
"2025-05-01","Uber",26,20327,26.486,111.06,132.98,106.16,159.64,56.57,2257548.93,538388.42
"2025-05-01","Uber",27,18413,27.492,116.31,139.27,111.94,165.08,57.69,2141525.68,506206.18
"2025-05-01","Uber",28,16904,28.477,121.59,145.74,117.39,171.22,59.56,2055438.29,481374.92
"2025-05-01","Uber",29,13205,29.479,127.1,151.09,122.89,178.24,60.87,1678408.1,389272.24
"2025-05-01","Uber",30,10899,30.483,132.48,156.55,128.81,184.92,61.99,1443863.83,332231.4
"2025-05-01","Uber",31,9455,31.489,135.73,159.65,132.53,188.73,62.66,1283310.51,297732.65
"2025-05-01","Uber",32,9077,32.49,139.76,163.35,136.78,191.3,63.82,1268619.14,294915.19
"2025-05-01","Uber",33,7578,33.479,145.15,169.18,141,199.86,65.19,1099982.37,253703.63
"2025-05-01","Uber",34,6525,34.486,149.59,173.51,145.18,207.34,66.37,976059.82,225019.61
"2025-05-01","Uber",35,6067,35.487,154.3,178.5,150.11,212.23,67.11,936156.5,215300.12
"2025-05-01","Uber",36,5489,36.49,155.86,180.64,152.3,213.59,68.72,855532.94,200295.97
"2025-05-01","Uber",37,4752,37.489,160.41,184.76,156.46,219.26,69.09,762254.25,178148.59
"2025-05-01","Uber",38,4621,38.486,164.73,188.8,160.21,227.2,70.51,761203.35,177843.08
"2025-05-01","Uber",39,4239,39.478,166.94,190.81,162.88,228.59,71.65,707670.53,167348.68
"2025-05-01","Uber",40,3522,40.485,172.62,196.93,167.37,236.28,73.61,607976.4,142589.84
"2025-05-01","Uber",41,3168,41.489,178.14,202.84,172.34,240.62,74.35,564335.43,131435.99
"2025-05-01","Uber",42,2932,42.485,179.56,204.53,174.12,242.81,75.13,526460.87,124567.41
"2025-05-01","Uber",43,2780,43.49,183.37,207.99,177.59,248.82,75.2,509781.71,120903.07
"2025-05-01","Uber",44,2572,44.49,185.98,210.16,181.63,250.11,76.51,478332.71,114427.63
"2025-05-01","Uber",45,2546,45.479,191.78,217.05,186.51,258.09,78.24,488267.6,115789.49
"2025-05-01","Uber",46,2276,46.485,193.57,219.16,188.66,260.21,78.58,440573.32,105800.91
"2025-05-01","Uber",47,2018,47.487,196.76,222.7,192.8,262.09,80.06,397068.26,95829.19
"2025-05-01","Uber",48,1867,48.488,203.52,230.04,198.08,269.55,80.77,379981.08,90527.65
"2025-05-01","Uber",49,1819,49.492,205.11,231.16,202.49,271.58,83.62,373086.59,90026.19
"2025-05-01","Uber",50,1764,50.506,210.08,237.44,204.54,280.07,84.02,370580.5,89092.06
"2025-05-01","Uber",51,1685,51.485,213.38,240.59,208.24,284.33,85.49,359542.35,86752.28
"2025-05-01","Uber",52,1457,52.5,216.71,244,211.2,288.93,86.28,315748.99,76492.39
"2025-05-01","Uber",53,1410,53.489,218.13,245.65,213.77,288.23,88.78,307568.56,75420.02
"2025-05-01","Uber",54,1144,54.469,220.8,248.44,216.42,293.92,90.28,252596.54,62312.39
"2025-05-01","Uber",55,1094,55.484,223.96,251.46,220.21,287.24,90.3,245016.51,60699.16
"2025-05-01","Uber",56,1065,56.492,226.9,253.57,222.23,297.79,91.82,241645.23,60164.48
"2025-05-01","Uber",57,1024,57.49,227.93,255.8,223.06,294.6,92.69,233399.4,58869.34
"2025-05-01","Uber",58,828,58.482,226.54,254.6,221.73,295.42,94.2,187576.46,48422.8
"2025-05-01","Uber",59,846,59.482,233.99,262.21,226.65,307.4,96.23,197956.78,50321.7
"2025-05-01","Uber",60,10628,78.717,289.45,323.24,263.26,411.46,116.79,3076222.77,836604.65
"2025-06-01","Lyft",0,623610,0.734,8.69,10.63,7.65,12.32,6.23,5418070.13,457726.09
"2025-06-01","Lyft",1,1336615,1.483,12.98,15.67,11.76,18.39,10.62,17343156.53,1981788.76
"2025-06-01","Lyft",2,915075,2.466,17.67,21.08,16.35,24.17,15.31,16172109,2257007.43
"2025-06-01","Lyft",3,627159,3.469,21.88,26.14,20.54,29.43,18.98,13719672.33,2175578.44
"2025-06-01","Lyft",4,462475,4.477,25.27,30.41,23.88,33.66,22,11688667,2070406.38
"2025-06-01","Lyft",5,344464,5.475,28.57,34.48,26.94,38.22,24.46,9842613.79,1885784.57
"2025-06-01","Lyft",6,260149,6.477,31.73,38.41,29.82,42.56,26.39,8253433.92,1684995.99
"2025-06-01","Lyft",7,197206,7.476,36.15,44.05,33.98,48.62,28.36,7128758.52,1474302.87
"2025-06-01","Lyft",8,155278,8.48,40.63,50.26,38.27,54.72,30.48,6308431.08,1316827.49
"2025-06-01","Lyft",9,132213,9.486,44.9,55.67,42.3,60.58,32.42,5936915.24,1254230.68
"2025-06-01","Lyft",10,110702,10.478,48.04,58.92,45.4,63.77,34.24,5318332.09,1159926.36
"2025-06-01","Lyft",11,82078,11.477,50.86,61.98,48.13,66.9,36.41,4174111.75,942030.11
"2025-06-01","Lyft",12,61474,12.473,54.01,65.9,51.07,71,38.6,3320215.37,766783.11
"2025-06-01","Lyft",13,48327,13.487,57.71,70.84,54.5,76.01,40.53,2788838.39,651776.8
"2025-06-01","Lyft",14,41826,14.492,60.99,74.52,57.72,80.18,42.23,2551136.79,606136.58
"2025-06-01","Lyft",15,36036,15.488,64.7,78.98,60.9,86.3,44.37,2331645.03,558119.79
"2025-06-01","Lyft",16,38839,16.517,70.61,87.79,66.25,94.84,46.88,2742240.91,641502.87
"2025-06-01","Lyft",17,41823,17.49,75.27,93.25,70.71,101.32,49.38,3148054.94,731468.02
"2025-06-01","Lyft",18,30342,18.466,76.3,93.86,71.78,101.38,50.64,2315069.38,560281.23
"2025-06-01","Lyft",19,20653,19.466,77.72,95.53,73.46,101.79,50.99,1605105.01,402039.32
"2025-06-01","Lyft",20,15197,20.475,80.42,98.34,76.01,105.49,52.34,1222078.23,311165.94
"2025-06-01","Lyft",21,11692,21.483,83.4,101.89,78.97,109.09,53.58,975058.61,251175.18
"2025-06-01","Lyft",22,9532,22.482,85.8,104.7,81.14,112.71,54.03,817856.11,214299.84
"2025-06-01","Lyft",23,8145,23.485,87.4,106.44,83.47,112.74,54.08,711869.64,191287.32
"2025-06-01","Lyft",24,7170,24.498,89.85,108.73,85.95,116.88,54.41,644219.72,175648.71
"2025-06-01","Lyft",25,7205,25.497,91.57,110.5,87.85,120.32,54.62,659731.52,183706.46
"2025-06-01","Lyft",26,6915,26.49,93.36,112.51,89.96,122.08,55.62,645610.75,183178.1
"2025-06-01","Lyft",27,6324,27.497,98.17,118.5,94.41,128.01,57.52,620815.41,173893.74
"2025-06-01","Lyft",28,5746,28.482,101.24,122.3,96.99,132.64,58.93,581737.92,163657.74
"2025-06-01","Lyft",29,4337,29.474,104.83,126.32,100.31,135.08,60.19,454645.79,127829.55
"2025-06-01","Lyft",30,3670,30.495,108.81,130.27,104.16,141.17,61.75,399328.49,111918.09
"2025-06-01","Lyft",31,3328,31.49,110.41,131.73,105.98,140.74,62.53,367437.76,104798.2
"2025-06-01","Lyft",32,3201,32.482,113.03,133.59,108,141.86,62.46,361814.59,103976.02
"2025-06-01","Lyft",33,2402,33.473,117.02,138.85,111.84,149.87,64.68,281073.01,80402.95
"2025-06-01","Lyft",34,2283,34.498,120.13,141.66,115.11,151.07,66.33,274256.5,78758.27
"2025-06-01","Lyft",35,2084,35.504,121.43,142.76,116.72,152.63,66.2,253050.37,73991.37
"2025-06-01","Lyft",36,1886,36.499,124.98,147,120.14,155.57,67.74,235706.97,68837.41
"2025-06-01","Lyft",37,1722,37.496,126.52,147.89,121.78,158.43,68.71,217874.92,64567.47
"2025-06-01","Lyft",38,1682,38.489,129.02,150.07,124.38,162.47,69.76,217014.63,64737.78
"2025-06-01","Lyft",39,1487,39.489,131.44,152.46,127.48,164.43,71.21,195453.47,58720.35
"2025-06-01","Lyft",40,1319,40.481,136.18,157.33,131.17,169.77,72.52,179626.48,53394.02
"2025-06-01","Lyft",41,1116,41.482,137.98,159.44,132.7,172.54,72.61,153990.69,46294.28
"2025-06-01","Lyft",42,1115,42.477,139.01,160.99,134.51,172.17,75.39,154994.5,47361.43
"2025-06-01","Lyft",43,976,43.497,143.3,164.65,136.82,179.67,75.85,139858.56,42452.85
"2025-06-01","Lyft",44,956,44.506,144.92,166.22,138.71,178.58,76.48,138542.03,42547.26
"2025-06-01","Lyft",45,935,45.494,147.87,169.34,142.23,180.78,77.16,138257.64,42537.08
"2025-06-01","Lyft",46,800,46.479,150.67,173.54,146.5,185.96,78.29,120538.19,37183.32
"2025-06-01","Lyft",47,717,47.486,154.16,176.48,148.36,192.44,79.48,110531.64,34047.61
"2025-06-01","Lyft",48,653,48.497,157.76,181.4,151.11,192.66,80.92,103017.45,31668.82
"2025-06-01","Lyft",49,591,49.484,161.66,184.11,154.3,199.38,81.87,95538.94,29244.97
"2025-06-01","Lyft",50,555,50.499,166.05,190.43,160.14,208.03,82.89,92156.84,28026.92
"2025-06-01","Lyft",51,448,51.508,171.42,195.67,163.23,220.04,83.41,76796.74,23075.62
"2025-06-01","Lyft",52,433,52.502,174.86,198.73,169.25,213.39,86.24,75716.3,22733.18
"2025-06-01","Lyft",53,360,53.493,178,201.63,172.34,217.04,87.91,64081.45,19257.44
"2025-06-01","Lyft",54,320,54.482,186.38,210.36,176.82,228.79,89.29,59640.26,17434.25
"2025-06-01","Lyft",55,287,55.496,183.25,206.86,175.3,237.07,90.87,52592.42,15927.22
"2025-06-01","Lyft",56,293,56.467,188.68,212.23,179.66,231.02,91.52,55283.78,16544.94
"2025-06-01","Lyft",57,245,57.453,192.27,217.83,184.2,243.33,91.76,47105.02,14075.89
"2025-06-01","Lyft",58,226,58.485,194.49,219.52,188.26,242.27,96.04,43954.85,13217.61
"2025-06-01","Lyft",59,183,59.552,200.19,225.26,190.94,255.85,95.65,36634.8,10898.08
"2025-06-01","Lyft",60,3050,82.101,265.3,298.43,245.02,375.42,121.35,809168.23,250406.84
"2025-06-01","Uber",0,1446695,0.744,11.02,13.47,8.97,17.2,6.08,15936004.77,1076391.67
"2025-06-01","Uber",1,3381520,1.462,14.62,17.6,12.5,23.56,10.2,49433727.23,4944934.78
"2025-06-01","Uber",2,2109703,2.458,19.68,23.31,16.99,31.18,15.03,41529356.22,5185333.08
"2025-06-01","Uber",3,1435964,3.466,23.6,27.96,20.62,36.74,18.83,33889472.88,4977516.12
"2025-06-01","Uber",4,1027864,4.469,26.89,32.12,23.97,41.48,21.88,27639277.56,4593206.69
"2025-06-01","Uber",5,770264,5.471,30.01,35.89,26.84,46.54,24.33,23116426.28,4214106.78
"2025-06-01","Uber",6,598837,6.476,32.77,39.34,29.41,50.49,26.33,19621686.39,3878282.34
"2025-06-01","Uber",7,494938,7.48,36.3,44,32.53,55.78,28.32,17967735.53,3702269.72
"2025-06-01","Uber",8,432876,8.487,40.4,50,36.32,62.42,30.21,17486297.51,3673880.44
"2025-06-01","Uber",9,408035,9.489,45.92,57.49,41.36,72.03,32.23,18736795.94,3871951.82
"2025-06-01","Uber",10,341646,10.471,48.95,60.62,44.38,75.89,34.15,16724349.68,3577472.86
"2025-06-01","Uber",11,251143,11.474,49.92,61.06,45.52,75.5,36.36,12536342.86,2881589.44
"2025-06-01","Uber",12,195594,12.473,51.87,63.38,47.54,77.47,38.35,10146431.67,2439613.65
"2025-06-01","Uber",13,160105,13.483,55.53,68.27,50.82,83.5,40.16,8890453.91,2158746.54
"2025-06-01","Uber",14,140037,14.484,59.3,72.68,54.45,88.71,42.02,8304385.27,2028281.22
"2025-06-01","Uber",15,120754,15.481,63.17,77.09,57.87,94.91,44.05,7628332.66,1869363.67
"2025-06-01","Uber",16,127300,16.517,72.37,89.61,66.61,110.7,46.29,9212571.68,2102627.64
"2025-06-01","Uber",17,146283,17.49,81.53,100.87,75.47,124.31,49.86,11926200.43,2558479.12
"2025-06-01","Uber",18,106530,18.457,81.68,100.2,75.48,123.65,51.5,8701776.21,1966259.17
"2025-06-01","Uber",19,74906,19.47,81.53,99.79,75.64,121.66,51.64,6106787.19,1458411.65
"2025-06-01","Uber",20,57220,20.473,84.6,103.26,78.83,126.19,52.96,4841023.52,1171454.94
"2025-06-01","Uber",21,42389,21.471,88.19,107.32,82.49,131.73,54.15,3738454.89,910145.61
"2025-06-01","Uber",22,33485,22.477,91.11,110.55,85.74,134.43,54.42,3050805.49,752650.83
"2025-06-01","Uber",23,27253,23.48,94.09,113.86,88.93,137.58,54.54,2564246.59,639893.09
"2025-06-01","Uber",24,23418,24.486,97.57,117.7,92.12,142.13,54.71,2284789.87,573421.54
"2025-06-01","Uber",25,21523,25.491,102.13,122.93,96.94,146.9,55.06,2198250.67,548644.97
"2025-06-01","Uber",26,20055,26.482,107,128.45,101.88,152.96,56.29,2145834.09,531106.36
"2025-06-01","Uber",27,17814,27.492,113.17,135.75,107.77,161.68,57.32,2016086.36,489751.12
"2025-06-01","Uber",28,16126,28.472,118.09,141.68,113.09,167.73,58.91,1904356.8,459133.4
"2025-06-01","Uber",29,12826,29.479,122.56,146.01,118.08,171.77,60.22,1571938.76,378094.88
"2025-06-01","Uber",30,10568,30.484,127.9,151.16,123.6,178.52,60.87,1351691.37,322158.21
"2025-06-01","Uber",31,9379,31.489,131.78,155.06,127.17,183.35,62.09,1235986.97,295331.21
"2025-06-01","Uber",32,8807,32.496,135.2,158.23,131.1,185.93,62.31,1190663.93,286190.15
"2025-06-01","Uber",33,7176,33.48,140.12,163.38,135.18,194.42,63.93,1005479.17,240255.22
"2025-06-01","Uber",34,6650,34.482,144.24,167.44,139.69,199.96,64.8,959211.31,229304.94
"2025-06-01","Uber",35,5922,35.49,147.73,171.3,142.9,204.17,65.34,874840.79,210170.89
"2025-06-01","Uber",36,5376,36.485,150.73,175.01,145.2,207.99,67.26,810320.85,196143.64
"2025-06-01","Uber",37,4895,37.489,155.67,179.17,150.22,214.61,68.36,762001.98,183506.3
"2025-06-01","Uber",38,4637,38.486,158.92,182.1,153.55,217.67,69.4,736906.43,178461.15
"2025-06-01","Uber",39,4131,39.481,162.47,185.59,156.13,221.14,70.69,671148.8,163095.28
"2025-06-01","Uber",40,3555,40.481,165.12,188.67,159.41,222.79,71.69,587000.05,143909.43
"2025-06-01","Uber",41,3130,41.492,170.23,194.21,163.6,232.36,72.85,532821.84,129869.49
"2025-06-01","Uber",42,2836,42.491,173,197.08,166.44,235.27,72.93,490616.62,120505.65
"2025-06-01","Uber",43,2628,43.489,175.09,199.05,169.71,233.98,74.45,460148.79,114288.29
"2025-06-01","Uber",44,2497,44.499,179.17,203.29,173.68,240.65,75.82,447377.17,111113.32
"2025-06-01","Uber",45,2421,45.479,184.95,209.21,177.72,251.24,76.46,447761.08,110103.56
"2025-06-01","Uber",46,2130,46.483,186.85,211.6,180.58,252.05,76.7,397998.41,99008.19
"2025-06-01","Uber",47,1982,47.487,187.07,212.61,180.73,249.25,78.15,370776.17,94118.56
"2025-06-01","Uber",48,1816,48.495,192.38,217.83,188.56,256.27,79.49,349365.68,88066.47
"2025-06-01","Uber",49,1693,49.499,198.95,225.05,194.8,267.03,81.44,336822.41,83802.57
"2025-06-01","Uber",50,1758,50.489,199.84,226.03,195.62,263.07,83.06,351319.41,88760.4
"2025-06-01","Uber",51,1632,51.491,204.43,230.97,199.39,269.68,83.63,333632.65,84032.74
"2025-06-01","Uber",52,1486,52.499,207.85,234.74,200.7,279.57,85.43,308863.48,78014.04
"2025-06-01","Uber",53,1298,53.49,211.08,237.66,204.6,276.88,86.74,273981.98,69430.11
"2025-06-01","Uber",54,1173,54.482,215.06,241.5,206.22,290.07,87.73,252263.34,63906.89
"2025-06-01","Uber",55,1071,55.495,215.79,242.71,211.46,280.5,89.73,231107.83,59435.42
"2025-06-01","Uber",56,1049,56.491,213.25,240.25,207.58,279.19,90.21,223702.12,59258.87
"2025-06-01","Uber",57,988,57.467,218.51,245.54,210.5,287.1,90.88,215886,56777.86
"2025-06-01","Uber",58,893,58.494,220.76,247.43,215.43,284.72,93.5,197136.75,52234.74
"2025-06-01","Uber",59,824,59.486,225.11,253.08,218.24,290.74,92.76,185488.49,49016.41
"2025-06-01","Uber",60,11660,80.856,290,323.95,261.33,426.02,117.54,3381362.05,942781.27
"2025-07-01","Lyft",0,611082,0.732,8.32,10.2,7.33,11.48,6.12,5081743.26,447369.16
"2025-07-01","Lyft",1,1278766,1.481,12.46,15.11,11.54,17.26,10.46,15932400.73,1894052.37
"2025-07-01","Lyft",2,873080,2.466,17.09,20.47,16.06,22.84,15.02,14918228.07,2153274.81
"2025-07-01","Lyft",3,603615,3.469,21.29,25.62,20.27,27.81,18.63,12852140.26,2093996.38
"2025-07-01","Lyft",4,447650,4.477,24.59,29.87,23.4,31.8,21.57,11007312.29,2003953.15
"2025-07-01","Lyft",5,329020,5.472,27.81,33.79,26.55,36.2,23.93,9149089.88,1800532.02
"2025-07-01","Lyft",6,246966,6.476,30.87,37.59,29.34,40.36,25.75,7624436.5,1599458.61
"2025-07-01","Lyft",7,187559,7.476,35.17,42.99,33.36,46.54,27.6,6596791.66,1402127.2
"2025-07-01","Lyft",8,148288,8.485,39.51,48.99,37.49,52.6,29.5,5858745.38,1258178.25
"2025-07-01","Lyft",9,130323,9.491,43.58,54.37,41.28,58.24,31.1,5680124.78,1236864.11
"2025-07-01","Lyft",10,112552,10.475,46.72,57.68,44.62,60.99,32.96,5258307.1,1178940.82
"2025-07-01","Lyft",11,81187,11.472,49.47,60.32,47.23,64.07,35.26,4016701.2,931412.99
"2025-07-01","Lyft",12,60339,12.473,52.25,63.76,49.96,67.44,37.19,3152871.44,752622.85
"2025-07-01","Lyft",13,48106,13.49,56.24,69.14,53.61,73,39.23,2705370.02,648941.98
"2025-07-01","Lyft",14,42749,14.489,59.77,73.23,56.92,78.02,40.91,2554976.36,619372.74
"2025-07-01","Lyft",15,36594,15.492,62.98,77.14,59.84,82.88,42.91,2304541.95,566921.88
"2025-07-01","Lyft",16,39274,16.518,68.4,85,65.07,90.56,45.27,2686311.93,648732.98
"2025-07-01","Lyft",17,43005,17.489,72.91,90.59,69.41,96.28,47.95,3135566.34,752105.41
"2025-07-01","Lyft",18,31645,18.464,74.21,91.3,70.79,96.99,49.55,2348352.69,584305.3
"2025-07-01","Lyft",19,21668,19.475,75.6,92.87,71.96,98.03,49.94,1638044.54,421980.72
"2025-07-01","Lyft",20,16206,20.477,77.89,95.52,74.47,100.41,50.9,1262250.59,331844.68
"2025-07-01","Lyft",21,11963,21.479,80.83,98.8,77.47,103.85,52.03,966974.92,256950.93
"2025-07-01","Lyft",22,9782,22.487,83.33,101.92,79.94,107.2,52.51,815133.7,219964.77
"2025-07-01","Lyft",23,8450,23.486,85.5,104.49,82.36,109.17,52.84,722471.62,198457.12
"2025-07-01","Lyft",24,7438,24.496,86.98,105.83,84.31,111.48,53.22,646966.96,182204.72
"2025-07-01","Lyft",25,7249,25.5,89.14,107.99,86.24,115.81,54.06,646153.22,184847.41
"2025-07-01","Lyft",26,6907,26.49,91.22,109.94,88.38,118.15,54.87,630066.35,182963.23
"2025-07-01","Lyft",27,6268,27.495,95.33,115.18,92.58,122.18,56.22,597506.8,172338.03
"2025-07-01","Lyft",28,5583,28.482,97.61,118.02,94.43,124.6,57.71,544967.25,159013.91
"2025-07-01","Lyft",29,4440,29.482,101.72,122.65,98.79,128.95,59.03,451615.11,130898.14
"2025-07-01","Lyft",30,3775,30.48,105.96,127.63,102.29,134.87,60.28,399997.58,115063.43
"2025-07-01","Lyft",31,3306,31.489,108.96,130.46,105.3,137.16,60.99,360208.97,104101.17
"2025-07-01","Lyft",32,3169,32.489,112.09,133.5,107.07,142.09,62.22,355220.24,102959.14
"2025-07-01","Lyft",33,2482,33.488,115.82,137.78,111.93,143.37,63.89,287456.85,83115.99
"2025-07-01","Lyft",34,2315,34.495,117.9,139.81,113.77,146.9,64.63,272929.81,79855.54
"2025-07-01","Lyft",35,2094,35.498,119.18,141.57,114.8,149.61,65.33,249572.14,74333.39
"2025-07-01","Lyft",36,1981,36.486,122.05,144.27,118.03,153.6,67.49,241773.48,72278.97
"2025-07-01","Lyft",37,1762,37.509,125.47,147.28,120.72,158.43,69.03,221073,66090.18
"2025-07-01","Lyft",38,1682,38.486,126.22,147.53,121.83,157.35,68.75,212307.03,64732.65
"2025-07-01","Lyft",39,1483,39.49,129.29,150.5,124.32,162.8,70.09,191741.05,58563.64
"2025-07-01","Lyft",40,1344,40.484,132.37,154.34,128.39,164.19,71.4,177901.55,54410.99
"2025-07-01","Lyft",41,1116,41.489,136.41,158.62,131.7,169.46,73.28,152231.88,46302.22
"2025-07-01","Lyft",42,1096,42.504,139.47,161.39,134.13,174.57,74.28,152860.65,46584.5
"2025-07-01","Lyft",43,1011,43.499,141.6,163.76,136.05,179.36,75.05,143158.02,43977.63
"2025-07-01","Lyft",44,1029,44.491,141.35,162.41,135.62,174.28,75.26,145444.94,45781.02
"2025-07-01","Lyft",45,929,45.474,144.67,166.77,140.64,174.15,75.86,134396.76,42245.19
"2025-07-01","Lyft",46,765,46.471,148.62,170.97,143.46,183.93,78.82,113696.26,35550.26
"2025-07-01","Lyft",47,688,47.481,150.92,174.31,146.17,187.28,77.86,103830.16,32667.25
"2025-07-01","Lyft",48,626,48.482,155.7,179.34,150.03,191.27,80.12,97471.14,30349.94
"2025-07-01","Lyft",49,577,49.488,158.18,181.1,154.05,190.96,82.43,91272.47,28554.72
"2025-07-01","Lyft",50,552,50.509,166.52,191.29,158.93,208.58,84.52,91920.31,27880.89
"2025-07-01","Lyft",51,468,51.518,172.35,197.45,164.38,215.3,84.31,80659.34,24110.54
"2025-07-01","Lyft",52,446,52.484,172.42,197.32,166.82,214.67,86.45,76897.78,23407.72
"2025-07-01","Lyft",53,365,53.496,175.91,199.51,171.8,215.05,86.18,64206.98,19525.95
"2025-07-01","Lyft",54,326,54.491,180.56,204.91,175.04,218.83,86.75,58861.93,17763.93
"2025-07-01","Lyft",55,301,55.489,184.08,208.19,177.83,227.43,90.28,55407.23,16702.12
"2025-07-01","Lyft",56,295,56.461,189.24,214.14,180.25,225.04,91.51,55826.94,16655.91
"2025-07-01","Lyft",57,267,57.496,188.6,214.24,183.6,232.81,91.2,50356.43,15351.49
"2025-07-01","Lyft",58,251,58.499,197.8,225.14,188.97,252.5,95.85,49647.14,14683.36
"2025-07-01","Lyft",59,222,59.502,198.45,224.74,189.77,255.36,94.24,44056.58,13209.38
"2025-07-01","Lyft",60,3754,82.025,261.51,295.36,243.53,361.42,121.44,981708.26,307923.55
"2025-07-01","Uber",0,1411374,0.745,10.36,12.76,8.91,15.26,6.01,14622401.82,1050806.09
"2025-07-01","Uber",1,3354533,1.464,13.67,16.56,11.74,21.03,10.09,45841374.51,4912620.06
"2025-07-01","Uber",2,2120382,2.459,18.41,21.9,16.11,28.15,14.76,39037691.72,5213761.06
"2025-07-01","Uber",3,1457178,3.467,22.1,26.29,19.7,33.43,18.41,32198826.22,5052309.46
"2025-07-01","Uber",4,1053253,4.47,25.17,30.19,22.7,38.06,21.31,26508580.55,4707516.86
"2025-07-01","Uber",5,784581,5.471,28.08,33.68,25.33,42.98,23.66,22029299.92,4292703.45
"2025-07-01","Uber",6,613497,6.477,30.58,36.83,27.74,46.6,25.5,18760998,3973908.67
"2025-07-01","Uber",7,504638,7.479,33.81,41.12,30.73,51,27.34,17062267.51,3774279.4
"2025-07-01","Uber",8,440307,8.487,37.67,46.84,34.31,57.2,29.12,16588450.5,3736820
"2025-07-01","Uber",9,412337,9.488,42.85,53.87,39.09,66.05,30.99,17667076.66,3912194.28
"2025-07-01","Uber",10,340652,10.471,45.85,56.95,42.05,69.81,32.8,15618148.36,3567001.64
"2025-07-01","Uber",11,249489,11.472,46.74,57.27,43.14,69.62,34.98,11660977.65,2862246.91
"2025-07-01","Uber",12,193632,12.472,49.01,60.02,45.28,72.51,36.96,9490183.41,2415029.33
"2025-07-01","Uber",13,157764,13.483,52.66,64.95,48.58,78.44,38.66,8308305.8,2127117.48
"2025-07-01","Uber",14,137768,14.483,56.63,69.74,52.39,84.15,40.42,7802407.05,1995343.45
"2025-07-01","Uber",15,117481,15.481,60.27,73.79,55.71,89.85,42.36,7080158.03,1818687.17
"2025-07-01","Uber",16,120413,16.512,69.03,85.68,63.75,105.22,44.47,8312412.38,1988309.01
"2025-07-01","Uber",17,136063,17.489,78.08,96.87,72.6,118.53,47.81,10624415.21,2379565.31
"2025-07-01","Uber",18,100577,18.457,78.63,96.74,72.89,118.86,49.42,7908800.44,1856302.47
"2025-07-01","Uber",19,69908,19.469,78.32,96,72.68,116.58,49.76,5475136.55,1361037.84
"2025-07-01","Uber",20,53674,20.471,81.09,99.15,75.57,120.44,50.78,4352296.8,1098775.71
"2025-07-01","Uber",21,39776,21.475,84.78,103.3,79.45,126.49,52.37,3372402.73,854177.3
"2025-07-01","Uber",22,31699,22.475,88.1,107,82.82,130.14,52.77,2792812.19,712449.64
"2025-07-01","Uber",23,25493,23.479,91.29,110.52,86.12,133.08,53.06,2327223.71,598539.08
"2025-07-01","Uber",24,21439,24.487,94.81,114.37,89.78,137.59,53.45,2032732.55,524976.43
"2025-07-01","Uber",25,19521,25.486,100.24,120.52,94.93,144.38,54.15,1956764.16,497515.4
"2025-07-01","Uber",26,17731,26.483,105.57,126.56,100.23,152.39,54.97,1871814.46,469577.46
"2025-07-01","Uber",27,15974,27.49,110.51,132.46,106.12,156.68,56.08,1765338.12,439125.91
"2025-07-01","Uber",28,14067,28.476,114.79,137.52,110.45,161.62,57.48,1614692.46,400575.79
"2025-07-01","Uber",29,11201,29.479,120.19,142.94,116.14,168.31,58.73,1346239.1,330196.7
"2025-07-01","Uber",30,9593,30.483,125.41,148.21,121.8,174.74,59.65,1203037.03,292426.43
"2025-07-01","Uber",31,8374,31.484,128.32,151.01,124.89,176.94,60.55,1074561.32,263649.85
"2025-07-01","Uber",32,8156,32.492,133.48,156.23,129.44,185.32,61.16,1088640.58,265005.76
"2025-07-01","Uber",33,6658,33.48,137.33,160.57,132.33,191.31,62.99,914351.97,222909.54
"2025-07-01","Uber",34,6058,34.488,143.84,167.1,139.05,198.45,64.19,871402.17,208929.27
"2025-07-01","Uber",35,5561,35.488,145.91,169.12,141.2,201.9,64.54,811390.41,197346.3
"2025-07-01","Uber",36,4979,36.488,150.47,174.44,144.42,207.43,66.5,749181.23,181673.87
"2025-07-01","Uber",37,4323,37.488,153.04,176.41,147.77,211.77,66.93,661611.99,162059.47
"2025-07-01","Uber",38,4119,38.491,157.25,180.21,152.99,215.53,68.21,647693.31,158545.33
"2025-07-01","Uber",39,3617,39.483,161.56,184.06,155.56,220.5,69.92,584378.49,142809.43
"2025-07-01","Uber",40,3127,40.484,162.54,185.86,155.66,219.48,71.19,508274.66,126593.31
"2025-07-01","Uber",41,2844,41.489,166.63,190.22,161.63,226.49,71.21,473884.81,117995.38
"2025-07-01","Uber",42,2550,42.491,171.07,194.82,165.52,230.45,72.21,436223.6,108351.89
"2025-07-01","Uber",43,2380,43.48,173.84,197.41,168.17,234.75,73.13,413743.33,103483.51
"2025-07-01","Uber",44,2264,44.495,177.15,200.7,172.73,239.06,73.54,401073.24,100735.87
"2025-07-01","Uber",45,2155,45.482,182.61,207.05,175.53,249.14,75.82,393518.94,98013.54
"2025-07-01","Uber",46,1932,46.488,184.29,208.9,177.97,247.36,76.62,356052.06,89814.26
"2025-07-01","Uber",47,1835,47.486,187.26,212.41,181.44,250.65,78.03,343616.91,87137.41
"2025-07-01","Uber",48,1733,48.48,191.51,217.03,185.62,256.58,79.34,331886.89,84015.54
"2025-07-01","Uber",49,1696,49.495,195.59,221.66,189.96,259.83,80.8,331727.33,83944.35
"2025-07-01","Uber",50,1538,50.494,198.84,224.92,194.11,259.47,82.71,305814.04,77659.12
"2025-07-01","Uber",51,1458,51.488,202.9,229.47,198.03,266.26,82.92,295831.15,75069.11
"2025-07-01","Uber",52,1398,52.491,203.57,230.59,197.72,268.04,84.66,284597.17,73382.28
"2025-07-01","Uber",53,1245,53.491,203.95,230.59,198.46,267.63,84.88,253916.35,66596.43
"2025-07-01","Uber",54,1103,54.491,213.28,240.05,205.92,290.3,87,235248.02,60103.85
"2025-07-01","Uber",55,968,55.469,209.32,235.51,205.4,276.01,88.63,202620.82,53694.05
"2025-07-01","Uber",56,955,56.497,215.46,241.88,205.9,285.47,89.86,205767.77,53954.58
"2025-07-01","Uber",57,965,57.481,217.35,243.92,208.51,292.95,89.87,209746.37,55469.14
"2025-07-01","Uber",58,832,58.497,220.12,247.4,214.01,294.42,92.42,183142.64,48669.81
"2025-07-01","Uber",59,779,59.491,218.71,245.56,211.09,288.45,93.29,170374.07,46343.38
"2025-07-01","Uber",60,12119,83,299.02,334.53,266.32,441.46,120.52,3623763.19,1005877.54
"2025-08-01","Lyft",0,566978,0.733,8.06,9.84,7.3,10.45,6.01,4567219.21,415485.58
"2025-08-01","Lyft",1,1251063,1.485,11.94,14.45,11.36,16.04,10.27,14936702.39,1858250.23
"2025-08-01","Lyft",2,885151,2.467,16.94,20.12,16.26,21.97,14.75,14997524.83,2183347.52
"2025-08-01","Lyft",3,616660,3.471,21.4,25.48,20.7,27.6,18.32,13195503.13,2140352.18
"2025-08-01","Lyft",4,454296,4.475,25.25,30.3,24.48,32.69,21.2,11468890.62,2032855.18
"2025-08-01","Lyft",5,335469,5.473,28.64,34.35,27.64,37.41,23.47,9606210.73,1836066.89
"2025-08-01","Lyft",6,253068,6.477,31.7,38.15,30.42,41.51,25.25,8021902.69,1639183.39
"2025-08-01","Lyft",7,193936,7.475,35.4,42.95,33.92,46.31,27.07,6864433.02,1449607.87
"2025-08-01","Lyft",8,153980,8.483,39.17,48.41,37.51,51.13,28.95,6031793.66,1306207.05
"2025-08-01","Lyft",9,135136,9.493,43.13,53.8,41.26,56.28,30.79,5828032.42,1282801.76
"2025-08-01","Lyft",10,117167,10.476,46.41,57.24,44.59,59.65,32.65,5437357.08,1227452.43
"2025-08-01","Lyft",11,87354,11.475,49.51,60.2,47.57,63.64,34.91,4324639.73,1002390.49
"2025-08-01","Lyft",12,65640,12.473,52.54,63.92,50.53,67.44,36.92,3448454.76,818758.6
"2025-08-01","Lyft",13,53070,13.487,56.35,69.18,54.11,72.52,38.77,2990265.25,715772.42
"2025-08-01","Lyft",14,46491,14.487,59.81,73.14,57.48,76.7,40.45,2780465.72,673510.26
"2025-08-01","Lyft",15,39894,15.487,63.09,77.05,60.43,81.34,42.36,2516800.65,617834.42
"2025-08-01","Lyft",16,41823,16.519,68.48,85.3,65.47,89.37,44.8,2863954.28,690867.45
"2025-08-01","Lyft",17,45072,17.49,73.24,91.06,69.95,96.06,47.65,3300958.29,788317.17
"2025-08-01","Lyft",18,33975,18.465,75.15,92.54,71.73,97.73,49.12,2553166.16,627346.74
"2025-08-01","Lyft",19,22874,19.474,76.48,93.93,73.18,98.41,49.31,1749363.7,445448.77
"2025-08-01","Lyft",20,16933,20.476,78.84,96.68,75.77,100.58,50.39,1335035.01,346718.49
"2025-08-01","Lyft",21,12865,21.48,81.73,99.79,78.42,105.19,51.75,1051396.38,276341.84
"2025-08-01","Lyft",22,10392,22.487,83.88,102.66,80.79,107.16,52.23,871664.98,233681.27
"2025-08-01","Lyft",23,9024,23.487,85.63,104.73,82.83,108.98,52.32,772750.44,211948.3
"2025-08-01","Lyft",24,7755,24.502,87.72,106.68,85.12,113.36,53.02,680253.28,190016.63
"2025-08-01","Lyft",25,7554,25.495,89.96,109.25,87.25,115.11,53.34,679529.24,192592.19
"2025-08-01","Lyft",26,6997,26.486,92.47,111.79,89.9,119.45,54.52,647013.57,185321.99
"2025-08-01","Lyft",27,6312,27.5,96.17,116.68,93.1,122.57,55.62,607025.91,173581.54
"2025-08-01","Lyft",28,5594,28.483,99.36,120.57,96.39,126.24,56.98,555838.66,159333.23
"2025-08-01","Lyft",29,4411,29.479,102.19,123.37,99.04,128.59,58.15,450742.42,130030.57
"2025-08-01","Lyft",30,3735,30.49,107.17,128.67,103.37,135.8,59.7,400262.82,113878.74
"2025-08-01","Lyft",31,3388,31.492,110.01,131.47,105.78,138.94,60.79,372725.48,106694.59
"2025-08-01","Lyft",32,3235,32.481,112.2,133.42,107.99,140.16,61.35,362978.06,105074.54
"2025-08-01","Lyft",33,2520,33.491,116.14,137.62,111.35,146.4,63.49,292669.17,84398.36
"2025-08-01","Lyft",34,2229,34.49,118.71,140.03,113.75,148.68,63.88,264609.36,76878.19
"2025-08-01","Lyft",35,2156,35.495,121.14,143.28,116.75,150.75,65.02,261177.96,76526.84
"2025-08-01","Lyft",36,1880,36.499,124.61,146.99,118.96,157.26,67.45,234259.03,68618.91
"2025-08-01","Lyft",37,1775,37.494,127.66,149.36,121.61,161.35,67.92,226591.75,66552.19
"2025-08-01","Lyft",38,1699,38.494,129.77,151.61,124.75,164.36,69.28,220478.68,65401.9
"2025-08-01","Lyft",39,1527,39.485,131.48,153.51,127.16,164.74,70.4,200766.81,60293.02
"2025-08-01","Lyft",40,1264,40.486,136.42,158.97,130.99,173.9,71.93,172437.33,51174.3
"2025-08-01","Lyft",41,1135,41.507,137.54,159.94,132.29,172.63,71.7,156113.52,47110.7
"2025-08-01","Lyft",42,1104,42.508,141.66,163.71,134.89,179.38,74.99,156388.91,46929.06
"2025-08-01","Lyft",43,965,43.488,142.03,164.49,137.46,176.98,75.03,137061.61,41965.6
"2025-08-01","Lyft",44,983,44.504,144.15,165.78,139.26,180.75,76.17,141704.27,43747.18
"2025-08-01","Lyft",45,921,45.485,147.75,170.26,142.65,182.26,76.36,136077.84,41891.7
"2025-08-01","Lyft",46,785,46.502,152.84,176.05,147.45,190.19,78.16,119982.64,36503.79
"2025-08-01","Lyft",47,735,47.492,156.67,180.57,150.89,196.71,78.8,115151.61,34906.68
"2025-08-01","Lyft",48,662,48.495,157.59,180.48,150.96,196.81,80.89,104326.59,32104.02
"2025-08-01","Lyft",49,622,49.493,162.52,186.11,156.55,198.5,83.47,101088.16,30784.69
"2025-08-01","Lyft",50,579,50.459,166.37,190.56,158.65,212.89,83.53,96326.72,29215.73
"2025-08-01","Lyft",51,500,51.49,168.78,193.4,161.45,212.44,83.41,84390.83,25744.87
"2025-08-01","Lyft",52,432,52.489,172,196.69,165.56,215.25,86.09,74302.78,22675.45
"2025-08-01","Lyft",53,398,53.476,174.49,198.91,167.32,217.97,88.41,69446.7,21283.62
"2025-08-01","Lyft",54,324,54.502,177.55,201.77,170.91,219.12,87.97,57526.47,17658.73
"2025-08-01","Lyft",55,354,55.481,184.03,208.76,172.8,230.8,91.27,65147.16,19640.27
"2025-08-01","Lyft",56,276,56.499,192.83,216.75,181.07,236.49,95.89,53220.29,15593.61
"2025-08-01","Lyft",57,273,57.483,187.12,212.38,178.04,236.65,89.91,51083.82,15692.85
"2025-08-01","Lyft",58,253,58.475,191.92,217.69,183.24,240.96,93.14,48556.57,14794.15
"2025-08-01","Lyft",59,217,59.486,200.43,226.17,188.02,251.84,93.61,43492.86,12908.49
"2025-08-01","Lyft",60,4053,83.482,263.08,296.61,239.9,367.29,123.06,1066275,338352.21
"2025-08-01","Uber",0,1296555,0.746,10.04,12.33,8.9,14.24,5.87,13016962.51,967327.44
"2025-08-01","Uber",1,3167067,1.466,13.37,16.19,11.8,19.72,9.87,42340119.6,4644290.29
"2025-08-01","Uber",2,2018330,2.459,18.22,21.67,16.46,26.38,14.52,36765099.7,4962354.09
"2025-08-01","Uber",3,1395535,3.467,21.92,26.1,20.28,31.44,18.15,30585421.75,4838990
"2025-08-01","Uber",4,1015408,4.47,24.87,29.88,23.26,35.66,21.03,25251855.64,4539357.37
"2025-08-01","Uber",5,763554,5.471,27.62,33.21,25.76,40.18,23.33,21086405.32,4177045.51
"2025-08-01","Uber",6,596205,6.477,30.04,36.27,28,43.84,25.1,17911846.84,3861905.93
"2025-08-01","Uber",7,493890,7.481,33.26,40.52,31.1,48.47,26.88,16427012.74,3694904.27
"2025-08-01","Uber",8,432979,8.488,37.14,46.26,34.63,54.58,28.67,16080569.57,3674988.54
"2025-08-01","Uber",9,411164,9.488,42.73,53.76,39.53,64.41,30.62,17570673.87,3901155.93
"2025-08-01","Uber",10,342666,10.472,45.89,57.01,42.58,68.5,32.51,15724551.53,3588503.81
"2025-08-01","Uber",11,250651,11.471,47.02,57.61,44.05,68.8,34.72,11785029.45,2875318.67
"2025-08-01","Uber",12,194153,12.47,49.29,60.34,46.27,71.97,36.53,9569731.86,2421109.74
"2025-08-01","Uber",13,158093,13.483,53.38,65.74,49.72,78.78,38.31,8439012.77,2131604.22
"2025-08-01","Uber",14,137274,14.481,57.45,70.54,53.71,84.59,39.9,7885784.87,1987927.49
"2025-08-01","Uber",15,115938,15.479,60.95,74.44,57.1,89.42,41.97,7066243.69,1794556.66
"2025-08-01","Uber",16,119439,16.513,69.68,86.34,65.07,104.1,44.04,8322759.96,1972251.76
"2025-08-01","Uber",17,134618,17.492,78.82,97.66,73.82,117.81,47.6,10610123.2,2354795.4
"2025-08-01","Uber",18,100577,18.458,79.46,97.71,74.25,118.27,49.39,7992010.42,1856462.42
"2025-08-01","Uber",19,69352,19.468,78.8,96.5,74.1,114.95,49.61,5464661.69,1350133.65
"2025-08-01","Uber",20,52919,20.469,81.6,99.67,76.89,119.04,50.71,4317936.62,1083178.31
"2025-08-01","Uber",21,39061,21.475,85.37,103.95,80.81,124.02,52.16,3334474.08,838834.34
"2025-08-01","Uber",22,30236,22.476,88.15,107.04,83.54,127.28,52.52,2665336.69,679595.67
"2025-08-01","Uber",23,24416,23.476,90.58,109.83,86.52,129.99,52.77,2211654.44,573180.28
"2025-08-01","Uber",24,20049,24.485,94.82,114.47,90.65,134.9,53.44,1901065.22,490893.47
"2025-08-01","Uber",25,18113,25.484,99.64,119.95,95.18,141.14,54.13,1804692.28,461592.06
"2025-08-01","Uber",26,16636,26.479,103.56,124.3,98.93,146.16,54.89,1722904.41,440511.18
"2025-08-01","Uber",27,14163,27.485,109.68,131.39,105.66,154.45,55.67,1553358.67,389275.81
"2025-08-01","Uber",28,12862,28.48,114.08,136.65,109.93,160.3,56.73,1467300.28,366305.05
"2025-08-01","Uber",29,10112,29.476,118.09,140.8,113.69,164.52,58.34,1194119.67,298059.24
"2025-08-01","Uber",30,8664,30.48,123.45,146.07,119.37,173.34,59.15,1069599.78,264080.46
"2025-08-01","Uber",31,7652,31.49,128.14,150.81,123.28,178.33,60.14,980544.17,240963.37
"2025-08-01","Uber",32,7302,32.491,132.03,154.37,128.34,181.58,60.52,964076.17,237246.67
"2025-08-01","Uber",33,6189,33.483,137.3,160.45,132.19,192.6,62.47,849758.64,207226.28
"2025-08-01","Uber",34,5338,34.49,139.98,163.03,135.42,193.7,63.92,747192.58,184107.68
"2025-08-01","Uber",35,4951,35.488,146.04,169.1,140.63,201.82,64.34,723058.73,175700.08
"2025-08-01","Uber",36,4530,36.485,147.93,172,142.17,204.13,66.25,670104.83,165278.13
"2025-08-01","Uber",37,3926,37.485,151.58,174.81,146.1,210.5,66.92,595113.99,147165.17
"2025-08-01","Uber",38,3745,38.482,155.14,177.9,149.63,213.92,68.1,580997.01,144116.33
"2025-08-01","Uber",39,3302,39.485,160.32,183.24,153.63,223.57,69.09,529365.22,130378.87
"2025-08-01","Uber",40,2873,40.488,160.87,183.99,154.83,222,71.05,462181.93,116322.37
"2025-08-01","Uber",41,2510,41.493,166.11,189.98,159.72,228.83,72.11,416934.2,104146.34
"2025-08-01","Uber",42,2323,42.488,171.58,195.31,163.77,236.68,72.61,398584.4,98699.88
"2025-08-01","Uber",43,2036,43.497,173.07,197.83,166.69,236.72,73.47,352360.97,88559.37
"2025-08-01","Uber",44,2037,44.5,175.39,199.59,169.11,242.26,74.5,357276.02,90646.75
"2025-08-01","Uber",45,1945,45.48,178.52,203.21,172.55,243.23,75.83,347218.95,88457.97
"2025-08-01","Uber",46,1879,46.488,182.34,207.4,175.78,244.52,76.99,342608.69,87351.74
"2025-08-01","Uber",47,1641,47.503,186.01,211.74,179.22,250.74,78.65,305243.48,77952.27
"2025-08-01","Uber",48,1547,48.482,189.39,215.36,181.75,257.09,78.73,292990.72,75001.92
"2025-08-01","Uber",49,1556,49.517,192.24,218.57,184.52,261.82,80.21,299123.83,77048.56
"2025-08-01","Uber",50,1498,50.497,193.14,219.57,186.5,261.33,81.25,289330.75,75644.75
"2025-08-01","Uber",51,1464,51.488,199.16,225.74,192.36,268.45,82.43,291566.67,75378.62
"2025-08-01","Uber",52,1279,52.472,205.13,231.91,199.55,279.42,84.9,262365.29,67111.68
"2025-08-01","Uber",53,1090,53.492,206.52,234.39,196.49,277.65,86.75,225102.84,58306.08
"2025-08-01","Uber",54,998,54.487,210.9,237.9,200.58,288.44,87.81,210475.47,54377.92
"2025-08-01","Uber",55,941,55.481,213.35,240.55,206.3,287.43,88.94,200765.88,52207.78
"2025-08-01","Uber",56,937,56.479,211.85,238.6,204.42,279.1,89.43,198500.9,52920.88
"2025-08-01","Uber",57,887,57.479,216.31,243.33,210.63,283.89,91.08,191864.27,50983.47
"2025-08-01","Uber",58,780,58.496,216.18,243.37,207.83,288.26,93.08,168617.62,45626.86
"2025-08-01","Uber",59,709,59.478,222.15,249.19,215.13,295.9,93.66,157502.52,42170.18
"2025-08-01","Uber",60,11762,82.275,296.28,331.53,266.94,446.11,119.49,3484786.94,967723.05
"2025-09-01","Lyft",0,581291,0.731,8.46,10.38,7.3,11.02,6.34,4916330,424832.16
"2025-09-01","Lyft",1,1222362,1.482,12.62,15.37,11.73,17.53,10.94,15421447.61,1811728.22
"2025-09-01","Lyft",2,835651,2.467,18.29,21.77,17.31,24.48,15.8,15280152.52,2061489.07
"2025-09-01","Lyft",3,579082,3.471,23.18,27.64,22.18,30.85,19.56,13425949.96,2009871.56
"2025-09-01","Lyft",4,442778,4.478,27.32,32.79,26.3,36.27,22.63,12097635.17,1982682.8
"2025-09-01","Lyft",5,326564,5.472,30.95,37.04,29.68,41.39,25.06,10105769.08,1786951.05
"2025-09-01","Lyft",6,245546,6.479,34.22,41.04,32.64,45.81,26.97,8401435.45,1590839.87
"2025-09-01","Lyft",7,193045,7.478,37.7,45.67,35.84,50.31,28.77,7278557.43,1443556.76
"2025-09-01","Lyft",8,157859,8.488,41.49,51.32,39.38,55.1,31.04,6549855.97,1339852.84
"2025-09-01","Lyft",9,142049,9.491,45.26,56.62,42.93,59.94,33.13,6428432.53,1348247.16
"2025-09-01","Lyft",10,118657,10.473,48.55,59.93,46.27,63.74,34.86,5761131.22,1242695.5
"2025-09-01","Lyft",11,84114,11.47,51.76,63,49.46,67.35,36.98,4353579.31,964816.25
"2025-09-01","Lyft",12,63300,12.472,54.82,66.71,52.43,70.77,38.63,3470243.75,789470.12
"2025-09-01","Lyft",13,51962,13.49,58.47,71.93,55.74,75.72,40.13,3038278.07,700982.26
"2025-09-01","Lyft",14,45341,14.488,61.73,75.78,59.16,79.18,41.6,2798953.51,656901.56
"2025-09-01","Lyft",15,37697,15.482,65.12,79.63,62.17,84.08,43.57,2454916.59,583638.61
"2025-09-01","Lyft",16,40010,16.519,70.3,87.67,66.86,91.64,46.03,2812624.1,660918.31
"2025-09-01","Lyft",17,43237,17.487,74.99,93.43,71.16,98.39,48.97,3242385.25,756084.55
"2025-09-01","Lyft",18,30805,18.461,77.35,95.25,73.43,101.11,50.62,2382851.37,568690.44
"2025-09-01","Lyft",19,21148,19.476,78.8,96.68,74.93,101.95,50.55,1666441.6,411879.72
"2025-09-01","Lyft",20,15443,20.477,81.35,99.58,77.54,104.65,51.63,1256256.75,316223.18
"2025-09-01","Lyft",21,11825,21.479,84.39,102.88,80.35,108.38,52.51,997932.29,253988.06
"2025-09-01","Lyft",22,9795,22.49,86.69,105.75,82.68,111.56,52.99,849175.98,220290.58
"2025-09-01","Lyft",23,8357,23.482,88.47,107.68,84.49,114.01,52.75,739330.11,196242.52
"2025-09-01","Lyft",24,7397,24.501,90.46,109.68,86.97,116.63,52.9,669122.44,181231.46
"2025-09-01","Lyft",25,7305,25.494,92.18,111.59,88.98,120.08,53.81,673377.67,186236.9
"2025-09-01","Lyft",26,6791,26.482,95.06,114.77,91.48,124.27,54.6,645540.74,179840.76
"2025-09-01","Lyft",27,6125,27.5,99.17,120.01,94.9,127.73,55.93,607428.96,168436.82
"2025-09-01","Lyft",28,5688,28.486,102.22,123.97,97.97,130.61,57.32,581412.17,162027.43
"2025-09-01","Lyft",29,4396,29.476,106.23,128.06,101.56,136.83,59.36,466987.55,129575.72
"2025-09-01","Lyft",30,3721,30.495,110.1,131.55,105.02,140.91,60.27,409668.62,113470.71
"2025-09-01","Lyft",31,3378,31.488,113.15,134.73,107.74,144.27,61.25,382220.83,106365.37
"2025-09-01","Lyft",32,3272,32.483,115.97,137.21,110.04,144.97,62.49,379466.78,106283.6
"2025-09-01","Lyft",33,2711,33.501,119.55,140.84,113.32,154.21,64.2,324100.7,90821.28
"2025-09-01","Lyft",34,2396,34.49,122.7,144.02,116.35,155.54,64.43,293979.14,82637.81
"2025-09-01","Lyft",35,2142,35.488,125.37,146.67,119.1,161.13,65.47,268548.37,76014.23
"2025-09-01","Lyft",36,1983,36.49,128.14,150.14,121.71,161.17,67.45,254104.86,72360.23
"2025-09-01","Lyft",37,1792,37.491,130.32,151.26,124.16,166.79,68.27,233524.93,67184.09
"2025-09-01","Lyft",38,1719,38.503,132.15,153.63,126.37,166.2,68.72,227161.15,66186.92
"2025-09-01","Lyft",39,1609,39.498,135.9,157.05,129.45,173.26,70.41,218662.01,63552.17
"2025-09-01","Lyft",40,1329,40.482,137.67,158.8,132.36,172.75,71.78,182968.11,53800.4
"2025-09-01","Lyft",41,1235,41.478,142.72,164.16,135.5,181.37,72.76,176257.02,51225.66
"2025-09-01","Lyft",42,1035,42.486,143.42,165.03,135.85,183.13,73.98,148434.66,43973.35
"2025-09-01","Lyft",43,1055,43.506,145.43,167.09,139.18,183.8,74.4,153425.63,45898.97
"2025-09-01","Lyft",44,929,44.494,147.32,168.27,140.86,184.69,73.95,136864.2,41335.1
"2025-09-01","Lyft",45,931,45.496,152.7,174.69,144.99,192.12,77.06,142159.5,42356.46
"2025-09-01","Lyft",46,750,46.491,154.3,176.2,146.88,191.06,77.19,115725.89,34868.34
"2025-09-01","Lyft",47,715,47.497,160.38,182.79,152.08,203.72,78.28,114670.6,33960.08
"2025-09-01","Lyft",48,705,48.476,162.43,185.26,153.19,208.45,79.43,114510.16,34175.72
"2025-09-01","Lyft",49,631,49.501,167.46,191.01,157.22,207.26,82.13,105664.55,31235.25
"2025-09-01","Lyft",50,505,50.484,166.91,189.84,159.62,207.89,82,84290.02,25494.64
"2025-09-01","Lyft",51,462,51.512,173.71,197.68,165.92,215.33,85,80252.85,23798.45
"2025-09-01","Lyft",52,417,52.475,173.76,197.53,164.86,220.1,84.6,72456.64,21881.95
"2025-09-01","Lyft",53,388,53.472,178.02,202.49,172.13,218.43,86.02,69070.3,20746.94
"2025-09-01","Lyft",54,345,54.49,179.47,202.4,172.35,219.79,87.43,61916.46,18799.19
"2025-09-01","Lyft",55,299,55.488,184.11,207.24,174.43,236.2,90.16,55050.28,16591.04
"2025-09-01","Lyft",56,268,56.482,189.36,212.5,178.02,237.31,91.17,50749.21,15137.22
"2025-09-01","Lyft",57,232,57.529,197.72,222.9,179.96,248.07,94.45,45871.41,13346.66
"2025-09-01","Lyft",58,212,58.493,195.75,221.59,179.98,248.81,94.29,41498.1,12400.5
"2025-09-01","Lyft",59,185,59.494,195.73,220.38,185.22,256.45,89.92,36210.67,11006.42
"2025-09-01","Lyft",60,2980,81.041,258.67,290.22,234.48,357.22,119.28,770833.04,241503.52
"2025-09-01","Uber",0,1401387,0.745,11.03,13.54,8.96,16.81,6.35,15454792.94,1044223.33
"2025-09-01","Uber",1,3356071,1.465,14.99,18.13,12.64,23.84,10.75,50302221.91,4916715.96
"2025-09-01","Uber",2,2101652,2.458,20.24,24.08,17.68,31.43,15.78,42530973.12,5165379.1
"2025-09-01","Uber",3,1436335,3.467,24.18,28.83,21.48,36.67,19.63,34732060.86,4979076.93
"2025-09-01","Uber",4,1034163,4.47,27.32,32.9,24.6,40.84,22.71,28252001.77,4622834.98
"2025-09-01","Uber",5,778378,5.47,30.33,36.54,27.38,45.8,25.22,23610191.63,4257963.79
"2025-09-01","Uber",6,599556,6.476,32.87,39.68,29.72,49.43,27.13,19706502.44,3882959.63
"2025-09-01","Uber",7,495690,7.481,36.33,44.2,32.89,54.75,29.08,18008572.09,3708061.66
"2025-09-01","Uber",8,429501,8.487,40.39,50.09,36.43,61.92,31.1,17346281.53,3645183.57
"2025-09-01","Uber",9,404886,9.49,46.22,57.96,41.53,72.43,33.28,18713644.07,3842271.5
"2025-09-01","Uber",10,340492,10.47,49.3,61.15,44.62,76.01,34.98,16786298.35,3564793.07
"2025-09-01","Uber",11,246779,11.472,50.17,61.43,45.8,75.22,37,12381918.4,2830997.11
"2025-09-01","Uber",12,191909,12.469,52.38,64.08,48.09,77.74,38.66,10051849.08,2392836.08
"2025-09-01","Uber",13,155854,13.485,56.29,69.18,51.4,84.5,40.18,8773136.29,2101633.63
"2025-09-01","Uber",14,137232,14.485,60.32,73.88,55.47,89.95,41.7,8277805.72,1987805.87
"2025-09-01","Uber",15,116881,15.481,63.81,77.78,58.9,94.35,43.85,7458472.94,1809429.66
"2025-09-01","Uber",16,125439,16.521,73.51,90.97,68.11,110.98,46.2,9220763.56,2072436.13
"2025-09-01","Uber",17,147548,17.489,83.29,103,77.5,126.29,50.19,12289541.58,2580534.25
"2025-09-01","Uber",18,104031,18.453,83.08,101.87,76.76,125.89,51.54,8642553.81,1919684.66
"2025-09-01","Uber",19,70758,19.467,82.42,100.6,76.44,122.35,51.17,5832072.08,1377422.06
"2025-09-01","Uber",20,53091,20.472,85.3,103.93,79.75,126.19,52.48,4528857.64,1086860.32
"2025-09-01","Uber",21,38961,21.472,89.55,108.72,83.85,133.07,54.11,3488976.52,836566.38
"2025-09-01","Uber",22,30514,22.478,92.36,111.8,86.58,135.84,53.94,2818178.33,685887.55
"2025-09-01","Uber",23,25267,23.48,95.42,115.18,89.48,140.48,53.97,2410938.05,593272.17
"2025-09-01","Uber",24,21235,24.486,99.44,119.45,93.53,146.69,54.16,2111580.87,519960.65
"2025-09-01","Uber",25,19708,25.486,103.5,124.06,97.5,150.95,54.48,2039682.15,502277.31
"2025-09-01","Uber",26,18582,26.487,108.34,129.57,102.31,157,55.41,2013110.01,492190.46
"2025-09-01","Uber",27,16373,27.493,114.26,136.67,108.15,165.3,56.6,1870769.7,450147.03
"2025-09-01","Uber",28,15003,28.473,119.13,142.48,112.88,171.67,57.66,1787331.73,427187.38
"2025-09-01","Uber",29,11674,29.48,125.27,148.55,118.92,179.93,59.71,1462361.76,344143.99
"2025-09-01","Uber",30,9829,30.485,128.6,151.38,122.15,186.39,60.48,1263980.7,299633.66
"2025-09-01","Uber",31,9014,31.487,132.49,155.12,126.48,188.79,61.4,1194261.16,283821.07
"2025-09-01","Uber",32,8511,32.493,136.06,158.25,128.8,194.5,61.95,1158033.67,276544.81
"2025-09-01","Uber",33,7706,33.49,142.06,164.85,133.81,206.02,63.78,1094677.79,258075.51
"2025-09-01","Uber",34,6866,34.488,147.37,170.43,138.53,212.52,65.23,1011846.02,236794.67
"2025-09-01","Uber",35,6315,35.492,149.22,172.49,141.33,214.78,65.99,942347.08,224133.19
"2025-09-01","Uber",36,5653,36.485,153.52,177.07,144.77,219.87,67.71,867855.37,206248.67
"2025-09-01","Uber",37,4857,37.487,156.11,179.27,148.04,223.37,68.41,758210.36,182074.32
"2025-09-01","Uber",38,4672,38.484,160.13,183.17,151.58,228.34,70.51,748142.16,179797.33
"2025-09-01","Uber",39,4034,39.476,161.21,183.88,154.03,229.03,71.23,650320.72,159245.63
"2025-09-01","Uber",40,3538,40.491,164.58,187.63,155.95,234.6,71.49,582295.65,143257.62
"2025-09-01","Uber",41,2998,41.488,171.05,194.37,162,241.94,73,512821.89,124380.8
"2025-09-01","Uber",42,2786,42.491,173.94,197.61,164.45,245.98,74.12,484584.53,118380.49
"2025-09-01","Uber",43,2452,43.494,176.57,200.18,167.66,249.93,74.68,432945.47,106648.01
"2025-09-01","Uber",44,2359,44.495,178.02,201.27,169.33,249.83,75.38,419947.35,104962.81
"2025-09-01","Uber",45,2288,45.477,184.84,209.01,174.52,266.72,76.6,422913.97,104050.71
"2025-09-01","Uber",46,2149,46.489,188.37,212.64,178.52,268.45,76.86,404801.82,99904.82
"2025-09-01","Uber",47,1955,47.495,188.77,213.09,180.34,263.8,78.9,369038.97,92852.18
"2025-09-01","Uber",48,1773,48.494,193.78,218.65,185.15,270.81,79.44,343577.18,85979.23
"2025-09-01","Uber",49,1627,49.507,196.65,222.22,187.86,274.89,80.45,319946.29,80548.38
"2025-09-01","Uber",50,1707,50.498,199.72,225.68,190.06,279.89,82.23,340917.37,86200.75
"2025-09-01","Uber",51,1516,51.49,204.16,230.66,196.17,284.22,84.64,309508.34,78059.19
"2025-09-01","Uber",52,1429,52.487,209.05,235.01,198.34,291.37,85.45,298726.74,75003.44
"2025-09-01","Uber",53,1274,53.492,212.48,238.89,201.23,298.16,86.78,270701.17,68148.35
"2025-09-01","Uber",54,1087,54.475,213.22,239.37,201.39,302.26,88.32,231773.73,59214.51
"2025-09-01","Uber",55,975,55.499,214.68,240.8,203.89,302.49,89.3,209316.53,54111.67
"2025-09-01","Uber",56,907,56.497,216.31,241.9,205.55,301.34,91.42,196196.66,51242.6
"2025-09-01","Uber",57,874,57.48,219.81,246.65,207.96,297.82,91.11,192113.76,50237.7
"2025-09-01","Uber",58,770,58.482,218.65,245.17,207.74,299.46,92.92,168358.18,45031.03
"2025-09-01","Uber",59,693,59.478,221.68,248.03,210.29,306.24,92.26,153621.77,41218.11
"2025-09-01","Uber",60,10151,80.573,285.32,318.1,252.12,424.76,116.25,2896283.9,817896.67
"2025-10-01","Lyft",0,640161,0.729,8.63,10.57,7.69,12.25,6.35,5527215.5,466997.07
"2025-10-01","Lyft",1,1309375,1.482,13.24,16.06,12.23,18.69,11.09,17340795.94,1940097.66
"2025-10-01","Lyft",2,898143,2.469,17.94,21.47,16.83,24.41,16.02,16111310.58,2217226.81
"2025-10-01","Lyft",3,630984,3.472,22,26.47,20.79,29.44,19.71,13883897.56,2190607.59
"2025-10-01","Lyft",4,480612,4.478,25.21,30.68,24.03,33.35,22.76,12114447.2,2152060.93
"2025-10-01","Lyft",5,358041,5.473,28.37,34.5,26.94,37.82,25.2,10157923.04,1959511.88
"2025-10-01","Lyft",6,269827,6.478,31.39,38.2,29.78,42.04,27.14,8470930.4,1748043.57
"2025-10-01","Lyft",7,209833,7.477,35.58,43.5,33.66,48.01,29.06,7465052.03,1568914.71
"2025-10-01","Lyft",8,169262,8.484,39.75,49.45,37.55,53.71,31.18,6727382.7,1435976.91
"2025-10-01","Lyft",9,148223,9.49,43.91,55.02,41.54,59.21,33.17,6507920.1,1406587.55
"2025-10-01","Lyft",10,122440,10.475,47.15,58.22,44.71,62.87,34.92,5772626.16,1282595.23
"2025-10-01","Lyft",11,87974,11.472,49.69,60.78,47.24,65.88,36.85,4371664.96,1009232.24
"2025-10-01","Lyft",12,66005,12.474,52.46,64.28,49.86,69.37,38.77,3462607.52,823346.99
"2025-10-01","Lyft",13,53638,13.492,56.18,69.64,53.5,74.27,40.32,3013481.95,723706.8
"2025-10-01","Lyft",14,46977,14.486,59.84,73.87,57.16,78.48,42.14,2810972.74,680527.59
"2025-10-01","Lyft",15,39955,15.487,62.93,77.36,59.62,83.74,44.06,2514210.21,618801.51
"2025-10-01","Lyft",16,42650,16.518,68.98,86.11,65.54,92.37,46.41,2942095.52,704498.08
"2025-10-01","Lyft",17,45317,17.487,74.2,92.22,70.6,99.29,49.74,3362328.13,792448.1
"2025-10-01","Lyft",18,32539,18.462,75.59,93.09,71.8,100.18,51.31,2459661.88,600750.42
"2025-10-01","Lyft",19,22099,19.477,76.3,93.82,72.74,100.18,51.14,1686071.88,430419.72
"2025-10-01","Lyft",20,16235,20.473,78.26,95.98,74.45,102.67,51.75,1270599.88,332382.8
"2025-10-01","Lyft",21,12278,21.482,80.04,98.04,76.26,104.96,52.62,982749.97,263750.22
"2025-10-01","Lyft",22,10193,22.487,82.39,100.94,78.29,107.04,52.88,839806.46,229210.69
"2025-10-01","Lyft",23,9002,23.485,84.18,103.03,80.68,108.41,53.03,757780.37,211415.8
"2025-10-01","Lyft",24,7994,24.503,85.62,104.18,82.34,110.69,52.98,684429.35,195874.84
"2025-10-01","Lyft",25,7705,25.493,88.52,107.28,85.16,114.24,53.98,682079.3,196426.1
"2025-10-01","Lyft",26,7360,26.488,90.8,109.64,87.11,117.79,54.6,668282.63,194955.13
"2025-10-01","Lyft",27,6764,27.499,94.45,114.2,90.81,121.08,55.88,638879,186001.44
"2025-10-01","Lyft",28,6361,28.491,97.4,117.78,93.48,124.59,57.16,619545.34,181228.15
"2025-10-01","Lyft",29,4949,29.481,100.49,121.37,96.47,127.53,59.06,497320.57,145899.97
"2025-10-01","Lyft",30,4163,30.488,104.5,125.38,100.11,133.8,60.34,435044.44,126922.92
"2025-10-01","Lyft",31,3711,31.492,107.17,127.79,102.36,136.43,61.37,397708.27,116867.23
"2025-10-01","Lyft",32,3464,32.482,108.65,129.02,104.13,136.33,61.9,376352.83,112518.89
"2025-10-01","Lyft",33,2703,33.473,112.03,132.6,106.49,142.24,63.23,302820.7,90476.36
"2025-10-01","Lyft",34,2466,34.494,115.8,136.39,110.52,146.77,64.98,285562.97,85061.55
"2025-10-01","Lyft",35,2369,35.494,116.77,137.57,111.44,146.24,65.43,276618.82,84084.57
"2025-10-01","Lyft",36,2015,36.493,120.12,140.94,115.22,153.17,66.99,242036.17,73532.53
"2025-10-01","Lyft",37,1815,37.484,122.07,142.94,116.93,153.26,68.4,221559.29,68033.81
"2025-10-01","Lyft",38,1904,38.493,123.57,143.68,118.6,155.52,68.79,235274.4,73291.49
"2025-10-01","Lyft",39,1666,39.489,126.54,146.88,122.62,156.92,70.26,210821.77,65788.11
"2025-10-01","Lyft",40,1347,40.482,131.75,152.55,125.52,166.39,72.54,177470.44,54528.78
"2025-10-01","Lyft",41,1228,41.489,131.63,152.17,126.25,167.62,72.34,161636.61,50948.56
"2025-10-01","Lyft",42,1207,42.502,134.08,155.2,128.75,168.23,73.55,161832.1,51299.86
"2025-10-01","Lyft",43,1039,43.491,137.5,158.28,132.06,171.42,74.23,142859.18,45187.66
"2025-10-01","Lyft",44,1048,44.512,140.3,161.06,133.97,174.3,76.3,147032.69,46648.68
"2025-10-01","Lyft",45,940,45.485,142.88,164.68,136.06,176.28,76.47,134307.98,42755.87
"2025-10-01","Lyft",46,857,46.5,145.8,167.57,138.84,184.9,77.16,124950.14,39850.88
"2025-10-01","Lyft",47,781,47.493,147.57,169.39,141.56,182.84,78.25,115251.75,37092.41
"2025-10-01","Lyft",48,713,48.491,153.31,176.27,146.26,192.33,80.56,109307.48,34574.01
"2025-10-01","Lyft",49,679,49.506,154.91,177.98,148.84,191.81,80.99,105180.66,33614.4
"2025-10-01","Lyft",50,621,50.47,162.95,185.74,155.67,206.38,80.9,101190.69,31342.09
"2025-10-01","Lyft",51,523,51.483,169.32,192.4,160.39,214.75,83.41,88554.95,26925.56
"2025-10-01","Lyft",52,505,52.496,170.07,193.26,161.53,213.86,84.53,85885.39,26510.44
"2025-10-01","Lyft",53,424,53.494,172.45,194.83,165.98,212.58,84.87,73117.73,22681.53
"2025-10-01","Lyft",54,358,54.505,176.71,201.03,169.76,222.11,86.46,63261.5,19512.64
"2025-10-01","Lyft",55,337,55.497,182.47,205.69,174.79,233.85,91.37,61493.49,18702.65
"2025-10-01","Lyft",56,310,56.498,178.53,201.27,172.08,217.88,88.65,55343.92,17514.45
"2025-10-01","Lyft",57,280,57.514,185.13,209.97,177.48,230.44,93.38,51837.07,16103.98
"2025-10-01","Lyft",58,254,58.497,186.4,211.83,180.42,229.1,91.03,47345.22,14858.14
"2025-10-01","Lyft",59,220,59.508,196.6,223.29,180.14,244.61,96.37,43251.07,13091.87
"2025-10-01","Lyft",60,3255,80.967,252.33,284.27,229.16,340.11,118.73,821324.89,263546.94
"2025-10-01","Uber",0,1572191,0.744,10.52,12.98,8.86,15.95,6.3,16533112.97,1170315.02
"2025-10-01","Uber",1,3750465,1.465,14.18,17.21,11.84,22.73,10.7,53180801.17,5495116.08
"2025-10-01","Uber",2,2333709,2.457,19.2,22.9,16.6,30.18,15.71,44807726.05,5733818.47
"2025-10-01","Uber",3,1588631,3.467,22.96,27.42,20.33,35.2,19.52,36472936.76,5507492.93
"2025-10-01","Uber",4,1144198,4.47,25.95,31.31,23.34,39.4,22.6,29689493.68,5115002.12
"2025-10-01","Uber",5,856504,5.471,28.95,34.95,26.07,44.52,25.09,24797923.23,4685541.07
"2025-10-01","Uber",6,660460,6.477,31.54,38.16,28.43,48.54,27.03,20833271.04,4277546.22
"2025-10-01","Uber",7,541890,7.48,35.03,42.69,31.52,54.06,28.98,18984597.9,4053300.94
"2025-10-01","Uber",8,467480,8.485,39.14,48.65,35.08,61.57,30.96,18297585.73,3966772.64
"2025-10-01","Uber",9,435508,9.488,44.83,56.34,40.07,72.13,33.02,19524806.65,4132139.79
"2025-10-01","Uber",10,361685,10.469,47.64,59.24,43.07,75.04,34.82,17232443.5,3786626.91
"2025-10-01","Uber",11,261560,11.472,48.16,59.1,44.04,73.52,36.87,12596005.77,3000487.34
"2025-10-01","Uber",12,204989,12.47,50.48,61.89,46.43,76.24,38.68,10347454.38,2556235.61
"2025-10-01","Uber",13,167131,13.484,54.35,67.04,49.55,83.4,40.24,9082773.79,2253624.22
"2025-10-01","Uber",14,147574,14.484,58.62,71.98,53.71,89.6,42.04,8650519.53,2137412.38
"2025-10-01","Uber",15,125840,15.482,62.33,76.19,57.07,94.73,44.2,7843592.61,1948287.56
"2025-10-01","Uber",16,135349,16.518,71.85,89.19,66.44,110.46,46.63,9725262.7,2235759.3
"2025-10-01","Uber",17,156302,17.488,81.01,100.44,75.25,124.05,50.56,12661309.7,2733458.8
"2025-10-01","Uber",18,110165,18.453,80.79,99.31,74.52,123.99,51.69,8899696.55,2032828.33
"2025-10-01","Uber",19,74236,19.466,80.32,98.3,74.23,121.83,51.64,5962496.31,1445089.02
"2025-10-01","Uber",20,54455,20.468,83.32,101.71,77.39,125.55,52.57,4537052.55,1114568.51
"2025-10-01","Uber",21,39811,21.474,87.54,106.42,81.41,132.54,53.76,3485066.19,854892.09
"2025-10-01","Uber",22,31506,22.476,90.44,109.66,84,136.55,54,2849443.2,708139.64
"2025-10-01","Uber",23,25718,23.48,94.21,113.77,87.74,141.66,54.09,2422818.16,603862.67
"2025-10-01","Uber",24,22243,24.487,98.08,118.01,91.74,146.62,54.46,2181679.03,544665.81
"2025-10-01","Uber",25,20732,25.49,102.8,123.29,96.08,153.45,54.74,2131176.35,528451.79
"2025-10-01","Uber",26,19488,26.486,108.06,129.31,102.08,160.7,55.42,2105955.97,516154.38
"2025-10-01","Uber",27,17371,27.496,113.7,136.1,107.98,165.64,56.75,1975091.73,477626.88
"2025-10-01","Uber",28,15805,28.47,118.4,141.89,112.64,170.76,57.8,1871370.93,449962.38
"2025-10-01","Uber",29,12307,29.479,123.88,147.2,117.52,178.9,59.62,1524561.43,362793.75
"2025-10-01","Uber",30,10296,30.486,129.57,152.6,122.93,187.43,60.7,1334050.87,313883.76
"2025-10-01","Uber",31,9027,31.484,133.46,156.21,126.59,191.08,61.89,1204757.62,284209.1
"2025-10-01","Uber",32,8342,32.493,137.41,159.82,131.04,195.34,62.07,1146238.81,271057.39
"2025-10-01","Uber",33,7152,33.485,140.75,163.37,133.3,201.51,63.69,1006629.69,239483.43
"2025-10-01","Uber",34,6260,34.483,145.36,168.18,137.51,208.83,65.05,909942.7,215864.97
"2025-10-01","Uber",35,5640,35.49,150.62,173.26,142.07,215.74,65.91,849495.96,200161.69
"2025-10-01","Uber",36,5106,36.488,153.39,176.51,144.65,218.13,67.22,783230.88,186306.91
"2025-10-01","Uber",37,4603,37.488,158.07,181.03,149.41,223.81,67.74,727593.85,172555.3
"2025-10-01","Uber",38,4449,38.484,160.41,182.94,152.44,227.51,69.71,713683.69,171216.35
"2025-10-01","Uber",39,3849,39.492,163.1,185.52,153.24,230.26,71.17,627774.43,152006.57
"2025-10-01","Uber",40,3268,40.479,166,188.34,156.76,237.29,72.11,542498.27,132286.59
"2025-10-01","Uber",41,2960,41.492,170.42,193.97,161.11,239.58,73.1,504455.08,122817.02
"2025-10-01","Uber",42,2720,42.488,175.25,198.74,165.14,249.44,73.6,476687.54,115566.65
"2025-10-01","Uber",43,2475,43.494,177.84,201.33,168.54,249.05,74.97,440157.19,107647.14
"2025-10-01","Uber",44,2507,44.498,181.57,204.81,171.84,254.25,75.62,455200.16,111555.41
"2025-10-01","Uber",45,2301,45.482,185.86,209.62,175.72,263.96,76.41,427672.17,104655.23
"2025-10-01","Uber",46,2071,46.477,187.15,211.61,177.34,260.55,77.48,387590.29,96253.43
"2025-10-01","Uber",47,1936,47.494,193.31,218.12,181.79,269.73,78.68,374252.73,91948.48
"2025-10-01","Uber",48,1846,48.481,193.45,218.52,183.83,267.31,80.34,357100.73,89495.03
"2025-10-01","Uber",49,1696,49.502,197.71,223.46,186.79,279.85,82.12,335307.73,83954.84
"2025-10-01","Uber",50,1735,50.491,201.37,227.19,190.1,280.02,82.55,349376.04,87602.66
"2025-10-01","Uber",51,1660,51.492,203.17,228.97,192.93,280.76,83.45,337256.45,85476.13
"2025-10-01","Uber",52,1465,52.486,207.63,234.22,194.47,291.16,86.07,304179.51,76891.89
"2025-10-01","Uber",53,1321,53.473,211.03,236.9,199.08,293.9,87.12,278766.47,70637.35
"2025-10-01","Uber",54,1109,54.479,214.83,240.28,201.93,299.92,87.23,238250.36,60417.48
"2025-10-01","Uber",55,1001,55.486,218.04,243.73,202.31,307.16,89.38,218259.42,55541.54
"2025-10-01","Uber",56,1008,56.49,217.83,243.31,205.13,307.52,91.08,219575.82,56942.4
"2025-10-01","Uber",57,885,57.496,218.28,244.6,202.84,305.44,93.07,193177.45,50884.19
"2025-10-01","Uber",58,885,58.486,222.91,249.45,209.03,305.37,92.75,197278.54,51760.38
"2025-10-01","Uber",59,795,59.507,222.81,249.84,211.55,302.38,92.33,177133.3,47308.41
"2025-10-01","Uber",60,10142,80.1,283.44,315.86,249.6,422.62,115.85,2874599.12,812377.79
"2025-11-01","Lyft",0,673591,0.729,8.54,10.46,7.48,12.07,6.33,5752203.52,490842.87
"2025-11-01","Lyft",1,1350742,1.477,13.16,15.93,11.9,18.68,10.99,17772635.95,1995569.6
"2025-11-01","Lyft",2,905759,2.468,18.07,21.56,16.83,24.76,15.84,16371301.5,2235776.66
"2025-11-01","Lyft",3,631247,3.47,22.27,26.7,20.93,30,19.44,14060188.84,2190239.26
"2025-11-01","Lyft",4,480541,4.476,25.41,30.84,24.06,33.7,22.42,12211854.84,2151109.15
"2025-11-01","Lyft",5,354580,5.473,28.5,34.58,26.93,38.11,24.74,10105946.39,1940638
"2025-11-01","Lyft",6,266118,6.477,31.44,38.2,29.61,42.2,26.55,8367917.71,1723727.32
"2025-11-01","Lyft",7,209965,7.481,35.2,43.04,33.06,47.84,28.3,7391091.9,1570707.89
"2025-11-01","Lyft",8,170633,8.484,38.9,48.37,36.46,53.3,30.13,6638457.43,1447579.03
"2025-11-01","Lyft",9,148333,9.488,43.04,53.92,40.33,59.18,31.98,6383722.51,1407421.73
"2025-11-01","Lyft",10,122750,10.475,46.3,57.27,43.59,63.19,33.63,5683193.29,1285819.97
"2025-11-01","Lyft",11,89870,11.473,48.73,59.7,45.98,65.9,35.69,4378943.47,1031073.46
"2025-11-01","Lyft",12,68620,12.474,51.28,62.94,48.47,69.06,37.45,3519110.91,855981.12
"2025-11-01","Lyft",13,56158,13.494,55.1,68.46,52.12,74.29,38.94,3094368.85,757771.99
"2025-11-01","Lyft",14,49889,14.488,58.88,72.76,55.87,79.04,40.48,2937223.98,722773.76
"2025-11-01","Lyft",15,42006,15.486,61.91,76.28,58.28,83.48,42.12,2600543.61,650496.16
"2025-11-01","Lyft",16,44575,16.518,68.23,85.19,64.57,93,44.63,3041277.98,736275.13
"2025-11-01","Lyft",17,47768,17.488,73.69,91.64,69.84,100.57,47.66,3520056.82,835366.85
"2025-11-01","Lyft",18,34592,18.458,74.79,92.11,70.79,100.94,49.2,2587124.16,638513.99
"2025-11-01","Lyft",19,23771,19.474,75.48,92.86,71.39,100.92,49.07,1794299.74,462919.21
"2025-11-01","Lyft",20,17608,20.472,77.06,94.46,73.14,102.43,50.03,1356936.59,360476.17
"2025-11-01","Lyft",21,13345,21.479,79.24,97.08,75.26,105.01,50.94,1057395.19,286633.36
"2025-11-01","Lyft",22,10774,22.485,81.54,99.73,77.58,107.99,51.47,878556.17,242255.1
"2025-11-01","Lyft",23,9226,23.489,84.12,102.85,80.14,109.91,51.64,776053.44,216707.63
"2025-11-01","Lyft",24,8211,24.502,85.85,104.42,82.11,112.53,52.28,704955.03,201189.74
"2025-11-01","Lyft",25,8093,25.499,88.05,106.62,84.31,115.31,52.72,712591.14,206365.03
"2025-11-01","Lyft",26,7443,26.482,91.34,110.29,87.44,119.89,53.67,679872.57,197107.93
"2025-11-01","Lyft",27,6961,27.501,94.2,113.79,90.47,122.25,55.04,655694.45,191431.5
"2025-11-01","Lyft",28,6201,28.49,97.35,117.48,93.23,127.05,56.12,603680.14,176663.76
"2025-11-01","Lyft",29,4991,29.474,100.82,121.39,96.06,131.77,57.88,503195.39,147103.83
"2025-11-01","Lyft",30,4180,30.489,104.6,125.51,99.42,136.44,58.85,437243.61,127445.97
"2025-11-01","Lyft",31,3730,31.491,107.3,128.12,102.13,139.26,59.87,400223.68,117461.22
"2025-11-01","Lyft",32,3610,32.495,109.45,129.8,104.09,140.22,59.87,395102.33,117306.8
"2025-11-01","Lyft",33,2821,33.484,112.5,132.61,106.37,145.96,61.67,317366.84,94457.74
"2025-11-01","Lyft",34,2531,34.491,114.74,135.06,109.44,146.79,62.48,290403.61,87296.48
"2025-11-01","Lyft",35,2403,35.486,118.51,138.96,111.68,154,64.3,284777.84,85273.43
"2025-11-01","Lyft",36,2080,36.495,119.36,139.98,113.49,153.25,65.06,248259.5,75909.26
"2025-11-01","Lyft",37,1860,37.494,123.61,144.29,118.21,157.66,66.78,229918.13,69737.94
"2025-11-01","Lyft",38,1871,38.484,125.73,146.01,120.05,161.82,67.9,235235.64,72003.78
"2025-11-01","Lyft",39,1641,39.493,125.94,146.16,121.82,156.49,68.47,206668.81,64807.2
"2025-11-01","Lyft",40,1374,40.496,130.09,150.77,124.36,165.54,69.51,178738.86,55641.84
"2025-11-01","Lyft",41,1257,41.498,133.68,154.55,127.69,170.83,70.4,168037.69,52162.74
"2025-11-01","Lyft",42,1173,42.494,137.31,158.39,130.08,174.27,71.84,161066.14,49845.13
"2025-11-01","Lyft",43,1097,43.497,138.7,159.36,133.2,177.17,72.13,152148.69,47716.44
"2025-11-01","Lyft",44,1022,44.489,141.12,162.16,134.44,179.33,73.73,144221.8,45467.27
"2025-11-01","Lyft",45,962,45.495,143.09,163.78,137.29,178.46,73.43,137655.47,43766.44
"2025-11-01","Lyft",46,837,46.489,146.24,167.67,139.39,190.3,74.85,122405.81,38911.1
"2025-11-01","Lyft",47,770,47.492,149.32,171.01,143.2,188.58,75.69,114979.31,36568.78
"2025-11-01","Lyft",48,680,48.492,150.99,172.35,144.93,189.64,77.52,102675.81,32974.7
"2025-11-01","Lyft",49,701,49.498,154.91,176.36,148.68,195.14,79.09,108588.67,34698.4
"2025-11-01","Lyft",50,608,50.482,161.76,183.65,153.99,209.39,79.74,98350.47,30692.97
"2025-11-01","Lyft",51,528,51.48,168.13,190.82,161.82,212.53,81.97,88771.72,27181.48
"2025-11-01","Lyft",52,478,52.487,172.89,195.63,163.62,225.03,82.29,82643.14,25088.71
"2025-11-01","Lyft",53,402,53.488,171.92,195.59,163.97,220.23,84.03,69112.43,21502.02
"2025-11-01","Lyft",54,362,54.469,182.03,206.37,175.06,233.32,85.84,65894.2,19717.8
"2025-11-01","Lyft",55,328,55.489,173.58,196.17,166.16,215.03,85.6,56935.86,18200.27
"2025-11-01","Lyft",56,287,56.491,183.43,206.53,175.63,234.41,88.41,52645.4,16213.01
"2025-11-01","Lyft",57,294,57.457,185.6,209.26,177.06,239.1,88.01,54565.96,16892.48
"2025-11-01","Lyft",58,227,58.517,189.81,214.19,183.62,235.37,88.56,43087.66,13283.26
"2025-11-01","Lyft",59,230,59.49,192.48,216.15,182.74,245.97,93.27,44271.23,13682.72
"2025-11-01","Lyft",60,3153,81.259,251.19,281.61,227.19,348.06,115.06,792005,256210.3
"2025-11-01","Uber",0,1606473,0.742,10.36,12.74,8.49,15.92,6.24,16644699.52,1191806.91
"2025-11-01","Uber",1,3675034,1.462,14.13,17.08,11.71,22.83,10.58,51934244.7,5374657.12
"2025-11-01","Uber",2,2240594,2.455,19.3,22.93,16.38,30.45,15.47,43243129.14,5501431.64
"2025-11-01","Uber",3,1513728,3.467,23.21,27.61,20.34,35.46,19.23,35130012.21,5247851.33
"2025-11-01","Uber",4,1081626,4.469,26.31,31.61,23.37,39.78,22.22,28459502.31,4833953.07
"2025-11-01","Uber",5,805909,5.471,29.29,35.23,26.12,44.79,24.6,23608812.01,4409009.7
"2025-11-01","Uber",6,624100,6.476,31.76,38.31,28.37,48.44,26.33,19820388,4041903.38
"2025-11-01","Uber",7,507541,7.479,35.09,42.69,31.4,53.43,28.18,17808235.77,3795910.22
"2025-11-01","Uber",8,439781,8.486,39,48.43,34.91,60.24,30.01,17153514.68,3732120.83
"2025-11-01","Uber",9,407991,9.488,44.38,55.66,39.61,70.31,31.97,18107247.07,3870957.14
"2025-11-01","Uber",10,340691,10.471,47.41,58.88,42.73,73.87,33.73,16152777.84,3567529.92
"2025-11-01","Uber",11,249316,11.471,48.23,59.18,43.92,73.16,35.75,12025145.16,2859984.5
"2025-11-01","Uber",12,194225,12.47,50.41,61.78,46.08,75.83,37.51,9791292.51,2421937.83
"2025-11-01","Uber",13,159546,13.486,54.45,67.06,49.39,83.05,39.05,8687770.34,2151674.65
"2025-11-01","Uber",14,141002,14.483,58.76,72.07,53.6,89.1,40.68,8285197.7,2042066.43
"2025-11-01","Uber",15,118951,15.48,62.4,76.21,56.91,94.57,42.65,7422263.48,1841326.8
"2025-11-01","Uber",16,126291,16.517,72.23,89.55,66.31,111.61,44.97,9121877.75,2085938.76
"2025-11-01","Uber",17,146371,17.49,82.1,101.77,76.07,126.01,48.67,12016581.34,2560015.1
"2025-11-01","Uber",18,103763,18.454,81.77,100.41,75.19,125.92,50.02,8484610.46,1914887.46
"2025-11-01","Uber",19,70464,19.466,80.75,98.71,74.59,122.56,49.8,5689647.26,1371628.91
"2025-11-01","Uber",20,53445,20.469,83.32,101.63,77.34,125.76,50.88,4452936.09,1093989.83
"2025-11-01","Uber",21,39032,21.474,87.09,105.9,80.55,132.24,52.44,3399381.23,838188.11
"2025-11-01","Uber",22,30533,22.476,90.23,109.37,83.81,135.05,52.57,2755040.53,686245.16
"2025-11-01","Uber",23,24960,23.481,93.58,113.1,87.4,139.85,52.64,2335840.02,586082.55
"2025-11-01","Uber",24,20996,24.489,97.58,117.48,91.51,144.97,53.21,2048716.06,514173.52
"2025-11-01","Uber",25,19398,25.483,103.06,123.7,96.75,153.29,53.58,1999170.66,494321.01
"2025-11-01","Uber",26,17793,26.478,108.16,129.54,102.29,159.05,54.92,1924572.19,471115.99
"2025-11-01","Uber",27,16028,27.496,114.03,136.62,108.36,165.6,55.77,1827651.33,440702.01
"2025-11-01","Uber",28,14568,28.476,118.98,142.52,112.88,171.08,57.2,1733259.46,414841.78
"2025-11-01","Uber",29,11314,29.478,123.93,147.41,117.69,179.07,58.43,1402112.2,333514.5
"2025-11-01","Uber",30,9685,30.485,129.93,153.21,122.75,188.11,59.29,1258402.96,295251.48
"2025-11-01","Uber",31,8207,31.485,133.41,156.38,126.3,191.83,60.06,1094913.14,258396.61
"2025-11-01","Uber",32,7747,32.491,137.49,160.29,130.26,195.74,60.71,1065139.06,251710.03
"2025-11-01","Uber",33,6527,33.481,142.69,165.83,134.84,203.76,62.25,931343.82,218527.86
"2025-11-01","Uber",34,5817,34.481,146.31,169.02,137.97,208.76,63.6,851099.16,200575.94
"2025-11-01","Uber",35,5109,35.49,150.23,173.27,142.31,214.54,64.1,767549.12,181316.41
"2025-11-01","Uber",36,4850,36.484,153.05,176.4,144.75,216.32,65.52,742272.89,176947.86
"2025-11-01","Uber",37,4215,37.489,156.48,179.71,147.8,221.04,66.15,659581.93,158014.12
"2025-11-01","Uber",38,4012,38.49,159.72,182.23,151.26,226.87,67.95,640795.04,154423.17
"2025-11-01","Uber",39,3466,39.475,164.81,187.54,154.45,234.76,69.14,571235.88,136821.44
"2025-11-01","Uber",40,3023,40.482,166.48,189.77,156.49,234.65,69.91,503281.87,122377.26
"2025-11-01","Uber",41,2584,41.484,171.61,195.26,161.09,242.76,70.83,443436.72,107195.81
"2025-11-01","Uber",42,2439,42.489,174.22,198.22,165.09,245.75,71.97,424913.91,103631.65
"2025-11-01","Uber",43,2273,43.494,178.59,202.53,168.91,250.96,72.8,405935.85,98862.12
"2025-11-01","Uber",44,2175,44.491,179.52,202.97,169.86,250.47,73.41,390445.41,96768.21
"2025-11-01","Uber",45,2051,45.491,185.52,209.78,174.95,261.65,74.4,380508.83,93302.67
"2025-11-01","Uber",46,1882,46.489,189.6,214.2,178.24,270.08,76.43,356831.56,87491.9
"2025-11-01","Uber",47,1783,47.479,193.55,218.43,184.31,268.5,76.77,345096.78,84655.91
"2025-11-01","Uber",48,1710,48.491,195.93,221.59,185.5,272.8,78.16,335039.74,82920.07
"2025-11-01","Uber",49,1583,49.496,197.7,223.8,187.4,274.31,79.2,312962.69,78352.91
"2025-11-01","Uber",50,1542,50.497,203.81,229.5,192.48,284.14,80.43,314274.58,77867.12
"2025-11-01","Uber",51,1418,51.489,205.77,232.23,195.71,285.24,81.43,291783.05,73012.03
"2025-11-01","Uber",52,1333,52.491,212.53,239.55,200.1,297.92,82.9,283305.48,69970.81
"2025-11-01","Uber",53,1220,53.495,215.34,241.73,202.17,302.47,85.39,262710.07,65263.62
"2025-11-01","Uber",54,1049,54.472,214.7,241.42,201.25,300.81,86.27,225221.51,57141.43
"2025-11-01","Uber",55,939,55.485,217.03,242.85,205.52,303.81,87.04,203793.27,52100.02
"2025-11-01","Uber",56,886,56.502,222.09,248.37,210.12,318.19,89.46,196773.04,50060.66
"2025-11-01","Uber",57,822,57.471,226.3,251.92,212.16,315.37,88.21,186017.57,47241.19
"2025-11-01","Uber",58,718,58.474,228.96,255.65,215.4,319.87,90.97,164393.86,41984.2
"2025-11-01","Uber",59,691,59.471,226.97,254.36,217.88,313.42,89.24,156836.45,41094.8
"2025-11-01","Uber",60,9126,80.495,287.82,320.6,254.27,417.86,115.1,2626663.79,734595.71
"2025-12-01","Lyft",0,830914,0.723,8.52,10.38,7.3,12.68,6.43,7076974.96,601106.4
"2025-12-01","Lyft",1,1509108,1.469,13.23,15.9,11.64,20.25,11.15,19964980.28,2216988.67
"2025-12-01","Lyft",2,937970,2.461,18.31,21.69,16.45,26.7,16.02,17175949.67,2308538.02
"2025-12-01","Lyft",3,620676,3.468,22.75,27.1,20.86,32.08,19.63,14120328.04,2152771.07
"2025-12-01","Lyft",4,460179,4.476,26.14,31.51,24.22,36.42,22.58,12030743.73,2059776.67
"2025-12-01","Lyft",5,337810,5.472,29.51,35.57,27.41,41.24,24.97,9969697.75,1848586.71
"2025-12-01","Lyft",6,250409,6.477,32.54,39.28,30.2,45.52,26.77,8147430.9,1622013.13
"2025-12-01","Lyft",7,193140,7.48,37.28,45.22,34.42,52.66,28.68,7200606.31,1444613.48
"2025-12-01","Lyft",8,155751,8.482,41.54,51.15,38.25,58.96,30.59,6470547.23,1321128.07
"2025-12-01","Lyft",9,134753,9.489,46.08,57.01,42.43,65.93,32.59,6209591.58,1278721.89
"2025-12-01","Lyft",10,112024,10.474,49.96,61.11,46.08,71.03,34.27,5596916.67,1173300.17
"2025-12-01","Lyft",11,81880,11.473,52.38,63.53,48.56,73.49,36.27,4288750.76,939420.4
"2025-12-01","Lyft",12,62125,12.476,55.25,67.13,51.24,76.96,38.18,3432263.16,775085.4
"2025-12-01","Lyft",13,52216,13.493,59.69,73.26,55.34,83.54,39.63,3116849.84,704571.83
"2025-12-01","Lyft",14,47303,14.49,63.89,78.06,59.6,88.67,41.47,3022125.71,685403.54
"2025-12-01","Lyft",15,39842,15.489,67.24,81.93,62.44,94.27,43.42,2679054.78,617103.18
"2025-12-01","Lyft",16,43430,16.515,74.43,91.75,69.3,105.23,46.13,3232543.53,717267.9
"2025-12-01","Lyft",17,46530,17.488,80.74,99.06,75.4,113.25,49.63,3756940.54,813701.98
"2025-12-01","Lyft",18,33112,18.462,82.4,100.24,76.91,115.32,50.87,2728336.23,611315.8
"2025-12-01","Lyft",19,22652,19.471,83.03,100.8,77.63,115.23,50.34,1880706.78,441057.07
"2025-12-01","Lyft",20,16334,20.475,84.34,102.26,78.9,116.04,51.18,1377574.38,334443.1
"2025-12-01","Lyft",21,12449,21.478,86.63,104.84,80.86,119.17,52.09,1078497.96,267383.32
"2025-12-01","Lyft",22,10304,22.483,88.5,107.26,82.85,120.32,52.5,911910.51,231664.26
"2025-12-01","Lyft",23,8826,23.481,90.28,109.25,85.23,121.49,52.33,796828.04,207245.36
"2025-12-01","Lyft",24,7796,24.496,92.2,111.16,86.81,124.42,52.6,718779.86,190971.8
"2025-12-01","Lyft",25,7815,25.505,94.92,113.9,89.54,127.33,53.32,741774,199319.87
"2025-12-01","Lyft",26,7215,26.484,98.78,117.96,92.65,134.74,54.47,712690.02,191082.02
"2025-12-01","Lyft",27,6619,27.5,102.53,122.68,96.33,137.3,55.52,678674.21,182020.79
"2025-12-01","Lyft",28,6166,28.477,105.62,126.18,99.52,141.2,56.41,651279.34,175588.07
"2025-12-01","Lyft",29,4669,29.483,108.33,129.11,102.23,144.23,58.6,505815.74,137656.62
"2025-12-01","Lyft",30,3932,30.492,112.42,133.81,105.32,150.47,58.99,442033.36,119895.05
"2025-12-01","Lyft",31,3696,31.496,114.66,135.6,108.17,150.58,59.89,423773.96,116408.28
"2025-12-01","Lyft",32,3350,32.497,118.06,138.7,111.25,154.46,60.99,395491.52,108866.09
"2025-12-01","Lyft",33,2707,33.471,121.31,142.18,114.43,159.45,62.44,328376.69,90604.98
"2025-12-01","Lyft",34,2420,34.487,123.68,144.06,116.79,163.42,63.63,299315.56,83458.77
"2025-12-01","Lyft",35,2226,35.492,125.23,146.01,117.97,162.96,64.21,278772.7,79006.28
"2025-12-01","Lyft",36,1913,36.496,129.58,150.86,122.8,168.13,65.61,247886.5,69816.57
"2025-12-01","Lyft",37,1724,37.494,133.16,153.99,124.77,173.02,66.6,229560.05,64639.32
"2025-12-01","Lyft",38,1858,38.503,133.94,153.94,126.44,173.54,67.23,248853.17,71539.03
"2025-12-01","Lyft",39,1621,39.497,135.51,155.8,129.64,174.94,68.07,219667.28,64024.83
"2025-12-01","Lyft",40,1336,40.48,139.25,159.53,131.3,179.1,70.09,186043.36,54080.71
"2025-12-01","Lyft",41,1235,41.49,143.18,164.12,134.83,189.48,70.16,176829.83,51240.67
"2025-12-01","Lyft",42,1095,42.506,146.65,167.32,138.84,188.48,72.95,160578.87,46543.63
"2025-12-01","Lyft",43,1074,43.505,148.46,169.24,139.76,192.81,72.48,159445.28,46724.9
"2025-12-01","Lyft",44,969,44.501,150.42,171.31,142.29,194.51,72.73,145759.62,43121.43
"2025-12-01","Lyft",45,917,45.484,154.85,176.19,146.88,200.93,74.37,142000.31,41708.56
"2025-12-01","Lyft",46,770,46.507,157.68,179.38,148.16,205.35,75.7,121413.61,35810.06
"2025-12-01","Lyft",47,717,47.482,162.82,185.41,154.14,212.49,78.29,116738.95,34044.88
"2025-12-01","Lyft",48,631,48.485,165.75,188.56,156.98,213.68,78.61,104588.36,30593.83
"2025-12-01","Lyft",49,667,49.496,166.65,189.52,158.38,218.33,78.67,111158.4,33014.04
"2025-12-01","Lyft",50,556,50.484,176.44,199.78,166.84,234.86,80.37,98102.27,28069.27
"2025-12-01","Lyft",51,508,51.479,179.4,202.67,171.43,237.15,82.01,91133.87,26151.47
"2025-12-01","Lyft",52,401,52.505,181.25,203.74,171.58,238.23,83.34,72680.75,21054.61
"2025-12-01","Lyft",53,370,53.506,185.29,208.3,176.03,232.02,83.69,68558.57,19797.36
"2025-12-01","Lyft",54,307,54.495,194.57,218.23,183.89,261.22,85.94,59731.89,16729.9
"2025-12-01","Lyft",55,303,55.469,202.66,226.8,190.82,269.95,86.35,61406.62,16807.02
"2025-12-01","Lyft",56,261,56.481,196.28,219.36,185.64,249.3,87.64,51228.16,14741.52
"2025-12-01","Lyft",57,262,57.497,197.65,221.25,188.09,257.9,86.28,51784.17,15064.29
"2025-12-01","Lyft",58,229,58.493,199.95,222.89,188.16,253.83,89.84,45787.42,13394.83
"2025-12-01","Lyft",59,212,59.493,204.15,228.27,191.88,264.88,92.21,43279.85,12612.49
"2025-12-01","Lyft",60,2786,81.496,264.64,295.24,239.26,377.71,114.97,737280.41,227047.51
"2025-12-01","Uber",0,1922242,0.736,10.74,13.08,8.4,18.14,6.31,20654468.43,1414498.79
"2025-12-01","Uber",1,3989665,1.457,14.77,17.69,11.63,25.59,10.75,58908190.69,5810993.66
"2025-12-01","Uber",2,2349617,2.455,20.05,23.66,16.21,33.24,15.69,47116808.85,5769236.17
"2025-12-01","Uber",3,1578939,3.466,24.01,28.4,20.31,38.23,19.44,37918069.91,5472754.71
"2025-12-01","Uber",4,1129836,4.47,27.4,32.7,23.52,43.13,22.47,30951885.88,5049863.36
"2025-12-01","Uber",5,844305,5.471,30.73,36.72,26.39,48.81,24.87,25948144.65,4619056.04
"2025-12-01","Uber",6,646618,6.476,33.16,39.75,28.7,52.01,26.63,21441349.03,4187443.46
"2025-12-01","Uber",7,527602,7.481,36.69,44.38,31.81,57.52,28.49,19359387.87,3946953.12
"2025-12-01","Uber",8,459821,8.485,40.96,50.49,35.46,65.53,30.57,18832091.15,3901557.13
"2025-12-01","Uber",9,422294,9.489,46.83,58.27,40.43,76.84,32.76,19774013.23,4007078.84
"2025-12-01","Uber",10,353258,10.472,50.19,61.88,43.97,81.01,34.36,17728332.41,3699200.77
"2025-12-01","Uber",11,259065,11.472,50.92,62.09,45.25,79.53,36.35,13191245.27,2971963.76
"2025-12-01","Uber",12,202089,12.472,53.19,64.83,47.48,82.27,38.14,10749632.85,2520365.04
"2025-12-01","Uber",13,168418,13.487,57.78,70.82,51.51,90.41,39.68,9731249.66,2271490.58
"2025-12-01","Uber",14,151135,14.483,62.53,76.33,56.29,97.64,41.44,9450957.37,2188897.54
"2025-12-01","Uber",15,126280,15.479,66.63,80.93,60,104.08,43.57,8413621.59,1954693.94
"2025-12-01","Uber",16,130943,16.515,77.18,95.07,70.14,121.76,45.99,10106396.19,2162563.09
"2025-12-01","Uber",17,148602,17.49,87.58,107.82,80.31,136.67,50.03,13014662.5,2599107.63
"2025-12-01","Uber",18,108723,18.457,87.14,106.46,79.74,135.62,51.27,9474228.04,2006673.05
"2025-12-01","Uber",19,75203,19.47,86.52,105.2,79.38,133.48,50.87,6506541.35,1464239.74
"2025-12-01","Uber",20,56626,20.468,89.98,109.17,82.89,138.67,51.83,5095269.43,1159044.85
"2025-12-01","Uber",21,41595,21.474,94.51,114.21,87.44,144.94,53.35,3931004.32,893205.83
"2025-12-01","Uber",22,32545,22.477,98.24,118.28,90.66,149.58,53.52,3197244.21,731502.74
"2025-12-01","Uber",23,26371,23.483,101.87,122.36,94.29,155.42,53.82,2686350.25,619270.07
"2025-12-01","Uber",24,22611,24.485,106.33,127.17,98.26,161.66,53.88,2404192.44,553636.59
"2025-12-01","Uber",25,20948,25.485,111.96,133.6,104.63,167.24,54.69,2345406.87,533857.25
"2025-12-01","Uber",26,19384,26.483,117.59,140.16,109.6,174.76,55.5,2279356.51,513344.18
"2025-12-01","Uber",27,17296,27.492,124.41,148.23,116.46,183.36,56.85,2151790.79,475506.94
"2025-12-01","Uber",28,15488,28.471,129.28,153.9,121.02,188.66,58.19,2002239.06,440960.32
"2025-12-01","Uber",29,12153,29.484,134.31,158.71,125.39,196.21,59.2,1632241.55,358324.87
"2025-12-01","Uber",30,10047,30.478,139.64,163.83,130.58,201.83,60,1402955.72,306213.79
"2025-12-01","Uber",31,8787,31.484,143.3,167.5,134.21,206.56,60.69,1259141.44,276646.06
"2025-12-01","Uber",32,8357,32.491,147.46,171.02,138.12,210.11,61.27,1232342.27,271530.19
"2025-12-01","Uber",33,7020,33.482,152.64,176.51,142.57,219.91,62.52,1071511.94,235046.37
"2025-12-01","Uber",34,6030,34.489,158.9,182.42,147.89,228.59,63.76,958161.6,207970.07
"2025-12-01","Uber",35,5542,35.488,161.99,185.67,151.57,228.59,64.74,897725.22,196672.68
"2025-12-01","Uber",36,5191,36.485,165.09,189.39,154.19,232.99,66.31,856957.61,189395.89
"2025-12-01","Uber",37,4684,37.483,170.45,194.18,158.31,240.71,66.8,798398.97,175572.69
"2025-12-01","Uber",38,4345,38.495,173.39,196.97,161.22,244.66,67.98,753384.59,167260.66
"2025-12-01","Uber",39,3968,39.481,178.65,201.62,166.25,250.92,68.91,708867.99,156659.68
"2025-12-01","Uber",40,3325,40.484,180.88,204.34,168.61,253.59,70.17,601427.53,134608.09
"2025-12-01","Uber",41,3048,41.485,186.13,210.57,172.77,260.5,71.19,567322.28,126445.7
"2025-12-01","Uber",42,2630,42.486,189.24,213.21,177.03,265.21,71.82,497704.43,111739.08
"2025-12-01","Uber",43,2590,43.483,194.93,219.25,182.11,269.89,72.47,504876.85,112621.82
"2025-12-01","Uber",44,2417,44.498,198.25,222.2,186.04,277.74,73.55,479164.38,107552.56
"2025-12-01","Uber",45,2296,45.491,204.48,229.24,189.25,283.67,74.38,469484.36,104448.26
"2025-12-01","Uber",46,2128,46.497,208.16,233.23,193.81,289.57,75.83,442957.05,98944.63
"2025-12-01","Uber",47,2008,47.495,211.52,236.92,198.04,294.53,77.15,424730.65,95370.6
"2025-12-01","Uber",48,1772,48.481,215.22,240.82,201.84,298.92,77.9,381377.54,85908.41
"2025-12-01","Uber",49,1704,49.493,214.64,240.88,202.86,295.95,78.85,365738.09,84336.34
"2025-12-01","Uber",50,1713,50.485,222.1,248.81,206.55,307.49,80.97,380448.85,86481.64
"2025-12-01","Uber",51,1584,51.485,226.2,253.04,212.98,313.55,81.77,358295.61,81551.82
"2025-12-01","Uber",52,1451,52.47,227.9,254.39,213.97,313.44,83.67,330689.66,76134.68
"2025-12-01","Uber",53,1249,53.498,231,257.69,216.94,324.02,84.79,288513.65,66819.24
"2025-12-01","Uber",54,1137,54.482,231.34,257.95,217.98,322.24,86.21,263038.1,61946.04
"2025-12-01","Uber",55,1010,55.493,236.6,262.51,221.44,330.69,88.82,238969.02,56048.12
"2025-12-01","Uber",56,935,56.484,236.67,262.9,222.59,328.71,89.2,221286.17,52812.9
"2025-12-01","Uber",57,876,57.499,245.07,271.08,229.95,335.73,89.21,214678.2,50369.2
"2025-12-01","Uber",58,805,58.486,243.67,271.36,229.07,340.26,89.86,196152.12,47081.55
"2025-12-01","Uber",59,766,59.5,240.65,268.4,228.35,332.27,89.76,184341.01,45576.91
"2025-12-01","Uber",60,9045,80.421,299.96,333.47,268.55,435.92,114.53,2713171.6,727407.52
"2026-01-01","Lyft",0,823051,0.721,8.58,10.45,7.34,12.53,6.39,7060939.52,593323.34
"2026-01-01","Lyft",1,1431043,1.468,13.23,15.88,11.87,19.4,10.96,18928888.45,2100764.39
"2026-01-01","Lyft",2,874037,2.46,18.15,21.53,16.88,25.7,15.71,15866587.01,2150191.38
"2026-01-01","Lyft",3,571720,3.467,22.51,26.86,21.14,31.15,19.18,12867747.28,1982160.34
"2026-01-01","Lyft",4,408055,4.473,26.31,31.73,24.88,35.8,21.89,10735088.79,1825196.06
"2026-01-01","Lyft",5,294292,5.47,29.77,35.87,28.01,40.73,24.14,8759872.26,1609855.09
"2026-01-01","Lyft",6,216641,6.476,32.81,39.59,30.74,44.82,25.81,7107199.54,1402909.3
"2026-01-01","Lyft",7,174356,7.483,36.36,44.14,34.04,50.01,27.46,6339548.21,1304663.33
"2026-01-01","Lyft",8,142453,8.485,39.88,49.21,37.34,54.79,29.11,5680942.05,1208683.19
"2026-01-01","Lyft",9,123013,9.487,43.74,54.41,40.97,59.88,30.69,5381043.79,1167023.02
"2026-01-01","Lyft",10,99350,10.472,47.29,58.08,44.26,64.79,32.27,4698256.31,1040434.16
"2026-01-01","Lyft",11,73859,11.476,49.75,60.47,46.58,67.52,34.37,3674198.52,847620.65
"2026-01-01","Lyft",12,55289,12.475,52.58,64.02,49.25,71,36.24,2907354.75,689728.36
"2026-01-01","Lyft",13,46199,13.49,56.41,69.26,52.76,76.4,37.43,2606308.66,623227.62
"2026-01-01","Lyft",14,40968,14.493,59.93,73.27,56.36,79.83,38.66,2455304.33,593747.22
"2026-01-01","Lyft",15,35103,15.486,62.95,76.66,59.07,84.43,40.05,2209836.68,543618.87
"2026-01-01","Lyft",16,36701,16.515,69.09,85.35,64.72,93.94,41.93,2535489.23,606126.24
"2026-01-01","Lyft",17,41245,17.494,74.84,92.43,70.33,102.06,44.8,3086601.68,721558.54
"2026-01-01","Lyft",18,31542,18.464,77.2,94.17,72.56,104.94,46.65,2435166.51,582400.89
"2026-01-01","Lyft",19,20598,19.467,78.48,95.41,73.69,106.07,47.02,1616436.97,400989.33
"2026-01-01","Lyft",20,15414,20.476,79.61,96.71,74.86,106.48,47.6,1227136.14,315615.94
"2026-01-01","Lyft",21,11613,21.478,83.17,100.76,77.71,113.35,49.06,965900.85,249419.01
"2026-01-01","Lyft",22,9271,22.484,85.35,103.42,79.82,115.34,49.42,791301.57,208448.2
"2026-01-01","Lyft",23,7627,23.482,86.82,105.19,81.88,115.67,49.8,662160.66,179099.35
"2026-01-01","Lyft",24,6778,24.502,89.04,107.6,84.33,117.16,50.01,603522.21,166077.39
"2026-01-01","Lyft",25,6658,25.499,91.41,109.84,86.28,122.3,50.65,608619.82,169770.21
"2026-01-01","Lyft",26,6013,26.486,93.72,112.07,88.56,124.87,51.3,563547.89,159260.1
"2026-01-01","Lyft",27,5834,27.503,97.1,116.31,92.02,129.21,52.09,566499.12,160450.98
"2026-01-01","Lyft",28,5247,28.483,101.01,120.89,95.67,134.87,53.5,529978.9,149452.53
"2026-01-01","Lyft",29,4014,29.47,103.78,124.12,97.55,138.71,54.83,416579.2,118293.08
"2026-01-01","Lyft",30,3346,30.48,108.7,129.84,102.73,144.22,56.19,363709.57,101986.12
"2026-01-01","Lyft",31,2975,31.497,110.6,131.4,105.1,144.51,56.4,329029.65,93704.09
"2026-01-01","Lyft",32,2815,32.489,113.57,133.89,108.5,145.02,57.04,319694.73,91456.54
"2026-01-01","Lyft",33,2260,33.492,116.94,137.58,110.65,153.14,58.59,264273.55,75691.43
"2026-01-01","Lyft",34,2038,34.489,119.08,139.48,113.27,155.1,59.48,242689.67,70288.88
"2026-01-01","Lyft",35,1808,35.497,123.69,144.54,116.95,159.89,60.62,223633.8,64178.98
"2026-01-01","Lyft",36,1614,36.493,125.81,146.39,118.69,162.66,61.38,203051.81,58900.14
"2026-01-01","Lyft",37,1509,37.489,128.17,148.74,122.48,167.58,63.14,193410.18,56570.81
"2026-01-01","Lyft",38,1462,38.502,131.23,151.49,124.19,170.85,63.96,191854.91,56289.84
"2026-01-01","Lyft",39,1330,39.475,134.11,154.83,128.45,171.08,65.42,178359.71,52502.12
"2026-01-01","Lyft",40,1100,40.49,136.67,157.51,129.84,176.65,66.36,150332.96,44539.38
"2026-01-01","Lyft",41,1004,41.498,139.49,160.49,132.77,178.37,67.29,140051.62,41664.28
"2026-01-01","Lyft",42,899,42.511,143.57,164.92,135.71,190.35,67.78,129068.58,38216.95
"2026-01-01","Lyft",43,827,43.496,145.25,166.33,137.72,186.26,69.03,120121.39,35971.48
"2026-01-01","Lyft",44,836,44.519,147.91,169.35,140.02,191.36,69.47,123653.47,37217.74
"2026-01-01","Lyft",45,727,45.474,150.8,172.53,143.75,197.49,71.46,109634.94,33059.5
"2026-01-01","Lyft",46,646,46.518,153.27,175.62,146.19,200.43,72.01,99013.92,30050.88
"2026-01-01","Lyft",47,569,47.508,157.09,179.44,149.71,200.84,73.65,89386.59,27031.98
"2026-01-01","Lyft",48,518,48.503,162.11,183.85,154.86,210.8,74.12,83971.68,25124.72
"2026-01-01","Lyft",49,545,49.512,166.46,190.14,158.42,214.25,75.14,90723.2,26983.86
"2026-01-01","Lyft",50,469,50.451,173.71,196.94,164.68,226.31,75.58,81469,23661.73
"2026-01-01","Lyft",51,453,51.484,178.23,201.37,171.55,233.78,78.32,80737.29,23322.3
"2026-01-01","Lyft",52,369,52.491,181.12,204.03,169.86,235.47,78.8,66832.57,19369.36
"2026-01-01","Lyft",53,342,53.494,184.75,208.34,176.39,239.44,80.25,63183.64,18294.99
"2026-01-01","Lyft",54,270,54.487,189.82,214.4,177.74,238.69,81.37,51250.78,14711.55
"2026-01-01","Lyft",55,250,55.481,187.45,212.08,178.63,235.05,82.78,46861.33,13870.3
"2026-01-01","Lyft",56,218,56.503,188.33,211.95,182.88,243.33,83.24,41056.5,12317.69
"2026-01-01","Lyft",57,204,57.496,193.44,216.62,180.36,239.83,86.97,39461.76,11729.24
"2026-01-01","Lyft",58,167,58.487,196.52,220.85,187.4,249.79,86.59,32818.66,9767.29
"2026-01-01","Lyft",59,162,59.446,205.19,230.14,188.97,280.61,88.33,33240.69,9630.3
"2026-01-01","Lyft",60,2321,80.927,263.35,294.56,234.01,379.44,111.24,611229.85,187830.94
"2026-01-01","Uber",0,1880070,0.737,10.48,12.82,8.78,16.15,6.23,19710428.23,1385902.07
"2026-01-01","Uber",1,3923927,1.456,14.06,16.91,11.82,22.35,10.52,55153324.13,5712467.49
"2026-01-01","Uber",2,2285746,2.454,19.04,22.51,16.32,29.74,15.4,43509902.59,5609530.18
"2026-01-01","Uber",3,1511585,3.465,22.92,27.14,20.26,34.99,19.06,34645657.81,5237824.54
"2026-01-01","Uber",4,1078836,4.469,26.05,31.15,23.29,39.45,21.84,28106881.65,4820993.59
"2026-01-01","Uber",5,797887,5.471,28.98,34.69,25.95,44.25,23.96,23119934.58,4364927.94
"2026-01-01","Uber",6,612428,6.476,31.56,37.93,28.15,48.2,25.57,19327705.93,3965906.13
"2026-01-01","Uber",7,490437,7.477,34.75,42.18,31.05,52.88,27.23,17043590.66,3667161.62
"2026-01-01","Uber",8,420392,8.485,38.2,47.42,34.23,58.26,28.72,16059604,3566986.78
"2026-01-01","Uber",9,381602,9.486,43.44,54.58,38.89,67.57,30.44,16577718.11,3619851.14
"2026-01-01","Uber",10,315164,10.47,46.82,58.15,42.2,72.32,32.22,14754587.94,3299765.57
"2026-01-01","Uber",11,226211,11.473,47.95,58.64,43.61,72,34.3,10846612.98,2595290.89
"2026-01-01","Uber",12,174483,12.472,50.37,61.59,46.05,75.19,36,8788228.9,2176118.52
"2026-01-01","Uber",13,142000,13.483,54.78,67.36,49.85,83.09,37.38,7778082.68,1914577.93
"2026-01-01","Uber",14,125525,14.485,59.07,72.32,54.14,89.16,38.67,7415040.38,1818276.73
"2026-01-01","Uber",15,107409,15.478,62.33,75.89,57.44,92.96,40.32,6694934.9,1662453.87
"2026-01-01","Uber",16,111108,16.517,71.89,89.12,66.54,109.85,41.96,7987865.86,1835193.18
"2026-01-01","Uber",17,132686,17.496,81.98,102.06,76.35,124.34,45.55,10876982.96,2321441.89
"2026-01-01","Uber",18,99658,18.456,82.12,101.17,76.1,124.33,47.02,8183806.66,1839321.36
"2026-01-01","Uber",19,66942,19.461,82.1,100.44,76.26,123.12,47.24,5495608.98,1302770.45
"2026-01-01","Uber",20,48703,20.469,85.74,104.59,80.38,127.08,48.14,4175700.47,996909.39
"2026-01-01","Uber",21,34635,21.47,90.3,109.71,85.04,134.59,49.97,3127419.51,743619.85
"2026-01-01","Uber",22,26637,22.478,94.36,114.28,88.8,139.19,50.54,2513435.28,598735.54
"2026-01-01","Uber",23,21270,23.478,97.17,117.43,91.78,142.7,50.61,2066813.88,499387.6
"2026-01-01","Uber",24,18173,24.489,101.75,122.53,96.51,147.93,51.02,1849046.24,445038.44
"2026-01-01","Uber",25,16472,25.48,106.68,127.99,101.16,155.6,51.46,1757242.59,419713.11
"2026-01-01","Uber",26,14876,26.482,111.27,133.23,105.51,160.65,52.32,1655317.4,393950.06
"2026-01-01","Uber",27,13370,27.494,117.24,140.5,111.04,167.77,53,1567457.5,367598.58
"2026-01-01","Uber",28,11613,28.471,121.79,146.18,115.59,172.87,54.58,1414380.23,330629.96
"2026-01-01","Uber",29,9136,29.476,127.49,151.77,120.15,181.95,55.51,1164749.3,269295.44
"2026-01-01","Uber",30,7771,30.484,134.07,158.2,126.42,191.8,56.34,1041850.68,236888.49
"2026-01-01","Uber",31,6721,31.488,136.96,160.71,129.69,191.24,57.05,920492.22,211628.02
"2026-01-01","Uber",32,6346,32.486,139.9,163.3,132.32,195.16,57.23,887790.01,206156.6
"2026-01-01","Uber",33,5332,33.483,144.99,168.82,136.28,204.92,59.02,773060.29,178533.31
"2026-01-01","Uber",34,4796,34.487,149.33,172.82,141.15,208.31,59.93,716192.24,165398.45
"2026-01-01","Uber",35,4409,35.487,154.89,178.35,145.88,215.77,61.23,682895.18,156460.52
"2026-01-01","Uber",36,4083,36.492,155.12,179.74,146.43,215.04,62.29,633344.72,148996.49
"2026-01-01","Uber",37,3387,37.48,161.49,186.1,151.9,226.22,63.24,546963.14,126943.43
"2026-01-01","Uber",38,3292,38.486,167.4,191.25,156.4,232.57,64.44,551096.05,126696.79
"2026-01-01","Uber",39,3142,39.49,171.38,194.27,160.42,238.52,65.3,538472.89,124078.2
"2026-01-01","Uber",40,2500,40.483,171.17,194.91,161.88,236.71,66.41,427924.7,101207.57
"2026-01-01","Uber",41,2173,41.494,176.61,201.24,166.63,246.09,67.48,383772.67,90165.87
"2026-01-01","Uber",42,2117,42.49,181.65,206.06,171.05,251,68.19,384556.59,89951.97
"2026-01-01","Uber",43,1915,43.498,186.67,211.27,176.2,257.14,68.77,357477.8,83298.33
"2026-01-01","Uber",44,1837,44.485,189.59,214.07,178.28,259.07,69.82,348281.06,81718.04
"2026-01-01","Uber",45,1789,45.477,193.18,218.52,181.65,267.54,70.87,345595.85,81359.08
"2026-01-01","Uber",46,1626,46.485,194.08,220.24,182.78,267.45,72.43,315566.9,75585.18
"2026-01-01","Uber",47,1517,47.481,199.68,225.69,187.8,269.31,72.81,302907.59,72028.91
"2026-01-01","Uber",48,1400,48.496,203.02,229.93,190.36,279.67,73.73,284222.96,67894.09
"2026-01-01","Uber",49,1405,49.496,206.21,233.76,192.94,283.39,75.7,289726.95,69541.91
"2026-01-01","Uber",50,1372,50.495,210.75,238.13,197.62,290.25,77.54,289153.61,69279.24
"2026-01-01","Uber",51,1325,51.481,213.14,241.06,199.99,296.91,78.37,282412.45,68212.09
"2026-01-01","Uber",52,1160,52.478,213.46,241.49,200.72,299.34,79.3,247608.8,60874.28
"2026-01-01","Uber",53,1043,53.471,219.91,248.04,206.7,304.55,80.79,229361.12,55770.47
"2026-01-01","Uber",54,856,54.469,221.59,248.97,208,309.44,82.37,189679.26,46625.43
"2026-01-01","Uber",55,741,55.48,225.33,251.57,213.71,308.98,83.44,166972.43,41110.49
"2026-01-01","Uber",56,725,56.502,228.08,254.62,216.73,317.88,83.55,165357.31,40963.71
"2026-01-01","Uber",57,682,57.475,230.38,257.58,214.48,321.8,85.92,157122.48,39198.11
"2026-01-01","Uber",58,600,58.488,229.14,257.11,218.14,316.38,85.51,137483.2,35093.06
"2026-01-01","Uber",59,544,59.48,231.43,260.53,219.67,312.33,87.38,125898.52,32357.3
"2026-01-01","Uber",60,7972,81.718,293.66,328.13,261.95,419.93,111.96,2341072.38,651454.72
"2026-02-01","Lyft",0,864893,0.722,8.7,10.51,7.8,12.76,6.54,7521148.27,624097.01
"2026-02-01","Lyft",1,1519921,1.465,13.5,16.07,12.34,19.9,11.25,20511848.77,2226516.06
"2026-02-01","Lyft",2,909583,2.46,18.59,21.87,17.06,26.76,16.19,16906568.38,2237493.87
"2026-02-01","Lyft",3,587987,3.466,23.08,27.35,21.52,32.67,19.81,13570956.56,2038012.54
"2026-02-01","Lyft",4,406848,4.472,27.25,32.62,25.7,37.92,22.64,11087740.69,1819404.91
"2026-02-01","Lyft",5,289332,5.469,30.83,36.9,28.93,42.94,24.96,8919920.18,1582424.32
"2026-02-01","Lyft",6,211381,6.476,33.99,40.78,31.7,47.36,26.66,7185543.77,1368955.8
"2026-02-01","Lyft",7,157723,7.475,38.73,46.71,36.13,53.87,28.44,6107991.36,1178949.35
"2026-02-01","Lyft",8,125080,8.482,42.57,52.22,39.76,58.61,30.16,5324743.75,1060975.53
"2026-02-01","Lyft",9,107667,9.488,46.5,57.52,43.52,63.61,31.97,5006092.46,1021509.3
"2026-02-01","Lyft",10,87755,10.474,50.4,61.51,47.14,68.91,33.75,4422414.9,919186.95
"2026-02-01","Lyft",11,64597,11.476,53.51,64.65,49.99,72.72,36.02,3456749.63,741288.97
"2026-02-01","Lyft",12,48637,12.477,56.58,68.35,52.95,76.18,37.96,2751834.65,606830.05
"2026-02-01","Lyft",13,40258,13.489,60.69,73.74,56.79,82.04,39.12,2443173.92,543048.6
"2026-02-01","Lyft",14,36479,14.491,64.2,77.67,60.12,86.46,40.56,2341779.04,528612.25
"2026-02-01","Lyft",15,30764,15.484,66.97,80.82,62.69,89.96,42.17,2060304.2,476362.97
"2026-02-01","Lyft",16,32898,16.515,72.33,88.64,67.59,98.36,44.2,2379386.67,543300.36
"2026-02-01","Lyft",17,36310,17.493,77.59,95.14,72.33,106.05,47.35,2817371.04,635168.33
"2026-02-01","Lyft",18,27606,18.466,80.14,97.28,74.7,109.6,49.32,2212217.2,509767.91
"2026-02-01","Lyft",19,18952,19.474,81.55,98.74,76.18,109.36,49.16,1545530.55,369065.07
"2026-02-01","Lyft",20,13523,20.475,83.61,101.14,78.07,111.8,49.94,1130633.73,276883.88
"2026-02-01","Lyft",21,9994,21.481,86.09,103.83,80.35,115.58,51,860398.11,214684.07
"2026-02-01","Lyft",22,8064,22.489,88.31,106.45,83.02,116.89,51.15,712112.81,181347.28
"2026-02-01","Lyft",23,6903,23.488,90.36,108.82,85.68,119.13,51.74,623746.52,162135.12
"2026-02-01","Lyft",24,5966,24.494,92.97,111.57,87.95,123.7,52.3,554638.95,146132.12
"2026-02-01","Lyft",25,6136,25.488,94.15,112.21,88.95,124.39,51.87,577704.22,156394.95
"2026-02-01","Lyft",26,5762,26.487,97.54,115.96,92.23,130.33,52.81,562024.22,152620.74
"2026-02-01","Lyft",27,5164,27.501,100.04,119.24,94.68,133.91,53.67,516606.8,142016.02
"2026-02-01","Lyft",28,4828,28.481,103.11,122.67,97.78,135.86,54.8,497832.31,137505.81
"2026-02-01","Lyft",29,3755,29.481,107.16,127.39,101.03,139.36,56.81,402399.1,110702.54
"2026-02-01","Lyft",30,3095,30.487,111.38,132.06,105.86,145.62,57.8,344715.79,94357.86
"2026-02-01","Lyft",31,2661,31.487,113.81,134.11,107.1,148.08,58.38,302845.97,83786.82
"2026-02-01","Lyft",32,2610,32.479,115.61,135.66,108.7,148.12,58.73,301730.12,84769.2
"2026-02-01","Lyft",33,2111,33.478,118.89,138.93,112.87,151.04,59.53,250982.55,70671.83
"2026-02-01","Lyft",34,1870,34.506,123.05,143.58,116.3,158.36,61.37,230096.21,64525.47
"2026-02-01","Lyft",35,1769,35.485,125.15,145.53,117.13,162.38,62.18,221391.06,62772.51
"2026-02-01","Lyft",36,1545,36.482,127.41,147.96,121.38,162.6,63.5,196853.63,56364.16
"2026-02-01","Lyft",37,1403,37.507,131.24,152.25,123.65,166.32,64.44,184130.29,52622.77
"2026-02-01","Lyft",38,1353,38.494,132.73,152.88,126.02,167.34,65.32,179578.93,52082.4
"2026-02-01","Lyft",39,1264,39.499,134.5,154.34,127.61,171.56,66.35,170011.83,49927.26
"2026-02-01","Lyft",40,1050,40.496,138.91,159.21,132.36,175.48,67.06,145858.48,42520.9
"2026-02-01","Lyft",41,870,41.479,141.09,161.88,134.17,177.08,67.84,122748.45,36086.7
"2026-02-01","Lyft",42,846,42.512,145.69,166.59,138.48,186.99,69.57,123254.49,35964.84
"2026-02-01","Lyft",43,827,43.467,146.84,167.1,138.89,190.99,70.21,121435.77,35947.31
"2026-02-01","Lyft",44,802,44.494,149.22,169.97,140.83,192.41,70.51,119676.25,35684.57
"2026-02-01","Lyft",45,753,45.463,150.1,171.17,143.77,186.07,72.03,113026.29,34233.4
"2026-02-01","Lyft",46,601,46.511,157.15,178.17,148.71,196.47,73.97,94444.58,27953
"2026-02-01","Lyft",47,552,47.475,158.04,180.81,150.29,197.44,75.68,87235.94,26205.95
"2026-02-01","Lyft",48,510,48.479,160.81,182.81,152.06,207.2,76.52,82012.13,24724.31
"2026-02-01","Lyft",49,561,49.493,166.03,187.73,154.73,219.06,76.35,93145.14,27765.82
"2026-02-01","Lyft",50,426,50.498,167.89,190.56,160.09,213.77,76.96,71522.7,21512.29
"2026-02-01","Lyft",51,397,51.481,173.27,196.45,166.01,222.65,77.93,68788.1,20437.77
"2026-02-01","Lyft",52,305,52.511,188.35,211.49,178.59,243.74,81.17,57445.77,16015.73
"2026-02-01","Lyft",53,290,53.48,186.28,209.3,176.5,231.08,81.33,54021,15509.34
"2026-02-01","Lyft",54,240,54.48,185.57,208.21,177.19,232.35,83.33,44536.62,13075.3
"2026-02-01","Lyft",55,221,55.519,190.71,214.71,181.99,251.05,82.05,42146.22,12269.67
"2026-02-01","Lyft",56,212,56.494,196.83,221.47,186.56,241.13,86.31,41728.22,11976.65
"2026-02-01","Lyft",57,201,57.454,194.7,219.26,186.45,240.81,84.69,39133.97,11548.31
"2026-02-01","Lyft",58,176,58.497,202.97,227.58,194.67,260.8,88.71,35722.13,10295.46
"2026-02-01","Lyft",59,140,59.493,205.24,228.87,194.78,253.94,87.74,28733.66,8328.96
"2026-02-01","Lyft",60,2163,82.619,272.39,303.56,241.64,378.15,112.52,589179.6,178705.96
"2026-02-01","Uber",0,1735767,0.736,10.75,13.08,8.94,17.11,6.36,18653297.32,1276919.67
"2026-02-01","Uber",1,3582600,1.457,14.67,17.6,12.56,23.68,10.88,52564286.04,5218977.58
"2026-02-01","Uber",2,2101574,2.454,19.9,23.52,17.46,31.28,15.96,41825153.92,5156218.62
"2026-02-01","Uber",3,1389293,3.466,23.93,28.36,21.41,36.67,19.66,33250108.92,4815089.86
"2026-02-01","Uber",4,1003701,4.47,27.2,32.55,24.48,41.41,22.48,27299220.11,4486490.5
"2026-02-01","Uber",5,745795,5.471,30.23,36.18,27.13,46.55,24.68,22543049.71,4080140.08
"2026-02-01","Uber",6,578360,6.477,32.82,39.43,29.56,50.19,26.3,18984181.63,3745916.48
"2026-02-01","Uber",7,472861,7.479,36.11,43.79,32.51,55,27.99,17075386.05,3536616.21
"2026-02-01","Uber",8,406821,8.484,39.61,49.06,35.88,59.86,29.62,16114741.19,3451471.96
"2026-02-01","Uber",9,368466,9.487,44.51,55.86,40.47,67.86,31.53,16401704.43,3495510.74
"2026-02-01","Uber",10,307820,10.472,48.1,59.68,43.91,72.97,33.39,14805931.39,3223391.32
"2026-02-01","Uber",11,222198,11.472,49.68,60.73,45.65,74.08,35.46,11039611.94,2549040.3
"2026-02-01","Uber",12,173172,12.471,52.25,63.89,48.21,77.36,37.09,9048591.81,2159673.61
"2026-02-01","Uber",13,143459,13.485,56.52,69.6,52.04,84.54,38.35,8108305.41,1934554.98
"2026-02-01","Uber",14,127183,14.484,60.68,74.47,56.27,90.21,39.97,7717710.6,1842138.24
"2026-02-01","Uber",15,106652,15.476,64.02,78.03,59.35,94.56,41.82,6828281.04,1650558.12
"2026-02-01","Uber",16,108132,16.517,72.67,90.17,67.27,109.33,43.73,7858027.37,1786031.07
"2026-02-01","Uber",17,127436,17.493,81.99,102.15,76.48,122.02,47.7,10448762.42,2229175.76
"2026-02-01","Uber",18,94849,18.454,82.79,101.95,77.14,122.86,49.07,7852232.43,1750386.35
"2026-02-01","Uber",19,63715,19.466,82.88,101.41,77.19,122.29,48.89,5280530.08,1240283.21
"2026-02-01","Uber",20,47411,20.472,85.76,104.75,80.19,126.18,49.9,4066041.56,970599.48
"2026-02-01","Uber",21,34851,21.469,89.53,108.98,84.54,130.73,51.39,3120154.44,748229.08
"2026-02-01","Uber",22,26636,22.473,93.15,113.11,87.85,135.72,51.73,2481147.92,598595.45
"2026-02-01","Uber",23,21068,23.475,96.14,116.41,90.6,140.73,51.91,2025507.35,494567.57
"2026-02-01","Uber",24,18069,24.483,100.07,120.75,94.55,144.42,52.05,1808086.25,442388.09
"2026-02-01","Uber",25,16993,25.485,105.01,126.27,99.47,150.68,52.81,1784518.06,433072.16
"2026-02-01","Uber",26,15438,26.48,110.23,132.12,104.39,158.04,53.49,1701661.32,408796.53
"2026-02-01","Uber",27,13571,27.497,115.78,138.95,109.55,165.39,54.53,1571249.47,373158.43
"2026-02-01","Uber",28,12479,28.475,119.77,144.12,113.33,168.18,55.61,1494651.03,355335.44
"2026-02-01","Uber",29,9583,29.475,125.33,149.38,118.96,176.69,57.12,1201013.68,282458.68
"2026-02-01","Uber",30,8042,30.482,131.21,155.18,124.52,184.32,57.31,1055159.1,245133.05
"2026-02-01","Uber",31,6987,31.483,133.59,157.05,126.6,187.25,58.05,933381.13,219973.87
"2026-02-01","Uber",32,6485,32.49,136.99,160.19,130.26,189.31,58.16,888370.74,210698.01
"2026-02-01","Uber",33,5324,33.479,142.73,166.44,134.75,200.2,60.59,759876.19,178243.02
"2026-02-01","Uber",34,4635,34.485,146.66,169.87,138.56,204.69,61.17,679765.02,159838.21
"2026-02-01","Uber",35,4460,35.495,151.69,175.1,142.54,211.02,61.55,676543.01,158308.2
"2026-02-01","Uber",36,3943,36.489,154.76,179.46,145.05,215.58,63.57,610230.34,143876.04
"2026-02-01","Uber",37,3447,37.487,158.7,182.89,149.31,219.51,63.86,547027.31,129216.74
"2026-02-01","Uber",38,3340,38.484,162.41,185.82,152.56,224.67,64.37,542439.28,128535.95
"2026-02-01","Uber",39,3048,39.488,166.91,189.77,157.98,228.38,65.75,508736.65,120360.34
"2026-02-01","Uber",40,2511,40.488,169.79,193.53,159.51,234.33,67.31,426333.8,101664.61
"2026-02-01","Uber",41,2321,41.494,172.5,197.18,163,237.68,68.1,400365.07,96306.78
"2026-02-01","Uber",42,2074,42.499,177.02,201.96,166.79,243.6,69.02,367145.73,88142.19
"2026-02-01","Uber",43,1823,43.487,183.57,208.78,171.22,254.5,70.52,334647.53,79276.62
"2026-02-01","Uber",44,1805,44.507,183.39,208,174.39,253.27,70.86,331024.65,80335.76
"2026-02-01","Uber",45,1795,45.48,190.69,215.31,178.62,265.32,70.73,342287.32,81636.38
"2026-02-01","Uber",46,1586,46.498,191.6,217.27,181.78,265.24,72.68,303879.21,73745.46
"2026-02-01","Uber",47,1486,47.476,193.32,219.32,184.36,261.18,73.28,287272.83,70548.69
"2026-02-01","Uber",48,1354,48.478,199.45,225.44,189.18,274.71,75.09,270049.93,65639.25
"2026-02-01","Uber",49,1275,49.491,202.43,228.77,190.06,279.75,75.46,258100.29,63100.69
"2026-02-01","Uber",50,1331,50.48,206.87,234.25,195.76,281.72,77.63,275345.04,67189.31
"2026-02-01","Uber",51,1250,51.479,211.8,239.4,200.71,291.3,78.84,264753.49,64349.19
"2026-02-01","Uber",52,1163,52.496,213.77,241.33,201.68,295.47,80.4,248617.12,61052.43
"2026-02-01","Uber",53,1005,53.494,215.66,242.5,202.9,293.29,81.18,216738.46,53761
"2026-02-01","Uber",54,921,54.463,219.17,246.74,205.83,301.44,82.45,201855.78,50160.41
"2026-02-01","Uber",55,706,55.493,220.25,247.64,211.08,293.03,83.98,155494.24,39178.16
"2026-02-01","Uber",56,746,56.504,222.55,248.39,210.85,302.9,84.24,166020.72,42151.67
"2026-02-01","Uber",57,669,57.499,224.08,251.3,212.51,308.82,85.8,149907.88,38466.88
"2026-02-01","Uber",58,602,58.481,226.64,254.1,217.43,301.88,85.83,136438.87,35205.7
"2026-02-01","Uber",59,580,59.492,227.32,255.09,215.42,300.25,86.52,131844.61,34505.28
"2026-02-01","Uber",60,7713,81.65,291.96,325.79,257.42,421.25,111.54,2251880.92,629763.04
"2026-03-01","Lyft",0,828643,0.721,8.84,10.61,8.04,12.59,6.11,7328080.13,597412.05
"2026-03-01","Lyft",1,1522031,1.473,13.8,16.39,12.72,19.62,10.67,21004899.44,2242461.46
"2026-03-01","Lyft",2,961623,2.462,19.13,22.46,17.96,26.45,15.45,18393815.43,2367712.71
"2026-03-01","Lyft",3,639687,3.468,23.98,28.36,22.76,32.6,19.12,15342484.01,2218406.09
"2026-03-01","Lyft",4,463965,4.476,27.91,33.37,26.66,37.5,22.07,12951122.06,2076720.95
"2026-03-01","Lyft",5,336336,5.47,31.52,37.65,29.99,42.64,24.46,10600163.79,1839881.83
"2026-03-01","Lyft",6,247266,6.477,34.93,41.84,32.99,47.38,26.33,8637359.53,1601430.73
"2026-03-01","Lyft",7,187115,7.478,39.59,47.77,37.39,53.87,28.06,7408660.02,1399259.28
"2026-03-01","Lyft",8,150643,8.483,43.54,53.42,41.11,58.89,29.93,6558431.31,1277835.38
"2026-03-01","Lyft",9,130611,9.49,47.69,59.16,45.16,64.04,31.74,6229491.07,1239438.06
"2026-03-01","Lyft",10,106976,10.476,51.81,63.36,48.96,69.65,33.55,5542611.12,1120637.86
"2026-03-01","Lyft",11,78280,11.474,54.92,66.46,51.89,73.5,35.81,4298783.68,898207.84
"2026-03-01","Lyft",12,58246,12.475,57.98,70.23,54.87,76.96,37.75,3377163.33,726633.07
"2026-03-01","Lyft",13,48045,13.491,62.35,76.17,58.74,83.91,38.97,2995668.9,648157.65
"2026-03-01","Lyft",14,43845,14.494,66.41,80.9,62.58,88.46,40.63,2911777.19,635488.68
"2026-03-01","Lyft",15,36984,15.487,68.94,83.7,65,91.66,42.17,2549512.54,572778.66
"2026-03-01","Lyft",16,38861,16.516,75.34,92.86,71.01,102.1,44.46,2927746.33,641836.85
"2026-03-01","Lyft",17,43495,17.493,80.95,99.8,75.87,110.21,47.65,3520707.94,760864.37
"2026-03-01","Lyft",18,33127,18.462,83.44,101.81,78.11,113.28,49.3,2764161.52,611575.46
"2026-03-01","Lyft",19,21983,19.465,85.26,103.5,79.76,114.83,49.47,1874283.67,427902.71
"2026-03-01","Lyft",20,16299,20.478,86.76,105.09,81.23,116.3,50.22,1414110.68,333763.47
"2026-03-01","Lyft",21,12267,21.478,89.52,108.26,84.04,118.71,51.44,1098092.73,263465.42
"2026-03-01","Lyft",22,9832,22.483,91.54,110.8,86.64,120.58,51.64,900005.29,221053.61
"2026-03-01","Lyft",23,8242,23.488,93.6,113.15,88.25,123.84,51.34,771414.52,193586.34
"2026-03-01","Lyft",24,7149,24.501,96.15,115.98,90.73,125.53,51.89,687407.87,175158.78
"2026-03-01","Lyft",25,7140,25.488,97.72,116.98,93.01,127.99,52.33,697749.96,181986.03
"2026-03-01","Lyft",26,6763,26.494,100.2,119.55,95.69,131.54,52.99,677632.34,179179.99
"2026-03-01","Lyft",27,6163,27.501,103.81,124.27,99.19,136.15,54.02,639811.02,169490.79
"2026-03-01","Lyft",28,5745,28.476,106.81,127.64,101.76,138.93,55.37,613622.41,163592.07
"2026-03-01","Lyft",29,4358,29.483,111.74,133.15,106.75,145.28,56.96,486956.03,128486.77
"2026-03-01","Lyft",30,3677,30.492,114.75,136.69,108.94,148.78,57.69,421918.71,112120.4
"2026-03-01","Lyft",31,3272,31.495,117.05,138.61,112.13,149.33,58.39,382976.28,103051.86
"2026-03-01","Lyft",32,3126,32.483,119.07,140.44,114,151.59,59.06,372215.59,101541.26
"2026-03-01","Lyft",33,2427,33.49,123.07,144.6,117.17,157.33,60.89,298693.38,81279.35
"2026-03-01","Lyft",34,2170,34.487,125.75,147.1,119.63,158.98,62.33,272874.47,74837.24
"2026-03-01","Lyft",35,2109,35.495,129.23,150.55,122.58,166.13,62.29,272548.43,74858.19
"2026-03-01","Lyft",36,1817,36.483,130.88,153.09,124.44,164.89,64.19,237807.15,66290.32
"2026-03-01","Lyft",37,1690,37.5,134.12,155.71,128.44,169.14,64.66,226656.45,63374.99
"2026-03-01","Lyft",38,1596,38.494,137.26,158.55,130.47,174.17,66.19,219074.16,61436.93
"2026-03-01","Lyft",39,1516,39.475,138.65,159.1,132.46,177.52,67.46,210191.72,59844.45
"2026-03-01","Lyft",40,1316,40.491,142.91,164.6,135.65,184.04,68.58,188073.58,53285.94
"2026-03-01","Lyft",41,1105,41.49,145.67,167.22,139.36,185.51,69.61,160969.13,45846.18
"2026-03-01","Lyft",42,1066,42.49,151.37,173.67,144.23,193.33,69.33,161360.25,45294.4
"2026-03-01","Lyft",43,953,43.506,150.42,172.25,144.11,190.39,70.27,143354.07,41460.78
"2026-03-01","Lyft",44,905,44.505,152.99,174.51,145.3,198.7,71.14,138455.67,40276.97
"2026-03-01","Lyft",45,873,45.481,155.19,176.96,149.39,193.53,72.42,135480.17,39704.93
"2026-03-01","Lyft",46,696,46.508,158.12,179.78,149.38,203,73.02,110052.48,32369.55
"2026-03-01","Lyft",47,685,47.502,161.22,184.37,153.9,200.31,73.73,110435.71,32539.01
"2026-03-01","Lyft",48,588,48.467,164.53,187.63,157.85,203.48,75.54,96742.31,28498.32
"2026-03-01","Lyft",49,657,49.491,170.63,193.93,161.32,215.06,74.89,112104.25,32515.29
"2026-03-01","Lyft",50,537,50.473,176.38,199.79,171.64,220.7,78.84,94717.91,27103.8
"2026-03-01","Lyft",51,425,51.482,183.74,206.69,175.78,238.06,79.49,78090.93,21880.05
"2026-03-01","Lyft",52,395,52.503,184.56,207.86,175.79,235.9,80.36,72901.67,20738.51
"2026-03-01","Lyft",53,333,53.49,190.66,213.72,180.93,238.24,80.84,63488.64,17812.12
"2026-03-01","Lyft",54,278,54.497,194.2,217.8,184.5,252.54,83.12,53988.53,15150.23
"2026-03-01","Lyft",55,250,55.46,195.61,218.6,187.05,247.08,84.58,48903.35,13864.93
"2026-03-01","Lyft",56,297,56.517,199.19,222.87,190.17,239.24,84.7,59158.45,16785.63
"2026-03-01","Lyft",57,267,57.508,201.4,225.78,194.79,256.1,87.64,53772.59,15354.77
"2026-03-01","Lyft",58,210,58.484,207.41,232.26,197.26,261.31,87.82,43555.52,12281.61
"2026-03-01","Lyft",59,139,59.539,210.26,235.32,199.35,266.88,87.5,29226.01,8275.9
"2026-03-01","Lyft",60,2675,82.383,274.04,306.18,248.54,384.66,112.08,733062.74,220373.33
"2026-03-01","Uber",0,1850398,0.74,10.2,12.41,8.51,15.88,5.98,18873332.52,1369970.46
"2026-03-01","Uber",1,4001759,1.46,14.12,16.98,12.05,22.57,10.25,56518926.11,5841324.68
"2026-03-01","Uber",2,2403638,2.454,19.47,23.05,17.03,30.32,15.17,46789572.73,5899554.03
"2026-03-01","Uber",3,1598625,3.465,23.74,28.16,21.34,36.13,18.89,37958541,5539967.57
"2026-03-01","Uber",4,1141429,4.47,27.22,32.59,24.63,41.3,21.8,31071867.46,5102227.33
"2026-03-01","Uber",5,841625,5.47,30.44,36.43,27.52,46.78,24.09,25616932.4,4603517.35
"2026-03-01","Uber",6,645355,6.476,33.26,39.94,30.1,50.96,25.9,21462390.16,4179578.39
"2026-03-01","Uber",7,528998,7.479,36.9,44.76,33.37,56.38,27.67,19522360.67,3956634.53
"2026-03-01","Uber",8,457009,8.483,40.78,50.54,37.03,62.35,29.33,18635704.06,3876872.55
"2026-03-01","Uber",9,416185,9.488,46.17,58.02,42.02,71.45,31.2,19217316.65,3948588.55
"2026-03-01","Uber",10,349264,10.471,49.77,61.91,45.68,76.06,33.05,17384393.68,3657070.8
"2026-03-01","Uber",11,253436,11.474,50.99,62.46,47.24,75.99,35.15,12923959.11,2907863.45
"2026-03-01","Uber",12,197227,12.472,53.63,65.6,49.73,79.49,37.01,10577601.41,2459729.5
"2026-03-01","Uber",13,164648,13.485,58.49,72.08,54.12,87.95,38.42,9630132.26,2220260.7
"2026-03-01","Uber",14,146405,14.485,63.06,77.52,58.69,94,40.03,9232804.11,2120609.79
"2026-03-01","Uber",15,123445,15.478,66.52,81.27,61.95,98.39,42.02,8212074.53,1910633.74
"2026-03-01","Uber",16,127228,16.517,75.96,94.36,70.82,114.5,44.06,9664626.59,2101434.01
"2026-03-01","Uber",17,153316,17.494,86.39,107.58,81.21,128.88,47.88,13245158.64,2682067.89
"2026-03-01","Uber",18,114493,18.455,86.87,107.09,81.44,129.04,49.26,9945772.14,2113005.91
"2026-03-01","Uber",19,76012,19.462,86.2,105.65,80.76,127.29,48.98,6552156.2,1479360.44
"2026-03-01","Uber",20,55058,20.47,90.7,110.74,85.66,132.72,50.08,4994008.89,1127020.8
"2026-03-01","Uber",21,39843,21.472,95.63,116.26,90.88,139.71,51.8,3809998.34,855516.48
"2026-03-01","Uber",22,31281,22.474,98.83,119.78,93.93,144.38,52.22,3091592.03,703024.34
"2026-03-01","Uber",23,24869,23.478,102,123.22,96.63,148.53,52.17,2536606.45,583872.9
"2026-03-01","Uber",24,20818,24.492,106.58,128.25,101.15,153.9,52.7,2218819.42,509868.03
"2026-03-01","Uber",25,19752,25.485,111.07,133.25,105.33,160,52.97,2193786.87,503387.95
"2026-03-01","Uber",26,18019,26.487,116.71,139.55,110.58,166.86,53.88,2102914.36,477268.18
"2026-03-01","Uber",27,15869,27.497,122.31,146.56,116.14,173.89,55.01,1940974.75,436342.87
"2026-03-01","Uber",28,14754,28.472,126.73,151.88,120.49,178.88,56.74,1869734.04,420081.66
"2026-03-01","Uber",29,11177,29.481,132.41,157.47,125.55,187.51,57.85,1479909.06,329513.19
"2026-03-01","Uber",30,9752,30.484,136.87,161.63,129.93,193.3,58.3,1334724.98,297275.76
"2026-03-01","Uber",31,8498,31.49,140.69,164.96,134.04,198.63,58.88,1195580.39,267605.98
"2026-03-01","Uber",32,7999,32.488,143.57,167.49,136.83,199.52,59.11,1148400.48,259872.89
"2026-03-01","Uber",33,6452,33.481,148.68,172.95,141.51,207.68,61.43,959271.11,216016.77
"2026-03-01","Uber",34,5893,34.49,153.57,177.7,145.21,215.86,60.92,904978.83,203247.28
"2026-03-01","Uber",35,5478,35.483,157.34,181.88,149.45,218.16,62.38,861926.24,194374.49
"2026-03-01","Uber",36,4973,36.49,160.42,185.67,152.96,223.14,63.91,797772.42,181462.34
"2026-03-01","Uber",37,4393,37.488,165.08,189.98,156.48,227.47,65.01,725175.47,164685.51
"2026-03-01","Uber",38,4036,38.482,170.75,194.61,160.83,238.26,65.69,689140.17,155311.38
"2026-03-01","Uber",39,3769,39.482,174.17,197.5,165.28,240.18,66.79,656437.07,148806.02
"2026-03-01","Uber",40,3095,40.474,176.36,200.92,165.89,246.35,67.85,545837.47,125266.93
"2026-03-01","Uber",41,2835,41.492,183.14,208.25,172.71,254.5,68.78,519200.61,117630.51
"2026-03-01","Uber",42,2607,42.497,183.9,208.67,175.18,250.25,69.39,479432.5,110790.02
"2026-03-01","Uber",43,2345,43.485,185.73,210.8,177.87,252.63,70.62,435544.65,101971.18
"2026-03-01","Uber",44,2189,44.491,191.57,216.81,181.61,263.01,71.9,419343.79,97389.93
"2026-03-01","Uber",45,2137,45.497,196.36,221.31,185.88,269.99,72.32,419631.9,97227.26
"2026-03-01","Uber",46,1914,46.479,197.99,223.9,188.43,269.23,73.56,378951.58,88960.87
"2026-03-01","Uber",47,1840,47.492,199.72,225.87,190.27,269.43,74.84,367491.09,87384.94
"2026-03-01","Uber",48,1716,48.49,205.67,232.21,195.93,283.74,75.7,352933.06,83208.59
"2026-03-01","Uber",49,1669,49.494,211.35,238.33,200.17,289.84,75.93,352738.74,82606.17
"2026-03-01","Uber",50,1667,50.499,213.15,239.69,203.16,291.73,77.53,355322.09,84182.27
"2026-03-01","Uber",51,1482,51.479,221.75,249.23,208.73,306.15,79.16,328635.26,76292.3
"2026-03-01","Uber",52,1416,52.486,221.5,249.51,210.33,300.45,81.67,313642.16,74320.06
"2026-03-01","Uber",53,1253,53.488,222.99,250.7,213.02,304.28,82.86,279406.19,67020.78
"2026-03-01","Uber",54,1071,54.493,224.68,252.53,214.29,304.43,83.16,240635,58361.53
"2026-03-01","Uber",55,974,55.483,227.36,254.25,219.21,301.16,84.49,221446.99,54040.54
"2026-03-01","Uber",56,868,56.5,231.72,258.84,219.66,314.71,86.66,201130.07,49041.92
"2026-03-01","Uber",57,778,57.489,234.92,262.2,224.77,311.62,87.46,182769.96,44726.58
"2026-03-01","Uber",58,734,58.479,233.63,261.97,223.99,310.56,87.19,171482.73,42923.32
"2026-03-01","Uber",59,669,59.472,236.04,265.05,227.57,314.59,88.76,157910.15,39786.87
"2026-03-01","Uber",60,9164,80.455,296.46,330.38,265.16,427.22,110.87,2716732.87,737285.65
"2026-04-01","Lyft",0,705756,0.723,8.61,10.38,7.33,11.79,6.15,6079446.21,510412.63
"2026-04-01","Lyft",1,1348423,1.476,13.26,15.79,12.41,18.6,10.76,17879387.12,1990247.57
"2026-04-01","Lyft",2,877286,2.464,18.72,21.97,17.73,25.27,15.54,16421858.09,2162069.52
"2026-04-01","Lyft",3,596711,3.47,23.39,27.64,22.39,31.18,19.16,13958012.95,2070538.59
"2026-04-01","Lyft",4,440514,4.476,27.38,32.66,26.36,36.36,22.08,12061620.87,1971684.47
"2026-04-01","Lyft",5,325456,5.473,30.97,36.92,29.7,41.34,24.41,10080839.37,1781109.29
"2026-04-01","Lyft",6,241290,6.476,34.33,41.05,32.7,45.96,26.3,8284350.67,1562550.57
"2026-04-01","Lyft",7,183807,7.48,38.6,46.63,36.67,51.56,28.13,7094624.38,1374851.87
"2026-04-01","Lyft",8,148280,8.481,42.27,52.02,40.18,56.08,30.03,6268170.75,1257525.01
"2026-04-01","Lyft",9,127532,9.49,46.29,57.66,43.95,61.37,31.99,5902821.86,1210266.5
"2026-04-01","Lyft",10,105462,10.474,49.79,61.37,47.32,65.55,33.45,5251020.72,1104632.38
"2026-04-01","Lyft",11,76673,11.475,53.03,64.49,50.46,69.27,35.63,4066110.15,879818.99
"2026-04-01","Lyft",12,57173,12.476,56.22,68.35,53.54,72.95,37.4,3214056.1,713290.17
"2026-04-01","Lyft",13,47470,13.489,60.09,73.8,57.1,78.15,38.6,2852694.44,640336.09
"2026-04-01","Lyft",14,41317,14.488,63.81,78.24,60.69,83.01,40.38,2636283.3,598606.47
"2026-04-01","Lyft",15,34512,15.488,66.89,81.77,63.65,86.58,41.98,2308584.53,534521.29
"2026-04-01","Lyft",16,35919,16.51,72.64,90.1,68.86,95.52,44.48,2609119.96,593023.36
"2026-04-01","Lyft",17,38071,17.491,78.35,97.31,74,103.84,47.36,2982721.21,665889.86
"2026-04-01","Lyft",18,28248,18.462,81.33,99.93,76.75,107.98,49.07,2297289.48,521518.62
"2026-04-01","Lyft",19,19672,19.476,82.74,101.27,78.3,108.86,49.46,1627739.15,383122.19
"2026-04-01","Lyft",20,15014,20.476,84.64,103.08,80.29,109.88,49.73,1270786.42,307431.87
"2026-04-01","Lyft",21,11704,21.476,87.35,106.12,82.91,114.04,50.68,1022313.07,251350.68
"2026-04-01","Lyft",22,9371,22.491,89.78,109.03,85.54,115.94,51.06,841339.58,210764.8
"2026-04-01","Lyft",23,8039,23.484,91.45,111.01,87.87,117.09,50.79,735168.07,188791.31
"2026-04-01","Lyft",24,6889,24.502,94.43,114.36,90.47,122.23,51.35,650536.17,168793.91
"2026-04-01","Lyft",25,6964,25.492,95.51,114.89,92.22,123.16,52.07,665125.65,177528.13
"2026-04-01","Lyft",26,6491,26.486,98.6,118.28,95.02,127.68,52.85,640036.29,171918.14
"2026-04-01","Lyft",27,5720,27.501,103.23,124.1,99.2,134.33,53.99,590481.52,157304.25
"2026-04-01","Lyft",28,5328,28.485,105.29,126.72,101.2,135.73,54.86,561005.66,151766.99
"2026-04-01","Lyft",29,4253,29.482,109.91,131.99,105.18,140.1,56.79,467433.34,125388.61
"2026-04-01","Lyft",30,3678,30.498,113.34,135.43,108.62,144.4,57.9,416848.93,112173.1
"2026-04-01","Lyft",31,3293,31.504,115.19,136.77,110.74,145.65,58.53,379336.83,103741.19
"2026-04-01","Lyft",32,3169,32.471,118.86,140.34,113.47,151.32,59.01,376673.43,102901.96
"2026-04-01","Lyft",33,2377,33.488,122.11,143.91,116.79,154.73,61.05,290262.97,79601.49
"2026-04-01","Lyft",34,2151,34.497,125.9,147.21,120.3,159.21,62.48,270818.07,74203.91
"2026-04-01","Lyft",35,2004,35.491,127.55,148.61,122.07,159.36,62.43,255616.57,71123.35
"2026-04-01","Lyft",36,1840,36.487,131.4,153.09,125.6,166.34,63.73,241770.26,67136.07
"2026-04-01","Lyft",37,1633,37.5,133.91,155.54,128.65,169.51,65.02,218672.95,61238.12
"2026-04-01","Lyft",38,1507,38.481,136.73,158.35,131.04,172.04,66.6,206054.74,57991.24
"2026-04-01","Lyft",39,1446,39.494,138.92,159.83,133.05,174.93,67.58,200874.75,57108.51
"2026-04-01","Lyft",40,1177,40.487,143.14,164.79,136.02,181.96,68.45,168477.68,47653.44
"2026-04-01","Lyft",41,1060,41.497,146.19,168.8,139.51,184.59,69.7,154966.11,43987.14
"2026-04-01","Lyft",42,1008,42.505,151.21,173.62,144.16,194.01,70.8,152415.98,42844.8
"2026-04-01","Lyft",43,869,43.487,151.27,172.35,144.19,192.23,71.57,131451.01,37790.12
"2026-04-01","Lyft",44,926,44.5,151.88,173.49,147,189.8,72.37,140643.11,41206.7
"2026-04-01","Lyft",45,858,45.472,156.99,179.67,150.97,193.73,73.35,134697.46,39014.97
"2026-04-01","Lyft",46,696,46.497,159.68,182.67,152.14,203.43,73.49,111136.86,32361.75
"2026-04-01","Lyft",47,619,47.51,162.53,185.79,155.88,204.02,75.35,100608.73,29408.88
"2026-04-01","Lyft",48,630,48.515,166.9,189.99,159.96,213.45,77.29,105144.91,30564.14
"2026-04-01","Lyft",49,640,49.503,172.71,196.26,163.57,218.53,77.39,110536.61,31682.16
"2026-04-01","Lyft",50,515,50.478,174.03,197.72,167.12,222.17,78.69,89626.12,25996.13
"2026-04-01","Lyft",51,463,51.457,180.16,204.46,172.11,223.96,80.5,83412.79,23824.78
"2026-04-01","Lyft",52,414,52.491,180.62,203.27,176.04,230.76,81.67,74775.66,21731.13
"2026-04-01","Lyft",53,357,53.469,188.75,211.1,180.11,235.09,83.14,67384.76,19088.5
"2026-04-01","Lyft",54,285,54.481,191.4,213.72,183.34,242.2,84.67,54548.68,15527.2
"2026-04-01","Lyft",55,244,55.479,191.97,215.54,184.44,242.24,86.11,46841.66,13536.89
"2026-04-01","Lyft",56,254,56.484,195.03,219.61,188.85,248.51,88.25,49537.71,14346.98
"2026-04-01","Lyft",57,238,57.479,199.53,223.36,191.75,246.24,88.97,47487.42,13680.08
"2026-04-01","Lyft",58,160,58.521,203.37,228.97,190.56,270.78,89.49,32539.31,9363.34
"2026-04-01","Lyft",59,193,59.488,202.7,229.29,195.46,254.28,89.57,39120.14,11481.16
"2026-04-01","Lyft",60,2453,81.762,268.05,299.78,246.6,369.06,114.44,657520.28,200561.13
"2026-04-01","Uber",0,1735992,0.741,9.72,11.94,8.28,14.94,6.03,16879169.18,1286843.08
"2026-04-01","Uber",1,3845488,1.462,13.68,16.56,11.8,21.7,10.42,52598886.91,5620827.42
"2026-04-01","Uber",2,2328981,2.454,19,22.63,16.9,29.22,15.38,44253751.06,5716068.61
"2026-04-01","Uber",3,1539341,3.465,23.21,27.69,21.03,34.58,19.08,35732015.88,5334218.36
"2026-04-01","Uber",4,1097966,4.47,26.73,32.2,24.43,39.59,22.03,29347867.22,4907969
"2026-04-01","Uber",5,816189,5.47,30.06,36.19,27.39,45.06,24.4,24533345.77,4464588.95
"2026-04-01","Uber",6,625276,6.478,33.01,39.84,30.03,49.48,26.28,20641169.72,4050403.1
"2026-04-01","Uber",7,517537,7.48,36.69,44.71,33.26,55.18,28.15,18990104.74,3871396.04
"2026-04-01","Uber",8,443785,8.483,40.45,50.45,36.73,61.47,29.85,17950155.48,3764818.4
"2026-04-01","Uber",9,409230,9.489,45.8,57.95,41.54,71.01,31.76,18741782.25,3883272.27
"2026-04-01","Uber",10,346937,10.471,49.25,61.69,45.03,75.4,33.44,17085463.39,3632727.2
"2026-04-01","Uber",11,250566,11.473,50.4,62.08,46.61,75.19,35.51,12628084.29,2874853.07
"2026-04-01","Uber",12,193780,12.471,52.81,64.87,48.91,78.16,37.33,10232682.01,2416545.39
"2026-04-01","Uber",13,160486,13.485,57.02,70.53,52.64,85.39,38.61,9151399.04,2164231.17
"2026-04-01","Uber",14,140547,14.484,61.29,75.62,56.79,91.62,40.33,8614381.34,2035690.05
"2026-04-01","Uber",15,119697,15.479,64.48,79.1,59.74,95.91,42.19,7718335.09,1852822.87
"2026-04-01","Uber",16,122714,16.515,73.69,91.96,68.09,112.83,44.62,9042356.88,2026659.89
"2026-04-01","Uber",17,145596,17.494,83.31,104.38,77.66,126.71,48.64,12128906.31,2546989.99
"2026-04-01","Uber",18,107078,18.455,83.05,103.03,77.09,125.18,49.77,8892316.86,1976120.5
"2026-04-01","Uber",19,72556,19.464,82.84,102.1,76.98,124.19,49.6,6010873.58,1412252.85
"2026-04-01","Uber",20,52968,20.469,88.66,108.56,83.74,130.95,50.83,4696249.72,1084225.19
"2026-04-01","Uber",21,38588,21.47,93.84,114.35,89.12,138.59,52.47,3621102.49,828502.06
"2026-04-01","Uber",22,30471,22.475,97.34,118.27,92.61,143.11,52.91,2965972.93,684828.19
"2026-04-01","Uber",23,24375,23.479,100.89,122.15,95.94,148.3,52.74,2459151.79,572304.14
"2026-04-01","Uber",24,20758,24.492,104.84,126.46,99.72,153.53,52.95,2176341.45,508404.66
"2026-04-01","Uber",25,19262,25.485,109.65,131.78,104.13,160,53.28,2112146.34,490900.4
"2026-04-01","Uber",26,17916,26.483,114.95,137.5,109.71,167.58,54.11,2059460.92,474470.27
"2026-04-01","Uber",27,15975,27.496,119.64,143.67,114.07,173.29,54.95,1911327.51,439247.76
"2026-04-01","Uber",28,14793,28.473,124.91,150.27,119.27,177.55,56.48,1847862.45,421194.91
"2026-04-01","Uber",29,11431,29.478,130.41,155.54,124.47,187.55,57.87,1490688.31,336963.57
"2026-04-01","Uber",30,10017,30.484,136.58,161.45,130.13,195.81,58.66,1368118.47,305357.28
"2026-04-01","Uber",31,8654,31.483,139.6,164.1,132.58,200.48,59.53,1208139.95,272456.86
"2026-04-01","Uber",32,7975,32.485,143.66,167.7,137.85,202.51,60.08,1145687.92,259069.39
"2026-04-01","Uber",33,6514,33.483,148.86,173.14,142.47,213.47,61.36,969692.14,218108.66
"2026-04-01","Uber",34,5782,34.492,153.29,177.31,146.2,220.08,62.65,886315.37,199433.11
"2026-04-01","Uber",35,5231,35.491,158.63,182.91,151.07,226.19,63.49,829774.85,185653.34
"2026-04-01","Uber",36,4850,36.497,161.73,186.92,153.58,228.56,65.03,784383.62,177012.48
"2026-04-01","Uber",37,4342,37.489,164.65,189.23,156.84,234.48,65.4,714904.19,162775.78
"2026-04-01","Uber",38,4069,38.492,168.68,192.86,160.04,238.58,66.48,686358.74,156624.41
"2026-04-01","Uber",39,3741,39.475,172.43,196.03,163.3,244.51,68.41,645060.57,147675.89
"2026-04-01","Uber",40,3119,40.484,174.92,199.72,166.16,247.2,69.29,545564.25,126269.34
"2026-04-01","Uber",41,2858,41.488,180.34,205.31,170.7,258.71,70.24,515400.3,118572.1
"2026-04-01","Uber",42,2683,42.491,182.32,207.19,173.93,255.54,71.91,489160.34,114003.63
"2026-04-01","Uber",43,2430,43.477,186.12,211.22,177.49,262.46,72.39,452259.84,105648.07
"2026-04-01","Uber",44,2286,44.513,192.37,217.33,182.34,273.01,73.28,439749.54,101757.69
"2026-04-01","Uber",45,2198,45.486,195.1,220.36,184.84,277.11,72.69,428818.89,99977.52
"2026-04-01","Uber",46,1935,46.493,198.91,224.86,189.73,282.8,74.71,384886.76,89963.63
"2026-04-01","Uber",47,1866,47.498,198.4,224.95,190.34,277.85,76.65,370219.29,88630.91
"2026-04-01","Uber",48,1743,48.493,205.5,232.9,194.65,286.33,76.78,358186.5,84522.83
"2026-04-01","Uber",49,1666,49.502,206.05,232.59,196.53,290.48,77.94,343279.78,82470.63
"2026-04-01","Uber",50,1590,50.497,213.25,240.17,202.16,296.66,79.19,339061.58,80289.76
"2026-04-01","Uber",51,1519,51.475,215.72,243.08,206.65,298.19,80.59,327678.32,78190.38
"2026-04-01","Uber",52,1381,52.486,222.57,250.87,210.78,311.28,82.18,307374.17,72483.6
"2026-04-01","Uber",53,1174,53.486,222.9,250.64,213.57,311.78,83.36,261681.53,62792.71
"2026-04-01","Uber",54,1114,54.477,224.23,252.26,212.49,318.17,85.4,249797.21,60687.84
"2026-04-01","Uber",55,954,55.493,227.78,255.18,217.73,313.26,85.35,217299.84,52940.25
"2026-04-01","Uber",56,912,56.492,227.81,254.9,219.15,307.52,86.35,207760.27,51521.06
"2026-04-01","Uber",57,862,57.478,230.75,258.53,218.94,318.04,87.1,198908.13,49546.4
"2026-04-01","Uber",58,735,58.485,235.4,263.17,226.64,319.69,88.77,173022.04,42986.71
"2026-04-01","Uber",59,693,59.502,234.08,262.6,227.38,314.64,89.51,162219.4,41235.04
"2026-04-01","Uber",60,8950,78.928,295,328.74,261.14,436.91,110.71,2640285.53,706407.35
