"trip_date","operator","trips","scheduled_rides","trips_with_wait","wait_p50","wait_p90","avg_distance_miles","avg_duration_min","avg_speed_mph","avg_fare","sum_miles","sum_time_sec","sum_total_fare"
"2025-01-01","Lyft",157721,1395,156326,288.3,560.7,5.136,17.33,17.79,34.83,810076.99,163972280,5493223.22
"2025-01-01","Uber",505485,3460,502022,332.7,685.3,5.594,17.68,18.99,33.76,2827755.87,536111297,17066963.24
"2025-01-02","Lyft",124586,2319,122267,239.6,475.5,4.989,18.35,16.31,31.09,621521.74,137166182,3873990.27
"2025-01-02","Uber",404442,4203,400238,218,473.3,5.026,17.94,16.81,29.14,2032692.48,435356452,11785653.95
"2025-01-03","Lyft",150340,2247,148093,242.1,472.8,4.591,17.87,15.41,28.37,690146.82,161229987,4265126.97
"2025-01-03","Uber",462169,3739,458429,210.1,442.3,4.868,18.08,16.16,28.17,2249911.69,501352299,13018748.56
"2025-01-04","Lyft",168076,1259,166817,234.5,444.9,4.543,17.35,15.71,26.78,763554.18,174971053,4500258.09
"2025-01-04","Uber",504053,2581,501472,204.1,421.5,5.016,17.68,17.02,27.64,2528226.78,534691926,13934099.24
"2025-01-05","Lyft",143306,1325,141981,240.7,456.1,4.897,16.86,17.43,28.08,701801.54,144989573,4024136.44
"2025-01-05","Uber",442342,2536,439806,212.6,446.4,5.385,17.23,18.76,28.91,2382144.87,457212795,12787706.91
"2025-01-06","Lyft",150259,3129,147130,254.9,503.2,4.652,17.99,15.51,27.13,698974.79,162223813,4077070.22
"2025-01-06","Uber",412356,4328,408027,225.3,481.7,4.888,17.84,16.44,29.74,2015491.04,441416213,12264064.22
"2025-01-07","Lyft",165416,3027,162389,253,509.6,4.326,17.69,14.67,26.23,715664.64,175611609,4339187.44
"2025-01-07","Uber",442847,4044,438802,224.4,475.4,4.702,17.85,15.81,29.95,2082471.07,474177252,13263021.03
"2025-01-08","Lyft",175747,3249,172498,248.8,491.3,4.245,17.76,14.34,26.23,745993.4,187266657,4609159.56
"2025-01-08","Uber",464979,4211,460768,219.8,460.6,4.686,18.14,15.5,30.16,2179005.58,506191003,14022029.29
"2025-01-09","Lyft",186872,3356,183516,235.7,470.2,4.251,17.97,14.19,26.66,794348.78,201486845,4981338.66
"2025-01-09","Uber",499862,4595,495267,219.1,459.2,4.77,18.4,15.55,30.36,2384180.2,551908856,15176828.76
"2025-01-10","Lyft",178250,2784,175466,229.8,454,4.191,17.68,14.23,27.37,747022.95,189036559,4878541.16
"2025-01-10","Uber",535409,4372,531037,217.7,451.4,4.836,18.52,15.67,29.47,2589491.79,594867150,15778309.69
"2025-01-11","Lyft",181679,1222,180457,225.5,422.7,4.283,16.82,15.28,26.92,778170.75,183381422,4891630.92
"2025-01-11","Uber",572041,2356,569685,216,436.1,4.923,17.53,16.85,28.09,2816113.3,601558647,16066137.41
"2025-01-12","Lyft",147780,1052,146728,237.7,454.7,4.652,16.62,16.8,27.82,687438.81,147328236,4111815.55
"2025-01-12","Uber",485540,2333,483207,225.2,466,5.404,17.48,18.55,29.24,2624030.36,509373310,14196823.06
"2025-01-13","Lyft",136203,2854,133349,253,500.8,4.499,17.9,15.08,28.69,612821.53,146281065,3907828.58
"2025-01-13","Uber",437247,4568,432678,220.5,466.3,5.009,18.34,16.38,30.92,2190053.76,481238653,13517890.24
"2025-01-14","Lyft",139558,2749,136809,246.2,488.9,4.275,17.93,14.31,28.83,596630.86,150117460,4022953.92
"2025-01-14","Uber",475963,4565,471396,221.7,456.4,4.818,18.63,15.52,31.28,2293326.9,532069072,14886366.63
"2025-01-15","Lyft",146566,2815,143751,240.4,486.7,4.321,18.18,14.26,29.23,633248.65,159864398,4284693.13
"2025-01-15","Uber",510089,5105,504984,222.9,459,4.899,19.02,15.45,31.58,2498849.65,582216391,16109412.24
"2025-01-16","Lyft",169822,3065,166757,242.9,498.8,4.492,18.6,14.49,29.94,762794.6,189487450,5085116.97
"2025-01-16","Uber",516906,5096,511808,230.2,483.2,5.11,19.66,15.6,32.7,2641454.58,609711565,16900482.92
"2025-01-17","Lyft",176759,2954,173805,243.8,479.6,4.506,18.87,14.33,28.82,796387.89,200100585,5094690.61
"2025-01-17","Uber",549740,4872,544867,228.1,465.2,5.002,19.69,15.24,30.54,2749965.22,649462327,16789190.1
"2025-01-18","Lyft",189922,1458,188464,238.3,448.3,4.424,17.55,15.12,26.66,840270.31,200014284,5062861.08
"2025-01-18","Uber",567017,2558,564458,225.9,453.9,4.94,18.41,16.1,27.96,2801247.78,626324621,15853818.52
"2025-01-19","Lyft",166245,1253,164992,270.4,547.1,4.421,16.27,16.3,26.64,734954,162275462,4428658.52
"2025-01-19","Uber",493788,2376,491409,267.2,584.9,4.976,17.15,17.41,28.29,2457225.06,508052859,13969288.09
"2025-01-20","Lyft",135966,2221,133745,264.5,570.1,5.044,17.21,17.59,29.45,685792.73,140390344,4003867.96
"2025-01-20","Uber",434918,3517,431398,250.5,550.5,5.207,17.11,18.26,29.23,2264532.71,446540135,12712606.47
"2025-01-21","Lyft",152250,3369,148881,255.8,526.4,4.372,18,14.58,28.72,665699.05,164390797,4372127.27
"2025-01-21","Uber",493158,5019,488138,238.3,530.9,4.734,18.08,15.71,30.96,2334456.33,534858092,15269784.64
"2025-01-22","Lyft",171499,3334,168165,247.9,502.2,4.347,18.03,14.46,28.16,745450.16,185541963,4829339
"2025-01-22","Uber",514215,4817,509397,231.3,490.7,4.612,18.1,15.28,30.7,2371522.36,558560974,15788665.44
"2025-01-23","Lyft",180422,3483,176939,248.3,500.6,4.488,18.75,14.36,29.17,809791.88,202950038,5262633.84
"2025-01-23","Uber",517586,5019,512567,230.3,485.4,4.899,19.13,15.36,32.56,2535880.84,594231514,16852689
"2025-01-24","Lyft",193088,3369,189719,246,469.6,4.362,18.42,14.2,28.05,842204.02,213449775,5417024.79
"2025-01-24","Uber",561211,4436,556775,227.7,461.9,4.799,19.07,15.1,30.16,2693112.8,642269367,16925696.41
"2025-01-25","Lyft",196908,1369,195539,245.2,457.7,4.18,17.28,14.52,26.8,823123.84,204130848,5277618.36
"2025-01-25","Uber",594322,2227,592095,232.9,470.1,4.846,18.27,15.91,28.59,2880047.11,651646928,16989848.61
"2025-01-26","Lyft",159299,1378,157921,246.3,469.5,4.74,16.93,16.8,28.21,755021.54,161821927,4494039.57
"2025-01-26","Uber",497252,2156,495096,238.4,493.1,5.37,17.73,18.17,29.53,2670265.1,529046490,14682008.85
"2025-01-27","Lyft",136619,3285,133334,230.2,444.8,4.747,18.55,15.35,28.88,648535.77,152076965,3945423.53
"2025-01-27","Uber",434453,4421,430032,220.4,452.1,5.026,18.76,16.08,30.64,2183674.63,489028728,13309941.79
"2025-01-28","Lyft",144588,3167,141421,231.4,446.7,4.59,18.63,14.78,28.52,663656.08,161618759,4124016.15
"2025-01-28","Uber",458308,4104,454204,218.8,447.9,4.796,18.58,15.49,30.45,2198082.68,510966279,13956579.34
"2025-01-29","Lyft",150057,3289,146768,226.2,423.8,4.734,18.44,15.4,29.09,710435.85,166059830,4365163.98
"2025-01-29","Uber",467200,4255,462944,213.4,435,4.955,18.5,16.07,31.22,2314980.75,518486404,14584106.21
"2025-01-30","Lyft",165676,3551,162125,240.8,477.1,4.704,19.44,14.52,30.02,779278.69,193216555,4973747.35
"2025-01-30","Uber",520969,4436,516533,224.5,467.7,5.011,19.71,15.25,32.41,2610449.34,616215251,16882699.44
"2025-01-31","Lyft",193440,3449,189991,255.7,487.3,4.549,19.17,14.24,28.69,880028.13,222490317,5549349.56
"2025-01-31","Uber",570844,4273,566571,238.7,485.4,4.797,19.38,14.85,30.14,2738200.28,663836811,17207056.24
"2025-02-01","Lyft",204646,1503,203143,252.2,463.4,4.386,17.85,14.75,26.86,897637.52,219140003,5497402.83
"2025-02-01","Uber",593395,1884,591511,238.6,484.3,4.817,18.29,15.81,28.34,2858675.59,651109548,16819024.42
"2025-02-02","Lyft",181599,1317,180282,261.3,493.1,4.71,17.21,16.42,27.54,855257.51,187521110,5001806.68
"2025-02-02","Uber",510657,2017,508639,251.8,522.8,5.239,17.79,17.67,29.34,2675216.75,544930902,14981753.27
"2025-02-03","Lyft",140678,3318,137360,238.1,473.9,4.568,18.23,15.03,28.03,642546.92,153898541,3943227.95
"2025-02-03","Uber",432639,4120,428519,226.6,479,5.108,19.03,16.11,31.09,2209782.01,493906467,13451785.11
"2025-02-04","Lyft",143336,3144,140192,231.5,444.6,4.374,18.63,14.09,27.86,626995.32,160220555,3993208.55
"2025-02-04","Uber",467357,4018,463339,219.5,453.5,4.876,19.22,15.22,30.89,2278712.17,538985877,14436975.98
"2025-02-05","Lyft",162797,3628,159169,234,446.8,4.474,18.96,14.16,28.28,728300.57,185154968,4603164.47
"2025-02-05","Uber",488775,4470,484305,218.8,456.1,4.929,19.42,15.23,31.99,2409166.39,569380337,15638293.31
"2025-02-06","Lyft",179018,4042,174976,239.7,470.5,4.478,18.66,14.4,28.59,801692.91,200376337,5118089.09
"2025-02-06","Uber",530229,4964,525264,223,472.5,4.813,18.89,15.29,32.03,2551808.19,600996843,16982119.18
"2025-02-07","Lyft",202427,3504,198923,250.9,469.4,4.405,19,13.91,28.03,891730.18,230806611,5674184.35
"2025-02-07","Uber",567666,4402,563263,230.5,464.6,4.852,19.61,14.85,31.09,2754523.93,667771597,17651337.43
"2025-02-08","Lyft",199897,1634,198263,260,572.5,4.253,18.09,14.1,27.65,850066.84,217021655,5526713.32
"2025-02-08","Uber",578510,2555,575954,246.7,572.4,4.696,18.86,14.94,31.19,2716523.23,654533810,18042040.04
"2025-02-09","Lyft",171049,1581,169468,289.5,591.7,4.578,16.8,16.35,29.03,783028.52,172384703,4964994.93
"2025-02-09","Uber",524754,2913,521840,290.6,645.1,5.201,17.57,17.76,31.15,2729223.73,553137910,16346760.71
"2025-02-10","Lyft",149437,3647,145790,251.1,491.8,4.669,18.99,14.75,29.05,697745.65,170295826,4341173.98
"2025-02-10","Uber",462163,4715,457447,238.1,504,5.08,19.48,15.64,31.83,2347678.8,540313489,14712354.66
"2025-02-11","Lyft",151742,3634,148108,243.7,466.9,4.478,18.96,14.17,28.61,679575.86,172651766,4340742.29
"2025-02-11","Uber",483930,4528,479402,227.5,466.4,4.807,19.16,15.05,31.49,2326047.82,556254361,15237593.56
"2025-02-12","Lyft",160939,4084,156855,244.4,477.8,4.543,18.64,14.62,28.48,731114.37,180034411,4583787.33
"2025-02-12","Uber",511676,4957,506719,229.6,482.3,4.899,18.83,15.61,31.2,2506838,578000177,15964176.23
"2025-02-13","Lyft",177388,4010,173378,257.5,496,4.559,19.63,13.93,29.64,808731.93,208957805,5258426.51
"2025-02-13","Uber",537205,5317,531888,241.7,499.9,5.123,20.41,15.06,33.34,2751845.03,657791150,17912948.77
"2025-02-14","Lyft",202308,3480,198828,300.4,577.3,4.392,19.62,13.43,29.8,888488.68,238199746,6027870.01
"2025-02-14","Uber",610585,4958,605627,286.4,577.5,5.001,20.96,14.32,33.2,3053560.9,767867732,20273573.5
"2025-02-15","Lyft",215827,1670,214157,273.4,501.4,4.382,17.45,15.07,27.11,945729.8,225929690,5850272.06
"2025-02-15","Uber",600825,2871,597953,259,522.9,4.807,17.82,16.19,29.14,2888259.79,642393315,17511038.17
"2025-02-16","Lyft",172449,1380,171069,269,524.4,4.627,16.9,16.42,27.2,797896.1,174901898,4690341.99
"2025-02-16","Uber",522188,2695,519493,255.9,521.1,5.014,17.19,17.5,27.93,2618426.45,538545373,14586893.23
"2025-02-17","Lyft",148434,2183,146251,235.8,447.1,5.181,17.59,17.67,28.22,769058.51,156657176,4188810.84
"2025-02-17","Uber",442539,3503,439036,224.7,469.5,5.233,17.3,18.15,29.41,2316020.24,459425078,13014810.08
"2025-02-18","Lyft",157658,3517,154141,234.8,452.7,4.937,18.81,15.75,29.02,778378.07,177913941,4575144.15
"2025-02-18","Uber",476932,4690,472242,222.3,463.9,4.911,18.25,16.14,30.77,2342424.72,522378423,14673916.53
"2025-02-19","Lyft",159865,3406,156459,230.3,431.5,4.808,18.91,15.26,28.8,768681.42,181389543,4603380.22
"2025-02-19","Uber",494156,4557,489599,217.8,443.1,4.818,18.35,15.75,30.68,2380624.36,544128535,15161879.25
"2025-02-20","Lyft",177754,3589,174165,244.7,468.7,4.741,19.09,14.9,29.39,842713.68,203646132,5224943.34
"2025-02-20","Uber",526954,4499,522455,229.5,473,4.871,18.81,15.53,32.05,2566737.64,594856092,16889800.33
"2025-02-21","Lyft",212455,3397,209058,244.7,444.8,4.683,18.78,14.96,28.07,994903.13,239449918,5962797.4
"2025-02-21","Uber",559889,4176,555712,225.3,444.8,4.803,18.4,15.66,30.4,2689016.71,618029756,17020479.78
"2025-02-22","Lyft",194128,1512,192616,251.9,471.7,4.577,18,15.26,27.41,888547.76,209629842,5321903.08
"2025-02-22","Uber",607152,2363,604789,238.2,478.7,4.927,18.12,16.32,28.17,2991351.86,659961394,17105545.86
"2025-02-23","Lyft",182844,1472,181372,257.4,483.8,5.212,17.99,17.38,28.82,953033.37,197387836,5269118.38
"2025-02-23","Uber",478561,2322,476239,242,492.4,5.52,18.02,18.38,31.03,2641680.59,517501251,14848731.09
"2025-02-24","Lyft",147929,3544,144385,234.6,453.9,5.008,19.28,15.59,28.99,740813.68,171111635,4289184.35
"2025-02-24","Uber",434856,4505,430351,223.7,466.8,5.173,19.16,16.2,31.63,2249459.21,499784333,13753529.89
"2025-02-25","Lyft",160646,3463,157183,234.5,445.8,4.856,19.5,14.94,29.06,780045.25,187932065,4668215.85
"2025-02-25","Uber",446239,4305,441934,221.1,460.3,5.041,19.28,15.69,32.26,2249577.68,516227493,14397867.53
"2025-02-26","Lyft",172984,3834,169150,244.5,473.2,4.887,20.14,14.56,29.73,845441.07,209033216,5142872.03
"2025-02-26","Uber",469371,4609,464762,225.3,468.6,5.151,20.21,15.29,33.72,2417854.86,569245199,15827125.15
"2025-02-27","Lyft",185375,3972,181403,257,505.5,5.077,21,14.51,31.52,941153.19,233531257,5842183.28
"2025-02-27","Uber",507343,4957,502385,235,484.5,5.152,20.51,15.07,34.76,2614057.53,624421577,17633053.79
"2025-02-28","Lyft",203891,3565,200326,285.4,542.5,4.823,20.11,14.39,30.35,983356.18,246040335,6188693.87
"2025-02-28","Uber",544264,4463,539800,258,523.2,5.044,20.14,15.03,32.92,2745231.73,657557244,17916587.78
"2025-03-01","Lyft",215596,1636,213960,288.5,565.8,4.428,17.87,14.86,29.14,954596.92,231194230,6281534.39
"2025-03-01","Uber",573760,2264,571495,270.9,574.1,5.027,18.58,16.23,32.46,2884088.62,639695685,18621621.94
"2025-03-02","Lyft",199047,1606,197441,284.7,575.7,4.848,17.38,16.74,29.28,964945.27,207512467,5828893.17
"2025-03-02","Uber",500681,2370,498309,264.9,578.9,5.352,17.72,18.12,32.81,2679549.22,532372947,16428486.52
"2025-03-03","Lyft",165302,3568,161734,250.2,497.5,4.989,19.28,15.53,29.71,824707.53,191210928,4911906.54
"2025-03-03","Uber",437400,4421,432979,232.1,498.7,4.937,18.55,15.96,32.4,2159447.41,486954713,14173420.11
"2025-03-04","Lyft",166214,3472,162742,243,470.4,4.832,19.5,14.87,29.49,803157.66,194445113,4901178.9
"2025-03-04","Uber",439105,4364,434741,222.8,464.7,4.937,19,15.59,33.56,2168027.86,500485667,14737480.35
"2025-03-05","Lyft",184755,3981,180774,274.3,616.7,4.523,19.29,14.07,30.13,835578.85,213827731,5566528.18
"2025-03-05","Uber",510936,5287,505649,250.5,579.4,4.742,19.22,14.8,36.11,2422759.18,589210148,18451172.98
"2025-03-06","Lyft",192130,4225,187905,254.6,498,4.999,20.24,14.82,30.6,960474.62,233343379,5878898.38
"2025-03-06","Uber",481996,4902,477094,230.2,496.7,5.196,19.82,15.73,35.49,2504416.02,573115577,17106167.19
"2025-03-07","Lyft",206374,3818,202556,253.6,489.9,4.755,19.72,14.47,29.59,981304.12,244214686,6106465.24
"2025-03-07","Uber",536085,4497,531587,229.8,483.3,4.899,19.3,15.23,32.34,2626254.37,620848404,17335053.07
"2025-03-08","Lyft",211988,1561,210427,258.1,500.1,4.508,17.98,15.05,28.57,955698.35,228643875,6057057.63
"2025-03-08","Uber",555418,2325,553092,237.7,518.8,4.936,18.2,16.28,31.08,2741799.52,606380302,17260412.6
"2025-03-09","Lyft",170651,1363,169288,266.8,548.9,5.156,18.08,17.11,30.37,879887.41,185132620,5182272.02
"2025-03-09","Uber",465995,2036,463959,247.8,552.7,5.505,18.04,18.31,32.58,2565341.74,504341446,15181370.16
"2025-03-10","Lyft",153159,3377,149782,243.2,481.6,5.085,19.73,15.46,30.7,778850.34,181352775,4701622.18
"2025-03-10","Uber",414392,4246,410146,225.5,492.8,5.172,19.41,15.99,33.74,2143051.35,482631830,13981106.81
"2025-03-11","Lyft",158714,3310,155404,240,463.4,4.823,20.08,14.41,30.39,765540.82,191194957,4823280.3
"2025-03-11","Uber",431006,4383,426622,221.4,464.9,4.994,19.77,15.16,34.33,2152368.98,511142153,14796437.37
"2025-03-12","Lyft",173556,3713,169843,242.2,470.9,4.874,20.1,14.55,30.72,845933.1,209299308,5331476.86
"2025-03-12","Uber",459119,4794,454325,221.6,470.1,5.05,19.77,15.33,35.11,2318392.45,544555870,16118845.31
"2025-03-13","Lyft",191342,3967,187375,255.5,502.9,4.943,20.43,14.52,31.37,945846.79,234492742,6002095.28
"2025-03-13","Uber",496970,4968,492002,231.5,494,5.193,20.25,15.39,36.02,2580872.87,603870585,17902510.48
"2025-03-14","Lyft",213019,3504,209515,260.8,502.5,4.829,19.85,14.59,30.21,1028563.23,253720658,6435710.66
"2025-03-14","Uber",533794,4892,528902,234.5,492.7,5.053,19.61,15.46,33.67,2697314.71,628080484,17971666.36
"2025-03-15","Lyft",218396,1650,216746,262.2,496.7,4.602,18.57,14.87,29.05,1005120.59,243273873,6344470.05
"2025-03-15","Uber",560475,2638,557837,244.5,530.2,5.139,18.97,16.25,32.67,2880136.1,638088938,18309791.17
"2025-03-16","Lyft",170529,1759,168770,270.9,524.4,5.041,18.35,16.48,29.55,859708.46,187776197,5039662.19
"2025-03-16","Uber",460756,2729,458027,248.7,545.2,5.673,18.72,18.19,33.49,2613768.01,517387393,15432894.52
"2025-03-17","Lyft",160431,3716,156715,253.8,530.6,5.096,19.61,15.59,31.31,817507.49,188744231,5023330.36
"2025-03-17","Uber",432116,4843,427273,235.5,537.3,5.266,19.51,16.19,34.57,2275360.39,505852006,14937497.71
"2025-03-18","Lyft",167694,3479,164215,242.6,469.5,4.891,20,14.67,30.03,820181.02,201234022,5035087.29
"2025-03-18","Uber",426980,4438,422542,220.7,462.7,5.05,19.72,15.37,34.46,2156169.27,505107926,14715340.38
"2025-03-19","Lyft",172879,3711,169168,241.4,467.4,4.997,20.28,14.78,31.07,863927.72,210410077,5371546.37
"2025-03-19","Uber",447306,4918,442388,218.3,449.5,5.107,19.87,15.42,35.32,2284267,533294894,15797713.83
"2025-03-20","Lyft",198518,3880,194638,256,496.7,4.774,20.22,14.17,31.9,947633.37,240813169,6333446.47
"2025-03-20","Uber",499098,5422,493676,236.1,513.5,5.004,19.98,15.03,37.95,2497657.07,598435300,18941048.99
"2025-03-21","Lyft",201545,3755,197790,255.8,482.2,4.848,20.06,14.5,30.67,977139.05,242609040,6181636.35
"2025-03-21","Uber",510721,4970,505751,230.2,480.5,4.959,19.64,15.15,34.36,2532886.48,601798458,17550493.59
"2025-03-22","Lyft",211111,1721,209390,249.6,473,4.873,18.64,15.68,29.74,1028848.89,236164307,6278481.65
"2025-03-22","Uber",520703,2504,518198,237.5,528.3,5.096,18.57,16.47,33.25,2653716.93,580064667,17312347.04
"2025-03-23","Lyft",198947,1767,197180,262.5,509.2,5.271,18.25,17.33,30.58,1048626.25,217867414,6083995.07
"2025-03-23","Uber",446830,2573,444256,249.9,583.9,5.532,18.39,18.05,34.52,2471976.85,492945768,15423787.18
"2025-03-24","Lyft",186806,4009,182797,249.1,488.5,4.835,19.66,14.76,30.57,903256.53,220315784,5711007.8
"2025-03-24","Uber",422170,4714,417456,227.3,496,4.843,19.4,14.97,35.35,2044426.41,491494716,14922813.45
"2025-03-25","Lyft",179954,3716,176238,237.3,450.7,5.031,20.02,15.08,30.98,905368.93,216156171,5575837.84
"2025-03-25","Uber",388582,4327,384255,213.3,442.2,4.932,19.54,15.15,36.67,1916386.51,455491515,14249927.03
"2025-03-26","Lyft",195411,3977,191434,239.7,449.3,5.011,20.45,14.7,31.34,979118.4,239813059,6123322.66
"2025-03-26","Uber",400902,4604,396298,213.4,441.7,4.871,19.29,15.15,38.32,1952864.19,463998262,15364065.18
"2025-03-27","Lyft",218779,4175,214604,252.2,484.1,5.136,21.19,14.54,32.93,1123546.69,278108441,7205474.93
"2025-03-27","Uber",426428,4889,421539,222.6,467.9,5.104,20.52,14.93,39.71,2176487.85,524921266,16931355.67
"2025-03-28","Lyft",226698,3767,222931,252.2,469.7,4.896,19.94,14.73,31.68,1109914.71,271252608,7180820.56
"2025-03-28","Uber",478254,4222,474032,226,463.4,4.876,19.46,15.03,35.12,2331810.48,558549117,16797207.14
"2025-03-29","Lyft",251846,1862,249984,273.7,512.8,4.862,19.46,14.99,32.39,1224455.89,294056276,8156489.47
"2025-03-29","Uber",493943,2198,491744,260.8,562.2,4.759,18.63,15.33,36.61,2350865.35,552195687,18084707.25
"2025-03-30","Lyft",188097,1764,186333,340.6,627,5.181,18.23,17.06,34.43,974616.36,205712520,6476853.12
"2025-03-30","Uber",407861,2286,405575,323.7,656.5,5.406,18.01,18.01,38.81,2205087.87,440707203,15829769.49
"2025-03-31","Lyft",177081,3432,173649,260.6,507.7,5.01,18.61,16.15,31.97,887175.29,197776361,5661400.81
"2025-03-31","Uber",379989,4179,375810,239.1,531,5.051,18.16,16.69,36.2,1919252.41,413927820,13753878.11
"2025-04-01","Lyft",162212,3154,159058,241.2,478.5,4.851,19.61,14.85,32.08,786969.92,190841997,5203995.1
"2025-04-01","Uber",431045,3966,427079,221.5,473.5,5.002,19.5,15.39,35.11,2156258.2,504237518,15135656.72
"2025-04-02","Lyft",163405,3225,160180,234.3,452.2,4.757,19.83,14.39,31.84,777313.74,194403437,5202682.96
"2025-04-02","Uber",477227,4329,472897,218.5,455.2,4.855,19.34,15.06,33.61,2316800.22,553900020,16038415.27
"2025-04-03","Lyft",165958,3623,162335,239.6,471.2,5.022,20.99,14.36,33.65,833428.68,208993891,5584036.67
"2025-04-03","Uber",503365,4873,498491,222.5,458.6,5.089,20.45,14.93,35.14,2561518.57,617731556,17686572.02
"2025-04-04","Lyft",186755,3241,183514,243.3,464.2,4.746,20.16,14.12,31.4,886302.13,225891181,5864252.2
"2025-04-04","Uber",536095,4430,531665,223.5,459.5,4.93,20.02,14.78,32.77,2643031.46,643914614,17569415.47
"2025-04-05","Lyft",218170,1521,216649,253.3,466.1,4.542,18.82,14.48,28.32,990871.99,246322434,6177926.7
"2025-04-05","Uber",585046,2349,582696,232.7,464.4,4.736,18.47,15.39,29.94,2770686.82,648184294,17516395.2
"2025-04-06","Lyft",167656,1415,166241,258.4,495.9,5.078,18.26,16.69,30.86,851395.57,183697283,5174692.46
"2025-04-06","Uber",491276,2396,488878,243.6,515.6,5.385,18.3,17.66,32.13,2645402.44,539363313,15782548.92
"2025-04-07","Lyft",165892,3587,162305,247.6,491.2,4.808,19.9,14.5,29.78,797608.09,198086446,4939748.4
"2025-04-07","Uber",448039,4790,443249,227.8,480.7,4.874,19.38,15.09,33,2183553.15,520910312,14784928.87
"2025-04-08","Lyft",171924,3415,168509,240.9,458.8,4.87,20.09,14.54,29.29,837293.22,207241443,5035675.69
"2025-04-08","Uber",446338,4397,441941,217.6,445.9,4.768,19.1,14.98,32.72,2127984.32,511389839,14605927.5
"2025-04-09","Lyft",175816,3877,171939,244.6,478.2,5.035,20.64,14.64,30.92,885309.64,217767430,5435379.58
"2025-04-09","Uber",474886,4861,470025,221.4,458.5,4.959,19.9,14.95,34.11,2354890.31,567059767,16200035.33
"2025-04-10","Lyft",190603,3875,186728,248.4,488.6,5.047,20.81,14.55,31.17,961972.59,237967528,5941512.36
"2025-04-10","Uber",496965,5070,491895,223.6,459,5.055,20.25,14.98,34.69,2512209.94,603677998,17240457.78
"2025-04-11","Lyft",230179,3578,226601,273.5,518.5,4.559,19.76,13.84,28.64,1049404.08,272960915,6592596.43
"2025-04-11","Uber",562156,4622,557533,243.5,493.6,4.698,19.7,14.31,31.77,2640793.51,664307442,17857889.1
"2025-04-12","Lyft",248364,1762,246601,269.4,494.8,4.53,18.55,14.65,27.21,1125098.2,276454208,6758501.93
"2025-04-12","Uber",568808,2428,566380,240.9,484.3,4.647,18.28,15.25,29.64,2643497,624007373,16860181.45
"2025-04-13","Lyft",189648,1479,188169,254.5,478.1,5.325,18.16,17.6,28.65,1009901.64,206592912,5433754.11
"2025-04-13","Uber",446825,2221,444604,231.8,479.1,5.353,17.72,18.13,30.69,2392004.67,475013571,13712909.29
"2025-04-14","Lyft",155159,2951,152208,227.3,421.1,5.233,18.51,16.96,28.93,811896.66,172321466,4489052.71
"2025-04-14","Uber",376291,4087,372204,209.9,429.2,5.177,18.01,17.25,32.6,1947978.9,406592561,12265962.77
"2025-04-15","Lyft",160545,3074,157471,231.2,430.7,4.921,19.33,15.28,28.79,790092.86,186153213,4621843.53
"2025-04-15","Uber",412629,3974,408654,211.2,430.7,4.985,18.95,15.78,32.79,2056866.88,469124903,13529250.28
"2025-04-16","Lyft",172102,3232,168870,227.9,422.7,4.983,19.39,15.41,29.48,857542.4,200273366,5073844.81
"2025-04-16","Uber",441322,4192,437130,208.4,420.8,5.003,18.95,15.84,33.42,2207963.35,501657230,14750141.96
"2025-04-17","Lyft",179469,3167,176302,235.9,438.2,5.032,20.54,14.7,30.3,903100.08,221192795,5437792.74
"2025-04-17","Uber",455383,4637,450745,215.4,435.3,5.192,20.49,15.21,34.93,2364397.44,559748379,15905233.19
"2025-04-18","Lyft",195027,2857,192170,239.3,441.7,4.9,18.81,15.63,29.15,955566.13,220071189,5685689.41
"2025-04-18","Uber",480009,3676,476332,219.2,444.6,5.048,18.73,16.17,31.78,2422915.9,539554825,15253132.52
"2025-04-19","Lyft",214371,1488,212883,256.3,471.5,4.911,18.82,15.65,28.64,1052710.33,242084418,6139470.64
"2025-04-19","Uber",522302,2147,520155,233.7,473.8,5.047,18.67,16.22,30.74,2636094.7,585236251,16053897.92
"2025-04-20","Lyft",183038,1489,181549,274.4,517.6,5.428,18.28,17.82,30.04,993448.45,200743092,5499302.53
"2025-04-20","Uber",458966,2206,456760,253.1,532,5.553,18.26,18.24,31.9,2548820.54,502975722,14641386.79
"2025-04-21","Lyft",142575,3084,139491,233.9,464.6,5.229,19.7,15.93,30.95,745515.68,168526721,4412436.8
"2025-04-21","Uber",415999,4117,411882,218,471.3,5.227,19.41,16.16,33.09,2174431.14,484379200,13766448.8
"2025-04-22","Lyft",148693,3393,145300,232.6,447.5,5.115,20.69,14.83,31.5,760495.97,184599760,4683158.63
"2025-04-22","Uber",433953,4118,429835,215.2,454.8,5.065,20.09,15.13,33.66,2198098,523032306,14608956.33
"2025-04-23","Lyft",160805,3765,157039,237.1,457.9,5.098,21.06,14.52,31.4,819766.44,203192122,5048940.9
"2025-04-23","Uber",459226,4430,454796,215.8,450.3,5.05,20.45,14.82,34.24,2319298.38,563443297,15723518.94
"2025-04-24","Lyft",162309,3815,158494,245.6,478.4,5.031,22.07,13.68,32.29,816647.99,214942940,5241191.2
"2025-04-24","Uber",485411,4890,480520,221.6,464.1,5.143,21.58,14.3,35.68,2496673.35,628373847,17318943.64
"2025-04-25","Lyft",203624,3619,200005,255.6,487.9,5.006,21.34,14.08,30.92,1019356.58,260674473,6295447.28
"2025-04-25","Uber",534953,4559,530391,228.5,472.1,4.938,20.62,14.37,32.98,2641346.06,661881959,17643420.58
"2025-04-26","Lyft",219262,2006,217256,264.2,500.1,4.861,19.82,14.72,29.76,1065816.6,260694908,6525873.69
"2025-04-26","Uber",582730,2506,580224,241.7,513.3,4.825,19.25,15.04,31.11,2811625.27,672953404,18131584.97
"2025-04-27","Lyft",183035,2240,180795,285.6,557.4,5.459,19.9,16.46,31.84,999242.09,218567711,5828202.07
"2025-04-27","Uber",487536,2843,484693,262.4,554.5,5.508,19.66,16.81,33.67,2685524.96,575216090,16413989.26
"2025-04-28","Lyft",146003,3574,142429,240.7,478.5,5.307,20.89,15.24,31.39,774772.52,182961354,4583561.55
"2025-04-28","Uber",423468,4569,418899,219.6,471.6,5.222,20.23,15.48,33.43,2211233.43,514098821,14155934.22
"2025-04-29","Lyft",151041,3361,147680,236.4,458.6,5.11,20.89,14.68,30.75,771804.95,189307882,4645208.08
"2025-04-29","Uber",441993,4162,437831,215,448.9,5.019,20.21,14.9,33.69,2218424.92,536056023,14892116.43
"2025-04-30","Lyft",165571,3781,161790,245.3,477.8,5.133,21.72,14.18,31.74,849953.32,215808250,5255679.84
"2025-04-30","Uber",473357,4554,468802,222.3,465.3,5.133,21.23,14.51,35.21,2429719.03,602840347,16668549.12
"2025-05-01","Lyft",181704,3899,177805,258.7,510.3,5.204,22.42,13.93,32.92,945563.38,244417642,5982544.68
"2025-05-01","Uber",492763,4905,487857,233,487.6,5.253,21.97,14.35,36.97,2588535.61,649607326,18217871.7
"2025-05-02","Lyft",207976,3750,204226,260.5,505.6,4.958,21.01,14.16,30.68,1031112.23,262156301,6381179.02
"2025-05-02","Uber",536917,4395,532521,232.3,479.9,4.941,20.51,14.45,33.28,2653154.99,660797967,17871221.32
"2025-05-03","Lyft",228621,2055,226566,269.2,509.2,4.933,19.99,14.81,29.75,1127882.76,274246886,6802473.64
"2025-05-03","Uber",574273,2382,571890,247.8,515.7,4.912,19.38,15.21,31.69,2820567.74,667605491,18199913.62
"2025-05-04","Lyft",189969,2002,187966,295.9,582.4,5.283,19.75,16.05,31.52,1003612.98,225087763,5987242.79
"2025-05-04","Uber",480251,2562,477688,283.1,593.3,5.335,19.49,16.43,33.97,2562320.33,561487664,16312657.46
"2025-05-05","Lyft",179514,4032,175482,270.6,548.5,4.992,20.73,14.45,31.09,896221.09,223309237,5581442.32
"2025-05-05","Uber",477427,4863,472563,251.6,539.6,4.832,20.02,14.48,33.63,2307026.28,573374394,16054972.37
"2025-05-06","Lyft",174610,3677,170933,257.6,519.6,5.119,21,14.63,31.37,893759.69,219989200,5477063.29
"2025-05-06","Uber",458254,4392,453862,235.7,502.9,4.941,20.17,14.69,34.93,2264167.74,554679588,16009038.5
"2025-05-07","Lyft",174257,3819,170438,254.3,502.2,5.178,21.51,14.44,31.98,902316,224900696,5572167.79
"2025-05-07","Uber",460814,4742,456072,233.2,494.5,5.187,21.11,14.74,36.1,2390278.98,583768648,16634931.49
"2025-05-08","Lyft",192065,4151,187913,264.7,522,5.093,22.4,13.64,32.55,978274.22,258157721,6251903.41
"2025-05-08","Uber",487182,4932,482249,241,509.4,5.191,22.24,14.01,37.16,2528967.27,650015474,18102296.87
"2025-05-09","Lyft",221848,4057,217791,282.4,558.7,4.721,21.22,13.35,31.09,1047454.23,282483452,6896256.17
"2025-05-09","Uber",565820,5013,560806,259.1,543,4.834,21.21,13.67,34.15,2735126.28,720173340,19324502.38
"2025-05-10","Lyft",218874,1956,216918,276,520.2,4.928,20.2,14.64,30.2,1078579.7,265301156,6610204.05
"2025-05-10","Uber",550307,2360,547946,259.9,530.7,5.041,20.07,15.07,31.72,2773834.95,662608576,17456667.99
"2025-05-11","Lyft",189358,1819,187539,309.2,599.6,5.223,19.58,16.01,31.7,988995.94,222445070,6002104.39
"2025-05-11","Uber",495108,2513,492595,301.8,618.6,5.533,20.15,16.47,33.8,2739605.14,598702769,16736989.25
"2025-05-12","Lyft",156783,3527,153256,257.4,514.9,5.224,21.1,14.85,32.16,819013.6,198502513,5042850.11
"2025-05-12","Uber",418332,4718,413614,244.6,531.6,5.304,20.76,15.33,35.8,2218740.93,521192966,14977020.5
"2025-05-13","Lyft",170305,3580,166725,255.2,516.1,4.801,21.26,13.55,31.7,817557.11,217258925,5398402.97
"2025-05-13","Uber",458848,4714,454134,241.9,514.9,4.924,20.96,14.1,36.34,2259282.75,576930745,16674280.39
"2025-05-14","Lyft",189998,4249,185749,285.7,614.2,4.498,21.34,12.65,32.31,854598.01,243241880,6137933.41
"2025-05-14","Uber",530127,5270,524857,271,585.1,4.761,21.61,13.22,38.14,2523802.57,687315721,20218816.9
"2025-05-15","Lyft",187956,3997,183959,266.2,535.8,4.99,22.01,13.6,33.91,937894.38,248230069,6372725.47
"2025-05-15","Uber",499776,5763,494012,250,535.3,5.39,22.61,14.3,39.01,2693988.09,678023096,19494964.54
"2025-05-16","Lyft",210827,3883,206944,277.2,554.9,4.703,21.29,13.25,32.06,991513.23,269361104,6758208.63
"2025-05-16","Uber",537494,5520,531972,267.8,577,5.311,22.97,13.87,37.88,2854426.23,740820145,20357590.89
"2025-05-17","Lyft",234066,2538,231528,299.6,567.9,4.759,20.4,14,31.57,1113993.52,286507746,7389582.42
"2025-05-17","Uber",559580,3451,556128,295.4,600.7,5.488,21.65,15.21,36.18,3071210.18,726939073,20245462.14
"2025-05-18","Lyft",196230,2047,194183,297.3,572.5,5.151,19.61,15.76,31.87,1010760.83,230928042,6254192.81
"2025-05-18","Uber",474764,3073,471691,306.2,672.6,5.852,20.89,16.81,36.19,2778138.26,594935316,17183693.57
"2025-05-19","Lyft",170297,3777,166520,264.5,514.7,5.222,21.34,14.68,32.68,889260.61,218099210,5564464.89
"2025-05-19","Uber",414872,5269,409602,253.2,542.5,5.387,21.54,15.01,36.46,2234978.8,536099003,15124353.69
"2025-05-20","Lyft",176602,3786,172816,263.8,523,5.034,21.75,13.89,32.7,889073.63,230443163,5774747.92
"2025-05-20","Uber",433681,5050,428631,243.8,513.4,5.216,21.69,14.43,37.7,2262079.89,564423621,16351808.79
"2025-05-21","Lyft",209528,4255,205273,277.5,549.8,4.845,21.15,13.74,32.06,1015197.15,265925305,6717915.17
"2025-05-21","Uber",487610,6234,481375,250.1,519.2,5.039,21.24,14.23,38.22,2457039.5,621521151,18635856.09
"2025-05-22","Lyft",199585,4382,195203,279.7,581.3,4.772,21.56,13.28,33.62,952508.83,258186820,6710611.83
"2025-05-22","Uber",516231,6553,509678,273.9,586.9,5.135,22.77,13.53,39.4,2650897.14,705220563,20337918.98
"2025-05-23","Lyft",232672,4186,228486,268.6,529.3,4.746,20.53,13.87,30.42,1104375.08,286671974,7077040.74
"2025-05-23","Uber",473915,5162,468753,253.6,519.5,5.229,21.53,14.57,35.22,2478033.98,612164382,16690205.05
"2025-05-24","Lyft",221835,2118,219717,236.7,445.5,5.01,18.38,16.36,28.52,1111300.41,244615039,6326944.64
"2025-05-24","Uber",462421,2523,459897,235.8,470.1,5.306,18.81,16.93,30.76,2453423.01,521792240,14223019.57
"2025-05-25","Lyft",196808,1712,195096,263.9,501.8,5.04,18,16.81,28.6,991993.37,212496779,5627843.82
"2025-05-25","Uber",436788,2212,434576,263.3,526.7,5.391,18.31,17.66,30.5,2354787.83,479975600,13323694.4
"2025-05-26","Lyft",165582,1900,163682,265.4,525.6,5.388,17.86,18.1,30.35,892229.55,177429352,5025234.04
"2025-05-26","Uber",355795,2373,353422,266.4,559.8,5.636,18.06,18.73,32.28,2005437.82,385501698,11484474.34
"2025-05-27","Lyft",165010,3675,161335,239.5,467.7,4.941,20.33,14.58,30.74,815341.94,201272455,5071955.86
"2025-05-27","Uber",400768,4432,396336,231.6,473.3,5.122,20.16,15.24,33.95,2052749.03,484751762,13605854.16
"2025-05-28","Lyft",189763,3837,185926,256.8,515.7,4.457,20.75,12.89,30.62,845781.43,236301151,5809746.77
"2025-05-28","Uber",459069,4573,454496,246.4,505.9,4.812,21.31,13.55,35.85,2208948.88,586944126,16455987.02
"2025-05-29","Lyft",190361,4083,186278,245.6,489.1,4.859,21.12,13.81,31.81,924950.55,241183741,6054649.06
"2025-05-29","Uber",471880,5121,466757,235.8,480,5.078,21.05,14.47,35.77,2396425.66,596022803,16877833.18
"2025-05-30","Lyft",215396,3897,211499,247.2,476.1,4.801,20.9,13.78,30.33,1034110.09,270063658,6532998.12
"2025-05-30","Uber",504696,4808,499888,240.8,485.6,4.934,20.63,14.35,32.97,2490141.31,624700408,16638435.95
"2025-05-31","Lyft",213447,2008,211439,245,472.6,4.747,18.79,15.16,29.37,1013154.72,240639150,6269495.27
"2025-05-31","Uber",553991,2419,551570,246.3,502.5,5.032,19.15,15.77,30.92,2787940.54,636490898,17131678.81
"2025-06-01","Lyft",184147,1803,182344,260.9,502.7,5.325,19.27,16.58,31.19,980492.16,212938240,5744096.75
"2025-06-01","Uber",466418,2383,464034,265,541,5.586,19.44,17.24,32.63,2605400.03,543944092,15220380.07
"2025-06-02","Lyft",135448,3600,131848,228.5,435.3,5.114,19.42,15.8,30.59,692721.2,157814523,4143747.78
"2025-06-02","Uber",400560,4428,396132,228.3,475.2,5.301,19.24,16.53,33.53,2123328.74,462417963,13431614.36
"2025-06-03","Lyft",147396,3306,144090,232.9,443.3,5.015,19.87,15.14,31.93,739172.82,175743381,4705751.25
"2025-06-03","Uber",436567,4428,432139,227.9,475.1,5.117,19.68,15.6,34.26,2233801.8,515605226,14955005.56
"2025-06-04","Lyft",167997,3768,164229,254.7,500.1,4.903,21.39,13.75,32.57,823668.64,215583214,5472398.86
"2025-06-04","Uber",480259,5142,475117,239.5,507.9,5.143,21.61,14.28,36.37,2469820.38,622648971,17466579.37
"2025-06-05","Lyft",183663,3906,179757,275,532.4,4.951,21.27,13.97,33.4,909407.31,234380956,6134850.22
"2025-06-05","Uber",497488,5403,492084,256.8,534.9,5.37,21.85,14.74,38.37,2671329.36,652305231,19089221.57
"2025-06-06","Lyft",191553,3915,187638,327.6,631.6,4.632,19.88,13.98,33.14,887219.61,228482767,6348313.37
"2025-06-06","Uber",506471,5263,501208,321.2,651.1,5.334,21.37,14.98,38.52,2701340.91,649311035,19508177.5
"2025-06-07","Lyft",200018,2359,197659,305.6,576.8,4.519,18.49,14.67,31.24,903977.75,221875447,6248985.63
"2025-06-07","Uber",560954,3053,557900,300.3,622,5.203,20,15.61,34.46,2918452.01,673194778,19331475.58
"2025-06-08","Lyft",174743,2204,172539,317.7,608.6,5.052,18.83,16.09,32.09,882755.87,197459909,5606859.92
"2025-06-08","Uber",479259,3143,476113,304.8,625.9,5.759,20.2,17.11,35.6,2759993.74,580817919,17059695.73
"2025-06-09","Lyft",155019,4106,150913,263.5,522.8,4.967,20.02,14.88,31.4,769956.07,186228145,4867419.2
"2025-06-09","Uber",432917,5236,427681,244.5,521,5.292,20.54,15.46,35.39,2291132.15,533500351,15318826.46
"2025-06-10","Lyft",166709,3980,162729,259.6,505,4.706,20.07,14.07,30.78,784521.6,200784865,5130733.05
"2025-06-10","Uber",455485,4912,450573,239.9,510.3,5.01,20.51,14.66,35.61,2281767.28,560389658,16217961.88
"2025-06-11","Lyft",174416,4149,170267,263.2,506.2,4.703,20.59,13.71,31.13,820363.62,215490525,5430330.09
"2025-06-11","Uber",463150,5007,458142,241.3,505,5.234,21.41,14.67,36.81,2424053.36,595055189,17049340.34
"2025-06-12","Lyft",191534,4248,187286,279.5,544.3,4.66,21.16,13.21,31.96,892626.81,243175444,6121982.91
"2025-06-12","Uber",492083,5534,486548,255,531.9,5.329,22.64,14.13,38.4,2622307.99,668317021,18894352.02
"2025-06-13","Lyft",215558,3843,211715,275.7,527.2,4.748,20.43,13.94,30.06,1023514.75,264295336,6479947.09
"2025-06-13","Uber",504085,5097,498986,246.1,506.8,5.182,21.11,14.73,33.9,2612180.42,638405548,17088729.13
"2025-06-14","Lyft",226902,2108,224794,283.7,538.1,4.563,18.39,14.89,28.03,1035395.64,250348774,6358943.13
"2025-06-14","Uber",538796,2655,536141,258.8,534.8,5.125,19.39,15.86,30.97,2761103.05,626706978,16688998.87
"2025-06-15","Lyft",188891,1697,187194,289.1,552.5,4.799,17.78,16.2,28.51,906572.94,201468606,5385053.34
"2025-06-15","Uber",452993,2497,450495,272.8,561.7,5.547,19.03,17.49,31.83,2512583.19,517286626,14420807.47
"2025-06-16","Lyft",161395,3727,157668,258.5,499.7,4.788,19.08,15.05,29.82,772825.15,184810200,4812011.37
"2025-06-16","Uber",413536,4568,408968,239.4,512.9,5.241,19.83,15.86,33.71,2167139.6,491978775,13940720.11
"2025-06-17","Lyft",166415,3569,162846,255.6,490.2,4.594,19.9,13.85,30.24,764427.54,198658152,5032220.92
"2025-06-17","Uber",433424,4546,428878,234.7,494.8,5.067,20.64,14.73,34.51,2196125.26,536736928,14958250.23
"2025-06-18","Lyft",186949,3972,182977,278,543.7,4.649,20.4,13.68,31.5,869207.23,228779305,5889485.6
"2025-06-18","Uber",473540,5447,468093,250.2,525.1,5.279,21.54,14.7,36.22,2499731.85,612075719,17153067.58
"2025-06-19","Lyft",197818,3618,194200,267.6,519.1,4.69,19.62,14.35,30.72,927796.43,232816982,6077242.96
"2025-06-19","Uber",468848,4538,464310,244.4,521.4,5.197,20.55,15.17,34.38,2436660.91,578087460,16118204.47
"2025-06-20","Lyft",207697,3461,204236,275,535.9,4.637,20.31,13.69,30.58,963026.16,253155898,6351897.04
"2025-06-20","Uber",499579,4738,494840,248.4,529.1,5.175,21.4,14.51,33.59,2585428.21,641494143,16779295.89
"2025-06-21","Lyft",219694,1977,217717,296.7,583.7,4.569,19.03,14.41,29.91,1003773.17,250829231,6571912.53
"2025-06-21","Uber",536818,2812,534006,275.4,583.8,5.343,20.49,15.65,32.55,2868335.02,659851324,17474825.38
"2025-06-22","Lyft",193556,2068,191488,300.4,595.4,5.042,18.61,16.26,30.83,975842.77,216099083,5968113.03
"2025-06-22","Uber",472400,2889,469511,280.3,585.3,5.626,19.4,17.4,32.99,2657517.35,549909692,15585503.12
"2025-06-23","Lyft",182155,4117,178038,305.1,620.9,4.752,19.93,14.31,31.55,865628.1,217814865,5747609.8
"2025-06-23","Uber",448058,5243,442814,273.9,574.4,5.219,20.94,14.96,36.37,2338433.87,562865435,16296216.54
"2025-06-24","Lyft",196908,4224,192684,317.9,642.7,4.412,19.25,13.75,30.87,868786.1,227383496,6078180.24
"2025-06-24","Uber",488411,5386,483024,270.9,564.1,4.856,20.11,14.49,37.01,2371807.94,589206358,18075743.02
"2025-06-25","Lyft",199660,4346,195314,310.5,635.3,4.395,19.92,13.24,31.49,877450.9,238585378,6286428.16
"2025-06-25","Uber",487608,5535,482071,260.8,539.1,4.988,21.08,14.2,38.8,2432150.98,616654250,18920850.13
"2025-06-26","Lyft",197411,4211,193199,287.4,586.2,4.722,21.72,13.05,32.72,932154.83,257240149,6458916.25
"2025-06-26","Uber",470087,5729,464358,247.3,510.4,5.29,22.81,13.91,39.51,2486860.72,643412970,18575281.13
"2025-06-27","Lyft",216334,3722,212611,266.5,509.1,4.955,20.75,14.33,31.81,1071941.12,269288061,6881514.97
"2025-06-27","Uber",475954,5241,470712,237.1,488,5.294,20.98,15.14,35.36,2519908.08,599133047,16828457.03
"2025-06-28","Lyft",244171,2144,242027,290.3,567.9,4.852,19.75,14.74,29.27,1184801.13,289342900,7147934.85
"2025-06-28","Uber",502051,2728,499323,246.4,501.5,5.253,20.04,15.73,33.21,2637239.98,603553200,16674846.59
"2025-06-29","Lyft",217677,2144,215533,332.7,655,5.088,18.93,16.13,30.11,1107493.18,247213165,6553844.96
"2025-06-29","Uber",442624,2651,439972,280.1,576.3,5.642,19.62,17.25,35.1,2497163.48,521141606,15535678.87
"2025-06-30","Lyft",196096,3977,192119,266,505.6,4.927,19.48,15.17,28.24,966072.39,229254122,5538489.34
"2025-06-30","Uber",378741,4482,374259,233.1,487.7,5.104,19.22,15.93,33.34,1932968.75,436845640,12627438.97
"2025-07-01","Lyft",181170,3685,177485,256.9,499.5,4.547,19.18,14.22,29.34,823741.3,208523005,5316351.28
"2025-07-01","Uber",419972,4461,415510,232.9,489.6,4.842,19.4,14.98,32.93,2033549.47,488753649,13828664.08
"2025-07-02","Lyft",169303,3833,165470,235.1,440.3,4.917,19.97,14.77,30.82,832518.4,202863292,5218084.87
"2025-07-02","Uber",413898,4764,409134,217.7,454.2,5.133,19.94,15.45,32.78,2124403.66,495092212,13568514
"2025-07-03","Lyft",188954,3895,185059,243.5,461.8,4.755,20.06,14.23,29.7,898549.32,227391775,5612608.95
"2025-07-03","Uber",438803,4400,434402,228.3,478.5,5.015,20.17,14.92,31.39,2200555.12,530922863,13775426.09
"2025-07-04","Lyft",176266,2280,173986,271.3,541.6,5.126,17.84,17.24,29.75,903554.6,188627286,5243980.17
"2025-07-04","Uber",396430,2246,394184,267.3,591.9,5.613,18.74,17.97,32.26,2225139.25,445707839,12787444.37
"2025-07-05","Lyft",176608,1443,175165,247,489.5,4.882,17.43,16.8,28.35,862216.49,184726933,5006999.45
"2025-07-05","Uber",436144,1864,434280,236.4,508.2,5.344,18.11,17.7,29.33,2330937.02,473957002,12794029.94
"2025-07-06","Lyft",163702,1506,162196,243.2,465.9,5.26,18.02,17.52,29.75,861127.3,176953798,4869697.07
"2025-07-06","Uber",400146,2063,398083,238.9,516.1,5.627,18.53,18.22,30.84,2251685.08,444849623,12340504.31
"2025-07-07","Lyft",142045,3151,138894,228.7,439.7,5.122,18.94,16.22,30.45,727616.29,161446761,4325833.66
"2025-07-07","Uber",386646,3899,382746,218.1,469.7,5.168,18.71,16.57,31.59,1998206.22,434081381,12215145.34
"2025-07-08","Lyft",155302,3226,152076,234.9,455.2,4.701,19.21,14.69,30.29,730063.41,178957740,4703662.53
"2025-07-08","Uber",443302,4260,439042,220.4,465.3,4.841,19.19,15.13,32.49,2146085.63,510537199,14403126.69
"2025-07-09","Lyft",164089,3595,160494,238.4,463.7,4.728,19.98,14.19,31,775759.82,196751670,5086489.84
"2025-07-09","Uber",446298,4555,441743,223.5,465.6,5.006,20.32,14.78,34.4,2234116.39,544075273,15353077.31
"2025-07-10","Lyft",166914,3717,163197,227,427.5,4.889,20.56,14.27,31.51,816032.8,205902720,5259190.14
"2025-07-10","Uber",459520,4764,454755,215.7,448.1,5.118,20.78,14.78,34.17,2352002.2,572894798,15701455.49
"2025-07-11","Lyft",195958,3496,192462,234.1,428.7,4.823,20.03,14.44,29.75,945009.92,235522561,5829213.3
"2025-07-11","Uber",488464,4505,483959,220.8,455.7,5.056,20.2,15.02,31.86,2469719.18,591897903,15562673.21
"2025-07-12","Lyft",219387,2026,217361,259.1,496.4,4.726,19.09,14.85,29.08,1036831.29,251288581,6380610.35
"2025-07-12","Uber",528082,2502,525579,237.5,485.9,5.202,19.83,15.74,30.88,2746885.5,628239431,16308981.49
"2025-07-13","Lyft",191151,1853,189298,270.2,521.6,5.061,18.57,16.36,29.9,967460.2,212928745,5715577.03
"2025-07-13","Uber",448595,2482,446112,257.2,532.7,5.649,19.47,17.41,32.39,2534131.95,524005644,14528112.83
"2025-07-14","Lyft",154226,3800,150426,269.2,539.6,4.809,19.04,15.16,31.47,741708.1,176148078,4852947.8
"2025-07-14","Uber",454046,4796,449250,248.7,532,5.061,19.32,15.72,34.21,2297800.77,526373956,15532645.6
"2025-07-15","Lyft",159929,3750,156179,248.8,484.4,5.046,20.35,14.88,32.03,807071.15,195272713,5122584.64
"2025-07-15","Uber",434718,4860,429858,229.9,496,5.224,20.41,15.36,34.99,2270816.9,532288996,15208909.36
"2025-07-16","Lyft",168744,4001,164743,250,482.9,4.762,19.9,14.36,31.47,803579.3,201484145,5309648.43
"2025-07-16","Uber",469327,4992,464335,226.8,476.1,5.075,20.29,15.01,34.7,2382044.89,571469555,16287223.84
"2025-07-17","Lyft",184902,4140,180762,251.4,479,4.933,20.48,14.45,32.02,912129.29,227257364,5920220.36
"2025-07-17","Uber",491088,5247,485841,228.8,475.9,5.293,20.96,15.15,35.48,2599226.14,617697504,17421916.09
"2025-07-18","Lyft",198995,3630,195365,250.5,468.4,4.832,20.13,14.4,30.14,961445.89,240330762,5998607.56
"2025-07-18","Uber",494580,4812,489768,229.6,474.8,5.167,20.48,15.13,32.52,2555297.97,607821361,16082655.35
"2025-07-19","Lyft",211483,2068,209415,268.4,509.6,4.786,18.87,15.21,29.21,1012107.09,239494343,6176824.85
"2025-07-19","Uber",537214,2587,534627,238.5,482.9,5.205,19.45,16.05,30.51,2796169.95,627088490,16392204.13
"2025-07-20","Lyft",190442,1852,188590,282.6,542,5.143,18.43,16.75,29.85,979535.24,210551266,5684118.67
"2025-07-20","Uber",463356,2426,460930,254.8,526.5,5.523,18.83,17.6,31.68,2559195.45,523457257,14678274.93
"2025-07-21","Lyft",148681,3700,144981,245.9,471.9,5.047,19.38,15.63,30.65,750414.08,172886375,4557244.22
"2025-07-21","Uber",409147,4562,404585,227.5,484.8,5.325,19.66,16.25,33.12,2178526.57,482685260,13549424.45
"2025-07-22","Lyft",154483,3572,150911,240.4,455.5,4.864,20.11,14.51,30.62,751345.16,186378095,4730747.97
"2025-07-22","Uber",414555,4343,410211,222,467.2,5.185,20.39,15.26,34.04,2149299.59,507177117,14112728.1
"2025-07-23","Lyft",164559,3715,160844,236,447.2,4.911,20.38,14.46,30.87,808219.15,201253395,5080041.35
"2025-07-23","Uber",432781,4558,428223,217.5,453.5,5.22,20.73,15.11,34.59,2259285.99,538182102,14971413.99
"2025-07-24","Lyft",178889,3799,175090,242.1,461.9,4.88,21.06,13.9,31.53,872894.55,225996620,5639549.79
"2025-07-24","Uber",461279,4979,456299,222.1,465.7,5.284,21.65,14.64,35.31,2437294.02,599188724,16288463.77
"2025-07-25","Lyft",215214,3812,211402,258.4,494.4,4.657,19.72,14.17,29.73,1002177.86,254580233,6397451
"2025-07-25","Uber",514924,4787,510137,234.7,487.5,5.081,20.4,14.95,32.5,2616423.07,630200754,16732859.33
"2025-07-26","Lyft",211098,2168,208930,275.8,542.2,4.769,19.31,14.82,30.25,1006722.01,244561593,6385419.54
"2025-07-26","Uber",525650,2835,522815,251.6,524.1,5.444,20.74,15.75,32.58,2861392.91,654096873,17127730.99
"2025-07-27","Lyft",184490,1887,182603,269.5,535.4,5.021,18.08,16.66,29.77,926389.86,200180527,5493101.65
"2025-07-27","Uber",460206,2632,457574,247.6,527,5.612,18.94,17.78,31.63,2582687.76,522903774,14557880.56
"2025-07-28","Lyft",160629,3711,156918,251.7,485.6,5.017,19.26,15.63,30.64,805841.7,185637333,4920960.44
"2025-07-28","Uber",423363,4834,418529,234.7,501.3,5.321,19.61,16.28,33.24,2252587.11,498038668,14070505.22
"2025-07-29","Lyft",165033,3667,161366,253.8,498.9,4.696,19.59,14.39,30.9,775076.5,193939734,5098800.02
"2025-07-29","Uber",462284,4720,457564,230.3,483.3,4.989,19.79,15.13,33.41,2306263.63,548836313,15443582.55
"2025-07-30","Lyft",174459,3872,170587,254.4,497.1,4.651,19.7,14.17,31.04,811428.5,206163845,5415082.84
"2025-07-30","Uber",475826,5005,470821,229.2,481.5,4.98,20.12,14.85,34.07,2369648.23,574369292,16212020.73
"2025-07-31","Lyft",181126,4413,176713,270.7,565.7,4.587,20.79,13.24,32.54,830792.77,225936178,5894743.27
"2025-07-31","Uber",503072,6002,497069,246.8,545.2,4.998,22.11,13.56,36.27,2514351.34,667391949,18248001.98
"2025-08-01","Lyft",195261,3588,191673,251,482.4,5.029,20.42,14.78,31.5,981990.66,239231104,6150007.16
"2025-08-01","Uber",485807,4905,480902,234.8,494.7,5.217,20.61,15.19,32.87,2534549.32,600820988,15967822.96
"2025-08-02","Lyft",206148,1996,204152,264,515.5,4.989,19.35,15.47,30.33,1028567.38,239318881,6253112.47
"2025-08-02","Uber",504696,2556,502140,242.4,507.5,5.292,19.84,16,31.11,2670706.87,600801917,15699635.07
"2025-08-03","Lyft",179849,1780,178069,256.7,496.1,5.259,18.37,17.18,30.21,945852.28,198222423,5433742.73
"2025-08-03","Uber",438685,2361,436324,242,513.8,5.536,18.83,17.64,31.14,2428679.11,495603522,13662727.74
"2025-08-04","Lyft",149490,3541,145949,238.7,455.3,5.065,19.29,15.75,30.43,757190.33,173046821,4548510.66
"2025-08-04","Uber",396336,4358,391978,225.5,485.4,5.203,19.28,16.19,32.12,2062081.21,458433575,12729899.17
"2025-08-05","Lyft",150400,3343,147057,231.2,432.8,4.91,19.38,15.2,30.97,738479.13,174874727,4657264.51
"2025-08-05","Uber",414111,4228,409882,215.6,455.7,5.056,19.36,15.67,32.47,2093925.57,481050485,13447829.34
"2025-08-06","Lyft",162564,3686,158878,236.1,440.4,4.807,19.82,14.55,30.68,781465.26,193353883,4987327.01
"2025-08-06","Uber",432333,4554,427779,215.2,444,5.105,20.14,15.21,33.7,2207062.61,522499881,14568334.47
"2025-08-07","Lyft",165241,3734,161507,230.8,426.8,4.992,20.51,14.6,32.02,824867.71,203367708,5290224.48
"2025-08-07","Uber",448644,5070,443574,212.3,434,5.239,20.74,15.15,33.87,2350575.49,558418124,15197613.3
"2025-08-08","Lyft",190105,3454,186651,234.8,433.5,4.909,19.95,14.76,30.7,933130.97,227611841,5835816.52
"2025-08-08","Uber",479062,4840,474221,217.6,443.5,5.146,20.27,15.24,32.06,2465204.53,582522178,15358646.48
"2025-08-09","Lyft",204532,2013,202519,250.6,473.4,4.976,19.2,15.55,29.75,1017807.2,235561094,6084681.8
"2025-08-09","Uber",487743,2790,484950,228.2,464,5.268,19.66,16.07,30.92,2569355.18,575417686,15080273.67
"2025-08-10","Lyft",192237,1833,190404,267.8,510.1,5.241,19.02,16.53,29.84,1007554.13,219414044,5736300.56
"2025-08-10","Uber",418758,2543,416212,245.3,509,5.581,19.56,17.12,32.38,2336924.37,491425852,13560021.38
"2025-08-11","Lyft",151029,3455,147574,235.9,447.5,5.012,18.92,15.9,29.88,756888.45,171402868,4513323.75
"2025-08-11","Uber",384970,4668,380301,219,465.8,5.273,19.18,16.5,32.75,2030092.77,442928713,12609192.57
"2025-08-12","Lyft",160599,3408,157191,231.4,426.1,4.784,19.18,14.97,29.79,768325.39,184790646,4783825.23
"2025-08-12","Uber",402613,4434,398178,211.9,435.8,5.076,19.37,15.72,33.08,2043730.81,467968755,13318314.36
"2025-08-13","Lyft",182158,3653,178505,253.2,506.8,4.564,19.16,14.29,30.1,831340.92,209445618,5482866.68
"2025-08-13","Uber",452846,5002,447842,222.8,469.4,4.941,19.81,14.96,34.41,2237549.16,538310429,15580759.73
"2025-08-14","Lyft",185698,3822,181876,239.8,445.1,4.965,20.2,14.75,32.07,922013.82,225046010,5954645.72
"2025-08-14","Uber",454638,5225,449407,214.3,440.4,5.305,20.72,15.36,34.41,2411875.49,565148765,15642019.12
"2025-08-15","Lyft",207608,3585,204023,251.6,465.1,4.845,19.78,14.7,30.12,1005825.6,246399838,6252196.94
"2025-08-15","Uber",479359,4756,474602,223.1,453.3,5.164,20.18,15.35,32.35,2475436.18,580438577,15505516.01
"2025-08-16","Lyft",204951,2003,202948,266.1,499.3,4.888,19.18,15.29,29.9,1001701.52,235818028,6127896.45
"2025-08-16","Uber",492322,2804,489515,232.5,470.6,5.268,19.76,16,31.31,2593704.98,583645829,15412740.19
"2025-08-17","Lyft",93851,1148,92703,284.7,543.2,5.09,18.29,16.7,30.47,477748.13,102977820,2859409.45
"2025-08-17","Uber",439093,2719,436371,248,508.4,5.578,19.39,17.26,32.53,2449299.3,510889875,14283976.47
"2025-08-18","Lyft",93981,807,93174,236,444.3,5.007,18.3,16.41,30.22,470563.71,103205738,2840154.15
"2025-08-18","Uber",369979,4505,365474,217.1,458.5,5.507,19.26,17.16,33.3,2037388.19,427491461,12321346.48
"2025-08-19","Lyft",151230,3281,147949,227.6,414.4,4.844,19.07,15.24,30.64,732602.29,173050414,4633968.82
"2025-08-19","Uber",381297,4451,376846,208.2,426,5.236,19.5,16.11,33.44,1996542.24,446032411,12749170.3
"2025-08-20","Lyft",192742,3440,189302,251.9,472.2,4.379,18.99,13.83,29.63,843953.11,219646419,5710295.8
"2025-08-20","Uber",447782,5051,442731,220.9,450.3,4.885,19.85,14.77,34.01,2187562.03,533293715,15231201.9
"2025-08-21","Lyft",180653,3575,177078,234.8,435.7,5.003,20.11,14.93,32.15,903801.03,217967292,5808452.14
"2025-08-21","Uber",426594,5255,421339,211.4,437.1,5.35,20.54,15.62,35.03,2282087.36,525819237,14943211.83
"2025-08-22","Lyft",201326,3268,198058,243.1,445.7,4.955,20.26,14.67,31.85,997564.1,244733069,6412035.71
"2025-08-22","Uber",459269,4990,454279,218.4,443.5,5.242,20.62,15.26,33.2,2407410.78,568099768,15249452.79
"2025-08-23","Lyft",220912,1988,218924,261.7,490,5.073,19.55,15.57,31.55,1120756.08,259141780,6968938.18
"2025-08-23","Uber",496060,3264,492795,230.1,466.4,5.251,19.79,15.92,31.72,2605013.01,589085523,15735413.92
"2025-08-24","Lyft",190535,1930,188605,271.4,511.3,5.426,19.04,17.1,31.94,1033780.27,217616515,6086336.72
"2025-08-24","Uber",428123,3166,424957,241.3,496.2,5.735,19.58,17.58,33.27,2455398.55,502859705,14242483
"2025-08-25","Lyft",157337,3438,153899,238.4,454,5.19,19.24,16.19,31.54,816643.05,181600392,4962050.02
"2025-08-25","Uber",373148,5029,368119,216,453.1,5.457,19.51,16.79,34.24,2036439.39,436737069,12776663.01
"2025-08-26","Lyft",157338,3262,154076,227.3,417.3,4.952,19.53,15.21,31.37,779063.93,184387310,4935990.18
"2025-08-26","Uber",376218,4552,371666,206.6,419.9,5.254,19.9,15.85,34.63,1976733.58,449095491,13028761.72
"2025-08-27","Lyft",171344,3506,167838,225.4,414.1,4.996,20.33,14.74,32.24,855973.27,209001133,5523618.28
"2025-08-27","Uber",390624,5170,385454,206.4,417.7,5.309,20.84,15.29,35.74,2073867.32,488348457,13959541.66
"2025-08-28","Lyft",187013,3883,183130,230.8,424.9,5.078,20.65,14.75,32.7,949664.04,231733068,6115630.65
"2025-08-28","Uber",419622,5486,414135,210.2,426.6,5.387,21.07,15.34,35.69,2260507.04,530504804,14977176.21
"2025-08-29","Lyft",210089,3538,206551,239.8,448.4,5.126,20.16,15.26,32.26,1076981.94,254115261,6776657.68
"2025-08-29","Uber",456003,5199,450804,216.2,443.8,5.237,20.19,15.56,33.5,2388077.04,552393272,15276635.65
"2025-08-30","Lyft",224763,2048,222715,245.6,461.4,5.176,19.13,16.23,29.68,1163408.92,258047302,6670165.99
"2025-08-30","Uber",474315,3517,470796,220.9,453,5.268,19.22,16.44,31.72,2498627.67,546994791,15044482.6
"2025-08-31","Lyft",206929,1804,205125,276.1,536.2,5.272,18.99,16.66,30.05,1090912.81,235747055,6218223.99
"2025-08-31","Uber",439256,3168,436088,249.1,520.7,5.448,19.31,16.93,32.77,2392902.93,508945635,14392953.8
"2025-09-01","Lyft",161153,2085,159068,274.8,572.3,5.64,18.86,17.94,32.64,908906.11,182354793,5260123.52
"2025-09-01","Uber",367018,3586,363429,256.4,574.8,5.797,19.16,18.15,34.94,2127443.12,422029882,12823509.13
"2025-09-02","Lyft",162331,3650,158681,243,473.3,4.941,20.03,14.8,31.75,802107.65,195117791,5154744.88
"2025-09-02","Uber",397246,5096,392150,226.4,490.1,5.263,20.57,15.35,35.36,2090701.62,490302395,14046169.68
"2025-09-03","Lyft",166191,3547,162644,233.7,436.8,4.84,20.36,14.26,30.92,804376.16,203014243,5137870.74
"2025-09-03","Uber",425014,5118,419896,215.6,448.4,4.979,20.43,14.63,35.22,2116302.84,520910748,14970975.41
"2025-09-04","Lyft",177220,3732,173488,244.7,477.3,4.723,20.89,13.57,31.14,836954.97,222112647,5519164.05
"2025-09-04","Uber",467063,5547,461515,224.6,475.2,4.934,21.32,13.88,36.64,2304546.57,597519075,17111550.4
"2025-09-05","Lyft",199288,3824,195464,247.5,479.2,4.863,20.86,13.98,32.46,969068.89,249460192,6469193.86
"2025-09-05","Uber",510758,5891,504867,227.9,477.6,4.972,21.08,14.15,34.68,2539542.7,646147037,17713876.47
"2025-09-06","Lyft",218001,2172,215829,250,481.7,4.761,19.35,14.76,30.93,1037947.95,253083853,6742028.64
"2025-09-06","Uber",545279,4159,541119,231.6,481.9,4.788,19.69,14.59,32.49,2610525.76,644043121,17715323.99
"2025-09-07","Lyft",186341,2092,184249,264.7,519.7,5.275,19,16.65,31.86,982897.18,212479618,5937537.65
"2025-09-07","Uber",463124,4200,458922,245.9,513.4,5.413,19.23,16.88,33.72,2506763.55,534464956,15616054.94
"2025-09-08","Lyft",149328,3980,145348,239.3,478.4,5.006,20.63,14.56,32.55,747558.92,184804948,4859930.96
"2025-09-08","Uber",414445,5829,408614,228.7,492.1,5.316,21.47,14.86,35.93,2203285.9,533768054,14890765.6
"2025-09-09","Lyft",152068,3636,148432,236.7,455.5,4.849,20.91,13.91,32.75,737377.65,190810874,4980162.09
"2025-09-09","Uber",433044,4875,428168,224.1,466.2,5.098,21.47,14.25,36.28,2207857.93,557850746,15712303.39
"2025-09-10","Lyft",170877,4113,166764,246.6,488.4,4.867,21.64,13.5,33.6,831641.01,221836708,5741356.55
"2025-09-10","Uber",476169,5541,470628,234.2,500.4,5.061,22.21,13.67,38.12,2409969.78,634503797,18151423.37
"2025-09-11","Lyft",179748,4016,175732,248.8,489.5,4.925,21.95,13.46,33.9,885230.4,236684515,6093858.48
"2025-09-11","Uber",482546,5460,477085,235.9,502.9,5.207,22.71,13.76,37.56,2512673.67,657562067,18122869.76
"2025-09-12","Lyft",194308,3842,190466,264.1,523,4.796,21.82,13.19,33.58,931908.04,254357777,6524531.1
"2025-09-12","Uber",529891,5217,524672,251.4,524.8,5.123,22.97,13.38,35.85,2714453.74,730189485,18996676.01
"2025-09-13","Lyft",220360,2221,218139,267.1,510.5,5.03,20.43,14.77,32.98,1108452.52,270124098,7266700.26
"2025-09-13","Uber",572198,3066,569130,250.9,513.1,5.073,20.46,14.88,33.16,2903005.85,702339423,18975569.49
"2025-09-14","Lyft",192764,2239,190525,280.8,528.5,5.45,19.86,16.47,33.43,1050507.47,229665872,6444625.78
"2025-09-14","Uber",498894,3255,495639,274,555.9,5.559,19.95,16.72,34.01,2773518.64,597128010,16967397.3
"2025-09-15","Lyft",154854,4047,150807,241.7,465.8,5.029,20.49,14.72,32.88,778715.91,190423110,5091503.38
"2025-09-15","Uber",432568,5313,427255,233.2,503.1,5.331,21.12,15.14,35.56,2306086.96,548241462,15380342.04
"2025-09-16","Lyft",161019,3784,157235,237,454.7,4.846,20.86,13.94,32.89,780227.57,201532907,5295971.01
"2025-09-16","Uber",440131,4928,435202,225.8,473.4,5.116,21.2,14.48,36.25,2251515.18,559877784,15956094.48
"2025-09-17","Lyft",171973,4027,167946,237.9,460.7,4.939,21.28,13.92,33.55,849328.78,219588452,5769252.97
"2025-09-17","Uber",471343,5666,465677,231.1,483.6,5.1,21.45,14.27,36.62,2403942.4,606608388,17262166.48
"2025-09-18","Lyft",186446,4186,182260,251.9,499.3,4.972,22.37,13.33,34.5,926986.05,250274699,6432071.47
"2025-09-18","Uber",480289,6092,474197,239.4,504.3,5.32,23.35,13.67,38.97,2554899.58,672918455,18715495.61
"2025-09-19","Lyft",207713,4103,203610,253.8,487.5,4.919,21.86,13.5,33.87,1021747.25,272448185,7035685.28
"2025-09-19","Uber",519145,5775,513369,243.6,510.2,5.15,22.3,13.86,35.11,2673461.34,694548532,18227708.39
"2025-09-20","Lyft",223499,2152,221347,258.3,488.7,4.853,20.36,14.3,32.4,1084572.17,273037957,7241027.63
"2025-09-20","Uber",545898,3073,542825,246.2,504.8,5.165,20.99,14.76,33.23,2819484.94,687635317,18142403.23
"2025-09-21","Lyft",193633,2083,191550,270,513.3,5.346,19.88,16.14,33.14,1035091.02,230926224,6417718.42
"2025-09-21","Uber",472294,3188,469105,262.4,545,5.666,20.39,16.67,34.45,2676092.83,577793527,16270449.11
"2025-09-22","Lyft",165887,3847,162040,237.9,455.5,4.991,20.51,14.6,32.28,828006.74,204121616,5355172.55
"2025-09-22","Uber",379516,5303,374212,229.8,494.9,5.393,21.38,15.14,36.66,2046905.59,486764721,13914105.39
"2025-09-23","Lyft",156329,3222,153107,222.4,412.8,5.012,19.57,15.37,31.77,783563.62,183545385,4965810.25
"2025-09-23","Uber",365889,4362,361524,212.4,445.2,5.222,19.84,15.79,36.09,1910819.52,435591102,13203254.56
"2025-09-24","Lyft",174597,3576,171021,228.7,427.1,4.946,19.63,15.12,32.03,863612.1,205615354,5591794.3
"2025-09-24","Uber",410379,5035,405343,218.7,460.7,5.27,20.06,15.76,37.64,2162512.73,493851770,15448063.68
"2025-09-25","Lyft",196136,4381,191755,246.5,487.5,4.707,21.23,13.3,32.88,923265.36,249841810,6449520.48
"2025-09-25","Uber",478046,6194,471852,240.2,517.3,5.247,22.38,14.07,40.06,2508235.34,641954868,19150457.71
"2025-09-26","Lyft",197125,3992,193133,255,505,4.836,21.52,13.48,33.38,953244.79,254521006,6579980.59
"2025-09-26","Uber",519025,6351,512674,250.6,534.5,5.291,22.4,14.17,36.62,2746015.08,697682710,19004659.55
"2025-09-27","Lyft",204227,2189,202038,255.9,492.9,4.768,19.92,14.37,30.66,973840.57,244038795,6262613.69
"2025-09-27","Uber",581145,3871,577274,254.9,537.7,5.269,20.99,15.06,33.19,3061897.35,731935616,19286201.1
"2025-09-28","Lyft",174927,2166,172761,267.9,522.6,5.224,19.25,16.28,32.26,913736.98,202088981,5643248.51
"2025-09-28","Uber",496079,3925,492154,270,574.3,5.672,20.16,16.88,33.95,2813863.04,599938153,16844309.7
"2025-09-29","Lyft",142169,4050,138119,236.3,472.7,5.116,21,14.62,32.93,727395.14,179128155,4681821
"2025-09-29","Uber",422326,5879,416447,235.9,519,5.287,21.24,14.93,35.35,2233027.11,538296284,14929701.98
"2025-09-30","Lyft",145439,3726,141713,231.6,451.2,5.022,21.29,14.15,33.07,730365.54,185787725,4809504.36
"2025-09-30","Uber",440953,5280,435673,231.8,498.9,5.091,21.14,14.45,35.46,2245083.48,559281178,15634763.55
"2025-10-01","Lyft",161672,3593,158079,224.8,427,4.967,20.95,14.22,32.21,802976.02,203244126,5207580.01
"2025-10-01","Uber",440072,5310,434762,224,478.1,5.073,20.81,14.63,34.39,2232649.42,549530939,15133971.93
"2025-10-02","Lyft",167001,3278,163723,213.4,387.3,5.2,19.58,15.93,31.74,868486.98,196210788,5300878.01
"2025-10-02","Uber",443682,4565,439117,215.3,456,5.163,19.12,16.2,33,2290698.88,508919369,14643092.83
"2025-10-03","Lyft",197944,3666,194278,231.9,441.6,4.763,21.17,13.5,31.7,942850.35,251452912,6274075.17
"2025-10-03","Uber",513409,4985,508424,234.1,506.3,4.908,21.16,13.92,32.56,2520027.04,651837705,16716111.95
"2025-10-04","Lyft",223922,2015,221907,237,442.4,4.706,19.82,14.25,29.46,1053709.17,266232433,6596628.78
"2025-10-04","Uber",548330,2688,545642,238.1,505.8,5.05,20.28,14.94,30.88,2769118.6,667321888,16932642.15
"2025-10-05","Lyft",191093,2009,189084,248.2,473.2,5.228,19.46,16.12,30.79,999070.4,223092828,5882883.38
"2025-10-05","Uber",469089,3010,466078,256.6,560.4,5.619,20.21,16.69,32.86,2635941.45,568679977,15416581.31
"2025-10-06","Lyft",148298,3830,144468,228.8,450.3,5.114,20.86,14.71,32.17,758326.98,185589437,4770415.67
"2025-10-06","Uber",422805,5461,417344,232.4,520.8,5.312,21.09,15.11,33.96,2245732.78,535083205,14359243.43
"2025-10-07","Lyft",151755,3531,148224,218.9,412.9,5.065,20.2,15.04,31.35,768606.54,183936909,4757699.32
"2025-10-07","Uber",440430,4844,435586,218.7,479,5.093,19.86,15.39,33.12,2242920.84,524821791,14586312.96
"2025-10-08","Lyft",176053,4122,171931,230.3,456.9,5.035,20.85,14.49,33.04,886387.26,220245489,5816262.04
"2025-10-08","Uber",488859,5831,483028,230,509.8,5.136,20.7,14.89,35.55,2510803.76,607135652,17379754.67
"2025-10-09","Lyft",186580,4265,182315,247.9,508,4.951,22.74,13.07,34.21,923836.84,254538782,6382448.15
"2025-10-09","Uber",500380,6198,494182,242.1,528.2,5.298,23.48,13.54,38.1,2650791.63,704798382,19065900.28
"2025-10-10","Lyft",213115,3953,209162,254.8,505.9,4.86,21.73,13.42,32,1035770.85,277856432,6818693.57
"2025-10-10","Uber",535227,6249,528976,249.9,541.3,5.155,22.24,13.9,34.2,2758840.66,714338888,18306550.34
"2025-10-11","Lyft",229284,2254,227030,249.5,486.5,4.853,19.94,14.6,30.06,1112698.87,274293960,6892566.84
"2025-10-11","Uber",578157,3524,574632,244.9,521.7,4.986,20.04,14.93,30.28,2882621.32,695154682,17506296.22
"2025-10-12","Lyft",200073,2416,197657,250.6,494.9,5.022,18.17,16.59,29.65,1004749.18,218092721,5932442.66
"2025-10-12","Uber",516421,3589,512832,253.4,552.5,5.143,18.23,16.93,29.69,2656054.87,564876448,15334328.25
"2025-10-13","Lyft",153734,3727,150007,230.2,457.8,5.051,17.67,17.15,30.31,776443.85,162995725,4660138.73
"2025-10-13","Uber",437183,4959,432223,243.2,543.7,4.979,17.12,17.45,29.99,2176589.56,449079150,13110247.58
"2025-10-14","Lyft",156256,3916,152340,229.5,474.8,5.179,20.67,15.03,32.65,809248.53,193803298,5101733.67
"2025-10-14","Uber",458216,5359,452856,226.6,501.9,5.148,20.17,15.32,34.25,2358815.66,554431227,15695174.24
"2025-10-15","Lyft",165194,3921,161273,227.8,455.4,5.095,20.95,14.59,32.66,841672.02,207616416,5394961.95
"2025-10-15","Uber",480445,5525,474920,225.6,492.1,5.159,20.58,15.04,34.86,2478769.98,593361793,16746202.57
"2025-10-16","Lyft",188452,4274,184178,251.9,528.7,4.988,22.9,13.07,33.71,940016.15,258963748,6353048.59
"2025-10-16","Uber",513826,6127,507699,243.1,528.4,5.183,23.16,13.43,37.39,2663286.73,713982812,19210833.83
"2025-10-17","Lyft",196620,4030,192590,252.8,504.3,4.845,22.04,13.19,31.69,952593.13,260028874,6231086.02
"2025-10-17","Uber",549717,6069,543648,245.2,532.7,5.035,21.99,13.73,33.31,2767571.4,725400561,18312353.24
"2025-10-18","Lyft",226610,2232,224378,249.1,481,4.933,20.45,14.47,29.97,1117791.85,278032142,6791558.35
"2025-10-18","Uber",573023,3386,569635,242.8,520.4,5.108,20.6,14.88,30.76,2926949.21,708218391,17628646.63
"2025-10-19","Lyft",181666,2315,179351,269.6,530.3,5.211,19.75,15.83,30.78,946627.72,215249994,5590901.9
"2025-10-19","Uber",498692,3471,495221,265.6,566.3,5.598,20.45,16.43,32.76,2791755.55,611765778,16335039.03
"2025-10-20","Lyft",139910,3177,136733,242.3,481.5,5.366,20.18,15.95,32.06,750758.19,169422990,4485747.87
"2025-10-20","Uber",447018,5285,441733,237.1,528.8,5.207,19.53,16,33.46,2327673.4,523753226,14957158.85
"2025-10-21","Lyft",159159,3770,155389,240.1,491.3,4.942,21.31,13.92,31.75,786549.58,203469437,5053549.88
"2025-10-21","Uber",448182,5218,442963,235.8,523.3,5.088,21.33,14.31,35.11,2280150.94,573470575,15737522.26
"2025-10-22","Lyft",171248,4141,167107,238.5,486.1,4.902,21.54,13.66,32.3,839403.36,221292262,5532067.95
"2025-10-22","Uber",476509,5824,470685,237.7,522.2,5.119,21.72,14.14,36.02,2439323.47,620999648,17163372.01
"2025-10-23","Lyft",186461,4269,182192,245,499.4,5.061,22.11,13.74,33.31,943735.18,247344826,6210371.76
"2025-10-23","Uber",506824,6178,500646,240,525.7,5.203,22.22,14.05,36.83,2637041.24,675783857,18664081.98
"2025-10-24","Lyft",216504,3974,212530,256,503.9,4.869,21.73,13.44,31.43,1054096.97,282310460,6805131.79
"2025-10-24","Uber",549543,5891,543652,245.9,536.8,4.968,21.64,13.77,33.32,2729916.85,713518777,18311317.22
"2025-10-25","Lyft",237391,2250,235141,251.5,477.8,4.785,19.89,14.44,29.6,1135868.37,283237642,7027908.39
"2025-10-25","Uber",592607,3196,589411,240,518.1,5.072,20.26,15.02,31.03,3005554.91,720539077,18388638.8
"2025-10-26","Lyft",203033,2343,200690,254.2,479.8,5.248,19.07,16.51,30.45,1065565.09,232276928,6183019.37
"2025-10-26","Uber",505093,3257,501836,249.1,539,5.531,19.51,17.01,31.9,2793649.65,591300099,16111047.74
"2025-10-27","Lyft",163493,4140,159353,237.5,466.3,4.926,20.45,14.46,31.17,805436.15,200572542,5095672.11
"2025-10-27","Uber",432501,5582,426919,228.1,503.3,5.092,20.53,14.88,34.06,2202290.07,532861168,14729235.79
"2025-10-28","Lyft",171758,3642,168116,230.3,445.5,4.809,20.88,13.82,30.85,825981.5,215204518,5298737.73
"2025-10-28","Uber",447718,5151,442567,218.6,456.9,4.889,20.78,14.12,34.92,2188721.35,558224620,15632606.49
"2025-10-29","Lyft",178753,3849,174904,230.5,445.3,4.769,20.85,13.72,31.36,852461.18,223623188,5605903.4
"2025-10-29","Uber",476995,5617,471378,218.5,460.4,5.006,21.25,14.13,35.91,2387790.91,608180975,17129515.31
"2025-10-30","Lyft",207595,4851,202744,275.1,586.5,4.282,21.15,12.15,32.42,888883.81,263395717,6730844.49
"2025-10-30","Uber",574096,6945,567151,267.3,601.6,4.661,22.79,12.27,37.95,2676109.94,785070218,21785746.68
"2025-10-31","Lyft",255471,4047,251424,280.7,553.2,4.708,21.06,13.41,31.82,1202763.29,322849176,8128747.26
"2025-10-31","Uber",600764,5963,594801,279.2,610.5,4.858,21.65,13.46,35.35,2918576.09,780474452,21239786.61
"2025-11-01","Lyft",280605,2177,278428,264.1,498.5,4.676,19.78,14.18,33.43,1311996.39,333041962,9379393
"2025-11-01","Uber",647688,3183,644505,269.6,580.1,5.112,20.46,14.99,36.68,3310657.44,795263515,23759686.62
"2025-11-02","Lyft",206449,3988,202461,279.7,557.3,5.218,18.92,16.55,31.58,1077160.61,234299764,6519967.44
"2025-11-02","Uber",505483,6962,498521,269.8,584.8,5.555,19.68,16.94,35.5,2808123.59,596866886,17944560.39
"2025-11-03","Lyft",165160,4451,160709,236.5,460.1,5.048,20.62,14.69,31.81,833802.72,204295629,5254245.23
"2025-11-03","Uber",430154,6035,424119,230.1,504.7,5.218,20.74,15.1,35.26,2244588.68,535156117,15169298.18
"2025-11-04","Lyft",170729,3761,166968,226.5,424.1,4.885,19.63,14.93,30.18,834027.29,201064233,5152086.89
"2025-11-04","Uber",424384,5261,419123,220.4,472.7,5.023,19.58,15.4,34.62,2131821.78,498461718,14690776.91
"2025-11-05","Lyft",185796,4068,181728,229.8,449.2,4.862,21.06,13.85,31.5,903328.6,234798981,5853038.67
"2025-11-05","Uber",456062,5538,450523,221,479.9,5.115,21.39,14.35,36.68,2332836.53,585272403,16726770.38
"2025-11-06","Lyft",202376,4247,198129,236.8,477.4,4.928,21.78,13.58,32.77,997235.1,264435923,6630922.44
"2025-11-06","Uber",499411,6349,493062,221.5,474.1,5.104,21.89,13.99,37.4,2548766.87,655916261,18676805.86
"2025-11-07","Lyft",226786,3912,222874,233.1,448.5,4.76,20.92,13.66,30.79,1079539.35,284605651,6983038.37
"2025-11-07","Uber",527299,6043,521256,221.9,472.7,4.977,21.23,14.07,34.12,2624548.6,671702975,17989513.24
"2025-11-08","Lyft",235107,2005,233102,236.1,450.7,4.733,19.81,14.33,29.51,1112698.33,279475882,6937827.11
"2025-11-08","Uber",557371,3195,554176,224.7,476.1,4.986,20.18,14.82,31.57,2778892.37,674822490,17594226
"2025-11-09","Lyft",193816,1996,191820,242.8,478.2,5,18.45,16.26,29.62,969052.09,214499358,5740888.75
"2025-11-09","Uber",500020,3423,496597,234.8,511.3,5.32,19.05,16.76,32.15,2660280.11,571450358,16074395.33
"2025-11-10","Lyft",168515,4167,164348,230.3,451.8,4.931,20,14.79,31.12,831007.78,202244319,5243514.77
"2025-11-10","Uber",473218,5987,467231,226,506.5,5.015,20.2,14.9,33.2,2373058.32,573538064,15708903.16
"2025-11-11","Lyft",168502,3588,164914,224.1,423.2,4.852,19.39,15.02,30.6,817593.35,195998351,5156339.05
"2025-11-11","Uber",452025,5056,446969,221.8,497.4,5.015,19.5,15.43,33.59,2266818.41,528948001,15183626.11
"2025-11-12","Lyft",177871,4053,173818,227.7,450.5,4.753,20.96,13.61,31.8,845478.53,223676675,5655550.06
"2025-11-12","Uber",473250,5858,467392,223.1,496.7,5.001,21.46,13.98,35.86,2366834.36,609283469,16968628.27
"2025-11-13","Lyft",194324,4065,190259,232.5,458.1,4.78,21.35,13.43,32.47,928889.28,248913849,6309768.18
"2025-11-13","Uber",515935,6320,509615,227.2,505.3,5.063,21.82,13.92,36.27,2612036.83,675309395,18714647.15
"2025-11-14","Lyft",226782,3781,223001,235.2,450.1,4.616,20.63,13.43,30.55,1046811.67,280675544,6927971.86
"2025-11-14","Uber",548735,6086,542649,228.2,498.2,4.942,21.26,13.95,33.34,2711945.36,699863826,18294152.73
"2025-11-15","Lyft",251392,2077,249315,239.2,451,4.537,19.22,14.16,28.76,1140510.55,289943354,7229122.42
"2025-11-15","Uber",587709,3239,584470,232.8,510.2,4.903,19.94,14.76,30.9,2881708.09,703064552,18162568.86
"2025-11-16","Lyft",213787,2141,211646,246.7,466.6,4.974,18.56,16.07,30.39,1063273.55,238122256,6497727.79
"2025-11-16","Uber",502665,3510,499155,245.3,557.8,5.417,19.24,16.89,32.81,2722715.77,580371569,16491969.16
"2025-11-17","Lyft",167710,4000,163710,230.5,456.1,4.876,19.89,14.71,31.19,817832.14,200186856,5231118.3
"2025-11-17","Uber",460520,5705,454815,230.8,529.1,4.998,19.91,15.06,33.49,2301743.29,550151398,15424755.23
"2025-11-18","Lyft",172036,3821,168215,231.7,456.2,4.893,20.96,14.01,32.62,841829.21,216328582,5611375.83
"2025-11-18","Uber",464248,5577,458670,227.5,509.2,4.855,20.34,14.32,35.14,2253702.18,566461159,16315605.49
"2025-11-19","Lyft",180777,4249,176528,240.7,489.6,4.824,21.49,13.47,33.47,872122.57,233075495,6051064.27
"2025-11-19","Uber",511472,6691,504781,234.7,536.9,4.849,21.03,13.83,36.63,2479875.6,645472498,18734540.21
"2025-11-20","Lyft",193777,4210,189567,238,477.5,5.013,22.04,13.65,33.92,971393.95,256275372,6573406.54
"2025-11-20","Uber",524406,6851,517554,229.2,500.4,5.091,21.64,14.12,36.6,2669561.01,680814091,19195614.9
"2025-11-21","Lyft",214593,4037,210556,240.2,467.7,4.947,21.53,13.78,32.32,1061486.89,277230086,6936563.38
"2025-11-21","Uber",566249,6302,559947,234.1,519.3,4.887,20.9,14.03,32.66,2767444.89,710237770,18491262.55
"2025-11-22","Lyft",225516,2585,222931,234.1,436.4,5.11,20.23,15.15,31.12,1152329.57,273775091,7017338.37
"2025-11-22","Uber",605102,3834,601267,228,492.4,4.883,19.43,15.08,29.47,2954597.05,705254386,17833108.37
"2025-11-23","Lyft",189035,2436,186599,239.1,454.2,5.544,19.22,17.31,31.53,1047936.66,217980754,5960268.43
"2025-11-23","Uber",511254,3349,507902,236.6,524.9,5.163,18.29,16.94,29.34,2639519.03,561075849,15001672.94
"2025-11-24","Lyft",164474,4010,160464,226.3,433.6,4.968,20.73,14.38,31.69,817075.58,204586987,5212799.76
"2025-11-24","Uber",427245,5693,421543,223.6,502.6,4.809,19.85,14.53,31.82,2054697.85,508971376,13593383.71
"2025-11-25","Lyft",187532,4607,182925,252.9,519.8,4.571,21.62,12.69,32.41,857241.83,243281287,6077248.73
"2025-11-25","Uber",477562,6861,470699,244.2,552.9,4.682,21.82,12.87,34.34,2235734.55,625337057,16400054.51
"2025-11-26","Lyft",188578,4340,184238,231.1,445.4,4.938,21.04,14.08,32.42,931237.31,238089765,6113196.25
"2025-11-26","Uber",476511,6499,470004,232.5,530,4.803,20.11,14.33,31.69,2288758.76,575077493,15098549.31
"2025-11-27","Lyft",193761,3106,190655,261,510.2,5.532,19.17,17.31,31.48,1071950.84,222880911,6099493.25
"2025-11-27","Uber",467640,4718,462919,259.7,576.6,5.283,18.36,17.27,30.25,2470701.42,515022879,14148432.1
"2025-11-28","Lyft",178524,2004,176520,221.3,422.8,5.021,17.99,16.74,28.57,896297.52,192700024,5101257.82
"2025-11-28","Uber",426977,3563,423410,219,482.4,4.68,17,16.52,28.23,1998151.66,435525536,12054894.76
"2025-11-29","Lyft",194978,1816,193162,211.9,394.7,5.213,19.11,16.37,29.51,1016365.24,223574620,5753034.32
"2025-11-29","Uber",446449,3240,443196,204.6,436.2,4.928,18.19,16.25,29.94,2200160.46,487370459,13365859.79
"2025-11-30","Lyft",188570,2104,186466,225.2,435.7,5.394,19.25,16.82,30.25,1017150.43,217756907,5703939.44
"2025-11-30","Uber",435302,3272,432006,220.4,503.1,5.278,18.84,16.81,31.73,2297360.32,492056387,13811224.24
"2025-12-01","Lyft",173035,4068,168967,231.3,472.7,5.156,21.35,14.49,32.54,892209.98,221648431,5630660.47
"2025-12-01","Uber",437130,5796,431310,229.4,535.3,5.028,20.68,14.59,34.71,2197951.58,542442810,15174461.12
"2025-12-02","Lyft",203307,4582,198725,241.8,492.7,4.692,20.66,13.63,31.29,953918.96,251998232,6361083.77
"2025-12-02","Uber",511807,6147,505641,237,550.5,4.581,19.86,13.84,34.67,2344810.53,609830449,17745854.79
"2025-12-03","Lyft",188376,3939,184436,239.3,498.8,4.795,21.42,13.43,33.2,903199.69,242122203,6254244.61
"2025-12-03","Uber",494885,5980,488893,235.1,539.6,4.936,21.42,13.83,37.51,2442616.81,636011069,18564155.53
"2025-12-04","Lyft",214224,4120,210104,249.9,517.2,4.726,21.37,13.27,33.56,1012516.29,274623454,7189239.5
"2025-12-04","Uber",551100,6957,544109,241.5,548.9,5.014,21.59,13.93,39.69,2763081.8,714037460,21875643.48
"2025-12-05","Lyft",240611,4092,236519,258.7,518.8,4.628,20.76,13.38,31.51,1113655.05,299694878,7581031.56
"2025-12-05","Uber",623559,6563,616956,251.4,562,4.704,20.42,13.82,33.65,2933074.77,764161160,20981746.65
"2025-12-06","Lyft",242129,2436,239693,253.4,479,4.694,20.03,14.06,30.18,1136554.58,290979943,7307458.23
"2025-12-06","Uber",630983,3554,627423,243.8,544.2,4.731,19.86,14.29,31.13,2985240.83,751892635,19642426.57
"2025-12-07","Lyft",204944,2410,202534,254.3,479.2,5.093,19,16.08,30.8,1043867.27,233635381,6312548.19
"2025-12-07","Uber",542389,4225,538147,255.1,584.9,5.229,19.15,16.39,31.91,2836259.4,623046656,17309106.39
"2025-12-08","Lyft",168077,4175,163902,250.1,498.1,4.601,19.69,14.02,31.13,773288.47,198549397,5231538.19
"2025-12-08","Uber",514195,6698,507484,249.4,569.6,4.849,19.81,14.68,34.14,2493084.63,611288426,17556102.16
"2025-12-09","Lyft",168146,3804,164342,256,526.4,4.4,20.57,12.83,32.36,739822.47,207574930,5441409.74
"2025-12-09","Uber",532235,6384,525846,250.6,566,4.899,21.09,13.94,37.96,2607427.07,673447519,20203811.56
"2025-12-10","Lyft",189532,3944,185588,269,567.3,4.491,21.12,12.76,34.04,851239.17,240118722,6451185.1
"2025-12-10","Uber",549571,7898,541666,253.5,572.9,5.039,22.31,13.55,41.13,2769288.73,735515493,22603202.32
"2025-12-11","Lyft",198712,3743,194969,268.2,559.1,4.487,21,12.82,34.21,891584.97,250352529,6798720.66
"2025-12-11","Uber",591570,7788,583669,260.1,583,5.17,22.4,13.84,41.5,3058134.47,795188389,24550330.26
"2025-12-12","Lyft",239278,3872,235406,287.2,575,4.32,20.18,12.84,31.53,1033703.01,289750432,7544935.87
"2025-12-12","Uber",646049,7752,638230,271.5,597.9,4.947,21.76,13.64,36.23,3196137.6,843401270,23406032.63
"2025-12-13","Lyft",245178,2526,242652,281.1,533.3,4.339,19.35,13.45,30.39,1063848.17,284675906,7452129.61
"2025-12-13","Uber",683666,4574,679089,269.7,600.1,4.88,20.63,14.19,33.21,3336468.71,846287016,22703354.25
"2025-12-14","Lyft",190527,2768,187758,334.7,628.9,4.387,17.36,15.16,32.08,835815.76,198452451,6112984.19
"2025-12-14","Uber",605403,5178,600128,324.7,717.7,5.021,18.63,16.17,33.75,3039988.92,676669546,20432217.41
"2025-12-15","Lyft",183527,4416,179111,292.6,603.6,4.533,19.37,14.04,32.79,831925.09,213241421,6018650.51
"2025-12-15","Uber",529211,8349,520825,284.3,653.7,4.928,20.33,14.54,36.33,2608110.53,645570981,19226915.94
"2025-12-16","Lyft",186556,3980,182576,279.2,562,4.418,20.26,13.08,32.43,824131.92,226804758,6050800.6
"2025-12-16","Uber",521812,7683,514126,266,603.4,4.876,21.09,13.87,37.12,2544202.47,660281920,19368233.7
"2025-12-17","Lyft",191254,3952,187302,274,558.9,4.588,20.79,13.24,33.3,877558.18,238613249,6368955.75
"2025-12-17","Uber",521450,8270,513178,259.5,589.1,5.112,21.86,14.03,39,2665727.86,683868388,20335316.43
"2025-12-18","Lyft",197464,3789,193675,279.6,574.6,4.424,21.14,12.56,33.41,873521.49,250419018,6598229.94
"2025-12-18","Uber",533579,8583,524988,267.2,601.7,5.313,23.4,13.62,40.8,2834698.35,749114172,21770564.63
"2025-12-19","Lyft",234247,4089,230157,291,581.6,4.183,19.33,12.99,30.69,979949.03,271635475,7189837.92
"2025-12-19","Uber",637105,9184,627842,280.2,632.4,4.878,21.03,13.92,35.83,3107847.1,803865579,22830193.74
"2025-12-20","Lyft",233625,2590,231035,281.2,546.3,4.663,19.15,14.61,29.9,1089442.99,268417060,6984385.92
"2025-12-20","Uber",587993,5304,582652,266.7,600.2,5.251,20.38,15.46,33.2,3087664.74,718845157,19520879.38
"2025-12-21","Lyft",197745,2301,195444,270.5,519.2,4.865,18.26,15.98,29.13,962031.81,216665761,5759419.76
"2025-12-21","Uber",506375,4943,501426,269.3,620.7,5.378,19.21,16.8,31.88,2723193.21,583683214,16140797.59
"2025-12-22","Lyft",173461,3378,170083,252.6,497.3,4.519,19.64,13.8,29.99,783920.28,204445344,5202716.63
"2025-12-22","Uber",443770,7271,436497,252.8,583.6,4.925,20.41,14.48,32.68,2185465.02,543440950,14503350.48
"2025-12-23","Lyft",178199,3206,174993,253.3,507,4.477,19.89,13.51,30.13,797817.66,212626210,5368438.19
"2025-12-23","Uber",461146,7714,453424,258.9,600.4,4.838,20.57,14.11,31.84,2231011.17,569171052,14684346.82
"2025-12-24","Lyft",185814,2589,183225,252.6,495.2,4.716,18.4,15.37,28.99,876244.64,205172594,5386010.91
"2025-12-24","Uber",460991,6057,454933,262.4,608,4.952,18.64,15.94,30.06,2283024.25,515601073,13855289.46
"2025-12-25","Lyft",151937,1467,150470,253.2,509,5.072,17.01,17.89,28.5,770697.72,155101604,4329977.9
"2025-12-25","Uber",373330,3943,369383,279.8,660.6,5.324,17.07,18.71,29.74,1987540.07,382330069,11102028.57
"2025-12-26","Lyft",175555,1693,173862,239.6,470.8,4.44,17.69,15.06,26.45,779477.26,186342654,4643836.82
"2025-12-26","Uber",368559,4498,364053,247,590.7,4.538,17.25,15.79,29.21,1672677.1,381399804,10764561.02
"2025-12-27","Lyft",174440,1336,173104,245.7,506.1,4.795,17.62,16.32,28.1,836462.66,184463915,4901858.85
"2025-12-27","Uber",377347,3643,373687,253.4,610,4.794,17.24,16.68,30.21,1808956.89,390412874,11400825.07
"2025-12-28","Lyft",171414,1436,169978,234,447.8,5.059,18.03,16.83,28.57,867149.15,185480219,4896751.5
"2025-12-28","Uber",392933,3377,389533,248.5,595.1,5.132,18.12,16.99,30.46,2016445.13,427287009,11968272.27
"2025-12-29","Lyft",174812,2406,172405,222.8,419.1,4.769,18.49,15.48,28.91,833591.99,193887649,5053018.04
"2025-12-29","Uber",386480,5408,381053,232.9,558.5,4.76,18.2,15.7,30.32,1839832.31,421929629,11717335.21
"2025-12-30","Lyft",195210,2461,192749,223,417.1,4.593,18.6,14.82,28.69,896655.83,217879094,5601180.54
"2025-12-30","Uber",412213,5075,407116,232.4,557.3,4.636,18.4,15.12,30.36,1911165.6,454963187,12513994.92
"2025-12-31","Lyft",229734,2841,226893,262.8,514.8,4.443,17.51,15.22,27.63,1020657.22,241344775,6346631.32
"2025-12-31","Uber",539296,5488,533802,264.5,602.9,4.419,17.25,15.37,28.43,2383329.6,558100983,15329934.93
"2026-01-01","Lyft",208660,1684,206976,317,704.9,4.869,17.03,17.15,32.51,1015881.66,213248497,6784090.83
"2026-01-01","Uber",521406,3711,517690,298.2,679.9,5.006,17.21,17.45,34.07,2610171.45,538550878,17766375.21
"2026-01-02","Lyft",170422,2154,168268,220.1,424.3,4.731,17.25,16.45,28.53,806265.42,176404744,4861626.38
"2026-01-02","Uber",430368,4322,426036,232.4,552.4,4.659,16.94,16.5,29.32,2004871.08,437421977,12616765.04
"2026-01-03","Lyft",162883,1449,161434,210.2,391.8,4.853,17.47,16.67,29.37,790507.12,170725971,4784525.32
"2026-01-03","Uber",477230,3140,474084,225.5,535.8,4.823,17.32,16.71,28.77,2301733.99,496021634,13731774.93
"2026-01-04","Lyft",144206,1590,142616,219.6,416.6,5.247,17.53,17.96,30.38,756717.48,151705772,4381367.96
"2026-01-04","Uber",427733,2856,424865,238.3,578.6,5.152,17.34,17.83,29.43,2203734.94,444931225,12588074.14
"2026-01-05","Lyft",145321,3488,141833,223.9,462.3,4.683,18.2,15.44,29.07,680517.92,158689071,4223788.72
"2026-01-05","Uber",407130,5454,401664,235.7,571.2,4.89,18.37,15.97,30.69,1990839.2,448704140,12495938.1
"2026-01-06","Lyft",149674,3106,146568,216.2,424.1,4.546,18.28,14.92,28.61,680389.68,164171314,4281564.45
"2026-01-06","Uber",415167,5320,409843,226.9,544,4.669,18.33,15.28,30.32,1938404.1,456660290,12586313.63
"2026-01-07","Lyft",154071,3210,150861,213,413.3,4.521,18.45,14.7,28.81,696498.31,170574458,4439309.47
"2026-01-07","Uber",426329,5561,420768,222.1,526.8,4.734,18.72,15.18,31.23,2018171.81,478770252,13315550.15
"2026-01-08","Lyft",174411,3563,170848,211.3,409.4,4.668,19.31,14.51,29.65,814206.18,202037088,5170550.61
"2026-01-08","Uber",442624,5764,436856,218.6,513.6,4.794,19.37,14.85,32.29,2121814.99,514407846,14292270.21
"2026-01-09","Lyft",192462,3358,189104,215,411.5,4.55,18.95,14.4,29.29,875642.04,218866063,5638087.02
"2026-01-09","Uber",506863,5236,501615,222.1,520.3,4.614,18.95,14.61,29.99,2338431.92,576382362,15198891.09
"2026-01-10","Lyft",221468,1938,219530,235.3,446.8,4.385,18.1,14.54,29.06,971234.78,240536782,6435408.9
"2026-01-10","Uber",612307,2983,609308,237.9,549.6,4.434,18.09,14.7,28.55,2714946.16,664776941,17478526.1
"2026-01-11","Lyft",169509,2045,167464,228.7,433.8,5.036,17.61,17.16,30.04,853696.59,179111568,5091914.22
"2026-01-11","Uber",503142,2677,500453,235.8,560.8,5.017,17.57,17.14,29.57,2524410.35,530296385,14877909.71
"2026-01-12","Lyft",146904,3679,143225,221.8,449.5,4.662,18.42,15.19,30.08,684886.83,162357392,4418637.1
"2026-01-12","Uber",453015,5699,447309,227.2,538.1,4.765,18.49,15.46,31.65,2158436.75,502680941,14339192
"2026-01-13","Lyft",152969,3377,149592,217.2,417.7,4.703,19,14.86,30.68,719464.07,174342721,4692654.29
"2026-01-13","Uber",452594,5678,446914,221.5,515.1,4.732,18.87,15.04,33.29,2141623.8,512562579,15068853.85
"2026-01-14","Lyft",160811,3570,157241,223.8,434,4.835,19.16,15.14,31.43,777489,184836804,5053628.94
"2026-01-14","Uber",459138,6562,452562,226.4,523,4.917,19.16,15.4,34.15,2257725.7,527694617,15679370.5
"2026-01-15","Lyft",185191,3752,181439,221.7,430.3,4.712,19.36,14.6,31.24,872582.3,215140670,5784839.53
"2026-01-15","Uber",518762,6862,511887,224.8,522.7,4.875,19.62,14.91,33.21,2529006.57,610798448,17227858.84
"2026-01-16","Lyft",218256,3904,214352,232.3,454.8,4.474,18.97,14.15,29.63,976576.96,248375652,6466694.97
"2026-01-16","Uber",565587,6368,559207,234.9,549.8,4.711,19.35,14.61,31.1,2664241.18,656549776,17587723.74
"2026-01-17","Lyft",230913,2498,228415,229.1,426,4.411,17.4,15.21,27.8,1018464.67,241121771,6419185.09
"2026-01-17","Uber",575269,3193,572068,232.2,546,4.656,17.77,15.72,28.38,2678487.37,613450925,16325397.11
"2026-01-18","Lyft",211585,2045,209540,254.4,483.6,4.523,16.6,16.35,27.54,957007.78,210686597,5828099.35
"2026-01-18","Uber",509931,2736,507191,256.5,610.9,4.732,16.85,16.85,28.44,2412941.12,515451522,14500100.72
"2026-01-19","Lyft",168619,2763,165856,237.3,467.1,4.938,17.94,16.52,29.89,832652.29,181464310,5040688.33
"2026-01-19","Uber",438048,4293,433741,244.8,600.8,4.969,17.73,16.81,30.21,2176479.71,465979524,13231683.83
"2026-01-20","Lyft",182743,3736,179007,236.5,492.8,4.304,18.18,14.21,28.86,786551,199294527,5274502.88
"2026-01-20","Uber",500424,6508,493905,240.2,569,4.609,18.71,14.78,31.58,2306319.93,561717986,15805519.77
"2026-01-21","Lyft",178325,3700,174625,223.6,445.6,4.287,18.13,14.19,28.75,764410.54,193971076,5127235.38
"2026-01-21","Uber",500155,6497,493656,229.6,539.2,4.595,18.64,14.79,31.85,2298110.88,559317748,15930580.46
"2026-01-22","Lyft",167536,3604,163932,220.9,422.9,4.37,19.15,13.69,29.49,732135.96,192490647,4940934.78
"2026-01-22","Uber",500912,6822,494086,224.6,521.7,4.878,19.97,14.66,33.66,2443255.22,600075755,16859392.16
"2026-01-23","Lyft",203443,3397,200046,230.2,434.4,4.135,18.56,13.36,27.69,841171.02,226609661,5632800.28
"2026-01-23","Uber",577984,6645,571330,230.2,532.5,4.536,19.17,14.2,30.54,2621563.18,664690897,17652769.94
"2026-01-24","Lyft",246215,2477,243738,226.9,417.2,4.113,16.93,14.58,26.48,1012684.3,250046170,6519664.33
"2026-01-24","Uber",633385,4169,629205,228,527.1,4.531,17.54,15.5,28.33,2870044.25,666635534,17946778.1
"2026-01-25","Lyft",87132,1549,85583,363.4,1006.5,4.116,16.77,14.73,28.67,358646.93,87666423,2498220.29
"2026-01-25","Uber",178289,2314,175972,347.7,840.3,4.544,17.08,15.96,31.42,810079.06,182710471,5601918.06
"2026-01-26","Lyft",114934,2080,112854,342.8,767.2,4.504,17.23,15.69,29.95,517619.46,118793067,3442071.81
"2026-01-26","Uber",324389,5354,318982,348.9,825.1,4.594,17.19,16.03,31.45,1490169.96,334616231,10201769.75
"2026-01-27","Lyft",173606,3986,169620,365.7,839,4.277,21.21,12.1,32.7,742553.15,220942571,5676712.4
"2026-01-27","Uber",508516,9845,498602,353.3,818.6,4.576,21.96,12.5,37.99,2326739.57,669874191,19316039.73
"2026-01-28","Lyft",196010,4427,191583,333.4,750.2,4.094,20.92,11.74,31.91,802402.72,246084895,6254219.38
"2026-01-28","Uber",530824,10253,520549,326.5,765.6,4.559,22.17,12.34,36.94,2420171.83,706049245,19607772.43
"2026-01-29","Lyft",216031,4568,211463,333.1,725.5,4.037,21.22,11.41,32.14,872158.25,275097804,6943016.69
"2026-01-29","Uber",554631,10924,543695,323.6,747.8,4.644,22.65,12.3,38.15,2575758.21,753726434,21156895.4
"2026-01-30","Lyft",247576,4515,243061,344.2,723.3,3.843,20.05,11.5,30.99,951527.12,297800277,7671370.42
"2026-01-30","Uber",616874,10353,606512,338.4,775.1,4.438,21.61,12.32,35.14,2737499.44,799915309,21674116.77
"2026-01-31","Lyft",270151,2628,267523,289.7,540.8,4.122,18.27,13.54,28.34,1113501.96,296112195,7656396.61
"2026-01-31","Uber",614533,4540,609981,297.2,685.9,4.444,18.75,14.22,30.21,2730926.27,691403705,18565625.51
"2026-02-01","Lyft",240283,2432,237851,294.8,558.5,4.424,17.27,15.37,28.35,1062992.52,248958616,6811170.51
"2026-02-01","Uber",524542,3832,520692,305.4,715.8,4.807,17.77,16.23,31.06,2521493.16,559219726,16293460.35
"2026-02-02","Lyft",190684,4122,186562,295,626.2,4.284,19.85,12.95,30.23,816923.13,227080030,5763556.48
"2026-02-02","Uber",461455,8226,453223,298,701.3,4.647,20.84,13.38,34.52,2144250.29,576921582,15929145.03
"2026-02-03","Lyft",191698,3747,187951,282.2,584.5,4.221,20.24,12.52,30.06,809190.25,232763389,5762955.48
"2026-02-03","Uber",475323,8077,467244,279.9,640.6,4.539,20.96,12.99,34.98,2157257.27,597654869,16628870.39
"2026-02-04","Lyft",198503,3747,194756,272.1,550.2,4.269,20.42,12.55,30.16,847432.73,243155667,5986604.62
"2026-02-04","Uber",489591,8632,480956,265.8,610.9,4.67,21.33,13.13,35.25,2286196.55,626653549,17260519.8
"2026-02-05","Lyft",209469,3889,205580,269.1,547.6,4.325,20.61,12.59,31.07,905892.07,259012468,6508039.8
"2026-02-05","Uber",509586,8877,500705,269.6,612.8,4.782,21.61,13.27,36.1,2436817.67,660863362,18398418.93
"2026-02-06","Lyft",239426,3457,235969,269,525.1,4.061,19.45,12.53,28.64,972407.01,279344835,6857478.36
"2026-02-06","Uber",560485,8409,552069,268.3,610.1,4.608,20.45,13.52,32.43,2582719.97,687548137,18175511.24
"2026-02-07","Lyft",283048,2203,280845,274.3,504.2,3.656,16.61,13.21,26.85,1034910.82,282013574,7599304.59
"2026-02-07","Uber",668681,4840,663836,284.1,642.8,4.367,17.95,14.6,29.75,2920347.26,720154021,19892962.78
"2026-02-08","Lyft",249605,2211,247394,280,526.9,3.939,15.8,14.96,27.75,983258.54,236578551,6926729.85
"2026-02-08","Uber",592106,5114,586984,310,742.3,4.783,17.27,16.62,31.36,2832201.3,613588948,18568327.19
"2026-02-09","Lyft",171444,3529,167915,274.5,551,4.212,18.45,13.7,29.76,722144.9,189824252,5102772.52
"2026-02-09","Uber",508458,8716,499738,289.4,679,4.904,20.15,14.6,33.94,2493237.99,614605467,17254658.24
"2026-02-10","Lyft",181499,3365,178134,258.3,521.2,4.131,19.05,13.01,28.71,749806.06,207435180,5211064.34
"2026-02-10","Uber",481938,7974,473964,260.4,602,4.753,20.25,14.08,34.03,2290580.59,585472871,16402111.62
"2026-02-11","Lyft",191526,3729,187797,261.2,520.7,4.214,19.81,12.76,29.65,807068.47,227663178,5679617.82
"2026-02-11","Uber",504156,8308,495848,260,593.7,4.86,21.26,13.71,35.53,2450411.47,643250902,17914309.95
"2026-02-12","Lyft",208202,4020,204182,274.4,548.8,4.291,19.83,12.98,30.53,893380.41,247753414,6355618.9
"2026-02-12","Uber",545512,8808,536703,264.8,580.9,4.975,21.32,14,36.32,2713789.42,697803983,19813498.27
"2026-02-13","Lyft",233715,3656,230059,297.6,589.9,3.933,19.34,12.2,29.29,919223.44,271213525,6845761.11
"2026-02-13","Uber",591989,8200,583788,285.8,632.6,4.907,21.97,13.4,35.06,2904749.34,780381045,20754282.53
"2026-02-14","Lyft",241575,2084,239491,280.4,526.9,4.028,18.08,13.37,28.13,972990.31,262025621,6795770.64
"2026-02-14","Uber",611352,4118,607232,284.1,643.1,4.921,19.96,14.79,32.05,3008435.09,732138661,19592331.46
"2026-02-15","Lyft",215311,1811,213500,277.1,519.3,4.381,17.23,15.26,28.12,943301,222535951,6055195.37
"2026-02-15","Uber",503209,3691,499518,278.9,643.8,5.167,18.48,16.77,32.3,2600256.2,558088515,16254353.28
"2026-02-16","Lyft",179711,2730,176981,253.4,498.9,4.739,17.28,16.45,28.58,851587.96,186342800,5136353.9
"2026-02-16","Uber",408447,5040,403407,254.8,600.6,5.175,17.64,17.6,32.19,2113639.45,432240164,13146538.96
"2026-02-17","Lyft",179480,3467,176013,239.2,451.1,4.537,18.56,14.67,28.87,814337.3,199856929,5181340.47
"2026-02-17","Uber",408964,6527,402437,243.8,551,5.04,19.27,15.69,34.25,2061324.22,472919269,14005455.26
"2026-02-18","Lyft",184651,3513,181138,244.9,486.3,4.159,17.81,14.02,28.25,768029.37,197263185,5216854.02
"2026-02-18","Uber",455731,6896,448835,247.9,562.8,4.872,19.07,15.33,33.95,2220308.56,521462013,15473677.27
"2026-02-19","Lyft",188056,3625,184431,228.7,435.8,4.42,18.38,14.43,29.16,831243.48,207375558,5483921.85
"2026-02-19","Uber",490394,6620,483774,236.6,539.1,5.05,19.4,15.62,33.7,2476255.15,570814388,16527323.47
"2026-02-20","Lyft",230046,3474,226572,249.9,478.4,4.012,17.78,13.54,27.08,922956.21,245411146,6229059.21
"2026-02-20","Uber",578047,6647,571399,251.5,567,4.661,19.06,14.67,30.98,2694034.85,661223430,17905390.73
"2026-02-21","Lyft",229293,1936,227357,251.8,491.2,4.187,17.54,14.33,28.19,960124.31,241283336,6463998.78
"2026-02-21","Uber",582922,3710,579211,253.4,585.8,4.992,19.14,15.65,31.21,2909981.6,669464741,18195869.48
"2026-02-22","Lyft",173511,2485,171026,272.4,669.4,4.159,15.79,15.8,28.03,721698.95,164385725,4863212.3
"2026-02-22","Uber",409551,5406,404143,270.4,762.6,5.098,17.1,17.89,30.9,2087766.38,420212993,12654201.44
"2026-02-23","Lyft",66965,1029,65936,426.8,905.1,3.441,14.77,13.97,27.77,230404.1,59362147,1859369.68
"2026-02-23","Uber",93814,1840,91971,686.9,1625.3,4.46,16.53,16.19,31.75,418425.81,93047678,2978364.55
"2026-02-24","Lyft",178362,4337,174025,296.8,630.7,4.174,17.99,13.92,29.17,744439.58,192552571,5202781.54
"2026-02-24","Uber",489935,9759,480176,299.8,716.7,4.666,18.67,14.99,30.62,2286206,548962347,15002071.8
"2026-02-25","Lyft",208559,4594,203965,301.2,682,4.514,20.08,13.49,33.07,941342.3,251269612,6897422.85
"2026-02-25","Uber",503365,11313,492051,283.4,663.5,4.862,20.2,14.44,35.99,2447305.53,610205344,18114998.7
"2026-02-26","Lyft",205199,4628,200571,276.8,574.6,4.513,20.36,13.3,32.32,926053.56,250706817,6631749.18
"2026-02-26","Uber",530863,9464,521398,281,664.2,4.946,20.94,14.17,35.24,2625491.18,667029741,18705498.5
"2026-02-27","Lyft",209164,3815,205349,288.3,585.8,4.23,19.96,12.72,31.54,884811.94,250450035,6596898.47
"2026-02-27","Uber",593873,8137,585736,302.3,706.5,4.792,21.19,13.57,33.02,2845559.98,754973690,19608075.8
"2026-02-28","Lyft",227605,1866,225739,269.8,531.3,4.359,18.78,13.92,31.66,992084.46,256497782,7206183.14
"2026-02-28","Uber",586091,3580,582509,287.6,678.9,4.807,19.4,14.87,32.49,2817106.22,682181418,19040279.39
"2026-03-01","Lyft",200214,1807,198407,262.6,516.5,4.796,17.76,16.2,31.94,960144.74,213306186,6395259.47
"2026-03-01","Uber",499988,3558,496428,291.3,695.7,5.253,18.36,17.17,32.97,2626583.33,550705674,16482515.04
"2026-03-02","Lyft",183034,4145,178889,258.5,529.4,4.363,18.53,14.13,30.24,798592.95,203463498,5535175.78
"2026-03-02","Uber",465150,6962,458188,274.3,638.3,4.803,19.34,14.9,33.58,2234041.19,539801802,15621707.08
"2026-03-03","Lyft",204261,4001,200260,262.9,528.7,4.068,18.38,13.28,30.03,830930.56,225286350,6134325.01
"2026-03-03","Uber",510735,7286,503449,276.4,643.7,4.513,19.12,14.16,34.61,2305149.49,586006825,17675217.39
"2026-03-04","Lyft",187203,4149,183054,241.4,478.3,4.531,19.51,13.94,31.43,848164.3,219090631,5884543.84
"2026-03-04","Uber",484071,7443,476628,258,601.1,4.88,19.97,14.66,35.65,2362258.81,580027624,17258703.07
"2026-03-05","Lyft",218827,4578,214249,272.8,558.7,4.108,18.97,13,31.96,898936.45,249006710,6993732.65
"2026-03-05","Uber",569699,8530,561167,281.3,648.5,4.718,20.31,13.94,37.51,2687858.59,694129403,21371849.13
"2026-03-06","Lyft",224976,3911,221065,254.2,498,4.38,19.57,13.43,30.9,985307.18,264161165,6951196.7
"2026-03-06","Uber",553301,7277,546023,269.2,629.5,4.723,20.12,14.08,33.64,2613380.92,667979681,18615148.7
"2026-03-07","Lyft",234333,1894,232439,247.1,473.9,4.565,18.42,14.87,30.16,1069702.29,258990890,7066712.4
"2026-03-07","Uber",577532,3589,573943,266.2,630.1,4.724,18.46,15.36,30.87,2728442.63,639581482,17831139.61
"2026-03-08","Lyft",205090,1837,203253,273,557.2,5.123,18.39,16.71,32.2,1050736.59,226341343,6603167.85
"2026-03-08","Uber",471297,3420,467876,291.4,703.7,5.252,18.31,17.21,33.44,2475451.5,517679750,15759302.57
"2026-03-09","Lyft",174918,3873,171045,247.3,499.9,4.798,19.74,14.58,31.33,839276.04,207172991,5480822.03
"2026-03-09","Uber",436647,6864,429782,267.4,635.5,4.985,19.99,14.96,34.75,2176505.25,523593292,15175265.42
"2026-03-10","Lyft",187899,3607,184292,255.3,510.8,4.544,20.03,13.61,31.5,853845.16,225873287,5919583.14
"2026-03-10","Uber",452463,6902,445559,263.7,620.8,4.918,20.71,14.25,36.91,2225424.41,562364520,16698198.68
"2026-03-11","Lyft",191371,4243,187128,245.1,482.2,4.683,19.87,14.14,31.65,896196.15,228178016,6057148.57
"2026-03-11","Uber",483006,7433,475573,254.6,593.8,4.927,20.24,14.61,36.07,2379854.61,586474180,17422308.6
"2026-03-12","Lyft",222930,4401,218529,275,578.4,4.486,20.09,13.4,32.63,1000150.69,268668520,7275115.92
"2026-03-12","Uber",552161,8338,543821,273.3,631.3,4.843,20.84,13.94,37.9,2673850.07,690562051,20928860.79
"2026-03-13","Lyft",246874,4049,242825,282.8,581.4,4.563,19.73,13.87,31,1126539.84,292305499,7653661.18
"2026-03-13","Uber",561445,7616,553829,274.3,652.5,4.789,20.13,14.27,34.2,2688776.81,678173835,19202647.81
"2026-03-14","Lyft",244286,1859,242427,271.1,545.6,4.508,18.5,14.62,30.61,1101222.76,271172343,7476611.64
"2026-03-14","Uber",596327,4301,592026,273.9,661.1,4.832,18.86,15.38,31.67,2881687.27,674637737,18884430.97
"2026-03-15","Lyft",212381,1794,210587,283.2,589.9,4.84,17.72,16.39,30.95,1027882.78,225756740,6574095.78
"2026-03-15","Uber",498645,4357,494287,292.9,713.3,5.309,18.31,17.4,33.08,2647386.87,547773307,16493154.16
"2026-03-16","Lyft",178429,3848,174581,269,605.9,4.308,18.01,14.36,30.19,768681.12,192769725,5386117.48
"2026-03-16","Uber",490024,7502,482521,276.2,664.6,4.647,18.58,15.01,32.4,2277382.19,546153317,15874821.83
"2026-03-17","Lyft",193897,3508,190389,253.5,517.2,4.409,19.1,13.85,30.86,854963.94,222174606,5984106.35
"2026-03-17","Uber",477773,6919,470854,263.5,627.7,4.733,19.44,14.61,34.42,2261180.39,557161440,16442903.23
"2026-03-18","Lyft",196947,3706,193241,257.2,537.8,4.441,19.24,13.85,31.91,874562.33,227368481,6285105.06
"2026-03-18","Uber",525498,7621,517877,263.1,626.7,4.841,19.83,14.65,35.57,2543973.97,625136918,18692328.9
"2026-03-19","Lyft",201422,3822,197600,258.3,506.8,4.487,19.57,13.76,33.1,903685.38,236464517,6668041.67
"2026-03-19","Uber",534413,7846,526566,274.2,654.8,5.006,20.39,14.73,36.48,2675511.82,653747775,19493075.17
"2026-03-20","Lyft",199341,3131,196210,309.3,594.5,4.295,17.85,14.43,33.29,856095.86,213534533,6636872.84
"2026-03-20","Uber",538480,7115,531363,324.9,776.1,4.975,19.3,15.46,35.26,2678937.06,623660553,18988534.64
"2026-03-21","Lyft",205056,1700,203356,269,521.9,4.247,17.5,14.56,31.56,870802.87,215357248,6471435.18
"2026-03-21","Uber",581823,4088,577735,295.5,728.3,5.048,19,15.94,32.17,2937316.65,663189759,18719785.85
"2026-03-22","Lyft",194800,1630,193170,265.8,520.1,4.703,17.59,16.04,32.26,916184.21,205599537,6284323.53
"2026-03-22","Uber",492717,4095,488622,296.5,740.4,5.451,18.62,17.56,33.51,2685807.75,550585493,16512325.65
"2026-03-23","Lyft",148688,3244,145444,241.3,533.6,4.192,17.72,14.2,30.88,623240.8,158052121,4592046.63
"2026-03-23","Uber",498854,6886,491966,260.8,649.7,4.866,19.27,15.15,31.99,2427458.17,576769471,15960767.58
"2026-03-24","Lyft",168319,3201,165118,226.7,442.6,4.404,18.74,14.1,31.97,741217.46,189287924,5381122.5
"2026-03-24","Uber",465587,7099,458487,235.7,565.3,4.867,19.38,15.07,34.43,2266196.2,541438215,16032231.59
"2026-03-25","Lyft",169888,3449,166439,220.8,424.6,4.468,18.94,14.15,33.05,759091,193064959,5614858.58
"2026-03-25","Uber",498820,7484,491336,238.8,571.8,4.972,19.64,15.19,34.57,2480147.64,587687647,17244743.98
"2026-03-26","Lyft",183605,3569,180036,231.2,451,4.566,19.93,13.75,33.87,838267.42,219548716,6218967.14
"2026-03-26","Uber",530100,7975,522123,252.3,604.9,5.05,20.72,14.62,35.59,2676949.52,659155332,18865157.56
"2026-03-27","Lyft",215268,3290,211978,231.4,445.8,4.509,19.11,14.16,31.83,970608.91,246829613,6851649.04
"2026-03-27","Uber",564255,7340,556915,249.6,607.4,4.757,19.45,14.68,32.62,2684342.13,658398988,18406980.21
"2026-03-28","Lyft",219722,1603,218119,237.8,445.3,4.326,18.2,14.26,30.58,950567.58,239947270,6718655.76
"2026-03-28","Uber",616287,3814,612470,263.4,635.2,4.738,18.83,15.09,30.37,2919663.84,696338371,18716035.36
"2026-03-29","Lyft",186153,1659,184494,243.1,462.5,4.729,17.68,16.05,31.56,880319.91,197428063,5875195.71
"2026-03-29","Uber",510169,3705,506462,280.2,679.4,5.247,18.28,17.22,31.44,2676855.67,559510249,16041136.92
"2026-03-30","Lyft",143151,3400,139751,222.4,441.3,4.734,18.64,15.24,32.6,677660.49,160072030,4666830.76
"2026-03-30","Uber",459715,6390,453324,250.4,616.5,4.935,18.91,15.66,32.09,2268488.63,521503568,14750902.34
"2026-03-31","Lyft",156487,3197,153290,215.9,406.1,4.607,19.12,14.46,32.52,720874.44,179488134,5089421.65
"2026-03-31","Uber",448619,6639,441980,235.7,571.3,4.811,19.18,15.05,33.89,2158381.33,516171508,15204945.24
"2026-04-01","Lyft",165329,3389,161940,217.7,416.2,4.621,19.31,14.36,33.03,764061.43,191531591,5460337.12
"2026-04-01","Uber",474487,7096,467391,236.6,571.9,4.88,19.62,14.93,34.06,2315606.11,558441731,16163315.05
"2026-04-02","Lyft",165274,3206,162068,206.8,379.9,4.744,18.32,15.54,32.68,784011.59,181622095,5401399.46
"2026-04-02","Uber",515161,6381,508779,227.9,550,4.819,18.3,15.8,32.23,2482373.98,565642064,16601858.32
"2026-04-03","Lyft",175155,2986,172169,218.5,408.8,4.747,18.07,15.76,31.34,831510.42,189906831,5489958.91
"2026-04-03","Uber",512733,5343,507389,238.6,578.6,4.842,18.1,16.05,30.85,2482822.38,556981189,15815506.94
"2026-04-04","Lyft",195420,1759,193661,229.9,439.8,4.542,17.85,15.26,30.44,887625.86,209347306,5947844.42
"2026-04-04","Uber",589269,3274,585995,251,603.1,4.779,18.27,15.7,29.59,2816160.35,645884804,17436993.38
"2026-04-05","Lyft",164954,1907,163047,244,475.8,4.717,17.27,16.38,30.68,778044.16,170946707,5060074.02
"2026-04-05","Uber",522192,3312,518880,280.7,679.7,5.112,17.93,17.11,29.72,2669488.86,561765905,15519876.7
"2026-04-06","Lyft",126957,3299,123658,210.6,397.3,4.837,18.41,15.76,31.92,614070.55,140250163,4052169.21
"2026-04-06","Uber",432414,5424,426988,240.7,596.3,5.03,18.62,16.21,31.84,2175044.89,483045051,13765910.87
"2026-04-07","Lyft",144375,3158,141217,206.3,384.9,4.689,18.1,15.54,31.18,676933.82,156821235,4501592.47
"2026-04-07","Uber",458931,5520,453411,230,560.8,4.832,18.16,15.97,32.57,2217568.89,500029588,14947158.38
"2026-04-08","Lyft",154209,3316,150893,205.9,380.7,4.756,18.27,15.62,31.25,733357.93,169073162,4818417.21
"2026-04-08","Uber",478928,5775,473152,227,552.2,4.851,18.32,15.89,33.07,2323349.94,526491809,15838791.46
"2026-04-09","Lyft",165691,3369,162322,206.9,383,4.784,18.74,15.32,31.77,792611.15,186275189,5263719.99
"2026-04-09","Uber",508890,6047,502843,226.9,547.8,5.003,19.15,15.68,34.2,2545931.37,584684250,17405847.75
"2026-04-10","Lyft",192707,3218,189489,218.6,403.6,4.597,18.75,14.71,30.9,885803.9,216829755,5954753.16
"2026-04-10","Uber",552516,5937,546578,236.3,571.3,4.837,19.22,15.1,31.96,2672305.22,637028945,17660941.03
"2026-04-11","Lyft",216743,1905,214838,235.6,440,4.413,18.66,14.19,30.25,956444.47,242642755,6555886.06
"2026-04-11","Uber",590405,3295,587109,251.9,603.1,4.931,19.61,15.09,31.4,2911450.1,694514110,18540614.97
"2026-04-12","Lyft",174158,1899,172259,244,461.6,4.709,17.69,15.97,30.27,820088.13,184842003,5271174.22
"2026-04-12","Uber",527740,3180,524560,275.5,671,5.421,18.95,17.17,31.83,2860798.72,599949034,16799725.13
"2026-04-13","Lyft",134801,3569,131232,224,438.6,4.661,19.01,14.71,31.23,628296.41,153715339,4210383.33
"2026-04-13","Uber",480983,6049,474933,254.2,631.7,5.113,20.06,15.3,32.92,2459260.79,578806030,15832570.09
"2026-04-14","Lyft",165649,3537,162112,230.5,443.6,4.443,19.44,13.71,31.11,736018.1,193239797,5153054.25
"2026-04-14","Uber",470558,6468,464089,245.9,598,4.877,20.2,14.49,35.52,2295042.73,570253998,16716058.83
"2026-04-15","Lyft",187606,3795,183811,237.8,464.9,4.598,20.29,13.6,32.06,862699.17,228436550,6014639.23
"2026-04-15","Uber",494259,7185,487072,246.9,599.1,4.98,20.98,14.24,36.66,2461225.09,622080306,18121007.05
"2026-04-16","Lyft",194296,4037,190259,241.3,478.1,4.536,20.49,13.28,32.21,881369.89,238919847,6258988.31
"2026-04-16","Uber",524190,7559,516631,254.1,609.3,5.16,22.32,13.87,37.81,2705028.04,701992111,19821203.94
"2026-04-17","Lyft",252061,3843,248218,251.5,490.8,4.446,20.4,13.07,31.46,1120543.44,308578769,7928666.71
"2026-04-17","Uber",527717,7130,520583,253.3,608.2,4.871,21.35,13.69,35.62,2570435.19,675849797,18797124.28
"2026-04-18","Lyft",271143,2367,268776,259.1,479,4.539,19.63,13.88,30.2,1230839.64,319349148,8189530.35
"2026-04-18","Uber",579558,3546,576010,258.5,614.8,4.81,19.89,14.51,32.75,2787569,691742561,18980865.18
"2026-04-19","Lyft",218886,2553,216333,250.7,478.7,4.833,18.1,16.02,29.98,1057844.78,237697390,6561532.2
"2026-04-19","Uber",515414,3464,511950,262.3,637.7,5.195,18.77,16.61,32.17,2677591.48,580497383,16583053.25
"2026-04-20","Lyft",186480,4052,182428,232.2,462,4.764,19.38,14.75,31.14,888471.94,216831124,5807448.91
"2026-04-20","Uber",448274,6360,441913,241.3,588.2,4.967,19.77,15.07,34.51,2226517.95,531788070,15469579.15
"2026-04-21","Lyft",188317,3841,184476,227.9,449.2,4.67,19.8,14.15,31.32,879378.28,223690313,5898403.45
"2026-04-21","Uber",466127,6251,459875,235.3,566,4.734,19.91,14.27,34.86,2206740.14,556856673,16249983.36
"2026-04-22","Lyft",188359,4057,184302,228.5,451.2,4.71,20.13,14.04,32.37,887113.17,227459461,6098060.76
"2026-04-22","Uber",501034,6712,494322,234.8,562.1,4.875,20.65,14.17,35.7,2442652.97,620768922,17886271.29
"2026-04-23","Lyft",196166,4272,191894,236.8,462.8,4.711,20.97,13.48,33.45,924141.73,246859481,6561748.12
"2026-04-23","Uber",511439,7106,504333,246.2,583.6,5.17,22.53,13.77,37.97,2644148.25,691392665,19420066.73
"2026-04-24","Lyft",210919,3779,207140,236.7,448.8,4.412,19.88,13.31,30.88,930525.38,251588592,6513380.64
"2026-04-24","Uber",561149,6895,554251,245.6,581.1,4.935,21.06,14.06,34.14,2769223.11,709163272,19156495.51
"2026-04-25","Lyft",260708,2545,258163,272.9,506.8,4.046,18.11,13.4,29.67,1054727.73,283359477,7736373.68
"2026-04-25","Uber",677832,3894,673937,279.6,652.8,4.466,19.21,13.95,31.38,3027237.97,781073297,21273274.92
"2026-04-26","Lyft",196897,2483,194414,258.5,498.9,4.978,18.87,15.83,31.86,980175.16,222880341,6273963.22
"2026-04-26","Uber",506939,3747,503191,274.3,666.6,5.334,19.49,16.42,33.1,2704083.76,592855410,16780605.26
"2026-04-27","Lyft",164753,3842,160911,223.6,433.7,4.93,19.66,15.05,32.45,812234.33,194332324,5346926.74
"2026-04-27","Uber",439140,6714,432426,238.8,584.8,5.037,19.76,15.3,34.25,2212055.08,520588581,15039891.29
"2026-04-28","Lyft",168152,3610,164542,215.5,412.5,4.799,19.91,14.46,32.51,807022.74,200915941,5466264.13
"2026-04-28","Uber",459853,6438,453415,229.3,548.3,4.873,19.94,14.66,34.81,2241005.99,550135389,16007955.72
"2026-04-29","Lyft",176554,3617,172937,224.5,433.5,4.621,20.12,13.78,32.95,815931.26,213121758,5816705.09
"2026-04-29","Uber",510996,7156,503839,236.5,563.1,4.896,20.86,14.09,36.01,2502039.83,639419650,18403403.11
"2026-04-30","Lyft",193783,4169,189614,229.4,453.3,4.892,21.14,13.88,34.14,948027.93,245837215,6616361.24
"2026-04-30","Uber",530994,7629,523365,239.1,567.2,5.03,21.63,13.95,36.95,2670645.83,689267170,19618446.29
