"month","hour_of_day","day_of_week","operator","trips","scheduled_rides","trips_with_wait","wait_p50","wait_p90","trips_wait_gt10","trips_wait_gt15","share_wait_gt10","share_wait_gt15","avg_duration_min","avg_speed_mph","avg_fare","shared_requests","shared_matches","wav_requests","wav_matches","sum_miles","sum_time_sec","sum_total_fare"
"2025-01-01",0,1,"Lyft",15789,26,15763,299.6,694.4,2156,905,0.1368,0.0574,16.36,20.34,29.23,0,0,22,22,87585.81,15500280,461464.22
"2025-01-01",0,1,"Uber",46365,66,46298,282.3,691.5,6363,2257,0.1374,0.0487,16.56,21.18,29.15,4553,2801,34,34,271133.6,46079345,1351703.74
"2025-01-01",0,2,"Lyft",13921,22,13899,260.2,599.2,1390,479,0.1,0.0345,16.08,20,27.05,0,0,27,27,74588.14,13427783,376575.36
"2025-01-01",0,2,"Uber",38060,52,38008,237.8,548.8,3045,860,0.0801,0.0226,16.19,21,28.26,3538,1872,22,22,215599.48,36965669,1075728.1
"2025-01-01",0,3,"Lyft",25498,336,25162,251.4,530.8,1738,373,0.0691,0.0148,16.63,16.7,30.33,0,0,28,28,118030.27,25438695,773230.6
"2025-01-01",0,3,"Uber",87304,394,86910,267.2,646.2,10904,2509,0.1255,0.0289,17.31,17.67,30.08,6531,4156,92,92,445086.21,90674751,2625862.09
"2025-01-01",0,4,"Lyft",20820,54,20766,220,427.9,681,121,0.0328,0.0058,15.76,18.75,26.36,0,0,49,49,102564.46,19689617,548742.17
"2025-01-01",0,4,"Uber",57309,61,57248,219.3,484.9,3355,945,0.0586,0.0165,16.23,20.32,28.03,5211,2913,50,50,314989.7,55796802,1606634.36
"2025-01-01",0,5,"Lyft",25402,33,25369,225.2,439.3,939,245,0.037,0.0097,16.22,18.49,27.67,0,0,28,28,127017.9,24728464,702942.82
"2025-01-01",0,5,"Uber",70941,73,70867,217.7,477,4074,1287,0.0575,0.0182,17.02,20.16,29.63,6056,3728,58,58,405797.03,72464264,2102280.82
"2025-01-01",0,6,"Lyft",35968,45,35923,259.9,494.1,1783,277,0.0496,0.0077,16.15,16.49,26.59,0,0,34,34,159667.08,34848434,956553.66
"2025-01-01",0,6,"Uber",94441,71,94370,246,531.7,6649,1656,0.0705,0.0175,17.19,18.13,27.98,7424,5044,35,35,490580.97,97390976,2642312.05
"2025-01-01",0,7,"Lyft",40826,49,40777,286.2,544.8,2855,430,0.07,0.0105,15.84,16.06,26.88,0,0,43,43,173059.48,38790533,1097576.92
"2025-01-01",0,7,"Uber",109223,57,109166,271.3,567.8,9177,2120,0.0841,0.0194,17.15,18.2,29.43,7776,5598,66,66,568040.4,112389662,3214002.59
"2025-01-01",1,1,"Lyft",10469,18,10451,293.9,677.2,1356,601,0.1297,0.0575,16.09,20.33,27.87,0,0,10,10,57074.89,10107329,291751.52
"2025-01-01",1,1,"Uber",26960,48,26911,267.8,612.6,2860,880,0.1063,0.0327,16.29,21.54,29.02,2688,1374,18,18,157651.51,26348866,782494.9
"2025-01-01",1,2,"Lyft",7692,18,7674,241,474.5,384,73,0.05,0.0095,14.98,19.61,24.55,0,0,16,16,37671.39,6914613,188860.3
"2025-01-01",1,2,"Uber",21528,29,21499,228.8,511.6,1450,399,0.0674,0.0186,15.57,21.6,27.19,1849,815,7,7,120662.25,20106863,585243.34
"2025-01-01",1,3,"Lyft",19391,145,19246,264.4,542.2,1361,316,0.0707,0.0164,16.34,15.86,40.12,0,0,31,31,83742.13,19008161,777981.94
"2025-01-01",1,3,"Uber",73601,300,73301,409.4,824,18867,5196,0.2574,0.0709,17.67,17.86,39.83,6199,3997,92,92,387138.56,78025738,2931346.89
"2025-01-01",1,4,"Lyft",11887,10,11877,208.1,398.3,265,40,0.0223,0.0034,14.79,18.75,24.64,0,0,12,12,54969.92,10551877,292869.92
"2025-01-01",1,4,"Uber",32460,56,32404,213.3,461.1,1661,382,0.0513,0.0118,15.3,20.44,26.57,2914,1498,38,38,169184.09,29793616,862527.53
"2025-01-01",1,5,"Lyft",15260,20,15240,212.8,403.6,350,65,0.023,0.0043,15.27,18.48,25.86,0,0,18,18,71775.56,13985633,394610.22
"2025-01-01",1,5,"Uber",42864,54,42810,209.1,439.9,1923,532,0.0449,0.0124,16.2,20.47,28.43,3635,2080,15,15,236987.21,41672205,1218520.94
"2025-01-01",1,6,"Lyft",28179,32,28147,246.1,461.4,1017,124,0.0361,0.0044,15.57,16.88,25.69,0,0,29,29,123417.83,26328848,724035.44
"2025-01-01",1,6,"Uber",70099,52,70047,241,513.8,4461,981,0.0637,0.014,16.57,18.64,27.62,5716,3971,43,43,360989.89,69710306,1935787.16
"2025-01-01",1,7,"Lyft",33474,40,33434,272.1,526.2,2108,349,0.063,0.0104,15.72,16.73,26.58,0,0,37,37,146769.96,31575713,889618.71
"2025-01-01",1,7,"Uber",83479,56,83423,258.2,543.7,6288,1460,0.0754,0.0175,16.6,18.75,28.85,6267,4439,50,50,432989.54,83153270,2408027.69
"2025-01-01",2,1,"Lyft",7393,50,7343,298.8,646.9,880,311,0.1198,0.0424,16.13,20.58,27.55,0,0,12,12,40900.07,7154994,203684.4
"2025-01-01",2,1,"Uber",18323,129,18194,270.9,587.8,1721,479,0.0946,0.0263,16.22,22.05,28.85,1804,791,22,22,109192.17,17829523,528566.87
"2025-01-01",2,2,"Lyft",5091,27,5064,252.6,493.7,270,47,0.0533,0.0093,14.77,19.77,24.3,0,0,8,8,24775.6,4511637,123718.24
"2025-01-01",2,2,"Uber",13877,94,13783,241.1,505.6,852,200,0.0618,0.0145,15.43,21.89,26.67,1427,509,12,12,78125.22,12845952,370146.26
"2025-01-01",2,3,"Lyft",17405,71,17334,282.4,566.7,1434,301,0.0827,0.0174,16.42,16.42,37.76,0,0,18,18,78214.84,17145935,657140.39
"2025-01-01",2,3,"Uber",60573,302,60271,391.3,812.1,13686,4387,0.2271,0.0728,17.56,18.69,38.14,5017,3276,56,56,331346.45,63818684,2310261.9
"2025-01-01",2,4,"Lyft",7967,55,7912,219.9,411,229,52,0.0289,0.0066,14.91,19.34,25.16,0,0,11,11,38285.44,7125893,200454.7
"2025-01-01",2,4,"Uber",21631,173,21458,229.1,487.4,1241,320,0.0578,0.0149,15.47,21.4,27,2110,911,9,9,119377.38,20083047,583943.92
"2025-01-01",2,5,"Lyft",10551,56,10495,223.9,416.5,271,45,0.0258,0.0043,15.2,18.99,25.85,0,0,19,19,50740.41,9619736,272736.33
"2025-01-01",2,5,"Uber",28609,134,28475,220.5,449.1,1279,292,0.0449,0.0103,15.77,20.73,27.73,2680,1325,15,15,155886.21,27066838,793286.75
"2025-01-01",2,6,"Lyft",21227,38,21189,249.6,459.6,727,90,0.0343,0.0042,15.91,17.83,26.43,0,0,23,23,100314.71,20259234,561123.01
"2025-01-01",2,6,"Uber",52163,134,52029,251.8,519.1,3342,746,0.0642,0.0143,16.42,19.36,27.91,4657,3163,23,23,276326.46,51387181,1455889.78
"2025-01-01",2,7,"Lyft",25858,46,25812,266.2,507.4,1284,182,0.0497,0.0071,16.16,17.84,27.37,0,0,23,23,124240.51,25068504,707772.6
"2025-01-01",2,7,"Uber",61816,137,61679,261.6,545.4,4569,1030,0.0741,0.0167,16.6,19.59,29.58,5084,3530,43,43,334997.25,61563845,1828692.64
"2025-01-01",3,1,"Lyft",6341,250,6091,336.8,646.5,775,160,0.1272,0.0263,16.57,21.99,30.54,0,0,14,14,38506.87,6305361,193637.73
"2025-01-01",3,1,"Uber",15864,573,15291,289.3,612.7,1610,410,0.1053,0.0268,16.65,23.64,32.02,1526,622,12,12,104061.06,15848189,507951.37
"2025-01-01",3,2,"Lyft",4612,155,4457,283.9,553.5,323,55,0.0725,0.0123,15.91,21.8,28.42,0,0,6,6,26662.32,4403794,131086.92
"2025-01-01",3,2,"Uber",12775,388,12387,260,531.6,878,182,0.0709,0.0147,16.08,23.81,30.19,1198,399,8,8,81508.78,12321788,385669.56
"2025-01-01",3,3,"Lyft",15819,189,15630,298.8,591.3,1467,268,0.0939,0.0171,16.77,18.05,31.98,0,0,20,20,79770.78,15913790,505844.73
"2025-01-01",3,3,"Uber",50449,668,49781,336.8,685.9,7403,1930,0.1487,0.0388,17.47,20.07,32.76,4225,2657,38,38,294785.97,52872877,1652855.73
"2025-01-01",3,4,"Lyft",7296,257,7039,240.7,456,252,40,0.0358,0.0057,15.96,21.83,29.22,0,0,11,11,42355.68,6984816,213183.28
"2025-01-01",3,4,"Uber",19202,697,18505,252.9,518.2,1298,288,0.0701,0.0156,16.5,23.84,31.76,1805,726,6,6,125898.73,19008276,609940.11
"2025-01-01",3,5,"Lyft",8962,252,8710,246.7,484.4,409,71,0.047,0.0082,16.3,20.9,29.83,0,0,10,10,50877.91,8762985,267307.39
"2025-01-01",3,5,"Uber",24789,768,24021,248.4,508.1,1472,324,0.0613,0.0135,16.83,22.95,31.83,2330,1139,17,17,159606.68,25038218,789047.3
"2025-01-01",3,6,"Lyft",16100,142,15958,248.1,446.2,491,59,0.0308,0.0037,16.38,18.97,28,0,0,16,16,83408.87,15825168,450774.03
"2025-01-01",3,6,"Uber",40803,481,40322,260.7,512.1,2462,534,0.0611,0.0132,16.94,20.82,29.92,3946,2533,24,24,239837.98,41467560,1220780.08
"2025-01-01",3,7,"Lyft",19366,215,19151,264.3,478.9,813,116,0.0425,0.0061,16.66,19.1,28.77,0,0,20,20,102720.94,19358970,557236.04
"2025-01-01",3,7,"Uber",46804,516,46288,269,534.9,3198,687,0.0691,0.0148,16.89,20.84,30.96,4249,2864,27,27,274549.02,47426988,1449028.86
"2025-01-01",4,1,"Lyft",8945,693,8252,352.1,686.8,1264,290,0.1532,0.0351,17.77,23.67,37.39,0,0,7,7,62696.22,9535043,334476.51
"2025-01-01",4,1,"Uber",21391,1148,20243,301.9,666.1,2659,777,0.1314,0.0384,18.14,25.53,40.36,1882,901,11,11,165115.27,23282767,863332.03
"2025-01-01",4,2,"Lyft",7766,504,7262,308.8,615,782,144,0.1077,0.0198,16.76,23.47,32.83,0,0,14,14,50933.54,7811078,254958.28
"2025-01-01",4,2,"Uber",19306,953,18353,266.2,521.5,1201,242,0.0654,0.0132,17.31,25.55,36.54,1660,730,18,18,142256.6,20047573,705369.52
"2025-01-01",4,3,"Lyft",17366,685,16681,287.6,539.5,1139,189,0.0683,0.0113,17.36,20.8,32.26,0,0,21,21,104514.01,18089843,560301.02
"2025-01-01",4,3,"Uber",43166,1231,41935,316.8,644.6,5153,1191,0.1229,0.0284,17.57,22.38,34.13,3691,2178,28,28,282837.8,45496422,1473066.93
"2025-01-01",4,4,"Lyft",11458,760,10698,270.2,488.7,477,57,0.0446,0.0053,17.58,23.78,34.58,0,0,17,17,79841.19,12086901,396233.77
"2025-01-01",4,4,"Uber",26637,1514,25123,267.4,518.5,1623,358,0.0646,0.0142,17.94,25.76,38.29,2364,1081,20,20,205242.74,28679574,1019854.04
"2025-01-01",4,5,"Lyft",12771,902,11869,285,528.9,730,119,0.0615,0.01,17.78,23.15,35.29,0,0,8,8,87601.92,13621459,450743.56
"2025-01-01",4,5,"Uber",30662,1623,29039,270.8,516.9,1854,393,0.0638,0.0135,18.22,25.07,38.11,2694,1448,10,10,233489.95,33528093,1168442.79
"2025-01-01",4,6,"Lyft",13904,445,13459,268.6,501.7,667,100,0.0496,0.0074,17.46,20.99,31.54,0,0,21,21,84939.73,14567506,438498.29
"2025-01-01",4,6,"Uber",33321,853,32468,283.7,553.8,2504,571,0.0771,0.0176,17.84,22.36,33.21,3375,2019,28,28,221449.57,35660082,1106604.45
"2025-01-01",4,7,"Lyft",15958,442,15516,282.2,524.6,925,138,0.0596,0.0089,17.13,21.02,31.38,0,0,22,22,95727.36,16396968,500718.58
"2025-01-01",4,7,"Uber",37235,874,36361,294.5,580.1,3260,751,0.0897,0.0207,17.52,22.62,33.98,3562,2246,15,15,245849.89,39130319,1265408.19
"2025-01-01",5,1,"Lyft",12876,1001,11875,297.3,614.9,1266,286,0.1066,0.0241,18.75,22.11,36.04,0,0,10,10,88942.16,14482254,464066.34
"2025-01-01",5,1,"Uber",31929,1170,30759,278.1,579.6,2810,734,0.0914,0.0239,18.72,23.54,39.02,2519,1338,35,35,234472.41,35860748,1245923.92
"2025-01-01",5,2,"Lyft",12640,738,11902,268.3,526.7,788,125,0.0662,0.0105,17.29,21.83,32.39,0,0,26,26,79497.89,13109942,409389.39
"2025-01-01",5,2,"Uber",32006,1043,30963,248.4,476,1521,328,0.0491,0.0106,17.32,23.14,34.6,2510,1296,25,25,213757.41,33260450,1107564.86
"2025-01-01",5,3,"Lyft",18814,863,17951,271.6,517.6,1072,167,0.0597,0.0093,17.61,21,32.55,0,0,26,26,115977.08,19878723,612432.6
"2025-01-01",5,3,"Uber",48028,1364,46664,274.3,556.5,3683,808,0.0789,0.0173,17.83,22.19,34.31,4077,2398,31,31,316809.27,51388233,1647835.69
"2025-01-01",5,4,"Lyft",16437,1002,15435,261.9,473.9,603,118,0.0391,0.0076,18.22,22.14,34.58,0,0,20,20,110471.53,17966100,568362.79
"2025-01-01",5,4,"Uber",41878,1503,40375,255.5,486.6,2145,475,0.0531,0.0118,18.24,23.39,36.56,3327,1861,36,36,297806.06,45827089,1531234.88
"2025-01-01",5,5,"Lyft",16821,998,15823,281.8,518.2,897,135,0.0567,0.0085,18.32,21.93,35.41,0,0,26,26,112629.13,18486168,595659.2
"2025-01-01",5,5,"Uber",44077,1523,42554,262.9,498.1,2323,475,0.0546,0.0112,18.71,23.11,36.98,3635,2077,34,34,317721.97,49483400,1630064.81
"2025-01-01",5,6,"Lyft",11992,522,11470,261.2,481.6,514,73,0.0448,0.0064,18.37,22.29,34.26,0,0,11,11,81853.68,13220728,410833.41
"2025-01-01",5,6,"Uber",29334,765,28569,249.9,479.3,1523,321,0.0533,0.0112,18.35,23.42,34.74,2774,1617,17,17,210109.95,32296115,1019176.92
"2025-01-01",5,7,"Lyft",12176,558,11618,263.9,484.4,535,72,0.046,0.0062,17.97,22.38,33.31,0,0,11,11,81598.72,13127249,405588.5
"2025-01-01",5,7,"Uber",29908,851,29057,250.5,484.9,1591,380,0.0548,0.0131,18.06,23.83,35.24,2769,1571,21,21,214461.45,32401933,1054037.88
"2025-01-01",6,1,"Lyft",21311,951,20360,294.1,550.9,1495,269,0.0734,0.0132,18.58,18.32,31.65,0,0,23,23,120903.3,23758473,674447.67
"2025-01-01",6,1,"Uber",54624,1320,53304,278.3,561.6,4357,1053,0.0817,0.0198,19.02,19.47,34.59,4074,2515,35,35,337037.85,62322922,1889312.62
"2025-01-01",6,2,"Lyft",22582,846,21736,287.7,547.8,1527,223,0.0703,0.0103,17.96,17.49,30.01,0,0,24,24,118222.01,24337544,677671.46
"2025-01-01",6,2,"Uber",60628,1345,59283,266.4,529.4,3981,831,0.0672,0.014,18.44,18.35,32.11,4296,2656,53,53,342004.86,67083238,1946972.62
"2025-01-01",6,3,"Lyft",27334,890,26444,288.5,543,1831,290,0.0692,0.011,17.61,18.16,30.65,0,0,20,20,145643.65,28873405,837850.09
"2025-01-01",6,3,"Uber",74187,1678,72508,271.1,548.4,5384,1129,0.0743,0.0156,18.23,18.95,32.52,5791,3654,44,44,427141.42,81137592,2412687.94
"2025-01-01",6,4,"Lyft",27730,971,26759,280.3,516.4,1530,191,0.0572,0.0071,18.41,17.82,31.31,0,0,34,34,151604.19,30631839,868219.44
"2025-01-01",6,4,"Uber",77935,1731,76204,261.2,502.4,4280,869,0.0562,0.0114,18.8,18.59,32.3,5964,3814,68,68,453974.52,87902273,2517554.26
"2025-01-01",6,5,"Lyft",27543,992,26551,288.8,530.6,1582,180,0.0596,0.0068,18.2,18,31.3,0,0,26,26,150394.81,30079351,862220.98
"2025-01-01",6,5,"Uber",76886,1634,75252,266.4,509.3,4494,953,0.0597,0.0127,19.16,18.86,32.93,5745,3772,56,56,463067.6,88407129,2531610.4
"2025-01-01",6,6,"Lyft",14560,405,14155,275.8,530.5,887,119,0.0627,0.0084,16.98,21.61,30.76,0,0,14,14,89015.73,14830123,447917.15
"2025-01-01",6,6,"Uber",39024,774,38250,257.8,506.9,2252,503,0.0589,0.0132,17.59,22.72,31.86,3911,2399,27,27,260030.04,41194495,1243213.25
"2025-01-01",6,7,"Lyft",13861,411,13450,300.4,573.4,1138,195,0.0846,0.0145,16.96,22.25,31.9,0,0,13,13,87187.16,14106280,442204.11
"2025-01-01",6,7,"Uber",37155,835,36320,277.7,549.1,2729,626,0.0751,0.0172,17.68,23.52,33.31,3885,2486,13,13,257565.79,39419336,1237591.3
"2025-01-01",7,1,"Lyft",34010,1455,32555,318.9,617.9,3566,591,0.1095,0.0182,18.71,14.47,28.28,0,0,53,53,153486.93,38182973,961808.85
"2025-01-01",7,1,"Uber",85646,1748,83898,291.4,580.2,7470,1585,0.089,0.0189,19.1,15.64,31.55,4989,2975,113,113,426530.22,98148168,2701932.14
"2025-01-01",7,2,"Lyft",37244,1780,35464,340.2,666.1,5005,973,0.1411,0.0274,18.87,13.2,29.22,0,0,51,51,154648.05,42165527,1088432.49
"2025-01-01",7,2,"Uber",102663,1903,100760,314.8,649.3,12741,3405,0.1264,0.0338,19.32,14.19,32.27,5616,3379,138,138,469156.6,119019907,3312880.29
"2025-01-01",7,3,"Lyft",39910,1766,38144,310.7,629.6,4415,861,0.1157,0.0226,18.26,14.61,29.32,0,0,68,68,177447.84,43726595,1170159.16
"2025-01-01",7,3,"Uber",116696,2178,114518,295.9,589.7,10772,2338,0.0941,0.0204,18.53,15.28,31.17,6992,4315,136,136,550672.62,129721777,3637573.96
"2025-01-01",7,4,"Lyft",46688,2027,44661,333.5,649.2,5817,1105,0.1302,0.0247,18.57,13.62,28.36,0,0,75,75,196762.15,52006443,1324070.82
"2025-01-01",7,4,"Uber",128811,2309,126502,308.5,614.6,13634,3185,0.1078,0.0252,19.32,14.57,31.26,7420,4735,177,177,604636.61,149355611,4026023.35
"2025-01-01",7,5,"Lyft",44548,1848,42700,327.6,647.9,5509,998,0.129,0.0234,18.37,14.13,28.41,0,0,65,65,192765.67,49107860,1265592.7
"2025-01-01",7,5,"Uber",126801,2221,124580,299.5,595.1,12087,2615,0.097,0.021,19.26,15.08,30.66,7105,4366,165,165,613623.37,146521629,3888262.02
"2025-01-01",7,6,"Lyft",17596,410,17186,228,415.8,442,78,0.0257,0.0045,16.24,20.57,28.4,0,0,27,27,97954.79,17146719,499724.28
"2025-01-01",7,6,"Uber",51553,748,50805,218.8,424.4,1852,372,0.0365,0.0073,17.03,21.94,29.44,4433,2626,30,30,321058.58,52677055,1517965.61
"2025-01-01",7,7,"Lyft",15757,397,15360,240.7,448.5,536,103,0.0349,0.0067,16.05,21.7,29.28,0,0,24,24,91476.06,15178100,461299.25
"2025-01-01",7,7,"Uber",47680,739,46941,230.6,450.3,1993,477,0.0425,0.0102,16.79,23.19,30.52,4417,2662,20,20,309405.24,48030116,1455020.46
"2025-01-01",8,1,"Lyft",40514,1289,39225,278.3,540.5,2696,447,0.0687,0.0114,18.47,13.28,26.97,0,0,91,91,165667.66,44900217,1092614.96
"2025-01-01",8,1,"Uber",106212,1663,104548,256.2,513.1,6308,1375,0.0603,0.0132,18.8,14.45,29.94,5233,2890,236,236,480805.6,119779724,3179839.14
"2025-01-01",8,2,"Lyft",46216,1586,44630,311.8,609.2,4693,853,0.1052,0.0191,18.76,11.91,27.96,0,0,107,107,172063.24,52019708,1292336.2
"2025-01-01",8,2,"Uber",131090,1793,129297,277.2,572.5,11263,2931,0.0871,0.0227,18.93,12.75,30.41,5941,3305,251,251,527508.23,148891660,3986979.54
"2025-01-01",8,3,"Lyft",47624,1698,45926,298.5,599,4562,963,0.0993,0.021,18.24,13.01,27.96,0,0,101,101,188302.8,52124308,1331369.2
"2025-01-01",8,3,"Uber",144109,2080,142029,267.3,525.3,9110,1920,0.0641,0.0135,18.38,13.85,29.55,7208,4223,313,313,611452.77,158886875,4258771.38
"2025-01-01",8,4,"Lyft",57296,1858,55438,302.5,609.2,5833,1160,0.1052,0.0209,18.42,12.26,27.06,0,0,147,147,215678.97,63331961,1550151.94
"2025-01-01",8,4,"Uber",159072,2242,156830,268.1,538.2,11049,2530,0.0705,0.0161,18.84,13.34,29.78,7627,4434,327,327,666163.13,179810393,4737643.09
"2025-01-01",8,5,"Lyft",53921,1685,52236,278.7,553.5,3993,694,0.0764,0.0133,17.67,13.05,26.4,0,0,135,135,207221.24,57153581,1423437.97
"2025-01-01",8,5,"Uber",153537,2216,151321,247.1,495.7,8275,1850,0.0547,0.0122,18.29,14.25,28.19,7481,4212,349,349,666958.22,168483616,4327452.77
"2025-01-01",8,6,"Lyft",21063,370,20693,214.3,383.2,342,48,0.0165,0.0023,15.79,18.6,26.41,0,0,45,45,103113.7,19953269,556373.23
"2025-01-01",8,6,"Uber",65603,729,64874,206.5,389.9,1791,395,0.0276,0.0061,16.44,20.06,27.24,4579,2590,70,70,360696.7,64726238,1786796.75
"2025-01-01",8,7,"Lyft",17423,302,17121,214.9,375,239,51,0.014,0.003,15.45,20.41,27.62,0,0,36,36,91597.06,16152740,481161.46
"2025-01-01",8,7,"Uber",55663,652,55011,206.4,393.8,1769,421,0.0322,0.0077,15.92,21.9,28.67,3925,2098,64,64,323420.79,53175543,1595731.07
"2025-01-01",9,1,"Lyft",31372,975,30397,222.5,420.2,772,105,0.0254,0.0035,18.06,14.44,27.75,0,0,109,109,136346.81,33992032,870466.98
"2025-01-01",9,1,"Uber",92618,1595,91023,209.6,414,2809,582,0.0309,0.0064,17.86,15.56,29.38,4076,1893,359,359,429073.61,99259762,2720813.04
"2025-01-01",9,2,"Lyft",36186,1222,34964,236.7,469.7,1596,311,0.0456,0.0089,18.81,12.88,28.16,0,0,120,120,146083.32,40836458,1018923.57
"2025-01-01",9,2,"Uber",108212,1741,106471,214.9,426.7,3650,773,0.0343,0.0073,18.67,13.73,30,4596,2261,443,443,462479.11,121218796,3246789.39
"2025-01-01",9,3,"Lyft",39778,1204,38574,232.2,448.2,1390,251,0.036,0.0065,18.28,13.57,27.8,0,0,128,128,164357.5,43617511,1105650.47
"2025-01-01",9,3,"Uber",120943,1864,119078,215.2,420.7,3794,752,0.0319,0.0063,17.99,14.67,29.12,5364,2640,402,402,531849.71,130554420,3522102.29
"2025-01-01",9,4,"Lyft",45040,1456,43584,224.1,430.8,1316,248,0.0302,0.0057,18.61,13.09,27.84,0,0,155,155,182895.95,50301598,1254104
"2025-01-01",9,4,"Uber",132121,2143,129978,209.3,411.5,4000,841,0.0308,0.0065,18.66,14.06,29.45,6085,3118,525,525,577597.92,147936053,3891320.08
"2025-01-01",9,5,"Lyft",41762,1370,40392,213.3,389.5,690,105,0.0171,0.0026,17.75,14.16,27.34,0,0,173,173,174965.48,44479244,1141642.92
"2025-01-01",9,5,"Uber",126859,1966,124893,198.9,382.8,3106,629,0.0249,0.005,17.94,15.31,28.76,5677,2843,466,466,580795.25,136563816,3648487.36
"2025-01-01",9,6,"Lyft",25723,345,25378,213.8,376.6,354,39,0.0139,0.0015,15.41,16.85,24.93,0,0,55,55,111321.83,23778563,641273.71
"2025-01-01",9,6,"Uber",79402,659,78743,201.5,376.4,1755,330,0.0223,0.0042,15.86,18.62,26.48,4177,2098,124,124,390956.14,75580134,2102676.26
"2025-01-01",9,7,"Lyft",22817,282,22535,218.7,379.8,346,40,0.0154,0.0018,15.15,18.65,26.13,0,0,53,53,107448.09,20741365,596253.97
"2025-01-01",9,7,"Uber",72295,627,71668,206.4,386.8,1803,365,0.0252,0.0051,15.59,20.48,27.91,3573,1864,115,115,384640.25,67627226,2017657.74
"2025-01-01",10,1,"Lyft",26287,748,25539,219.4,417,625,105,0.0245,0.0041,18.33,15.29,28.72,0,0,162,162,122811.53,28914525,755000.14
"2025-01-01",10,1,"Uber",82182,1217,80965,199.4,400.8,2381,488,0.0294,0.006,18.07,16.23,30.03,3055,1197,405,405,401689.27,89112631,2468067.36
"2025-01-01",10,2,"Lyft",27967,872,27095,216.4,415.9,693,93,0.0256,0.0034,19.16,13.85,29.07,0,0,156,156,123698.3,32144912,812905.02
"2025-01-01",10,2,"Uber",87487,1323,86164,196.4,393.1,2344,483,0.0272,0.0056,18.62,14.68,30.7,3164,1126,534,534,398529.99,97715369,2686172.18
"2025-01-01",10,3,"Lyft",33415,920,32495,213.5,402,714,112,0.022,0.0034,18.69,14.57,29.02,0,0,163,163,151706.46,37473830,969554.2
"2025-01-01",10,3,"Uber",100657,1454,99203,201.8,401.5,2767,580,0.0279,0.0058,18.53,15.55,31.02,3730,1506,561,561,483287.1,111886970,3122830.09
"2025-01-01",10,4,"Lyft",36783,1157,35626,202.7,383.9,680,97,0.0191,0.0027,19.3,14.03,29.41,0,0,193,193,165954.47,42595528,1081924.66
"2025-01-01",10,4,"Uber",109757,1656,108101,194,386.6,2886,648,0.0267,0.006,19.03,14.87,31.1,4115,1647,649,649,517656.87,125332047,3413407.18
"2025-01-01",10,5,"Lyft",35527,1050,34477,206.3,384.9,646,97,0.0187,0.0028,18.56,14.57,28.82,0,0,219,219,160160.58,39560019,1023961.31
"2025-01-01",10,5,"Uber",109888,1418,108470,193.3,383.9,2622,571,0.0242,0.0053,18.58,15.67,30.29,4205,1721,541,541,533390.96,122520013,3328719.51
"2025-01-01",10,6,"Lyft",27951,260,27691,208.6,373.6,477,62,0.0172,0.0022,15.91,16.03,25.45,0,0,67,67,118806.29,26689588,711430.9
"2025-01-01",10,6,"Uber",88145,551,87594,196.6,376.1,2138,437,0.0244,0.005,16.29,17.63,27.02,3671,1744,168,168,421945,86161322,2381994.18
"2025-01-01",10,7,"Lyft",26966,248,26718,223.3,396.7,455,58,0.017,0.0022,15.45,17.55,26.11,0,0,72,72,121888.99,25002160,703981.42
"2025-01-01",10,7,"Uber",87907,492,87415,210.7,400.2,2373,470,0.0271,0.0054,15.77,19.12,27.48,3745,1866,155,155,441689.47,83160922,2415811.29
"2025-01-01",11,1,"Lyft",24746,561,24185,226.2,433.6,729,87,0.0301,0.0036,18.43,15.23,28.61,0,0,131,131,115801.5,27369783,707908.05
"2025-01-01",11,1,"Uber",78274,1015,77259,200.4,413.1,2525,521,0.0327,0.0067,18.21,16.34,30.44,2641,975,431,431,388260.08,85521545,2382652.56
"2025-01-01",11,2,"Lyft",26304,628,25676,219.9,428.7,726,118,0.0283,0.0046,18.63,13.88,27.4,0,0,141,141,113342.79,29406134,720743.13
"2025-01-01",11,2,"Uber",79191,1163,78027,191.5,384.1,2001,406,0.0256,0.0052,18.5,14.94,30.86,2633,897,521,521,364759.57,87907044,2444171.39
"2025-01-01",11,3,"Lyft",32941,778,32163,218.6,423.8,885,117,0.0275,0.0036,18.46,14.39,28.17,0,0,161,161,145814.95,36487572,927925.47
"2025-01-01",11,3,"Uber",94711,1308,93403,203,413.8,2803,577,0.03,0.0062,18.52,15.58,31.45,3376,1278,548,548,455502.47,105257546,2978932.91
"2025-01-01",11,4,"Lyft",34965,912,34053,205.3,390.1,700,134,0.0206,0.0039,19.41,13.92,28.8,0,0,205,205,157438.68,40711949,1007074.98
"2025-01-01",11,4,"Uber",101802,1460,100342,190.3,384.7,2630,610,0.0262,0.0061,19.15,14.89,31.45,3526,1331,648,648,483891.53,116953921,3202135.39
"2025-01-01",11,5,"Lyft",34438,771,33667,216.2,409.3,793,105,0.0236,0.0031,18.99,14.08,28.66,0,0,190,190,153465.45,39236812,987086.37
"2025-01-01",11,5,"Uber",105175,1320,103855,197.1,393.5,2809,579,0.027,0.0056,19.02,15.24,30.54,3577,1328,588,588,508059.66,120037844,3212546.13
"2025-01-01",11,6,"Lyft",29993,241,29752,213.7,388.4,538,76,0.0181,0.0026,16.57,14.92,25.65,0,0,80,80,123581.79,29810254,769170.91
"2025-01-01",11,6,"Uber",95020,515,94505,195.7,376.9,2207,444,0.0234,0.0047,16.92,16.49,27.04,3716,1783,195,195,441756.17,96466072,2569482.12
"2025-01-01",11,7,"Lyft",28950,220,28730,221.4,394.9,482,61,0.0168,0.0021,16,16.39,26.29,0,0,71,71,126533.87,27793016,761236.6
"2025-01-01",11,7,"Uber",91812,469,91342,206.2,392.2,2205,442,0.0241,0.0048,16.28,18.11,27.88,3610,1806,179,179,451184.02,89685661,2559281.32
"2025-01-01",12,1,"Lyft",25124,646,24478,243.6,483.1,1154,204,0.0471,0.0083,18.48,15.32,28.73,0,0,181,181,118513.98,27854137,721712.39
"2025-01-01",12,1,"Uber",78455,1130,77325,206.5,424.7,2756,629,0.0356,0.0081,18.14,16.3,30.3,2503,850,464,464,386587.71,85375322,2377112.68
"2025-01-01",12,2,"Lyft",26290,700,25590,229.9,457,981,157,0.0383,0.0061,18.71,14.12,27.85,0,0,210,210,115817.6,29518910,732216.08
"2025-01-01",12,2,"Uber",79450,1195,78255,197.1,407,2363,487,0.0302,0.0062,18.6,15.35,31.14,2534,843,599,599,377897.05,88644577,2474355.65
"2025-01-01",12,3,"Lyft",33047,842,32205,231.5,449.9,1122,176,0.0348,0.0055,18.44,14.54,28.62,0,0,177,177,147715.85,36565325,945706.13
"2025-01-01",12,3,"Uber",96773,1423,95350,212.4,437.5,3361,734,0.0352,0.0077,18.61,15.66,31.68,3474,1286,670,670,469959.73,108051983,3065533.6
"2025-01-01",12,4,"Lyft",34444,948,33496,213.3,412.3,868,147,0.0259,0.0044,19.34,14.11,29,0,0,253,253,156726.45,39975949,998941.54
"2025-01-01",12,4,"Uber",103375,1422,101952,195.1,399.2,3068,675,0.0301,0.0066,19.12,15.2,31.71,3380,1215,739,739,500570.83,118575522,3278490.35
"2025-01-01",12,5,"Lyft",35296,863,34433,237.9,455.8,1302,217,0.0378,0.0063,19.2,14.14,29.15,0,0,212,212,159788.44,40670086,1028957.18
"2025-01-01",12,5,"Uber",109580,1336,108244,214.3,432.1,4058,839,0.0375,0.0078,19.47,15.13,31.17,3745,1513,673,673,538051.22,127981461,3415219.93
"2025-01-01",12,6,"Lyft",31584,243,31341,221.7,413.3,695,105,0.0222,0.0034,17.16,14.22,25.88,0,0,103,103,128429.62,32516752,817385.57
"2025-01-01",12,6,"Uber",100043,432,99611,201.8,394.2,2595,511,0.0261,0.0051,17.54,15.61,27.22,3814,1852,223,223,456736.6,105307754,2722919.96
"2025-01-01",12,7,"Lyft",29236,247,28989,227.3,412.7,619,82,0.0214,0.0028,16.6,15.67,26.77,0,0,76,76,126751.63,29121706,782689.63
"2025-01-01",12,7,"Uber",95026,430,94596,208.8,400,2680,520,0.0283,0.0055,17.07,17.3,28.35,3657,1805,191,191,467641.07,97336701,2694220.09
"2025-01-01",13,1,"Lyft",26506,586,25920,236.5,453.1,922,128,0.0356,0.0049,18.61,14.94,28.6,0,0,145,145,122846.2,29601244,757957.8
"2025-01-01",13,1,"Uber",83372,936,82436,209.2,425.1,3011,640,0.0365,0.0078,18.33,15.8,30.07,3300,1281,518,518,402446.42,91696947,2506807.37
"2025-01-01",13,2,"Lyft",27692,708,26984,222.8,434.6,872,138,0.0323,0.0051,18.66,14.15,27.63,0,0,170,170,121870.34,31002580,765025.04
"2025-01-01",13,2,"Uber",82515,1009,81506,198.4,405.8,2478,565,0.0304,0.0069,18.79,15.17,31.18,3024,1095,599,599,391922.76,93017526,2572977.44
"2025-01-01",13,3,"Lyft",34272,753,33519,236.8,456.8,1200,194,0.0358,0.0058,18.83,14.45,28.9,0,0,199,199,155397.96,38712164,990586.45
"2025-01-01",13,3,"Uber",102181,1200,100981,214.4,446.7,3844,757,0.0381,0.0075,18.96,15.63,31.97,3920,1541,727,727,504637.43,116247147,3266949.27
"2025-01-01",13,4,"Lyft",36028,822,35206,216.8,417.1,959,163,0.0272,0.0046,19.82,14.07,29.62,0,0,237,237,167504.43,42848406,1067099.9
"2025-01-01",13,4,"Uber",108702,1273,107429,198.4,399.9,3265,755,0.0304,0.007,19.49,15.04,32.01,3989,1581,777,777,530974.17,127089665,3479067.39
"2025-01-01",13,5,"Lyft",37000,753,36247,240.9,464.9,1426,223,0.0393,0.0062,19.7,13.82,29.59,0,0,204,204,167842.53,43728482,1094765.21
"2025-01-01",13,5,"Uber",115961,1118,114843,218.6,442.1,4640,1085,0.0404,0.0094,19.89,14.82,31.53,4510,1981,662,662,569694.77,138372283,3656003.82
"2025-01-01",13,6,"Lyft",32819,207,32612,223.8,413.3,755,124,0.0232,0.0038,17.84,13.75,26.5,0,0,80,80,134181.39,35123070,869679.39
"2025-01-01",13,6,"Uber",105929,439,105490,204.1,402.6,2863,617,0.0271,0.0058,18.34,15.09,27.94,4307,2204,248,248,488490,116539029,2959802.97
"2025-01-01",13,7,"Lyft",30061,214,29847,230.2,422.9,702,98,0.0235,0.0033,17.64,15.2,27.88,0,0,79,79,134329.28,31808462,837984
"2025-01-01",13,7,"Uber",99882,431,99451,213.2,415.6,2993,632,0.0301,0.0064,18.06,16.7,29.15,4076,2182,219,219,502028.36,108251741,2911630.74
"2025-01-01",14,1,"Lyft",28553,557,27996,236.7,461.2,1091,190,0.039,0.0068,19.25,14.42,29.14,0,0,185,185,132140.58,32980947,832004.18
"2025-01-01",14,1,"Uber",90920,698,90222,222.5,461.3,4179,945,0.0463,0.0105,19.16,15.18,30.56,3689,1550,472,472,440667.64,104529250,2778496.88
"2025-01-01",14,2,"Lyft",30955,596,30359,241,473.8,1253,189,0.0413,0.0062,19.63,13.05,27.67,0,0,157,157,132188.58,36467857,856472.4
"2025-01-01",14,2,"Uber",95610,821,94788,216.3,447.9,3962,894,0.0418,0.0094,19.64,13.91,30.62,3981,1717,563,563,435212.26,112639163,2928054.27
"2025-01-01",14,3,"Lyft",36585,674,35911,248.7,493.3,1782,284,0.0496,0.0079,19.49,13.77,29.25,0,0,191,191,163614.6,42773146,1070113.99
"2025-01-01",14,3,"Uber",115057,977,114080,223.8,462.2,4947,1044,0.0434,0.0092,19.74,14.49,31.9,5049,2307,638,638,548580.16,136286032,3670803.57
"2025-01-01",14,4,"Lyft",39330,752,38578,237.6,470.9,1681,308,0.0436,0.008,20.79,13.05,29.81,0,0,202,202,177802.8,49055237,1172322.98
"2025-01-01",14,4,"Uber",124872,1103,123769,212.6,440,4864,1106,0.0393,0.0089,20.63,13.69,31.91,5300,2411,747,747,587631.11,154540487,3984261.15
"2025-01-01",14,5,"Lyft",41013,725,40288,254.6,493.1,1913,297,0.0475,0.0074,21.45,12.45,29.88,0,0,205,205,182633.73,52789476,1225391.78
"2025-01-01",14,5,"Uber",129602,869,128733,229,466.8,5862,1321,0.0455,0.0103,21.62,13.07,31.36,5614,2751,630,630,610276.81,168126531,4064066.09
"2025-01-01",14,6,"Lyft",34204,199,34005,227.2,435.1,1035,142,0.0304,0.0042,18.14,13.66,26.97,0,0,89,89,141224.37,37220317,922648.11
"2025-01-01",14,6,"Uber",110403,367,110036,206.6,417,3552,763,0.0323,0.0069,18.74,14.8,28.18,5019,2640,242,242,510260.65,124106373,3111554.48
"2025-01-01",14,7,"Lyft",31606,237,31369,249.6,476.8,1395,235,0.0445,0.0075,18.19,14.75,28.49,0,0,86,86,141352.19,34497596,900370.52
"2025-01-01",14,7,"Uber",105756,356,105400,229,460.9,4540,977,0.0431,0.0093,18.85,16.12,29.8,4762,2665,219,219,535548.82,119613296,3151188.24
"2025-01-01",15,1,"Lyft",28120,452,27668,233,451.2,986,175,0.0356,0.0063,20.18,13.82,29.75,0,0,163,163,130760.42,34054670,836657.1
"2025-01-01",15,1,"Uber",92899,603,92296,218.6,457.8,4070,870,0.0441,0.0094,20.13,14.55,31.21,3833,1667,368,368,453520.87,112188308,2899704.98
"2025-01-01",15,2,"Lyft",31459,507,30952,237.7,469,1347,247,0.0435,0.008,20.06,12.5,28.17,0,0,185,185,131412.86,37861686,886240.44
"2025-01-01",15,2,"Uber",98935,702,98232,214.4,448.8,4365,1131,0.0444,0.0115,20.61,13.22,31.51,4326,1972,518,518,449162.6,122356680,3117819
"2025-01-01",15,3,"Lyft",37242,518,36724,260.4,543.3,2769,700,0.0754,0.0191,20.03,13.4,30.17,0,0,203,203,166573.35,44765288,1123413.16
"2025-01-01",15,3,"Uber",120288,762,119526,220.5,460.4,5302,1245,0.0444,0.0104,20.21,13.96,31.82,5679,2658,568,568,565765.16,145868731,3827722.5
"2025-01-01",15,4,"Lyft",40654,648,40006,234.8,459.4,1601,262,0.04,0.0065,21.79,12.57,31.42,0,0,210,210,185671.31,53157095,1277200.88
"2025-01-01",15,4,"Uber",128636,976,127660,212.1,435.7,5020,1105,0.0393,0.0087,21.63,13.13,33.09,5607,2663,608,608,608855.31,166961238,4256187.37
"2025-01-01",15,5,"Lyft",41605,557,41048,254.1,498.8,2168,389,0.0528,0.0095,21.99,11.79,30.69,0,0,205,205,179880.25,54905135,1276969.29
"2025-01-01",15,5,"Uber",133669,764,132905,227.5,468.6,6350,1498,0.0478,0.0113,22.81,12.5,32.51,6233,3157,569,569,634955.01,182938045,4345102.03
"2025-01-01",15,6,"Lyft",35407,177,35230,225.3,431.4,1069,160,0.0303,0.0045,18.42,13.37,27.06,0,0,93,93,145341.49,39123708,958191.95
"2025-01-01",15,6,"Uber",115784,346,115438,203.1,410.6,3822,832,0.0331,0.0072,19.15,14.59,28.47,5432,3002,228,228,538905.08,133005773,3296738.23
"2025-01-01",15,7,"Lyft",30461,234,30227,236.7,460,1244,200,0.0412,0.0066,18.38,14.83,28.94,0,0,92,92,138444.21,33598681,881504.88
"2025-01-01",15,7,"Uber",104868,325,104543,220.1,452.9,4626,1053,0.0442,0.0101,19.04,16.22,29.94,4995,2788,198,198,540064.98,119831257,3139679.6
"2025-01-01",16,1,"Lyft",26567,335,26232,227.3,437.3,840,114,0.032,0.0043,19.87,13.46,29.79,0,0,118,118,118373.91,31668645,791318.28
"2025-01-01",16,1,"Uber",96775,450,96325,214.3,442.4,4080,872,0.0424,0.0091,19.85,14.05,30.02,4156,1788,337,337,449758.7,115268685,2904884.62
"2025-01-01",16,2,"Lyft",29688,377,29311,227.1,440.2,1033,181,0.0352,0.0062,20.09,12.42,29.34,0,0,113,113,123397.99,35778757,871097.51
"2025-01-01",16,2,"Uber",104821,567,104254,207.7,426.1,3917,877,0.0376,0.0084,20.15,12.91,30.35,4778,2183,416,416,454388.33,126711523,3181321.61
"2025-01-01",16,3,"Lyft",37868,509,37359,232.6,443,1270,214,0.034,0.0057,20.1,13.16,30.35,0,0,155,155,167024.3,45678544,1149450.01
"2025-01-01",16,3,"Uber",128036,711,127325,210.2,426.4,4846,1128,0.0381,0.0089,20.22,13.62,31.14,6220,3087,441,441,587558.7,155347401,3986696.44
"2025-01-01",16,4,"Lyft",39993,606,39387,228.8,436.2,1191,182,0.0302,0.0046,21.71,12.41,31.91,0,0,182,182,179559.26,52101219,1276181.07
"2025-01-01",16,4,"Uber",136410,880,135530,208.2,415.6,4431,962,0.0327,0.0071,21.49,12.74,32.23,6105,2930,509,509,622564.58,175920858,4395859.62
"2025-01-01",16,5,"Lyft",42680,507,42173,237.5,454.5,1525,280,0.0362,0.0066,21.19,11.9,29.73,0,0,181,181,179310.44,54252340,1269082.51
"2025-01-01",16,5,"Uber",141383,641,140742,216.4,438.9,5611,1329,0.0399,0.0094,21.83,12.41,30.95,6657,3414,456,456,638346.46,185195175,4375883.79
"2025-01-01",16,6,"Lyft",36476,238,36238,224.9,425.4,1056,217,0.0291,0.006,18.95,12.93,27.45,0,0,100,100,148918.96,41472700,1001200.9
"2025-01-01",16,6,"Uber",121742,336,121406,204.1,409,3969,907,0.0327,0.0075,19.68,14.11,28.75,5495,3073,249,249,563500.71,143774090,3499762.95
"2025-01-01",16,7,"Lyft",29988,178,29810,223.6,421.7,933,187,0.0313,0.0063,18.51,14.91,28.98,0,0,76,76,137894.65,33303898,868946.93
"2025-01-01",16,7,"Uber",104367,314,104053,210.8,433.3,4375,1094,0.042,0.0105,19.2,16.22,29.89,4868,2549,208,208,541667.89,120256046,3119991.08
"2025-01-01",17,1,"Lyft",30977,346,30631,240.7,466.8,1313,220,0.0429,0.0072,18.54,13.14,27.87,0,0,112,112,125783.75,34460763,863353.78
"2025-01-01",17,1,"Uber",107915,407,107508,229.7,465.4,5048,1147,0.047,0.0107,18.85,13.76,28.65,5197,2536,232,232,466639.66,122044744,3091935.42
"2025-01-01",17,2,"Lyft",36069,356,35713,253.9,481.1,1546,217,0.0433,0.0061,18.91,11.92,27.42,0,0,112,112,135536.73,40929778,988836.07
"2025-01-01",17,2,"Uber",123592,512,123080,233.5,460.3,5317,1065,0.0432,0.0087,19.2,12.49,28.66,6002,3183,285,285,493919.78,142375111,3541824.2
"2025-01-01",17,3,"Lyft",45739,426,45313,259.8,492.7,2138,314,0.0472,0.0069,19.06,12.6,28.37,0,0,149,149,183103.67,52305707,1297827.27
"2025-01-01",17,3,"Uber",148499,645,147853,233.2,460.3,6422,1308,0.0434,0.0088,19.34,13.16,29.65,6622,3543,372,372,629816.07,172308877,4403342.42
"2025-01-01",17,4,"Lyft",47707,541,47166,264.8,509.2,2567,352,0.0544,0.0075,20.11,11.78,29.33,0,0,176,176,188317.65,57561300,1399053.34
"2025-01-01",17,4,"Uber",157785,639,157146,238.1,471.7,7220,1507,0.0459,0.0096,20.69,12.51,31,7779,4188,408,408,680815.28,195889528,4891478.53
"2025-01-01",17,5,"Lyft",50266,422,49844,261.1,500.9,2534,386,0.0508,0.0077,19.89,11.8,28.09,0,0,137,137,196592.96,59981967,1411725.8
"2025-01-01",17,5,"Uber",162346,597,161749,237.1,476.3,7687,1558,0.0475,0.0096,20.79,12.55,29.4,8295,4645,378,378,705850.71,202544897,4772825.89
"2025-01-01",17,6,"Lyft",40211,245,39966,241.6,448.2,1311,247,0.0328,0.0062,19.1,12.56,27.16,0,0,79,79,160806.78,46090692,1092060.8
"2025-01-01",17,6,"Uber",130163,373,129790,218.9,430.7,4596,1004,0.0354,0.0077,19.71,13.83,28.44,5850,3368,242,242,591151.4,153926935,3701482.15
"2025-01-01",17,7,"Lyft",31745,164,31581,247.8,472.8,1367,247,0.0433,0.0078,17.7,14.51,27.3,0,0,78,78,135906.55,33714556,866517.96
"2025-01-01",17,7,"Uber",108115,298,107817,230.5,467.9,5331,1238,0.0494,0.0115,18.39,15.77,28.19,5218,2850,192,192,522659.46,119290596,3047886.78
"2025-01-01",18,1,"Lyft",30834,191,30643,235.2,440.2,959,173,0.0313,0.0056,16.8,14.04,26.12,0,0,109,109,121216.83,31081006,805512.34
"2025-01-01",18,1,"Uber",107863,294,107569,226.1,449,4573,1090,0.0425,0.0101,17.22,15.17,27.41,5178,2570,188,188,469585.04,111468707,2956333.14
"2025-01-01",18,2,"Lyft",36677,230,36447,246.5,465.2,1380,184,0.0379,0.005,16.99,12.9,26.15,0,0,107,107,133957.5,37384437,959260.38
"2025-01-01",18,2,"Uber",122238,339,121899,228.4,450.9,4820,899,0.0395,0.0074,17.43,13.99,27.89,6111,3228,191,191,496562.69,127820558,3408718.97
"2025-01-01",18,3,"Lyft",47407,245,47162,251,478.8,2076,293,0.044,0.0062,17.5,13.37,27.21,0,0,116,116,184780.56,49766065,1289879.36
"2025-01-01",18,3,"Uber",149507,364,149143,231.6,455.8,6295,1316,0.0422,0.0088,17.81,14.31,28.7,7120,3983,293,293,635259.67,159767342,4290333.03
"2025-01-01",18,4,"Lyft",49569,316,49253,269,543.1,3545,691,0.072,0.014,17.91,12.5,27.91,0,0,112,112,184962.92,53271058,1383653.71
"2025-01-01",18,4,"Uber",160313,443,159870,237.7,483.3,8077,1667,0.0505,0.0104,18.98,13.81,30.4,8048,4525,269,269,700464.23,182579183,4873708.49
"2025-01-01",18,5,"Lyft",55222,338,54884,262.2,487.4,2458,343,0.0448,0.0062,18.07,12.38,26.55,0,0,134,134,205960.7,59869101,1466377.26
"2025-01-01",18,5,"Uber",173462,421,173041,240.6,484.7,8667,1752,0.0501,0.0101,19.14,13.61,28.25,8812,5095,316,316,753270.94,199214989,4900119.1
"2025-01-01",18,6,"Lyft",43581,242,43339,246.4,451.3,1357,194,0.0313,0.0045,18.34,12.64,26.23,0,0,100,100,168342.74,47955274,1143165.44
"2025-01-01",18,6,"Uber",139666,321,139345,226.4,440.9,5138,1091,0.0369,0.0078,19.18,14.07,27.77,6430,3922,215,215,628204.36,160716310,3878660.65
"2025-01-01",18,7,"Lyft",33302,152,33150,250.1,471,1355,203,0.0409,0.0061,16.73,14.59,25.91,0,0,65,65,135495.48,33435035,862886.08
"2025-01-01",18,7,"Uber",110140,227,109913,237.2,477.1,5576,1251,0.0507,0.0114,17.8,16.22,27.28,5700,3321,151,151,529945.89,117615153,3004960.78
"2025-01-01",19,1,"Lyft",27330,85,27245,224.7,422.6,765,132,0.0281,0.0048,15.88,16.07,25.95,0,0,56,56,116216.28,26041468,709289.56
"2025-01-01",19,1,"Uber",96843,182,96661,210.2,429.4,3769,886,0.039,0.0092,16.12,17.1,27.46,5004,2474,149,149,445150.04,93690013,2659352.44
"2025-01-01",19,2,"Lyft",33092,116,32976,214.7,398.1,683,109,0.0207,0.0033,15.99,15.45,26,0,0,59,59,136191.55,31742588,860532.25
"2025-01-01",19,2,"Uber",109130,202,108928,203.1,402.9,3222,608,0.0296,0.0056,16.19,16.54,28.65,5781,3081,148,148,487331.75,106040851,3126593.17
"2025-01-01",19,3,"Lyft",43874,148,43726,222.5,419,1187,190,0.0271,0.0043,16.74,15.5,27.06,0,0,94,94,189706.28,44057757,1187410.18
"2025-01-01",19,3,"Uber",138675,257,138418,211.5,433.7,5364,1161,0.0388,0.0084,16.89,16.4,29.07,7428,4129,194,194,640142.75,140508173,4030858.11
"2025-01-01",19,4,"Lyft",46637,160,46477,224.3,423.6,1280,192,0.0275,0.0041,16.83,14.75,27.31,0,0,100,100,192974.24,47102463,1273475.45
"2025-01-01",19,4,"Uber",149800,343,149457,209.7,427.3,5524,1155,0.037,0.0077,17.34,16.04,29.49,7918,4444,222,222,694363.45,155817170,4417039.26
"2025-01-01",19,5,"Lyft",57433,193,57240,238.6,437.9,1593,201,0.0278,0.0035,17.3,13.47,25.74,0,0,98,98,223069.1,59603728,1478276.88
"2025-01-01",19,5,"Uber",170669,323,170346,219.7,436.1,6275,1284,0.0368,0.0075,17.81,14.78,27.49,8866,5414,242,242,748695.14,182382792,4691387.54
"2025-01-01",19,6,"Lyft",46065,165,45900,243.1,444.7,1277,155,0.0278,0.0034,17.65,12.93,25.66,0,0,82,82,175225.74,48777151,1181843.26
"2025-01-01",19,6,"Uber",143274,250,143024,223.9,436.7,5222,1076,0.0365,0.0075,18.33,14.48,27.38,6665,4157,181,181,633788.21,157567922,3923483.77
"2025-01-01",19,7,"Lyft",29877,111,29766,246.7,508.4,1783,363,0.0599,0.0122,16.82,14.96,26.13,0,0,71,71,125242.18,30143313,780547.16
"2025-01-01",19,7,"Uber",98784,181,98603,240.5,554.2,7889,1963,0.08,0.0199,17.74,16.69,27.91,5812,3472,135,135,487655.11,105165068,2757141.98
"2025-01-01",20,1,"Lyft",24631,77,24554,227.2,436.8,853,191,0.0347,0.0078,16.14,17.54,27.42,0,0,54,54,116171.85,23848482,675331.78
"2025-01-01",20,1,"Uber",88742,123,88618,209,447.9,4008,874,0.0452,0.0099,16.27,18.64,28.96,4555,2423,103,103,448667.3,86634649,2570244.54
"2025-01-01",20,2,"Lyft",27854,93,27761,210.6,392.7,632,112,0.0228,0.004,16.78,17.46,28.82,0,0,50,50,135979.43,28040158,802664.53
"2025-01-01",20,2,"Uber",103043,156,102887,207.2,440.1,4265,1039,0.0415,0.0101,16.88,18.67,32.08,5358,3064,133,133,541173.41,104372347,3305849.9
"2025-01-01",20,3,"Lyft",40199,105,40094,217.7,409.5,1010,157,0.0252,0.0039,16.92,17.11,28.78,0,0,80,80,193912.97,40803794,1156911.13
"2025-01-01",20,3,"Uber",130795,231,130564,213.3,457.1,6006,1147,0.046,0.0088,17.22,18.43,31.69,6746,3931,163,163,692000.71,135135662,4144692.93
"2025-01-01",20,4,"Lyft",48530,126,48404,214.4,408.7,1252,207,0.0259,0.0043,17.2,16.75,29.66,0,0,74,74,233008.56,50082160,1439335.25
"2025-01-01",20,4,"Uber",128951,191,128759,204.2,437.7,5518,1044,0.0429,0.0081,17.86,18.09,32.1,6463,3825,188,188,694449.11,138187369,4139504.67
"2025-01-01",20,5,"Lyft",50082,129,49953,214.5,396.4,1027,129,0.0206,0.0026,17.04,14.96,26.37,0,0,93,93,212793.05,51204295,1320745.34
"2025-01-01",20,5,"Uber",153532,184,153347,201.8,404.7,5111,1129,0.0333,0.0074,17.27,16.01,27.19,8215,5217,180,180,707340.93,159086087,4173882.59
"2025-01-01",20,6,"Lyft",41340,113,41227,219.4,407.4,948,136,0.023,0.0033,17.01,13.92,25.75,0,0,70,70,163151.47,42186797,1064620.27
"2025-01-01",20,6,"Uber",134157,123,134034,209.8,420.5,4662,997,0.0348,0.0074,17.8,15.51,26.52,6589,4194,145,145,617232.29,143273511,3558189.22
"2025-01-01",20,7,"Lyft",26450,84,26366,246.4,536.6,1923,539,0.0729,0.0204,16.28,15.98,27.05,0,0,54,54,114677.2,25828714,715589.86
"2025-01-01",20,7,"Uber",92323,152,92171,242.3,587.9,8724,2485,0.0947,0.027,17.45,17.49,27.82,5876,3639,124,124,469634.52,96661438,2568872.34
"2025-01-01",21,1,"Lyft",25710,89,25621,238.5,479.4,1373,376,0.0536,0.0147,16.36,18.09,27.62,0,0,48,48,126790.59,25238795,710147.7
"2025-01-01",21,1,"Uber",82225,137,82088,222.7,503.1,5366,1434,0.0654,0.0175,16.57,19.49,30.52,4378,2444,80,80,442635.26,81748262,2509714.68
"2025-01-01",21,2,"Lyft",28203,96,28107,243.1,471.9,1147,160,0.0408,0.0057,16.47,17.66,28.72,0,0,51,51,136641.48,27862323,809854.06
"2025-01-01",21,2,"Uber",94540,166,94373,238.2,533.5,6843,1531,0.0725,0.0162,17.4,19.64,34.63,5093,3020,96,96,538422.67,98717616,3273592.74
"2025-01-01",21,3,"Lyft",40823,146,40677,241.3,469.6,1676,225,0.0412,0.0055,16.81,17.59,29.18,0,0,83,83,201271.48,41181317,1191307.98
"2025-01-01",21,3,"Uber",120825,160,120663,240.3,530.7,8352,1677,0.0692,0.0139,17.6,19.43,33.86,6803,4145,152,152,688907.95,127613542,4091594.86
"2025-01-01",21,4,"Lyft",43150,174,42976,235.9,474.4,1932,312,0.045,0.0073,17.59,17.29,30.31,0,0,76,76,218667.97,45534961,1308031.59
"2025-01-01",21,4,"Uber",130131,222,129908,227.7,523.1,9068,2068,0.0698,0.0159,18.29,18.93,34.54,6776,4166,119,119,750757.3,142799622,4494714.93
"2025-01-01",21,5,"Lyft",48511,152,48359,208.6,391.4,1004,157,0.0208,0.0032,17.34,15.77,27.17,0,0,80,80,221110.19,50478287,1318258.88
"2025-01-01",21,5,"Uber",147614,173,147441,197.9,407.9,5441,1369,0.0369,0.0093,17.36,16.74,27.81,7757,5037,147,147,714981.16,153796875,4105017.73
"2025-01-01",21,6,"Lyft",41174,75,41099,217.6,413.4,1023,169,0.0249,0.0041,17.35,14.57,26.3,0,0,66,66,173403.01,42851726,1082749.38
"2025-01-01",21,6,"Uber",129929,145,129783,206.4,424.7,5123,1251,0.0395,0.0096,17.99,16.21,27.08,6829,4623,154,154,631404.32,140258099,3517936.9
"2025-01-01",21,7,"Lyft",25669,50,25619,260.5,556.2,2052,499,0.0801,0.0195,16,17.1,27.32,0,0,48,48,117025.66,24640525,701328.99
"2025-01-01",21,7,"Uber",86258,145,86112,248.6,590.7,8247,2177,0.0958,0.0253,17.04,18.54,28.04,5866,3852,83,83,454345.41,88203478,2418613.65
"2025-01-01",22,1,"Lyft",24552,65,24487,254.9,531.5,1746,545,0.0713,0.0223,16.55,18.17,27.4,0,0,33,33,123021.5,24378697,672726.91
"2025-01-01",22,1,"Uber",72965,100,72865,238.4,542.6,5661,1660,0.0777,0.0228,16.96,19.59,30.16,4996,3042,50,50,404009.74,74248000,2200922.74
"2025-01-01",22,2,"Lyft",25711,84,25627,246.3,474.1,1154,199,0.045,0.0078,16.22,17.3,27.35,0,0,36,36,120224.09,25015735,703117.8
"2025-01-01",22,2,"Uber",83673,113,83560,242,533.1,6124,1489,0.0733,0.0178,17.24,19.39,32.02,5525,3522,91,91,466269.56,86565467,2679052.49
"2025-01-01",22,3,"Lyft",38759,98,38661,257.3,510.4,2290,428,0.0592,0.0111,16.67,17.53,28.8,0,0,54,54,188854.99,38777584,1116250.49
"2025-01-01",22,3,"Uber",109361,154,109207,259.2,569,9381,2187,0.0859,0.02,17.78,19.41,33.45,7348,4757,111,111,629002.2,116672562,3658263.92
"2025-01-01",22,4,"Lyft",41815,94,41721,260.1,539.9,3081,653,0.0738,0.0157,17.31,16.95,29.76,0,0,47,47,204483.61,43431408,1244386.14
"2025-01-01",22,4,"Uber",120415,152,120263,248,556.2,9741,2452,0.081,0.0204,18.57,19.01,34.75,7478,4974,99,99,708543.32,134165197,4183855.46
"2025-01-01",22,5,"Lyft",52988,102,52886,233.3,440.8,1682,273,0.0318,0.0052,17.75,15.72,27.82,0,0,68,68,246443.57,56432746,1474131.15
"2025-01-01",22,5,"Uber",153612,175,153437,219,457.1,7365,1720,0.048,0.0112,17.9,16.77,28.66,9250,6508,140,140,768496.28,165015565,4402564.11
"2025-01-01",22,6,"Lyft",44603,85,44518,243.4,459.9,1702,310,0.0382,0.007,17.5,14.94,26.99,0,0,62,62,194295.72,46824996,1203755
"2025-01-01",22,6,"Uber",134383,141,134242,232.9,479.8,6989,1670,0.0521,0.0124,18.32,16.58,28.22,7469,5356,106,106,680355.7,147732962,3792594.01
"2025-01-01",22,7,"Lyft",24163,61,24102,282.7,595.6,2354,612,0.0977,0.0254,15.92,18.04,27.86,0,0,46,46,115703.18,23085980,673231.65
"2025-01-01",22,7,"Uber",83684,128,83555,293.4,691.7,12176,3598,0.1457,0.0431,17.04,19.36,28.63,6641,4570,79,79,460291.42,85582754,2395505.99
"2025-01-01",23,1,"Lyft",20090,43,20047,262.4,560.1,1638,402,0.0817,0.0201,16.23,19.06,27.22,0,0,28,28,103565.18,19560069,546851.1
"2025-01-01",23,1,"Uber",59612,82,59529,245.7,556.2,4853,1266,0.0815,0.0213,16.76,20.37,28.96,4928,3127,45,45,339061.11,59936652,1726403.54
"2025-01-01",23,2,"Lyft",19901,51,19850,227.8,434,613,76,0.0309,0.0038,15.95,18.19,26.5,0,0,24,24,96245.88,19044686,527367.86
"2025-01-01",23,2,"Uber",65906,123,65783,223.8,473.8,3454,793,0.0525,0.0121,16.55,19.79,29.01,5160,3242,53,53,359726.02,65424967,1911905.15
"2025-01-01",23,3,"Lyft",30480,73,30407,231,444.4,1144,182,0.0376,0.006,16.15,18.25,27.34,0,0,45,45,149726.74,29540069,833282.87
"2025-01-01",23,3,"Uber",87547,143,87404,232,506.9,5626,1466,0.0644,0.0168,16.76,19.73,29.24,7254,4757,76,76,482573.33,88036732,2560257.97
"2025-01-01",23,4,"Lyft",35154,68,35086,239.6,464.5,1550,340,0.0442,0.0097,17.16,17.82,29.35,0,0,56,56,179233.86,36201292,1031752.77
"2025-01-01",23,4,"Uber",101760,160,101600,235.9,509.1,6714,1797,0.0661,0.0177,17.76,19.53,31.47,7567,5145,62,62,588249.47,108419097,3201968.66
"2025-01-01",23,5,"Lyft",52275,85,52190,258.6,478.8,2113,284,0.0405,0.0054,17.08,16.18,27.78,0,0,73,73,240748.79,53570268,1452110.04
"2025-01-01",23,5,"Uber",146855,141,146714,248,506.5,8714,1928,0.0594,0.0131,17.63,17.5,28.45,10011,7315,98,98,755338.24,155346189,4178206.78
"2025-01-01",23,6,"Lyft",44865,64,44801,292.3,542.8,3121,553,0.0697,0.0123,16.75,15.52,27.36,0,0,39,39,194401.77,45095990,1227360.36
"2025-01-01",23,6,"Uber",133052,117,132935,283.9,571,11378,2925,0.0856,0.022,17.95,17.33,29.3,8498,6261,87,87,689868.2,143295828,3898099.88
"2025-01-01",23,7,"Lyft",20640,66,20574,291.1,627.3,2315,768,0.1125,0.0373,16.11,19.16,28.22,0,0,37,37,106145.47,19945134,582404.26
"2025-01-01",23,7,"Uber",68742,109,68633,283.2,677.8,9295,2857,0.1354,0.0416,16.66,20.09,28.02,6430,4375,49,49,383389.35,68713105,1925844.61
"2025-02-01",0,1,"Lyft",21329,42,21287,273.7,567.9,1802,491,0.0847,0.0231,16.78,20.07,27.11,0,0,42,42,119661.5,21468598,578145.02
"2025-02-01",0,1,"Uber",50746,51,50695,275.1,610.8,5291,1472,0.1044,0.029,16.33,20.59,27.66,4670,2829,34,34,284338.01,49718454,1403699.01
"2025-02-01",0,2,"Lyft",14461,18,14443,244.5,566.2,1307,489,0.0905,0.0339,16.89,20.66,28.45,0,0,21,21,84081.84,14654441,411475.42
"2025-02-01",0,2,"Uber",39767,57,39710,237.4,601.7,3995,1191,0.1006,0.03,16.45,21.12,29.36,3222,1633,35,35,230183.17,39241620,1167377.35
"2025-02-01",0,3,"Lyft",16019,25,15994,221.4,413.8,509,123,0.0318,0.0077,16.14,18.47,25.66,0,0,29,29,79557.22,15509694,411074.76
"2025-02-01",0,3,"Uber",41860,61,41799,218.2,470.7,2334,618,0.0558,0.0148,16.16,19.56,28.44,3383,1726,34,34,220530.63,40588681,1190643.07
"2025-02-01",0,4,"Lyft",18607,23,18584,220.1,398.5,433,64,0.0233,0.0034,16.59,18.51,26.5,0,0,14,14,95257.96,18523526,493137.63
"2025-02-01",0,4,"Uber",48489,52,48437,214.1,468.7,2567,553,0.053,0.0114,16.43,19.82,29.66,3889,2128,40,40,263063.15,47786372,1438192.73
"2025-02-01",0,5,"Lyft",25509,44,25465,248.1,477,1400,430,0.055,0.0169,17.49,18.36,28.56,0,0,40,40,136481.34,26762849,728571.82
"2025-02-01",0,5,"Uber",62146,68,62078,242.7,533.1,4616,1229,0.0744,0.0198,17.45,19.68,32.21,4664,2703,38,38,355757.72,65071506,2001528.93
"2025-02-01",0,6,"Lyft",43612,37,43575,284,525.7,2651,377,0.0608,0.0087,16.72,15.58,27.09,0,0,29,29,189371.37,43752874,1181249.37
"2025-02-01",0,6,"Uber",101023,88,100935,277.1,584.3,9310,2231,0.0922,0.0221,17.75,17.39,30.75,7065,4691,64,64,519665.06,107565299,3106032.77
"2025-02-01",0,7,"Lyft",41074,76,40998,343.9,685.5,6052,1647,0.1476,0.0402,16.43,14.96,30.18,0,0,62,62,168329.57,40497497,1239652.16
"2025-02-01",0,7,"Uber",114009,128,113881,346.3,702.9,17778,5070,0.1561,0.0445,17.7,16.76,33.25,8179,5882,77,77,563919.6,121096801,3791045.8
"2025-02-01",1,1,"Lyft",12788,32,12756,251.9,492.6,697,154,0.0546,0.0121,16.37,20.47,25.67,0,0,19,19,71425.97,12559788,328313.26
"2025-02-01",1,1,"Uber",28533,42,28491,251.2,534.9,2060,507,0.0723,0.0178,15.67,20.85,26.91,2461,1231,23,23,155385.24,26829260,767949.71
"2025-02-01",1,2,"Lyft",8121,16,8105,230.9,459.2,349,79,0.0431,0.0097,16.01,20.82,26.8,0,0,13,13,45113.87,7801886,217672.05
"2025-02-01",1,2,"Uber",22001,26,21975,227.5,506.4,1303,281,0.0593,0.0128,15.5,21.61,28.15,1685,618,18,18,122849.19,20464774,619291.78
"2025-02-01",1,3,"Lyft",9132,10,9122,217.8,393.9,148,19,0.0162,0.0021,15.38,18.57,24.48,0,0,11,11,43460.89,8424946,223550.19
"2025-02-01",1,3,"Uber",23319,44,23275,213.3,435.7,953,217,0.0409,0.0093,15.15,19.94,27.52,1778,745,25,25,117385.21,21193180,641641.73
"2025-02-01",1,4,"Lyft",11144,23,11121,211.8,375.5,176,31,0.0158,0.0028,15.48,18.45,24.82,0,0,21,21,53054.7,10350391,276618.8
"2025-02-01",1,4,"Uber",27421,42,27379,208.1,432.4,1138,256,0.0416,0.0094,15.39,20.13,28.2,2240,1055,11,11,141590.74,25327330,773359.48
"2025-02-01",1,5,"Lyft",16075,31,16044,223.9,405.6,400,83,0.0249,0.0052,16.34,19.04,27,0,0,23,23,83368.59,15763525,434084.97
"2025-02-01",1,5,"Uber",39442,46,39396,216.2,459.7,2048,612,0.052,0.0155,16.28,20.22,30.35,2943,1644,23,23,216440.67,38531702,1196929.94
"2025-02-01",1,6,"Lyft",34721,43,34678,273.5,513.8,2028,366,0.0585,0.0106,16.47,16.47,26.56,0,0,46,46,156971.55,34317836,922085.12
"2025-02-01",1,6,"Uber",77114,33,77080,262.6,557.9,6208,1474,0.0805,0.0191,16.98,18.02,29.52,5825,3973,49,49,393215.33,78560806,2276601.29
"2025-02-01",1,7,"Lyft",35331,52,35279,322.3,651.8,4521,1094,0.1281,0.031,16.28,15.88,28.28,0,0,44,44,152216.38,34517086,999103.16
"2025-02-01",1,7,"Uber",88467,79,88388,302.9,616.9,9547,2443,0.108,0.0276,17.14,17.7,31.19,6335,4406,57,57,447167.03,90963925,2759257.67
"2025-02-01",2,1,"Lyft",8598,45,8553,251.6,465.7,315,50,0.0368,0.0058,16.15,20.35,25.51,0,0,13,13,47104.98,8331235,219304.52
"2025-02-01",2,1,"Uber",19722,116,19606,261.2,539.5,1469,356,0.0749,0.0182,15.68,21.28,27.42,1701,703,21,21,109682.03,18552832,540704.7
"2025-02-01",2,2,"Lyft",5558,31,5527,241.1,458.2,219,38,0.0396,0.0069,15.84,20.33,26.29,0,0,11,11,29827.69,5281695,146101.07
"2025-02-01",2,2,"Uber",14366,91,14275,238.9,508.3,887,204,0.0621,0.0143,15.36,21.58,27.32,1122,348,13,13,79349.33,13237908,392450.39
"2025-02-01",2,3,"Lyft",6212,40,6172,227.3,407.6,153,29,0.0248,0.0047,15.7,19.54,25.68,0,0,10,10,31754.11,5851496,159530.52
"2025-02-01",2,3,"Uber",15320,85,15235,228,458.3,702,167,0.0461,0.011,14.99,20.89,27.41,1153,344,9,9,79991.28,13782376,419996.5
"2025-02-01",2,4,"Lyft",7370,32,7338,221.3,389.4,130,31,0.0177,0.0042,15.56,19.12,25.35,0,0,8,8,36550.38,6881423,186834.87
"2025-02-01",2,4,"Uber",17806,104,17702,221.5,444.7,809,183,0.0457,0.0103,15.36,20.6,28.23,1378,537,11,11,93918.94,16411992,502685.64
"2025-02-01",2,5,"Lyft",10952,40,10912,227.9,404.7,237,39,0.0217,0.0036,16.13,19.17,26.62,0,0,14,14,56455.11,10599255,291582.05
"2025-02-01",2,5,"Uber",25778,110,25668,225.1,453.4,1154,259,0.045,0.0101,15.74,20.15,29.05,2017,957,13,13,136238.34,24341588,748824.24
"2025-02-01",2,6,"Lyft",26790,60,26730,281.9,527.2,1609,260,0.0602,0.0097,16.61,17.31,27.01,0,0,28,28,128422.6,26702806,723537.6
"2025-02-01",2,6,"Uber",58602,121,58481,277.8,567.1,4909,1089,0.0839,0.0186,16.78,18.84,29.77,4685,3107,32,32,308750.94,59010192,1744608.35
"2025-02-01",2,7,"Lyft",28737,60,28677,332,658,3843,831,0.134,0.029,16.43,16.79,28.48,0,0,29,29,132093.04,28328662,818430.23
"2025-02-01",2,7,"Uber",66209,120,66089,306.5,617.4,7161,1814,0.1084,0.0274,17.03,18.59,31.92,5061,3364,24,24,349300.91,67637399,2113239.4
"2025-02-01",3,1,"Lyft",7026,238,6788,270.6,492.6,330,59,0.0486,0.0087,16.71,21.56,28.89,0,0,14,14,42198.9,7046281,202958.05
"2025-02-01",3,1,"Uber",17202,543,16659,280.2,559.3,1337,323,0.0803,0.0194,16.54,23.53,31.74,1316,529,17,17,111608.21,17073330,545958.37
"2025-02-01",3,2,"Lyft",5026,172,4854,255.7,456.1,169,20,0.0348,0.0041,16.46,21.84,28.92,0,0,15,15,30124.18,4964737,145347.3
"2025-02-01",3,2,"Uber",13034,398,12636,260.9,533.3,908,203,0.0719,0.0161,16.4,23.98,31.34,982,319,5,5,85425.05,12824680,408503.21
"2025-02-01",3,3,"Lyft",5752,177,5575,255.6,474.2,226,24,0.0405,0.0043,16.49,21.54,28.97,0,0,11,11,34048.09,5691288,166610.21
"2025-02-01",3,3,"Uber",13887,439,13448,252.6,500.9,777,177,0.0578,0.0132,16.14,23.74,32.02,982,288,7,7,88677.25,13446894,444684.37
"2025-02-01",3,4,"Lyft",6644,252,6392,240.9,435.9,208,33,0.0325,0.0052,17.21,21.95,30.75,0,0,11,11,41831.89,6861404,204290.03
"2025-02-01",3,4,"Uber",15909,514,15394,247.5,506.8,997,235,0.0648,0.0153,16.85,23.63,33.58,1167,424,12,12,105579.65,16082863,534216.32
"2025-02-01",3,5,"Lyft",8877,270,8607,244.8,438.9,255,39,0.0296,0.0045,16.89,21.11,29.65,0,0,13,13,52733.45,8994568,263159.55
"2025-02-01",3,5,"Uber",21111,569,20542,246.4,492.5,1151,270,0.056,0.0131,16.9,22.77,33.47,1624,757,11,11,135420.12,21406358,706589.44
"2025-02-01",3,6,"Lyft",20549,213,20336,284.3,544.2,1476,358,0.0726,0.0176,16.84,18.19,28.8,0,0,23,23,104878.95,20760724,591711.78
"2025-02-01",3,6,"Uber",45590,427,45163,287,586.4,4173,897,0.0924,0.0199,17.35,20.37,32.22,3885,2557,20,20,268574.16,47462536,1468830.67
"2025-02-01",3,7,"Lyft",23014,253,22761,326.4,618.4,2515,518,0.1105,0.0228,16.75,18.14,30.02,0,0,18,18,116556.82,23126997,690955.74
"2025-02-01",3,7,"Uber",50056,488,49568,321.6,643.6,6107,1497,0.1232,0.0302,17.62,20.14,34.12,4263,2790,24,24,296040.78,52913501,1708014.91
"2025-02-01",4,1,"Lyft",10608,813,9795,311.9,552,701,105,0.0716,0.0107,17.58,23.3,34.1,0,0,13,13,72422.42,11191250,361777.79
"2025-02-01",4,1,"Uber",22555,1145,21410,306.6,589.2,2028,488,0.0947,0.0228,17.83,25.6,39.26,1641,713,12,12,171613.05,24135876,885431.54
"2025-02-01",4,2,"Lyft",8654,619,8035,272.9,492.3,394,48,0.049,0.006,17.54,23.31,33.24,0,0,9,9,58965.45,9106098,287675.06
"2025-02-01",4,2,"Uber",19557,1018,18539,264.9,505.2,1081,253,0.0583,0.0136,17.6,25.63,37.57,1373,532,19,19,147049.24,20650853,734802.95
"2025-02-01",4,3,"Lyft",9426,728,8698,282,513.6,466,79,0.0536,0.0091,17.93,23.54,34.52,0,0,9,9,66339.02,10143241,325365.51
"2025-02-01",4,3,"Uber",20331,1051,19280,270.9,526.5,1300,290,0.0674,0.015,17.89,25.59,38.99,1339,476,10,10,155112.38,21817867,792794.41
"2025-02-01",4,4,"Lyft",10453,794,9659,290.8,508.5,484,73,0.0501,0.0076,18.89,23.62,36.52,0,0,7,7,77722.45,11845048,381780.45
"2025-02-01",4,4,"Uber",22930,1255,21675,276.8,524,1437,309,0.0663,0.0143,18.81,25.37,41.74,1497,585,25,25,182422.28,25882018,957176.36
"2025-02-01",4,5,"Lyft",12197,964,11233,302.9,531,654,64,0.0582,0.0057,18.49,23.44,36.39,0,0,15,15,88096.87,13530431,443897.2
"2025-02-01",4,5,"Uber",25306,1235,24071,284.4,541.3,1748,383,0.0726,0.0159,18.42,25.28,41.51,1800,911,17,17,196414.98,27972128,1050353.7
"2025-02-01",4,6,"Lyft",17399,583,16816,298.3,577.5,1494,295,0.0888,0.0175,17.52,20.47,32.16,0,0,17,17,103974.65,18287311,559620.08
"2025-02-01",4,6,"Uber",38137,736,37401,308.5,626.9,4227,1055,0.113,0.0282,17.84,22.35,35.94,3281,1904,24,24,253532.23,40830370,1370555.31
"2025-02-01",4,7,"Lyft",18612,500,18112,337.7,658.3,2422,553,0.1337,0.0305,17.23,19.48,32.52,0,0,16,16,104078.88,19238766,605227.62
"2025-02-01",4,7,"Uber",39598,748,38850,348.1,705.9,6159,1640,0.1585,0.0422,18.08,21.9,37.93,3488,2085,19,19,261380.93,42963060,1502030.87
"2025-02-01",5,1,"Lyft",13820,992,12828,293.2,526.8,739,106,0.0576,0.0083,18.64,22.12,35,0,0,10,10,94948.28,15454018,483679.68
"2025-02-01",5,1,"Uber",33825,1133,32692,276.9,529.6,2199,475,0.0673,0.0145,18.81,23.47,38.68,2372,1202,35,35,248913.55,38172645,1308515.75
"2025-02-01",5,2,"Lyft",12761,833,11928,253.7,461.7,427,56,0.0358,0.0047,18.05,21.97,33.01,0,0,17,17,84352.62,13820529,421177.79
"2025-02-01",5,2,"Uber",33271,1141,32130,241.6,458,1357,291,0.0422,0.0091,17.82,23.3,35.65,2140,1080,23,23,230222.72,35572644,1185993.22
"2025-02-01",5,3,"Lyft",13635,897,12738,263.4,484.9,558,74,0.0438,0.0058,18.5,22.05,34.43,0,0,19,19,92729.07,15136582,469387.09
"2025-02-01",5,3,"Uber",33438,1208,32230,249,475.5,1505,307,0.0467,0.0095,18.05,23.3,37.59,2112,1008,25,25,234353.63,36212558,1256900.2
"2025-02-01",5,4,"Lyft",14725,992,13733,286.7,512.7,733,128,0.0534,0.0093,19.26,21.78,36.05,0,0,17,17,102948.65,17018646,530804.34
"2025-02-01",5,4,"Uber",35787,1264,34523,265.1,493.3,1826,407,0.0529,0.0118,19.05,22.81,39.87,2364,1284,26,26,259259.37,40914019,1426855.65
"2025-02-01",5,5,"Lyft",15300,1188,14112,303.3,536.4,925,133,0.0655,0.0094,19.27,22.13,37.27,0,0,24,24,108736.17,17690861,570275.7
"2025-02-01",5,5,"Uber",36175,1239,34935,279.6,525.1,2282,489,0.0653,0.014,19.28,23.66,41.78,2460,1254,23,23,274995.43,41837843,1511481.51
"2025-02-01",5,6,"Lyft",13707,599,13108,263.6,471.7,531,86,0.0405,0.0066,18.09,22.27,32.9,0,0,15,15,92048.48,14876992,450895.33
"2025-02-01",5,6,"Uber",32383,678,31705,259.1,502.7,1803,374,0.0569,0.0118,17.99,23.71,35.32,2564,1377,27,27,230142.31,34946049,1143769.08
"2025-02-01",5,7,"Lyft",13596,579,13017,295.7,578,1150,247,0.0883,0.019,17.96,21.6,32.97,0,0,13,13,87915.8,14651197,448192.41
"2025-02-01",5,7,"Uber",31352,749,30603,294.9,579,2734,647,0.0893,0.0211,18.24,23.17,36.28,2648,1428,8,8,220800.09,34303177,1137496.05
"2025-02-01",6,1,"Lyft",22050,1054,20996,282.9,524.4,1234,181,0.0588,0.0086,18.95,18.4,32.15,0,0,35,35,128111.31,25064624,708950.99
"2025-02-01",6,1,"Uber",60045,1375,58670,262.9,510.8,3434,722,0.0585,0.0123,19.3,19.25,34.52,3989,2446,38,38,371792.86,69516718,2072584.26
"2025-02-01",6,2,"Lyft",22991,974,22017,248.2,441.4,562,65,0.0255,0.003,19.14,17.61,30.34,0,0,20,20,129129.73,26399568,697587.8
"2025-02-01",6,2,"Uber",61663,1322,60341,228.9,425.8,1973,367,0.0327,0.0061,18.51,18.34,31.82,3721,2138,58,58,348983.65,68497899,1962386.94
"2025-02-01",6,3,"Lyft",23283,952,22331,256.8,461.6,726,103,0.0325,0.0046,18.71,17.63,30.32,0,0,26,26,127960.53,26131792,705826.72
"2025-02-01",6,3,"Uber",63770,1409,62361,238.2,453.3,2582,522,0.0414,0.0084,18.25,18.55,32.24,3815,2262,42,42,359732.99,69831502,2056136.13
"2025-02-01",6,4,"Lyft",24881,1092,23789,276.2,504.5,1174,169,0.0494,0.0071,19.5,17.35,31.45,0,0,20,20,140287.19,29106881,782468.88
"2025-02-01",6,4,"Uber",66091,1563,64528,247.8,467.3,2851,570,0.0442,0.0088,18.93,17.93,33.36,4213,2612,44,44,373737.27,75056833,2204659.58
"2025-02-01",6,5,"Lyft",24561,971,23590,282.2,513.2,1273,162,0.054,0.0069,19.05,18.5,31.89,0,0,28,28,144315.49,28077569,783153.75
"2025-02-01",6,5,"Uber",63377,1359,62018,253.6,478.7,2944,606,0.0475,0.0098,18.98,19.26,34.42,4189,2643,50,50,386204.42,72171243,2181692.48
"2025-02-01",6,6,"Lyft",16167,468,15699,259.1,462.6,516,61,0.0329,0.0039,16.95,21.55,29.88,0,0,19,19,98410.7,16442507,483039.59
"2025-02-01",6,6,"Uber",41187,713,40474,249,474.6,1995,428,0.0493,0.0106,17.21,23.05,31.93,3607,2143,30,30,272348.64,42540339,1315143.92
"2025-02-01",6,7,"Lyft",15348,553,14795,325.2,624.7,1680,331,0.1136,0.0224,16.68,21.46,31.47,0,0,20,20,91595.94,15363755,482954.53
"2025-02-01",6,7,"Uber",38764,842,37922,306.9,629.5,4347,1112,0.1146,0.0293,17.62,23.23,34.78,3702,2232,17,17,264357.77,40971647,1348347.54
"2025-02-01",7,1,"Lyft",31399,1692,29707,318.9,656,3926,793,0.1322,0.0267,19.58,14.45,30.5,0,0,50,50,148100.7,36884453,957667.26
"2025-02-01",7,1,"Uber",91824,1640,90184,297.6,611.8,9609,2353,0.1065,0.0261,19.92,15.39,33.09,4688,2721,122,122,469250.68,109756372,3038746.56
"2025-02-01",7,2,"Lyft",36731,1934,34797,276.6,542.4,2459,369,0.0707,0.0106,20.21,13.64,28.27,0,0,61,61,168791.37,44541676,1038277.77
"2025-02-01",7,2,"Uber",101461,1835,99626,253,503.3,5419,1008,0.0544,0.0101,19.56,14.39,30.87,4498,2508,132,132,475781.06,119054634,3131909.88
"2025-02-01",7,3,"Lyft",37958,1994,35964,289.8,574.2,3107,525,0.0864,0.0146,19.72,13.55,28.36,0,0,69,69,169097.56,44919120,1076303.51
"2025-02-01",7,3,"Uber",103096,1875,101221,267.3,545.4,7435,1583,0.0735,0.0156,19.39,14.35,31.31,4791,2691,141,141,478232.43,119970350,3227715.11
"2025-02-01",7,4,"Lyft",36759,2088,34671,315.5,637.3,4168,888,0.1202,0.0256,20.21,13.51,30.66,0,0,59,59,167303.98,44569160,1126968.48
"2025-02-01",7,4,"Uber",109383,2108,107275,292.4,584.5,9774,2126,0.0911,0.0198,19.63,13.88,32.81,5540,3350,132,132,496824.34,128830088,3588362.18
"2025-02-01",7,5,"Lyft",37277,1709,35568,298.8,594.5,3448,649,0.0969,0.0182,19.64,14.69,29.83,0,0,52,52,179323.97,43935405,1111967.77
"2025-02-01",7,5,"Uber",101520,1723,99797,283.9,570.7,8408,1827,0.0843,0.0183,19.45,15.29,32.21,5269,3213,131,131,503155.51,118479641,3270386.34
"2025-02-01",7,6,"Lyft",19136,446,18690,223.3,392,310,26,0.0166,0.0014,16.77,20.85,28.53,0,0,22,22,111524.59,19256755,546031.9
"2025-02-01",7,6,"Uber",53497,678,52819,217,409.6,1676,353,0.0317,0.0067,16.81,21.99,29.62,4222,2438,50,50,329642.7,53969379,1584619.94
"2025-02-01",7,7,"Lyft",17956,465,17491,262.6,497.7,950,181,0.0543,0.0103,16.32,21.32,28.95,0,0,26,26,104154.01,17587571,519840.3
"2025-02-01",7,7,"Uber",49493,848,48645,251.8,501.4,2835,645,0.0583,0.0133,16.71,22.68,30.86,4384,2575,33,33,312575.55,49619029,1527529.95
"2025-02-01",8,1,"Lyft",38251,1444,36807,293.4,589.7,3470,695,0.0943,0.0189,19.14,12.94,28.34,0,0,81,81,157883.25,43933736,1084124.67
"2025-02-01",8,1,"Uber",113990,1720,112270,262.6,538.1,8023,1880,0.0715,0.0167,19.43,14.04,30.56,5217,2745,261,261,518118.85,132889802,3484054.3
"2025-02-01",8,2,"Lyft",43618,1795,41823,284,551.4,3101,548,0.0741,0.0131,20.14,12.24,27.88,0,0,93,93,179259.43,52704773,1216173.89
"2025-02-01",8,2,"Uber",126357,1745,124612,250.3,489,6326,1270,0.0508,0.0102,19.55,12.91,29.8,5100,2596,295,295,531825.35,148244898,3765004.18
"2025-02-01",8,3,"Lyft",45124,1986,43138,296.1,574.9,3744,665,0.0868,0.0154,19.47,12,27.46,0,0,110,110,175725.6,52718200,1239305.83
"2025-02-01",8,3,"Uber",129445,1945,127500,260.6,516.4,7797,1633,0.0612,0.0128,19.13,12.98,30.13,5364,2954,263,263,535759.16,148549445,3900460.07
"2025-02-01",8,4,"Lyft",45591,1987,43604,315.4,625.1,4987,1062,0.1144,0.0244,19.72,11.88,28.76,0,0,111,111,177957.69,53931142,1311376.39
"2025-02-01",8,4,"Uber",138052,1922,136130,272.6,534.1,9249,2042,0.0679,0.015,19.31,12.68,31.21,5892,3332,269,269,563310.75,159927218,4308073.54
"2025-02-01",8,5,"Lyft",45364,1648,43716,287.4,552.1,3284,589,0.0751,0.0135,18.81,13.37,27.31,0,0,83,83,190185.51,51199120,1238838.43
"2025-02-01",8,5,"Uber",123083,1716,121367,256.9,511.4,7412,1607,0.0611,0.0132,18.65,14.33,29.9,5340,2876,280,280,548193.34,137722133,3680181.65
"2025-02-01",8,6,"Lyft",23081,407,22674,216.4,369.8,250,24,0.011,0.0011,16.22,18.61,26.3,0,0,45,45,116124.74,22461634,607060.08
"2025-02-01",8,6,"Uber",68461,670,67791,206.9,382.3,1661,320,0.0245,0.0047,16.22,19.92,27.38,4345,2356,87,87,368584.03,66615512,1874733.31
"2025-02-01",8,7,"Lyft",19923,367,19556,230.9,409.4,461,62,0.0236,0.0032,16.02,20.06,27.42,0,0,36,36,106720.6,19154015,546286.43
"2025-02-01",8,7,"Uber",58115,729,57385,220.8,423.4,2010,415,0.035,0.0072,16.02,21.3,28.78,3996,2082,68,68,330645.18,55877353,1672819.56
"2025-02-01",9,1,"Lyft",31257,1170,30087,225,423.2,866,176,0.0288,0.0058,18.46,14.12,27.42,0,0,134,134,135814.91,34616156,857151.06
"2025-02-01",9,1,"Uber",99345,1613,97732,211.9,420.6,3322,671,0.034,0.0069,18.81,15.05,29.41,3920,1736,429,429,468548.75,112108758,2921760.38
"2025-02-01",9,2,"Lyft",33494,1349,32145,232.9,446.5,1169,224,0.0364,0.007,19.26,12.93,27.82,0,0,137,137,139067.35,38706874,931657.27
"2025-02-01",9,2,"Uber",109686,1750,107936,216.8,432.1,3851,798,0.0357,0.0074,19.29,13.81,29.39,4206,1852,522,522,487070.83,126965377,3223363.06
"2025-02-01",9,3,"Lyft",36539,1502,35037,233.6,448.3,1296,235,0.037,0.0067,18.99,12.79,27.41,0,0,157,157,147931.57,41637721,1001662.84
"2025-02-01",9,3,"Uber",112063,1751,110312,214.5,425.3,3730,773,0.0338,0.007,18.89,13.77,29.51,4255,1953,457,457,485600.3,126989307,3307037.86
"2025-02-01",9,4,"Lyft",39124,1540,37584,243.1,477.7,1756,396,0.0467,0.0105,19.15,12.62,27.86,0,0,125,125,157532.05,44949235,1090012.84
"2025-02-01",9,4,"Uber",119756,1785,117971,219.2,432.9,4168,849,0.0353,0.0072,18.92,13.39,29.57,4882,2382,424,424,505687.81,135947027,3541040.27
"2025-02-01",9,5,"Lyft",37671,1297,36374,228.3,417.1,930,154,0.0256,0.0042,18.72,14.23,27.53,0,0,164,164,167227.9,42314872,1037052.13
"2025-02-01",9,5,"Uber",108011,1594,106417,209.7,410.8,3113,619,0.0293,0.0058,18.34,14.96,29.32,4226,1989,459,459,493934.79,118878523,3167045.86
"2025-02-01",9,6,"Lyft",28060,361,27699,218,381.1,367,40,0.0132,0.0014,15.84,17,25.02,0,0,53,53,125959.36,26672432,702127.01
"2025-02-01",9,6,"Uber",84211,572,83639,206,385,1923,349,0.023,0.0042,15.97,18.53,26.83,3843,1862,146,146,415432.29,80713674,2259634
"2025-02-01",9,7,"Lyft",24772,290,24482,234.1,412.4,500,73,0.0204,0.003,15.66,18.5,26.14,0,0,53,53,119611.76,23271053,647557.98
"2025-02-01",9,7,"Uber",74626,630,73996,222.4,422.4,2425,513,0.0328,0.0069,15.87,20,28.29,3585,1861,96,96,394765.59,71052611,2111252.63
"2025-02-01",10,1,"Lyft",26907,897,26010,204.4,374.4,393,62,0.0151,0.0024,18.86,14.93,28.21,0,0,150,150,126228.25,30440176,759102.58
"2025-02-01",10,1,"Uber",84547,1251,83296,198.4,393.7,2171,468,0.0261,0.0056,19.07,15.91,30.83,2870,1023,432,432,427567.03,96728578,2606966.87
"2025-02-01",10,2,"Lyft",28377,1029,27348,207.3,386.4,501,88,0.0183,0.0032,19.55,13.76,28.36,0,0,166,166,127239.49,33283152,804719.63
"2025-02-01",10,2,"Uber",88768,1256,87512,198.3,404.5,2658,557,0.0304,0.0064,19.47,14.61,30.86,2844,993,532,532,420921.64,103698685,2739786.38
"2025-02-01",10,3,"Lyft",29945,1102,28843,207.6,381.2,452,68,0.0157,0.0024,19.55,13.51,27.94,0,0,175,175,131847.31,35125098,836573.77
"2025-02-01",10,3,"Uber",91366,1368,89998,196.4,390.8,2428,463,0.027,0.0051,19.53,14.53,30.99,2727,892,563,563,431957.78,107044073,2831368.93
"2025-02-01",10,4,"Lyft",31980,1087,30893,209,384.4,517,91,0.0167,0.0029,19.6,13.51,28.43,0,0,175,175,141076.47,37604000,909256.06
"2025-02-01",10,4,"Uber",97824,1341,96483,196.7,386.2,2471,468,0.0256,0.0049,19.23,14.23,30.65,3295,1214,534,534,446316.78,112872807,2998442.86
"2025-02-01",10,5,"Lyft",33020,1028,31992,216.1,395,559,72,0.0175,0.0023,19.78,14.41,28.7,0,0,161,161,156893.91,39187318,947623.94
"2025-02-01",10,5,"Uber",94185,1217,92968,201.6,394.6,2599,586,0.028,0.0063,19.23,15.07,30.74,3131,1157,501,501,455061.16,108696457,2895646.46
"2025-02-01",10,6,"Lyft",30457,322,30135,216.1,379.2,406,53,0.0135,0.0018,16.39,16.1,25.61,0,0,76,76,133989.37,29952395,780080.96
"2025-02-01",10,6,"Uber",94742,543,94199,201.6,382.9,2166,423,0.023,0.0045,16.33,17.35,27.03,3616,1694,190,190,447409.32,92815509,2561345.58
"2025-02-01",10,7,"Lyft",30548,292,30256,248.6,439.4,851,107,0.0281,0.0035,15.72,17.27,25.99,0,0,63,63,138269.07,28819595,793940.5
"2025-02-01",10,7,"Uber",94480,543,93937,232.4,440.1,3419,696,0.0364,0.0074,15.82,18.64,27.8,3927,1897,156,156,464241.31,89653575,2626713.89
"2025-02-01",11,1,"Lyft",25389,668,24721,207.6,379.7,403,78,0.0163,0.0032,18.94,15.04,28.43,0,0,164,164,120540.04,28851204,721900.44
"2025-02-01",11,1,"Uber",79521,1072,78449,196,391.6,2099,428,0.0268,0.0055,18.86,16.12,31.18,2441,795,445,445,403127.6,90006788,2479763.29
"2025-02-01",11,2,"Lyft",25493,775,24718,204,381.9,435,72,0.0176,0.0029,19.63,14.05,28.69,0,0,176,176,117221.37,30030221,731358.95
"2025-02-01",11,2,"Uber",80208,1190,79018,192.9,388.7,2119,423,0.0268,0.0054,19.39,14.7,31.3,2402,671,529,529,381054.54,93333858,2510438.28
"2025-02-01",11,3,"Lyft",27494,839,26655,205.5,379,468,79,0.0176,0.003,19.75,13.64,28.37,0,0,155,155,123443.9,32579940,779885.03
"2025-02-01",11,3,"Uber",83112,1205,81907,191.6,379.9,2109,437,0.0257,0.0053,19.48,14.6,31.46,2285,643,534,534,393909.33,97132487,2614778.46
"2025-02-01",11,4,"Lyft",29720,871,28849,207.1,382.4,504,85,0.0175,0.0029,19.85,13.84,29.1,0,0,159,159,136051.55,35393543,864970.96
"2025-02-01",11,4,"Uber",90048,1206,88842,191.4,381.3,2209,447,0.0249,0.005,19.47,14.54,31.68,2614,857,483,483,424920.52,105175040,2852331.19
"2025-02-01",11,5,"Lyft",31231,710,30521,229.4,420.9,749,113,0.0245,0.0037,20,13.76,28.83,0,0,165,165,143309.89,37486531,900406.39
"2025-02-01",11,5,"Uber",90932,1084,89847,208.2,412.9,2809,569,0.0313,0.0063,19.82,14.69,31.58,2812,961,492,492,441127.35,108132857,2871958.02
"2025-02-01",11,6,"Lyft",32376,282,32094,218.7,387,470,73,0.0146,0.0023,17.02,14.97,25.71,0,0,95,95,137406.58,33054265,832393.91
"2025-02-01",11,6,"Uber",101205,462,100743,202.8,389.5,2538,488,0.0252,0.0048,17.09,16.25,27.34,3681,1672,196,196,468602.36,103787310,2767194.37
"2025-02-01",11,7,"Lyft",32439,282,32157,242.2,426,738,108,0.0229,0.0034,16.19,16.16,26.09,0,0,77,77,141499.38,31512661,846277.15
"2025-02-01",11,7,"Uber",99053,522,98530,226.6,426.2,3254,586,0.033,0.0059,16.39,17.53,28.04,3859,1865,176,176,474346.58,97422077,2777137.68
"2025-02-01",12,1,"Lyft",25633,783,24850,215.5,396.9,482,78,0.0194,0.0031,18.84,15.34,28.65,0,0,174,174,123473.46,28976998,734369.86
"2025-02-01",12,1,"Uber",80204,1019,79185,203.2,409.3,2429,466,0.0307,0.0059,18.8,16.33,31.07,2447,796,512,512,410285.52,90455709,2491648.07
"2025-02-01",12,2,"Lyft",25294,833,24461,213.1,397.5,484,83,0.0198,0.0034,19.46,14.11,28.6,0,0,174,174,115715.99,29532222,723494.05
"2025-02-01",12,2,"Uber",80400,1124,79276,197.7,400.6,2351,508,0.0297,0.0064,19.22,14.97,31.12,2341,694,631,631,385480.6,92717778,2501700.17
"2025-02-01",12,3,"Lyft",27392,993,26399,214,395.8,531,85,0.0201,0.0032,19.83,14.02,28.91,0,0,202,202,126897.04,32591504,791949.59
"2025-02-01",12,3,"Uber",85110,1186,83924,197.1,396.8,2420,490,0.0288,0.0058,19.6,14.79,31.44,2381,681,639,639,411072.89,100072772,2675912.2
"2025-02-01",12,4,"Lyft",29947,865,29082,214.8,399.1,631,111,0.0217,0.0038,19.94,14.04,29.43,0,0,181,181,139754.07,35826136,881269.77
"2025-02-01",12,4,"Uber",91123,1291,89832,196.8,393.3,2545,504,0.0283,0.0056,19.67,14.77,32.29,2657,908,611,611,441123.1,107541396,2942400.31
"2025-02-01",12,5,"Lyft",32011,808,31203,260.9,500.3,1636,257,0.0524,0.0082,20.49,13.69,29.87,0,0,174,174,149592.52,39345218,956278.2
"2025-02-01",12,5,"Uber",93813,1069,92744,233.7,477.4,4681,1071,0.0505,0.0115,20.52,14.56,32.77,3138,1245,540,540,466970.77,115492188,3073797.66
"2025-02-01",12,6,"Lyft",33723,278,33445,229.8,412.8,734,111,0.0219,0.0033,17.67,14.35,26.11,0,0,86,86,142477.13,35751919,880391.56
"2025-02-01",12,6,"Uber",105972,475,105497,210.8,410.9,3155,625,0.0299,0.0059,17.78,15.46,27.76,3867,1832,259,259,485668.65,113074280,2941648.28
"2025-02-01",12,7,"Lyft",34116,253,33863,255.8,452.1,972,110,0.0287,0.0032,16.77,15.52,26.66,0,0,90,90,148037.32,34330229,909442.61
"2025-02-01",12,7,"Uber",104496,451,104045,239.9,462.1,4388,899,0.0422,0.0086,17.06,16.82,28.66,3835,1801,195,195,499724.87,106942065,2995057.46
"2025-02-01",13,1,"Lyft",26601,653,25948,220.2,400.1,514,96,0.0198,0.0037,19.61,15,29.24,0,0,175,175,130368.76,31293989,777830.7
"2025-02-01",13,1,"Uber",84861,1000,83861,205.7,411.3,2735,567,0.0326,0.0068,19.4,15.96,31.54,2807,1002,569,569,438056.76,98789715,2676280.46
"2025-02-01",13,2,"Lyft",26090,804,25286,211.7,398,545,95,0.0216,0.0038,19.88,14.2,29.19,0,0,183,183,122730.49,31115202,761677.32
"2025-02-01",13,2,"Uber",84972,959,84013,198.2,397.6,2448,538,0.0291,0.0064,19.58,14.94,31.53,2702,867,617,617,414148.19,99805876,2679143.74
"2025-02-01",13,3,"Lyft",27604,785,26819,215.2,395.8,521,86,0.0194,0.0032,20.2,13.99,29.46,0,0,205,205,130032.74,33453200,813145.44
"2025-02-01",13,3,"Uber",88790,1079,87711,198.3,397.7,2533,511,0.0289,0.0058,19.96,14.8,31.96,2602,833,673,673,437143.58,106323927,2837734.24
"2025-02-01",13,4,"Lyft",30730,819,29911,217.4,399,603,82,0.0202,0.0027,20.63,13.95,30.38,0,0,209,209,147384.46,38039262,933694.05
"2025-02-01",13,4,"Uber",95093,1089,94004,200.4,397.5,2649,588,0.0282,0.0063,20.36,14.77,33.35,2997,1073,618,618,476479.24,116159046,3171006.33
"2025-02-01",13,5,"Lyft",33341,676,32665,270.5,509.2,1793,316,0.0549,0.0097,21.07,13.44,30.68,0,0,195,195,157272.35,42140057,1023000.43
"2025-02-01",13,5,"Uber",99518,909,98609,242.9,490.5,5317,1183,0.0539,0.012,21.09,14.21,33.38,3602,1486,580,580,497049.63,125912812,3322274.02
"2025-02-01",13,6,"Lyft",34776,276,34500,229,414.3,785,134,0.0228,0.0039,18.27,13.97,26.62,0,0,94,94,147918.55,38127102,925700.47
"2025-02-01",13,6,"Uber",109833,421,109412,208.5,407.9,3262,694,0.0298,0.0063,18.37,15.01,28.22,4213,2060,282,282,504979.36,121083996,3099527.69
"2025-02-01",13,7,"Lyft",34324,291,34033,258.5,470.4,1269,181,0.0373,0.0053,17.57,15.04,27.7,0,0,87,87,151124.86,36178317,950829.67
"2025-02-01",13,7,"Uber",109196,437,108759,244.2,475.9,5189,1080,0.0477,0.0099,17.79,16.39,29.37,4349,2189,222,222,530369.03,116527289,3206628.81
"2025-02-01",14,1,"Lyft",29685,545,29140,232.2,438.8,950,196,0.0326,0.0067,20.25,14.07,29.14,0,0,148,148,140916.44,36064864,865080.08
"2025-02-01",14,1,"Uber",91624,701,90923,217.3,443.5,3657,843,0.0402,0.0093,20.29,15.04,32.07,3426,1341,566,566,465835.53,111531464,2938248.06
"2025-02-01",14,2,"Lyft",29437,640,28797,225.2,424.7,741,102,0.0257,0.0035,20.63,13.21,29.16,0,0,185,185,133677.92,36439561,858268.63
"2025-02-01",14,2,"Uber",94053,809,93244,208.3,425.5,3256,734,0.0349,0.0079,20.52,13.86,31.77,3480,1350,608,608,445614.93,115779054,2988183.56
"2025-02-01",14,3,"Lyft",31025,677,30348,226.8,430.5,853,132,0.0281,0.0043,21.48,13.15,30.07,0,0,174,174,146031.51,39986180,932990.42
"2025-02-01",14,3,"Uber",98051,933,97118,208.5,424,3503,758,0.0361,0.0078,21.12,13.86,32.51,3297,1223,601,601,478411.06,124221171,3187848.28
"2025-02-01",14,4,"Lyft",33947,704,33243,231.1,434.9,1016,174,0.0306,0.0052,21.97,13.05,31.02,0,0,151,151,162168.12,44742841,1052958.38
"2025-02-01",14,4,"Uber",103551,971,102580,210.4,427.3,3733,845,0.0364,0.0082,21.71,13.77,34.07,3646,1489,574,574,516102.66,134913695,3527758.04
"2025-02-01",14,5,"Lyft",36583,566,36017,281.9,543.5,2555,476,0.0709,0.0132,22.9,12.15,31.16,0,0,172,172,169628.31,50275589,1140082.22
"2025-02-01",14,5,"Uber",106921,825,106096,249.9,515,6646,1492,0.0626,0.0141,23.16,12.7,34.3,4252,1981,470,470,524067.33,148599862,3667698.45
"2025-02-01",14,6,"Lyft",35847,249,35598,229.7,420,865,155,0.0243,0.0044,19,13.69,27.15,0,0,108,108,155441.16,40867662,973249.45
"2025-02-01",14,6,"Uber",116161,402,115759,211.8,421,3755,819,0.0324,0.0071,19.06,14.78,28.37,4742,2441,254,254,545449.59,132839037,3295900.1
"2025-02-01",14,7,"Lyft",33125,277,32848,245.2,449.9,1037,150,0.0316,0.0046,18.71,15.13,28.68,0,0,91,91,156306.53,37182703,949868.65
"2025-02-01",14,7,"Uber",107762,414,107348,234.5,460.2,4630,933,0.0431,0.0087,19.09,16.43,30.47,4643,2507,210,210,563306.5,123431951,3283452.45
"2025-02-01",15,1,"Lyft",29674,423,29251,234.2,447.9,1102,253,0.0377,0.0086,21.31,13.59,30.43,0,0,156,156,143242.13,37946099,902923.92
"2025-02-01",15,1,"Uber",94371,587,93784,218.5,461.2,4505,1037,0.048,0.0111,21.5,14.13,32.83,3647,1507,481,481,477852.65,121764004,3098032.94
"2025-02-01",15,2,"Lyft",29595,497,29098,231.3,445.4,966,192,0.0332,0.0066,21.25,12.67,30.02,0,0,172,172,132738.22,37728089,888510.82
"2025-02-01",15,2,"Uber",97667,668,96999,211.2,435,3628,890,0.0374,0.0092,21.19,13.22,32.29,3777,1578,467,467,456043.49,124191395,3154043.88
"2025-02-01",15,3,"Lyft",30394,530,29864,230.9,444.9,1094,213,0.0366,0.0071,22.04,12.67,31.03,0,0,158,158,141476.12,40197126,943075.67
"2025-02-01",15,3,"Uber",102153,707,101446,210.1,435,3957,903,0.039,0.0089,21.69,13.31,33.11,3707,1518,502,502,491386.82,132948088,3382778.77
"2025-02-01",15,4,"Lyft",33644,567,33077,236.7,456.9,1216,249,0.0368,0.0075,22.85,12.59,32.52,0,0,148,148,161287.43,46127582,1093973.49
"2025-02-01",15,4,"Uber",106824,722,106102,214.9,438.5,4301,1094,0.0405,0.0103,22.47,13.2,34.97,4147,1816,503,503,528090.49,144036323,3735700.93
"2025-02-01",15,5,"Lyft",36170,464,35706,290.9,583.7,3252,728,0.0911,0.0204,23.55,11.48,32.52,0,0,183,183,163030.25,51110904,1176273.3
"2025-02-01",15,5,"Uber",110239,651,109588,252.9,529,7559,1805,0.069,0.0165,24.33,11.99,35.47,4724,2343,436,436,536213.4,160959570,3910451.73
"2025-02-01",15,6,"Lyft",36730,245,36485,235.2,432.1,1064,192,0.0292,0.0053,19.03,13.3,27.17,0,0,115,115,154920.02,41930696,997922.57
"2025-02-01",15,6,"Uber",122248,369,121879,215.3,428.9,4279,935,0.0351,0.0077,19.39,14.42,28.31,5364,2901,249,249,569427.72,142196255,3460771.29
"2025-02-01",15,7,"Lyft",32284,226,32058,243.2,453.7,1126,217,0.0351,0.0068,18.84,15.2,28.8,0,0,87,87,154016.91,36485456,929719.5
"2025-02-01",15,7,"Uber",107366,357,107009,234,463.1,4899,1063,0.0458,0.0099,19.39,16.42,30.48,5169,2820,190,190,569643.14,124899918,3272083.43
"2025-02-01",16,1,"Lyft",28760,385,28375,228.4,433.7,947,234,0.0334,0.0082,21.01,12.98,29.66,0,0,130,130,130740.36,36251407,853146.1
"2025-02-01",16,1,"Uber",96749,523,96225,214.2,446.6,4358,1198,0.0453,0.0124,21.36,13.63,31.87,3797,1502,383,383,469502.02,123982237,3083854.85
"2025-02-01",16,2,"Lyft",29502,447,29055,218.2,411,748,134,0.0257,0.0046,21.09,12.28,29.67,0,0,148,148,127364.91,37337189,875364.11
"2025-02-01",16,2,"Uber",102796,570,102226,204,419.9,3685,895,0.036,0.0088,21.04,12.88,31.31,3970,1666,392,392,464427.73,129781923,3218216.7
"2025-02-01",16,3,"Lyft",31044,521,30523,221.3,416.3,825,141,0.027,0.0046,21.78,12.54,30.86,0,0,138,138,141369.09,40573628,957900.18
"2025-02-01",16,3,"Uber",108532,638,107894,204.6,411.7,3497,729,0.0324,0.0068,21.51,13.06,32.19,4181,1711,425,425,508115.61,140049737,3493477.52
"2025-02-01",16,4,"Lyft",34952,557,34395,232.3,432.7,996,167,0.029,0.0049,22.62,12.25,31.88,0,0,148,148,161410.04,47430962,1114411.78
"2025-02-01",16,4,"Uber",112437,706,111731,213.3,424.8,3965,903,0.0355,0.0081,22.45,12.87,34.27,4339,1901,384,384,541428.83,151426015,3853276.99
"2025-02-01",16,5,"Lyft",39020,372,38648,269.7,531.4,2586,545,0.0669,0.0141,22.23,11.29,30.62,0,0,131,131,163176.94,52036825,1194922.99
"2025-02-01",16,5,"Uber",117775,669,117106,242.7,499.2,6821,1618,0.0582,0.0138,23.48,11.89,33.96,5197,2563,382,382,547868.29,165918185,3999473.02
"2025-02-01",16,6,"Lyft",38338,246,38092,227.6,414.8,889,141,0.0233,0.0037,19.1,12.85,27.05,0,0,94,94,156801.26,43931835,1037164.88
"2025-02-01",16,6,"Uber",128234,384,127850,210.7,415.1,4159,872,0.0325,0.0068,19.49,13.96,28.16,5601,3017,256,256,581331.93,149947630,3611246.01
"2025-02-01",16,7,"Lyft",32111,245,31866,233.6,431.2,1015,233,0.0319,0.0073,19.27,15.09,29.09,0,0,66,66,155589.82,37126674,934209.62
"2025-02-01",16,7,"Uber",108473,355,108118,224.7,452.1,4885,1210,0.0452,0.0112,19.67,16.19,30.43,5046,2675,198,198,575804.83,127998874,3301280.82
"2025-02-01",17,1,"Lyft",32703,320,32383,237.6,440.9,964,164,0.0298,0.0051,19.41,12.83,27.9,0,0,123,123,135697.64,38084657,912308.89
"2025-02-01",17,1,"Uber",106940,393,106547,225.2,443.2,4185,909,0.0393,0.0085,19.95,13.62,30.45,4811,2169,293,293,484283.1,128032077,3256271.15
"2025-02-01",17,2,"Lyft",35542,370,35172,238.6,439.8,1058,165,0.0301,0.0047,20.22,12,28.45,0,0,116,116,143670.39,43115007,1011212.18
"2025-02-01",17,2,"Uber",117330,473,116857,222.2,437,4339,956,0.0371,0.0082,20.13,12.56,30.43,5068,2370,294,294,494348.4,141698644,3570557.91
"2025-02-01",17,3,"Lyft",37443,452,36991,245.8,459.3,1329,186,0.0359,0.005,20.65,11.94,28.69,0,0,119,119,153852.98,46385963,1074313.34
"2025-02-01",17,3,"Uber",121997,551,121446,225.2,441.7,4536,930,0.0373,0.0077,20.56,12.55,30.93,4947,2254,365,365,524828.08,150495836,3773647.85
"2025-02-01",17,4,"Lyft",40530,510,40020,260.4,489.8,1855,259,0.0464,0.0065,21.71,11.73,30.25,0,0,111,111,171971.13,52790998,1225928.78
"2025-02-01",17,4,"Uber",126145,566,125579,236.8,461,5242,1116,0.0417,0.0089,21.58,12.37,32.83,5081,2446,272,272,561162.22,163334604,4141206.2
"2025-02-01",17,5,"Lyft",43909,346,43563,284.2,542.6,3134,536,0.0719,0.0123,20.64,11.37,29.2,0,0,128,128,171748.74,54375881,1282120.49
"2025-02-01",17,5,"Uber",132445,522,131922,258.2,519,8361,1926,0.0634,0.0146,21.85,12.18,32.43,5956,3168,321,321,587149.18,173605625,4295190.46
"2025-02-01",17,6,"Lyft",43672,280,43392,246.8,447.5,1281,195,0.0295,0.0045,19.38,12.77,26.76,0,0,115,115,180142.54,50775377,1168670.59
"2025-02-01",17,6,"Uber",136440,377,136063,227.8,444.9,5391,1146,0.0396,0.0084,19.26,13.75,27.91,5801,3235,246,246,601913.69,157636906,3807565.44
"2025-02-01",17,7,"Lyft",38415,203,38212,269.6,493.3,1715,223,0.0449,0.0058,18.72,14.62,28.36,0,0,90,90,175179.11,43138020,1089280.6
"2025-02-01",17,7,"Uber",111698,376,111322,265.9,534.3,7681,1690,0.069,0.0152,19.15,15.73,30.02,5417,3093,174,174,560862.62,128337466,3352743.74
"2025-02-01",18,1,"Lyft",33378,175,33203,235.6,426.5,852,145,0.0257,0.0044,17.27,13.71,25.92,0,0,81,81,131660.41,34579583,865172.64
"2025-02-01",18,1,"Uber",108722,252,108470,229.2,451,4604,1036,0.0424,0.0096,18,14.89,28.72,4839,2177,229,229,485663.58,117425929,3122495.93
"2025-02-01",18,2,"Lyft",36880,202,36678,242,448.2,1176,196,0.0321,0.0053,18.1,12.7,26.64,0,0,104,104,141308.54,40062175,982349.96
"2025-02-01",18,2,"Uber",120981,303,120678,228.3,446.9,4819,1029,0.0399,0.0085,18.42,13.66,29.12,5166,2487,239,239,507548.89,133715305,3522971.16
"2025-02-01",18,3,"Lyft",39757,242,39515,250,465.3,1505,229,0.0381,0.0058,18.9,12.5,27.29,0,0,106,106,156534.89,45091720,1084872.83
"2025-02-01",18,3,"Uber",125267,326,124941,231.9,462.4,5568,1130,0.0446,0.009,19.05,13.51,30.19,5216,2519,264,264,537502.62,143190082,3781925.46
"2025-02-01",18,4,"Lyft",43871,297,43574,279.6,529.1,2691,425,0.0618,0.0098,19.33,11.97,28.5,0,0,101,101,169156.61,50880396,1250313.2
"2025-02-01",18,4,"Uber",132280,382,131898,258.2,509.9,7679,1661,0.0582,0.0126,19.97,13.21,32.07,5452,2760,224,224,581462.51,158470248,4242135.18
"2025-02-01",18,5,"Lyft",48724,258,48466,299.6,558.2,3730,704,0.077,0.0145,19.2,11.81,28.28,0,0,122,122,184105.7,56135287,1377805.84
"2025-02-01",18,5,"Uber",144762,415,144347,279.1,554.7,11267,2664,0.0781,0.0185,20.59,12.94,31.72,6627,3794,273,273,642554.12,178798676,4591467.28
"2025-02-01",18,6,"Lyft",49759,260,49499,274.3,490,2125,301,0.0429,0.0061,18.92,12.64,26.36,0,0,100,100,198271.21,56482468,1311894.11
"2025-02-01",18,6,"Uber",151089,408,150681,257.3,489.3,7696,1530,0.0511,0.0102,19.09,13.75,27.89,6710,4086,216,216,660737.88,173028395,4213584.18
"2025-02-01",18,7,"Lyft",42606,138,42468,271,486.8,1926,280,0.0454,0.0066,17.56,14.51,26.58,0,0,82,82,180941.98,44882531,1132260.18
"2025-02-01",18,7,"Uber",115297,282,115015,279.5,578.7,10289,2664,0.0895,0.0232,18.2,15.99,29.06,5717,3265,206,206,559502.36,125934781,3350818.18
"2025-02-01",19,1,"Lyft",30170,100,30070,218.9,401.3,648,101,0.0215,0.0034,16.63,15.53,25.58,0,0,65,65,129834.18,30096795,771771.1
"2025-02-01",19,1,"Uber",98539,215,98324,213.5,435.2,3863,766,0.0393,0.0078,17,16.84,28.78,4614,2052,190,190,470220.79,100506744,2835726.93
"2025-02-01",19,2,"Lyft",33937,94,33843,215.9,390.2,645,131,0.0191,0.0039,17.24,15.03,26.6,0,0,62,62,146607.12,35107688,902722.79
"2025-02-01",19,2,"Uber",111223,211,111012,210.5,418.2,3953,857,0.0356,0.0077,17.44,16.2,29.75,4990,2476,162,162,523617.54,116366868,3309432.51
"2025-02-01",19,3,"Lyft",37452,128,37324,220.2,403.3,813,190,0.0218,0.0051,17.72,14.83,27.03,0,0,90,90,164006.61,39823169,1012150.16
"2025-02-01",19,3,"Uber",117659,220,117439,211.2,424.8,4379,1126,0.0373,0.0096,17.88,15.93,30.39,5183,2622,164,164,558378.06,126213655,3575523.46
"2025-02-01",19,4,"Lyft",42264,156,42108,248.1,467.7,1615,279,0.0384,0.0066,18.21,13.87,27.64,0,0,83,83,177995.68,46189790,1168062.28
"2025-02-01",19,4,"Uber",125340,229,125111,236.6,477.6,6145,1365,0.0491,0.0109,18.59,15.21,31.45,5558,2854,188,188,590662.24,139799085,3941734.78
"2025-02-01",19,5,"Lyft",51120,194,50926,289.1,534.9,3315,531,0.0651,0.0104,18.12,12.73,27.05,0,0,108,108,196577.33,55583075,1382611.58
"2025-02-01",19,5,"Uber",149159,323,148836,272.1,535.2,10474,2374,0.0704,0.016,19.1,14.03,30.32,6664,3931,232,232,665912.31,170904889,4521986.87
"2025-02-01",19,6,"Lyft",52280,202,52078,289.4,512.2,2629,311,0.0505,0.006,18.26,12.47,26.05,0,0,94,94,198394.76,57262568,1361948.41
"2025-02-01",19,6,"Uber",157155,300,156855,278.5,522.7,9796,1906,0.0625,0.0122,18.78,13.82,27.99,7280,4499,190,190,679784.44,177060591,4398789.16
"2025-02-01",19,7,"Lyft",34617,99,34518,240.9,447.4,1149,190,0.0333,0.0055,17.53,15.93,25.75,0,0,71,71,161124.12,36418281,891402.73
"2025-02-01",19,7,"Uber",104756,186,104570,236.9,484.3,5653,1181,0.0541,0.0113,17.45,16.84,26.44,5634,3171,131,131,513032.31,109679876,2770131.48
"2025-02-01",20,1,"Lyft",28655,80,28575,216.6,404.2,726,138,0.0254,0.0048,17.05,17.31,27.45,0,0,60,60,140953.17,29314076,786572.93
"2025-02-01",20,1,"Uber",90067,148,89919,214.2,459.3,4517,948,0.0502,0.0105,17.14,18.49,30.88,4321,2245,117,117,475535.52,92605707,2781306.09
"2025-02-01",20,2,"Lyft",33690,80,33610,225.1,417.5,899,153,0.0267,0.0046,17.42,16.62,28.45,0,0,55,55,162552.43,35215635,958471.88
"2025-02-01",20,2,"Uber",104428,181,104247,220.6,472.2,5337,1166,0.0512,0.0112,17.85,18.14,33.51,4784,2559,143,143,563553.38,111853809,3499819.78
"2025-02-01",20,3,"Lyft",36080,140,35940,215.5,393.2,759,134,0.0211,0.0037,17.91,16.87,28.93,0,0,58,58,181661.27,38767588,1043940.39
"2025-02-01",20,3,"Uber",109778,157,109621,210,446.7,4848,993,0.0442,0.0091,18.23,18.13,33.86,4835,2625,153,153,604850.41,120098997,3717249.79
"2025-02-01",20,4,"Lyft",39487,120,39367,232.1,429.7,1153,197,0.0293,0.005,18.39,16.05,29.3,0,0,62,62,194203.67,43560615,1157002.98
"2025-02-01",20,4,"Uber",116730,188,116542,227.3,483.6,6213,1277,0.0533,0.011,18.58,17.25,33.51,5460,3048,145,145,623481.16,130117497,3911997.97
"2025-02-01",20,5,"Lyft",50668,117,50551,256.4,473.2,2105,310,0.0416,0.0061,17.94,14.06,26.85,0,0,82,82,213081.51,54542488,1360197.05
"2025-02-01",20,5,"Uber",140435,192,140243,242.6,493,7777,1709,0.0555,0.0122,18.21,15.2,29.04,6372,3883,186,186,647597.31,153407986,4078233.57
"2025-02-01",20,6,"Lyft",49231,111,49120,280.3,527.9,3046,499,0.062,0.0102,18.53,12.65,26.13,0,0,82,82,192275.84,54731347,1286375.28
"2025-02-01",20,6,"Uber",148662,178,148484,269.8,548.8,11300,2534,0.0761,0.0171,18.93,13.51,27.29,7379,4693,176,176,633742.64,168871459,4057301.19
"2025-02-01",20,7,"Lyft",30697,65,30632,226.1,420.2,882,158,0.0288,0.0052,17.45,16.83,26.95,0,0,60,60,150210.53,32133727,827180.02
"2025-02-01",20,7,"Uber",94842,149,94693,224.6,477.8,5296,1306,0.0559,0.0138,17.28,17.61,26.23,5100,2957,135,135,481058.73,98331729,2487482.92
"2025-02-01",21,1,"Lyft",27538,62,27476,222.7,414.3,770,168,0.028,0.0061,17.03,17.85,28.08,0,0,56,56,139532.45,28134720,773187.72
"2025-02-01",21,1,"Uber",83198,104,83094,223.7,492.3,4964,1097,0.0597,0.0132,17.11,19,31.3,4356,2442,85,85,450862.16,85416469,2603779.51
"2025-02-01",21,2,"Lyft",33358,112,33246,251.4,487.6,1621,267,0.0488,0.008,17.42,17.27,30.1,0,0,63,63,167234.32,34858151,1003967.97
"2025-02-01",21,2,"Uber",96614,162,96452,250.8,563.2,8066,1779,0.0836,0.0184,17.9,19,36.32,4927,2911,128,128,547649.81,103777921,3508680.48
"2025-02-01",21,3,"Lyft",37086,104,36982,246.8,474.4,1683,313,0.0455,0.0085,17.92,17.2,29.59,0,0,59,59,190490.96,39872004,1097276.98
"2025-02-01",21,3,"Uber",103985,143,103842,242.6,541.8,7866,1765,0.0757,0.017,18.46,18.96,36.31,5129,2914,141,141,606620.34,115169257,3775823.89
"2025-02-01",21,4,"Lyft",39510,105,39405,253,491.4,2065,405,0.0524,0.0103,18.49,16.87,30.44,0,0,70,70,205395.22,43823707,1202767.09
"2025-02-01",21,4,"Uber",110481,184,110297,244.1,551.3,8864,2174,0.0804,0.0197,18.78,18.47,36.21,5610,3423,127,127,638629.02,124506535,4000195.68
"2025-02-01",21,5,"Lyft",50027,104,49923,243.5,450.7,1673,267,0.0335,0.0053,18.17,14.94,27.31,0,0,92,92,226447.55,54553391,1366348.32
"2025-02-01",21,5,"Uber",133452,161,133291,228,470.9,6776,1512,0.0508,0.0113,18.14,16.09,29.61,6262,3993,159,159,648971.68,145237680,3951924.92
"2025-02-01",21,6,"Lyft",44461,112,44349,275.5,613.6,4646,1709,0.1048,0.0385,18.71,13.46,28,0,0,84,84,186553.3,49902179,1244984.01
"2025-02-01",21,6,"Uber",138031,186,137844,269.4,619.5,14828,4755,0.1076,0.0345,19.09,13.95,29.38,7542,4960,136,136,612667.03,158072183,4054963.9
"2025-02-01",21,7,"Lyft",32244,63,32181,253.1,479.6,1612,336,0.0501,0.0104,17.59,17.56,27.58,0,0,45,45,165996.79,34028728,889217.07
"2025-02-01",21,7,"Uber",94092,133,93959,249.3,542.3,7355,2109,0.0783,0.0224,17.32,18.16,26.93,5390,3423,97,97,493395.37,97802085,2533491.7
"2025-02-01",22,1,"Lyft",24972,41,24931,237,461.3,1178,306,0.0473,0.0123,17.22,18.61,28.51,0,0,30,30,133390.63,25808347,711827.68
"2025-02-01",22,1,"Uber",74986,122,74864,236.2,526.4,5358,1451,0.0716,0.0194,17.11,19.47,30.22,4874,3022,95,95,416241.28,76980481,2266396.59
"2025-02-01",22,2,"Lyft",30555,60,30495,249.6,470.6,1368,273,0.0449,0.009,17.37,17.19,28.85,0,0,38,38,152056.7,31849461,881460.15
"2025-02-01",22,2,"Uber",85790,144,85646,257.3,581.9,7916,2013,0.0924,0.0235,17.79,18.79,33.44,5304,3226,68,68,478134.46,91587389,2869232.7
"2025-02-01",22,3,"Lyft",33462,77,33385,265.3,525.3,2167,388,0.0649,0.0116,17.99,17.23,29.97,0,0,57,57,172894.4,36118952,1002920.68
"2025-02-01",22,3,"Uber",95488,123,95365,264,590.3,9129,2224,0.0957,0.0233,18.39,18.87,35.01,5873,3744,87,87,552158.14,105363053,3342699.54
"2025-02-01",22,4,"Lyft",39311,68,39243,283,559.6,3132,605,0.0798,0.0154,18.15,16.53,30.28,0,0,37,37,196531.15,42805544,1190495.76
"2025-02-01",22,4,"Uber",104335,141,104194,272,609.5,10834,2838,0.104,0.0272,19.07,18.6,36.98,6188,4043,102,102,616706.95,119369951,3858381.38
"2025-02-01",22,5,"Lyft",51826,73,51753,274.6,512.6,3046,591,0.0589,0.0114,18.37,15.01,27.99,0,0,66,66,238071.55,57108825,1450471.58
"2025-02-01",22,5,"Uber",135635,164,135471,263.1,537.6,9853,2343,0.0727,0.0173,18.42,16.37,30.42,7315,5144,130,130,681798.42,149943678,4125421.4
"2025-02-01",22,6,"Lyft",45348,119,45229,312.8,637.9,5328,1625,0.1178,0.0359,18.19,13.96,28.87,0,0,52,52,191973.39,49491135,1309099.57
"2025-02-01",22,6,"Uber",138040,254,137786,313.2,647.6,16969,4743,0.1232,0.0344,18.92,14.97,31.47,8127,5717,103,103,651536.14,156690897,4343725.02
"2025-02-01",22,7,"Lyft",33100,62,33038,291.6,577.3,2931,704,0.0887,0.0213,17.27,17.72,29.03,0,0,36,36,168870.24,34306854,960758.32
"2025-02-01",22,7,"Uber",95373,246,95127,331.4,768.6,17317,5940,0.182,0.0624,17.4,18.36,30.68,6771,4569,84,84,507878.68,99587568,2926154.71
"2025-02-01",23,1,"Lyft",19287,38,19249,240.4,495.3,1114,256,0.0579,0.0133,16.91,19.48,28.26,0,0,30,30,105914.59,19570124,545130.18
"2025-02-01",23,1,"Uber",60081,78,60003,240.5,548.7,4743,1203,0.079,0.02,16.77,20.17,28.67,4785,2971,52,52,338655.49,60449418,1722304.42
"2025-02-01",23,2,"Lyft",24217,74,24143,238.1,470.1,1234,252,0.0511,0.0104,17.25,18.12,28.1,0,0,45,45,126163.07,25062297,680586.98
"2025-02-01",23,2,"Uber",68065,108,67957,237.2,536.2,5171,1127,0.0761,0.0166,17.33,19.1,30.6,4968,3046,46,46,375479.2,70782362,2083063.39
"2025-02-01",23,3,"Lyft",27327,51,27276,237.9,449.4,1056,195,0.0387,0.0071,17.62,18,28.67,0,0,32,32,144394.95,28881986,783592.39
"2025-02-01",23,3,"Uber",76161,89,76072,237.8,525.4,5426,1254,0.0713,0.0165,17.52,19.01,31.02,5697,3646,62,62,422773.63,80048953,2362696.1
"2025-02-01",23,4,"Lyft",34344,64,34280,266.4,507.8,1927,350,0.0562,0.0102,18.08,17.34,29.53,0,0,40,40,179459.17,37259299,1014244.93
"2025-02-01",23,4,"Uber",87896,112,87783,264.5,572.4,7698,1635,0.0877,0.0186,18.62,18.79,33.75,6047,3995,71,71,512488.37,98177660,2966732.48
"2025-02-01",23,5,"Lyft",49648,68,49580,294.6,532.1,3115,470,0.0628,0.0095,17.37,15.21,28.05,0,0,66,66,218617.24,51746766,1392819.93
"2025-02-01",23,5,"Uber",127184,139,127045,293.7,588.9,11980,2783,0.0943,0.0219,18.24,16.89,31.78,7654,5443,98,98,653237,139203199,4041440.54
"2025-02-01",23,6,"Lyft",44278,120,44158,363.3,750.6,7951,2627,0.1801,0.0595,17.29,13.93,29.79,0,0,58,58,177729.8,45928371,1319057.66
"2025-02-01",23,6,"Uber",131865,198,131667,370.2,750.8,24144,7534,0.1834,0.0572,18.79,15.78,35.79,8563,6129,113,113,651672.03,148679463,4719557.64
"2025-02-01",23,7,"Lyft",28952,59,28893,291.3,641.4,3349,1157,0.1159,0.04,17.22,19.11,28.45,0,0,47,47,158776.04,29915172,823674.8
"2025-02-01",23,7,"Uber",78587,135,78452,314.8,728.9,12486,4206,0.1592,0.0536,17,19.33,28.12,6806,4658,62,62,430427.76,80167679,2209926.65
"2025-03-01",0,1,"Lyft",26018,39,25979,270.4,671.5,3273,1265,0.126,0.0487,17.42,21.22,30.36,0,0,41,41,160219.75,27186831,789791.73
"2025-03-01",0,1,"Uber",52832,57,52775,254.4,637.4,6112,1820,0.1158,0.0345,16.43,21.46,32.2,4113,2345,38,38,310542.09,52096340,1701116.89
"2025-03-01",0,2,"Lyft",17642,15,17627,229.7,480.4,1040,224,0.059,0.0127,17.37,20.49,29.47,0,0,15,15,104620.05,18385688,519931.5
"2025-03-01",0,2,"Uber",37908,28,37880,215.9,508.5,2487,542,0.0657,0.0143,16.59,20.88,32.41,2473,1204,29,29,218855.58,37738152,1228759.56
"2025-03-01",0,3,"Lyft",19125,30,19095,210.5,394.2,534,97,0.028,0.0051,16.92,19.14,27.99,0,0,34,34,103178.37,19411252,535332.37
"2025-03-01",0,3,"Uber",40854,47,40807,200.2,437.3,1982,416,0.0486,0.0102,16.37,19.99,32.2,2667,1345,34,34,222805.01,40122821,1315474.77
"2025-03-01",0,4,"Lyft",22275,35,22240,219,424.5,931,301,0.0419,0.0135,17.39,19.23,29,0,0,39,39,124175.41,23247004,645952.33
"2025-03-01",0,4,"Uber",45512,42,45470,204,481.4,2902,804,0.0638,0.0177,16.58,20.2,33.97,2655,1357,29,29,253994.75,45273738,1545947.02
"2025-03-01",0,5,"Lyft",29483,28,29455,235,447.5,1189,280,0.0404,0.0095,17.58,17.71,29.36,0,0,31,31,152991.25,31105779,865741.89
"2025-03-01",0,5,"Uber",62448,57,62391,220.2,497.4,3968,926,0.0636,0.0148,17.65,19.32,34.51,3565,2034,54,54,354825.2,66123410,2155280.94
"2025-03-01",0,6,"Lyft",58125,75,58050,280.9,540.4,3979,664,0.0685,0.0114,17.28,16.13,28.75,0,0,70,70,269981.34,60247506,1671326.41
"2025-03-01",0,6,"Uber",121040,86,120954,262,566.9,10276,2427,0.085,0.0201,18.13,17.58,33.37,7326,4858,93,93,642867.03,131661282,4038719.14
"2025-03-01",0,7,"Lyft",59734,77,59657,319.9,596.5,5825,933,0.0976,0.0156,16.72,15.78,30.31,0,0,79,79,262747.2,59942616,1810547.07
"2025-03-01",0,7,"Uber",143534,100,143434,308.3,641.5,17305,4567,0.1206,0.0318,17.78,17.59,34.87,9081,6613,95,95,748323.18,153131023,5004730.9
"2025-03-01",1,1,"Lyft",16311,28,16283,262.3,619.9,1738,707,0.1067,0.0434,17.23,21.84,30.32,0,0,30,30,102308.73,16864859,494592.59
"2025-03-01",1,1,"Uber",31807,31,31776,245.3,584.6,2962,810,0.0932,0.0255,15.9,22.01,32.05,2067,879,35,35,185560.92,30347239,1019499.67
"2025-03-01",1,2,"Lyft",9682,22,9660,215.9,402.4,205,30,0.0212,0.0031,16.07,20.51,27.26,0,0,13,13,53179.61,9336018,263951.79
"2025-03-01",1,2,"Uber",21433,23,21410,213.5,477.9,1127,232,0.0526,0.0108,15.41,21.24,30.32,1299,492,14,14,116891.92,19816023,649815.56
"2025-03-01",1,3,"Lyft",11321,14,11307,202.1,369.6,175,26,0.0155,0.0023,15.63,19.14,25.99,0,0,13,13,56463.91,10618321,294186.94
"2025-03-01",1,3,"Uber",22989,30,22959,196.6,412.1,915,183,0.0399,0.008,15.23,20.31,30.33,1386,575,19,19,118499.48,21000459,697307.84
"2025-03-01",1,4,"Lyft",13190,14,13176,207.7,398.3,390,149,0.0296,0.0113,16.36,19.71,27.38,0,0,17,17,70876.64,12945770,361160.9
"2025-03-01",1,4,"Uber",25937,27,25910,201.5,469.1,1487,394,0.0574,0.0152,15.62,20.88,32,1464,708,25,25,141037.09,24311355,830103.79
"2025-03-01",1,5,"Lyft",18603,17,18586,214.4,402.6,663,288,0.0357,0.0155,16.77,18.82,28.57,0,0,18,18,97851.76,18720768,531444.98
"2025-03-01",1,5,"Uber",39494,35,39459,201.4,451.9,2183,728,0.0553,0.0184,16.45,20.1,33.27,1988,1014,19,19,217628.66,38982095,1313790.85
"2025-03-01",1,6,"Lyft",47103,44,47059,256.6,479.5,2001,298,0.0425,0.0063,16.97,16.71,27.63,0,0,47,47,222717.88,47972438,1301448.67
"2025-03-01",1,6,"Uber",90675,51,90624,242.9,508.9,5762,1256,0.0636,0.0139,17.18,18.14,31.71,5685,3886,59,59,471126.38,93474619,2875329.52
"2025-03-01",1,7,"Lyft",52672,77,52595,303.4,601.9,5300,1258,0.1008,0.0239,16.63,16.5,29.31,0,0,74,74,240929.23,52560151,1543624.23
"2025-03-01",1,7,"Uber",111876,84,111792,286.2,608.8,11606,3267,0.1038,0.0292,17.12,18.37,34.08,7103,5063,77,77,586471.83,114935944,3812559.4
"2025-03-01",2,1,"Lyft",10966,46,10920,261,566.6,932,381,0.0853,0.0349,16.65,21.67,28.93,0,0,15,15,65959.81,10957075,317208.34
"2025-03-01",2,1,"Uber",20929,116,20813,253.6,568.1,1813,510,0.0871,0.0245,15.52,22.12,31.01,1402,503,28,28,119688.76,19483212,648997.89
"2025-03-01",2,2,"Lyft",6481,33,6448,223.5,421.3,165,23,0.0256,0.0036,15.54,20.07,26.08,0,0,8,8,33687.74,6041421,169028.62
"2025-03-01",2,2,"Uber",14193,76,14117,220.9,481.4,789,153,0.0559,0.0108,15.01,21.47,29.31,831,260,15,15,76196.91,12778209,416008.28
"2025-03-01",2,3,"Lyft",7375,37,7338,213.9,382.2,133,17,0.0181,0.0023,15.75,19.76,26.64,0,0,11,11,38264.05,6969916,196500.47
"2025-03-01",2,3,"Uber",15452,79,15373,209.9,426.1,634,147,0.0412,0.0096,15.06,21.15,29.98,923,315,14,14,82030.31,13963845,463307.5
"2025-03-01",2,4,"Lyft",8604,51,8553,213.9,389.8,153,26,0.0179,0.003,15.94,19.99,26.89,0,0,9,9,45680.74,8227687,231382.31
"2025-03-01",2,4,"Uber",16662,96,16566,209.3,445,762,144,0.046,0.0087,15.19,21.17,31.18,835,292,12,12,89316.24,15186877,519518.22
"2025-03-01",2,5,"Lyft",12392,42,12350,217.3,405.9,433,180,0.0351,0.0146,16.63,19.69,28.86,0,0,14,14,67617.47,12363077,357599.48
"2025-03-01",2,5,"Uber",25707,106,25601,212.6,461.5,1413,457,0.0552,0.0179,16.1,21.01,33.04,1365,609,11,11,144916.55,24830756,849331.69
"2025-03-01",2,6,"Lyft",36400,74,36326,267.7,513.1,2174,378,0.0598,0.0104,16.85,17.58,28.06,0,0,37,37,179652.19,36795659,1021247.26
"2025-03-01",2,6,"Uber",68497,131,68365,253.1,525.5,4593,954,0.0672,0.014,16.84,18.86,32.29,4465,2930,36,36,362505.62,69194518,2211595.3
"2025-03-01",2,7,"Lyft",33478,82,33396,310.6,605.5,3422,636,0.1025,0.019,16.67,17.59,29.89,0,0,37,37,163599.74,33477590,1000598.24
"2025-03-01",2,7,"Uber",66396,136,66260,289.6,612.3,6997,1766,0.1056,0.0267,17.04,19.3,34.75,4824,3358,55,55,363792.76,67865282,2307464.26
"2025-03-01",3,1,"Lyft",9480,419,9061,287.3,544,643,155,0.071,0.0171,17.52,23.16,32.81,0,0,12,12,64129.77,9966483,311026.63
"2025-03-01",3,1,"Uber",18631,666,17965,284.2,602.3,1812,418,0.1009,0.0233,16.49,24.04,35.22,1134,389,16,16,123067.29,18428979,656105.39
"2025-03-01",3,2,"Lyft",5865,207,5658,252.7,451,174,25,0.0308,0.0044,16.33,22.35,29.69,0,0,5,5,35677.61,5747120,174131.8
"2025-03-01",3,2,"Uber",12518,362,12156,249.3,521.2,852,180,0.0701,0.0148,15.81,23.52,32.8,781,247,12,12,77589.94,11876783,410640.74
"2025-03-01",3,3,"Lyft",6458,246,6212,243,445.1,175,27,0.0282,0.0043,16.97,22.15,31.26,0,0,14,14,40461.77,6576711,201891.27
"2025-03-01",3,3,"Uber",13527,468,13059,242,494.2,770,163,0.059,0.0125,16.19,23.58,34.61,775,258,12,12,86062.05,13138525,468181.96
"2025-03-01",3,4,"Lyft",7609,338,7271,250.8,454.2,243,36,0.0334,0.005,17.49,22.66,32.07,0,0,11,11,50248.91,7983759,243995.54
"2025-03-01",3,4,"Uber",14749,531,14218,245.2,515.7,954,201,0.0671,0.0141,16.38,23.62,35.72,822,261,5,5,95102.85,14497811,526842.95
"2025-03-01",3,5,"Lyft",9778,366,9412,246.8,443.4,295,39,0.0313,0.0041,17.38,21.91,32.22,0,0,18,18,62067.74,10196081,315039.82
"2025-03-01",3,5,"Uber",20594,652,19942,248.3,512.6,1294,272,0.0649,0.0136,16.71,23.14,35.87,1140,506,8,8,132662.75,20641854,738701.76
"2025-03-01",3,6,"Lyft",27221,360,26861,305.2,643,3214,891,0.1197,0.0332,17.05,18.93,31.58,0,0,29,29,146495.95,27854570,859678.84
"2025-03-01",3,6,"Uber",50963,552,50410,292.6,620.2,5538,1377,0.1099,0.0273,17.17,20.83,36.49,3713,2314,25,25,303762.75,52503409,1859606.15
"2025-03-01",3,7,"Lyft",33292,419,32873,337.5,704.3,4900,1693,0.1491,0.0515,16.67,18.38,31.78,0,0,40,40,170000.07,33291623,1058098.28
"2025-03-01",3,7,"Uber",67390,636,66754,325.6,718.8,10148,3938,0.152,0.059,17.45,20.66,37.8,4900,3313,40,40,404796.01,70549037,2547285.69
"2025-03-01",4,1,"Lyft",13716,1280,12436,359.6,649.7,1645,298,0.1323,0.024,18.21,24.07,38.06,0,0,13,13,100163.39,14982817,522039.13
"2025-03-01",4,1,"Uber",25972,1367,24605,345.4,673.2,3484,811,0.1416,0.033,18.18,25.96,44.78,1508,619,12,12,204239.2,28324812,1162939.53
"2025-03-01",4,2,"Lyft",9414,756,8658,292.3,519.7,502,72,0.058,0.0083,17.82,24.37,34.83,0,0,9,9,68142.37,10065351,327916.61
"2025-03-01",4,2,"Uber",17990,865,17125,267.4,518.3,1057,229,0.0617,0.0134,17.11,25.66,39.56,1028,364,16,16,131661.27,18468921,711642.81
"2025-03-01",4,3,"Lyft",10244,844,9400,303.3,545.3,651,87,0.0693,0.0093,18.03,24.21,36.18,0,0,7,7,74502.63,11079434,370645.21
"2025-03-01",4,3,"Uber",19069,1031,18038,275.6,541.1,1315,275,0.0729,0.0152,17.58,25.85,42.33,1067,428,20,20,144430.4,20114007,807225.18
"2025-03-01",4,4,"Lyft",11399,1107,10292,322.9,585.5,935,146,0.0908,0.0142,19.08,24.89,40.32,0,0,9,9,90230.31,13052461,459591.01
"2025-03-01",4,4,"Uber",20657,1253,19404,295.1,594.6,1878,425,0.0968,0.0219,18.19,25.86,45.28,1081,430,24,24,161975.05,22547729,935314.12
"2025-03-01",4,5,"Lyft",12368,1163,11205,349.1,629,1314,220,0.1173,0.0196,18.52,23.92,40.18,0,0,12,12,91324.2,13743154,496953.41
"2025-03-01",4,5,"Uber",24611,1393,23218,327.3,650.6,2941,654,0.1267,0.0282,18.57,25.48,46.76,1410,683,19,19,194098,27420109,1150869.3
"2025-03-01",4,6,"Lyft",21220,841,20379,367.2,733.1,3569,999,0.1751,0.049,17.01,20.98,37,0,0,23,23,126227.71,21654988,785152.81
"2025-03-01",4,6,"Uber",42500,926,41573,371.1,778.4,8324,2640,0.2002,0.0635,18.01,23.04,43.68,3121,1824,28,28,293947.35,45930865,1856250.17
"2025-03-01",4,7,"Lyft",24400,883,23517,385.5,763.5,4562,1323,0.194,0.0563,16.72,19.84,37.09,0,0,38,38,134871,24478176,904905.54
"2025-03-01",4,7,"Uber",52630,1030,51599,392.4,814.9,11716,3695,0.2271,0.0716,17.95,22.27,44.29,4026,2508,27,27,350587.08,56676991,2331059.65
"2025-03-01",5,1,"Lyft",19371,1432,17939,324.6,603.6,1823,300,0.1016,0.0167,19.18,21.86,37.93,0,0,22,22,135385.93,22297360,734698.11
"2025-03-01",5,1,"Uber",41204,1416,39788,299.1,613.5,4224,983,0.1062,0.0247,19.27,23.12,43.37,2426,1231,40,40,305980.67,47643060,1787190.74
"2025-03-01",5,2,"Lyft",13780,887,12893,264.3,473,479,68,0.0372,0.0053,18.43,22.63,34.48,0,0,14,14,95806.68,15241205,475197.25
"2025-03-01",5,2,"Uber",30495,1044,29451,242.3,463.5,1394,314,0.0473,0.0107,17.61,23.32,37.86,1713,852,22,22,208779.47,32223242,1154682.32
"2025-03-01",5,3,"Lyft",14422,1073,13349,271.7,492,628,71,0.047,0.0053,19.67,22.65,37.38,0,0,20,20,107101.92,17021193,539027.54
"2025-03-01",5,3,"Uber",31960,1151,30809,246.2,474.1,1538,333,0.0499,0.0108,18.27,23.22,40.16,1774,880,34,34,225939.2,35029838,1283672.3
"2025-03-01",5,4,"Lyft",16105,1316,14789,312.9,567.4,1208,159,0.0817,0.0108,20.84,22.03,40.31,0,0,28,28,123229.74,20134191,649195.01
"2025-03-01",5,4,"Uber",33061,1310,31751,276.2,544.3,2347,444,0.0739,0.014,19.72,23,45.06,1729,842,28,28,249888.97,39118507,1489658.86
"2025-03-01",5,5,"Lyft",16276,1331,14945,324,594.6,1449,230,0.097,0.0154,19.97,22.34,41.12,0,0,23,23,121022.77,19505833,669270.57
"2025-03-01",5,5,"Uber",35311,1293,34018,291,583.2,3098,723,0.0911,0.0213,19.6,23.44,46.29,2003,1061,35,35,270422.48,41529593,1634498.94
"2025-03-01",5,6,"Lyft",19355,952,18403,311.6,575,1617,350,0.0879,0.019,18.36,22.34,36.09,0,0,16,16,132333.59,21321186,698494.67
"2025-03-01",5,6,"Uber",40195,868,39327,286.9,599,3895,1029,0.099,0.0262,18.37,23.75,40.54,2828,1546,35,35,292263.05,44301485,1629435.46
"2025-03-01",5,7,"Lyft",19543,1097,18446,366,687.4,2828,650,0.1533,0.0352,17.89,21.38,36.56,0,0,10,10,124598.36,20979764,714530.92
"2025-03-01",5,7,"Uber",43635,1159,42476,341.8,705.6,6660,1872,0.1568,0.0441,18.68,23.25,42.74,3209,1859,29,29,315823.29,48904160,1865096.85
"2025-03-01",6,1,"Lyft",32258,1461,30797,300,573.2,2616,485,0.0849,0.0157,19.7,17.76,34.27,0,0,29,29,188074.98,38130988,1105544.5
"2025-03-01",6,1,"Uber",75245,1730,73515,270.6,564.6,6109,1371,0.0831,0.0186,19.91,18.58,38.32,4369,2651,44,44,464013.37,89885852,2883630.86
"2025-03-01",6,2,"Lyft",24632,994,23638,250.1,445.8,706,84,0.0299,0.0036,19.36,17.69,31.1,0,0,23,23,140647.09,28619547,766074.14
"2025-03-01",6,2,"Uber",57615,1265,56350,227.8,434.3,2066,401,0.0367,0.0071,18.68,18.43,34.24,2967,1709,50,50,330644.49,64573172,1972607.41
"2025-03-01",6,3,"Lyft",25803,1062,24741,250.5,441.7,719,108,0.0291,0.0044,19.88,17.83,32.3,0,0,30,30,152485.03,30782134,833530.97
"2025-03-01",6,3,"Uber",58689,1371,57318,228.5,426.6,1911,377,0.0333,0.0066,18.77,18.31,34.85,3129,1794,46,46,336119.05,66078057,2045080.87
"2025-03-01",6,4,"Lyft",26850,1151,25699,270.6,485.4,1058,129,0.0412,0.005,20.68,17.87,33.92,0,0,28,28,165347.92,33309318,910807.45
"2025-03-01",6,4,"Uber",59874,1469,58405,237.1,449,2326,443,0.0398,0.0076,19.44,18.26,36.7,3033,1748,49,49,354309.07,69834754,2197540.21
"2025-03-01",6,5,"Lyft",26401,1142,25259,271.9,492.7,1186,151,0.047,0.006,19.71,18.48,33.43,0,0,35,35,160270.76,31226355,882487.99
"2025-03-01",6,5,"Uber",60252,1373,58879,244.9,473.4,2870,568,0.0487,0.0096,19.13,19.15,36.54,3269,1929,46,46,367839.15,69152761,2201765.53
"2025-03-01",6,6,"Lyft",22856,770,22086,251.3,448.9,692,98,0.0313,0.0044,17.75,21.97,32.15,0,0,22,22,148525.05,24336242,734763.31
"2025-03-01",6,6,"Uber",48706,871,47835,228.4,442.3,2022,384,0.0423,0.008,17.42,23.11,35.03,3627,2123,27,27,326694.28,50902287,1706273.99
"2025-03-01",6,7,"Lyft",20848,896,19952,320,624.9,2239,493,0.1122,0.0247,17.72,22.09,35.13,0,0,23,23,135988.19,22160496,732475.17
"2025-03-01",6,7,"Uber",50280,1025,49255,301,634.7,5737,1344,0.1165,0.0273,18.37,23.35,39.5,4207,2665,15,15,359356.75,55405913,1986048.05
"2025-03-01",7,1,"Lyft",47491,2447,45044,322.8,657.5,5925,1316,0.1315,0.0292,20.14,14.2,32.12,0,0,73,73,226389.03,57399852,1525253.59
"2025-03-01",7,1,"Uber",116666,2352,114314,305.9,645.1,14209,3353,0.1243,0.0293,20.13,14.77,35.76,5020,2946,182,182,577837.95,140885511,4172241.16
"2025-03-01",7,2,"Lyft",39260,1848,37412,288.7,561.5,2945,467,0.0787,0.0125,20.53,13.59,29.54,0,0,62,62,182543.14,48356063,1159603.94
"2025-03-01",7,2,"Uber",98429,1830,96599,264.7,541.8,6887,1318,0.0713,0.0136,19.63,14.14,32.62,3910,2152,149,149,455557.96,115954125,3210758.59
"2025-03-01",7,3,"Lyft",41655,1997,39658,290.4,558.1,3077,489,0.0776,0.0123,20.83,13.74,30.21,0,0,69,69,198650.91,52062474,1258559.82
"2025-03-01",7,3,"Uber",98142,1850,96292,261.3,525.4,6238,1144,0.0648,0.0119,19.59,14.18,33.41,3836,2120,166,166,454303.24,115365964,3278604.66
"2025-03-01",7,4,"Lyft",42542,1909,40633,304.4,578,3573,526,0.0879,0.0129,21.02,13.75,31.05,0,0,59,59,204932.45,53645617,1320717.61
"2025-03-01",7,4,"Uber",98998,1868,97130,271.7,549.8,7246,1366,0.0746,0.0141,19.94,14.22,34.54,3926,2218,153,153,467729.09,118421120,3419052.88
"2025-03-01",7,5,"Lyft",41019,1864,39155,302.2,590.5,3683,617,0.0941,0.0158,20.02,14.62,30.61,0,0,56,56,200070.09,49265374,1255765.95
"2025-03-01",7,5,"Uber",97894,1774,96120,276.5,575.1,8412,1698,0.0875,0.0177,19.46,15.24,33.82,3911,2271,126,126,483841.95,114297379,3310310.81
"2025-03-01",7,6,"Lyft",28004,646,27358,221.6,381.2,402,44,0.0147,0.0016,17.34,20.99,30.35,0,0,34,34,169859.11,29137100,850036.41
"2025-03-01",7,6,"Uber",63166,871,62295,205.9,388.8,1800,316,0.0289,0.0051,17.07,22.09,33.02,4190,2349,72,72,397023.47,64688505,2085494
"2025-03-01",7,7,"Lyft",24810,708,24102,265.2,500.4,1255,228,0.0521,0.0095,16.93,21.8,31.84,0,0,28,28,152565.4,25198110,789912.38
"2025-03-01",7,7,"Uber",59659,945,58714,252.1,524.8,3922,874,0.0668,0.0149,17.26,23.13,35.14,4511,2677,53,53,396804.48,61772540,2096218.41
"2025-03-01",8,1,"Lyft",59283,1983,57300,309.9,599.4,5692,1137,0.0993,0.0198,19.38,12.71,29.1,0,0,132,132,243393.58,68931182,1725335.87
"2025-03-01",8,1,"Uber",145981,2300,143681,277,583.7,13229,2944,0.0921,0.0205,19.42,13.42,32.63,5410,2870,313,313,633968.53,170102070,4763230.37
"2025-03-01",8,2,"Lyft",48261,1668,46593,288.8,561.7,3675,689,0.0789,0.0148,20.34,12.14,28.48,0,0,110,110,198603.84,58894666,1374554.03
"2025-03-01",8,2,"Uber",120161,1796,118365,245.9,492.1,6383,1205,0.0539,0.0102,19.56,12.71,31.66,3952,2002,295,295,497806.88,141015570,3803763.8
"2025-03-01",8,3,"Lyft",50450,1745,48705,295.7,581.3,4345,857,0.0892,0.0176,20.37,12.29,28.99,0,0,141,141,210477.49,61656160,1462759.71
"2025-03-01",8,3,"Uber",120531,1987,118544,250.6,494.7,6359,1283,0.0536,0.0108,19.38,13.01,32.59,3954,1930,253,253,506466.95,140153361,3928586.79
"2025-03-01",8,4,"Lyft",51050,1750,49300,298.4,570.8,4130,742,0.0838,0.0151,20.5,12.44,29.54,0,0,92,92,216940.39,62783308,1507843.81
"2025-03-01",8,4,"Uber",120359,1910,118449,253.8,500.1,6658,1222,0.0562,0.0103,19.58,13.08,33.18,4013,2012,288,288,513830.43,141426973,3993753.91
"2025-03-01",8,5,"Lyft",49036,1580,47456,272.3,517.4,2795,514,0.0589,0.0108,19.08,13.59,27.94,0,0,99,99,211973.67,56138651,1369844.8
"2025-03-01",8,5,"Uber",117230,1817,115413,240.4,489.1,6357,1307,0.0551,0.0113,18.51,14.31,30.9,4074,2035,297,297,517686.75,130196473,3622428.58
"2025-03-01",8,6,"Lyft",34635,590,34045,222.1,386.4,477,56,0.014,0.0016,16.91,18.6,28.07,0,0,69,69,181610.44,35146362,972308.17
"2025-03-01",8,6,"Uber",81767,863,80904,205.2,383.8,2123,375,0.0262,0.0046,16.6,19.81,30.47,4208,2279,104,104,448037.25,81416574,2491355.83
"2025-03-01",8,7,"Lyft",28172,498,27674,247.1,452.9,969,149,0.035,0.0054,16.46,20.57,30.02,0,0,66,66,158928.68,27818493,845600.22
"2025-03-01",8,7,"Uber",70484,798,69685,230.1,476,3727,729,0.0535,0.0105,16.23,21.78,32.53,4006,2158,84,84,415242.83,68643687,2292973.29
"2025-03-01",9,1,"Lyft",50395,1689,48706,236.9,448,1666,287,0.0342,0.0059,19.27,13.68,29.04,0,0,176,176,221509.91,58278251,1463484.4
"2025-03-01",9,1,"Uber",122273,2129,120144,213.1,431.5,4632,967,0.0386,0.008,18.9,14.39,32.35,3692,1509,530,530,553970.37,138622588,3955845.59
"2025-03-01",9,2,"Lyft",39429,1392,38037,228.4,426.5,999,148,0.0263,0.0039,20.22,12.84,28.86,0,0,140,140,170632,47846934,1138101.79
"2025-03-01",9,2,"Uber",99227,1727,97500,205.2,397,2708,487,0.0278,0.005,19.49,13.43,32.21,2932,1286,520,520,433075.03,116056589,3196394.09
"2025-03-01",9,3,"Lyft",41376,1519,39857,231.9,438.2,1407,318,0.0353,0.008,19.84,13.09,28.83,0,0,148,148,179020.53,49244693,1193052.41
"2025-03-01",9,3,"Uber",101259,1915,99344,204.8,398.8,2779,568,0.028,0.0057,19.12,13.77,32.61,2938,1186,427,427,444353.17,116137663,3301664.22
"2025-03-01",9,4,"Lyft",43957,1431,42526,233.3,435.8,1241,184,0.0292,0.0043,20.28,13.03,29.23,0,0,127,127,193624.49,53488522,1284712.6
"2025-03-01",9,4,"Uber",102578,1812,100766,204.8,397.9,2932,508,0.0291,0.005,19.4,13.7,32.91,2882,1200,454,454,454471.07,119398903,3375550.21
"2025-03-01",9,5,"Lyft",41134,1363,39771,216.2,384.7,601,92,0.0151,0.0023,19.18,14.43,28.55,0,0,135,135,189738.06,47338360,1174203.1
"2025-03-01",9,5,"Uber",96910,1648,95262,194.8,370.1,2251,389,0.0236,0.0041,18.38,15.13,31.67,2775,1228,416,416,449197.09,106852121,3069619.94
"2025-03-01",9,6,"Lyft",40967,499,40468,224.2,393.7,681,73,0.0168,0.0018,16.78,16.88,26.99,0,0,91,91,193372.52,41236355,1105821.37
"2025-03-01",9,6,"Uber",98961,746,98215,203.9,386.6,2475,405,0.0252,0.0041,16.52,18.09,29.78,3552,1675,195,195,492909.55,98074293,2946618.35
"2025-03-01",9,7,"Lyft",34712,457,34255,246.8,442.3,1048,177,0.0306,0.0052,16.19,18.68,28.35,0,0,74,74,174940.87,33709723,984224.19
"2025-03-01",9,7,"Uber",89398,722,88676,229.1,462.2,4247,855,0.0479,0.0096,16.01,20.01,31.3,3589,1791,161,161,477333.15,85873130,2798494.32
"2025-03-01",10,1,"Lyft",41261,1249,40012,211.4,393,813,140,0.0203,0.0035,20,14.45,30.22,0,0,200,200,198686.52,49509625,1247083.44
"2025-03-01",10,1,"Uber",100060,1667,98393,194.4,391.5,2975,564,0.0302,0.0057,19.43,15.1,33.94,2520,792,557,557,489261.03,116625767,3395695.13
"2025-03-01",10,2,"Lyft",32222,1087,31135,204.7,376,445,77,0.0143,0.0025,20.74,13.57,29.73,0,0,171,171,151146.76,40096828,957841.87
"2025-03-01",10,2,"Uber",79274,1372,77902,191.4,376.2,1818,372,0.0233,0.0048,19.8,14.27,33.71,1923,623,554,554,373157.27,94159718,2672401.88
"2025-03-01",10,3,"Lyft",33543,1026,32517,203.4,370,446,53,0.0137,0.0016,20.5,13.73,29.56,0,0,190,190,157374.42,41248838,991603.91
"2025-03-01",10,3,"Uber",80883,1483,79400,186.7,362.8,1915,337,0.0241,0.0042,19.66,14.45,34.29,1746,460,543,543,382857.15,95409321,2773230.68
"2025-03-01",10,4,"Lyft",36389,1102,35287,208.1,377.5,487,84,0.0138,0.0024,21.06,13.85,30.36,0,0,171,171,176871,45987075,1104589.22
"2025-03-01",10,4,"Uber",83546,1433,82113,187.7,366.8,1979,373,0.0241,0.0045,20.07,14.35,35.1,1912,587,528,528,401035.69,100604113,2932490.57
"2025-03-01",10,5,"Lyft",35799,1046,34753,206.9,369.1,462,71,0.0133,0.002,20.12,14.58,29.82,0,0,183,183,174993.56,43210347,1067564.23
"2025-03-01",10,5,"Uber",84425,1265,83160,188.2,366.8,2128,368,0.0256,0.0044,19.13,15.25,33.4,1909,672,519,519,410409.19,96901011,2819479.06
"2025-03-01",10,6,"Lyft",44279,443,43836,218.9,384.7,627,100,0.0143,0.0023,17.52,15.82,27.5,0,0,115,115,204578.74,46552448,1217701.04
"2025-03-01",10,6,"Uber",107656,722,106934,195.8,370,2439,428,0.0228,0.004,17.01,16.87,30.14,2870,1118,279,279,514867.09,109881280,3244407.93
"2025-03-01",10,7,"Lyft",40649,429,40220,252.6,454.6,1331,220,0.0331,0.0055,16.75,17.51,28.61,0,0,117,117,198665.96,40856642,1162913.13
"2025-03-01",10,7,"Uber",106979,698,106281,232.7,470.7,5355,1171,0.0504,0.011,16.52,18.84,31.56,3288,1561,197,197,554982.33,106020419,3376132.85
"2025-03-01",11,1,"Lyft",38004,960,37044,208.5,382.7,669,118,0.0181,0.0032,20.12,14.53,30.47,0,0,222,222,185183.24,45873427,1158091.52
"2025-03-01",11,1,"Uber",91672,1476,90196,191,384.5,2680,520,0.0297,0.0058,19.52,15.09,34.61,2090,613,598,598,450224.45,107385817,3172331.81
"2025-03-01",11,2,"Lyft",28495,818,27677,203.6,374.3,398,70,0.0144,0.0025,20.73,13.7,30.2,0,0,182,182,134898.55,35442281,860592.61
"2025-03-01",11,2,"Uber",72800,1280,71519,186.9,377.5,1858,315,0.026,0.0044,20.25,14.38,35.04,1402,323,540,540,353248.07,88462913,2551180.87
"2025-03-01",11,3,"Lyft",30086,827,29259,198.4,367,423,69,0.0145,0.0024,20.72,13.94,30.61,0,0,186,186,144793.52,37399734,920828.53
"2025-03-01",11,3,"Uber",74414,1300,73114,182.6,360.1,1586,321,0.0217,0.0044,19.96,14.52,35.56,1319,325,548,548,359398.5,89111091,2646068.57
"2025-03-01",11,4,"Lyft",33694,937,32757,206.2,378.4,530,84,0.0162,0.0026,21.36,13.72,31.2,0,0,178,178,164608.03,43187276,1051322.03
"2025-03-01",11,4,"Uber",79375,1311,78064,186,370.9,2049,358,0.0262,0.0046,20.51,14.23,36.02,1522,443,547,547,386180.82,97668849,2858751.4
"2025-03-01",11,5,"Lyft",33460,811,32649,214.8,389,571,88,0.0175,0.0027,20.74,14.13,30.84,0,0,178,177,163377.53,41630292,1031785.24
"2025-03-01",11,5,"Uber",82487,1203,81284,192.6,381.4,2350,409,0.0289,0.005,19.92,14.91,34.38,1672,502,527,527,408270.92,98576154,2836123.04
"2025-03-01",11,6,"Lyft",47353,337,47016,220.6,385.2,622,107,0.0132,0.0023,18.31,14.7,27.85,0,0,125,125,212371.4,52008259,1318744.62
"2025-03-01",11,6,"Uber",114851,641,114210,195.8,375.9,2865,501,0.0251,0.0044,17.9,15.78,30.8,2705,1095,280,280,540520.95,123318694,3537116.49
"2025-03-01",11,7,"Lyft",43793,392,43401,248.9,447.4,1299,197,0.0299,0.0045,17.36,16.05,28.52,0,0,143,143,203319.34,45615172,1249172.11
"2025-03-01",11,7,"Uber",111266,599,110667,224.8,456.9,5139,1064,0.0464,0.0096,17.27,17.53,32.07,3173,1351,231,231,561513.77,115313372,3568043.58
"2025-03-01",12,1,"Lyft",36953,1057,35896,212.1,392.8,772,134,0.0215,0.0037,20.33,14.8,31.14,0,0,263,263,185261.57,45065979,1150568.6
"2025-03-01",12,1,"Uber",90276,1434,88842,194.9,397.9,2890,543,0.0325,0.0061,19.68,15.37,35.15,2036,548,674,674,454974.77,106578088,3172978.82
"2025-03-01",12,2,"Lyft",28491,896,27595,208.6,391.4,543,74,0.0197,0.0027,20.87,13.93,30.79,0,0,227,227,138072.5,35671420,877131.96
"2025-03-01",12,2,"Uber",72376,1199,71177,189.9,387.3,2072,388,0.0291,0.0055,20.2,14.58,35.14,1543,424,635,635,355405.23,87729217,2543157.25
"2025-03-01",12,3,"Lyft",29864,951,28913,206.8,381.3,523,87,0.0181,0.003,20.95,14.02,31.05,0,0,255,255,146189.51,37543668,927220.74
"2025-03-01",12,3,"Uber",75029,1284,73745,187.1,378.1,1801,369,0.0244,0.005,20.25,14.68,36.06,1332,293,644,644,371826.5,91172898,2705347.4
"2025-03-01",12,4,"Lyft",33052,1007,32045,211.1,390.1,658,113,0.0205,0.0035,21.71,14.1,32.45,0,0,194,194,168624.87,43058569,1072482.98
"2025-03-01",12,4,"Uber",79731,1331,78400,188.9,384,2234,443,0.0285,0.0057,20.86,14.66,37.47,1531,406,637,637,406462.1,99793259,2987432.52
"2025-03-01",12,5,"Lyft",34009,788,33221,238,442.2,1044,156,0.0314,0.0047,20.96,14.15,31.55,0,0,199,199,168183.15,42775946,1073129.38
"2025-03-01",12,5,"Uber",85353,1097,84256,211.9,427.6,3137,626,0.0372,0.0074,20.26,14.75,34.93,1846,566,555,555,424978.15,103753559,2981016.83
"2025-03-01",12,6,"Lyft",49714,400,49314,231.5,413,1013,159,0.0205,0.0032,19.33,14.07,28.88,0,0,151,151,225339.92,57670723,1435928.44
"2025-03-01",12,6,"Uber",118584,588,117996,203,400.6,3470,686,0.0294,0.0058,18.62,14.94,31.53,2708,1032,354,354,549679.15,132484383,3739072.8
"2025-03-01",12,7,"Lyft",44279,319,43960,250.1,455.1,1457,213,0.0331,0.0048,18.42,15.55,29.9,0,0,119,119,211420.79,48947423,1323807.6
"2025-03-01",12,7,"Uber",113313,548,112765,223.9,461.6,5335,1034,0.0473,0.0092,18.28,16.87,33.27,3007,1284,263,263,582547.73,124293121,3769544.99
"2025-03-01",13,1,"Lyft",38388,919,37469,220.7,403.8,788,126,0.021,0.0034,20.63,14.59,31.42,0,0,273,273,192587.71,47515552,1206003.17
"2025-03-01",13,1,"Uber",94769,1265,93504,201.3,411.3,3322,652,0.0355,0.007,19.91,15.05,34.95,2469,800,760,760,473086.2,113195637,3311871.72
"2025-03-01",13,2,"Lyft",28925,749,28176,210.4,389.8,509,99,0.0181,0.0035,21.15,13.91,31.11,0,0,206,206,141838.61,36703994,899777.33
"2025-03-01",13,2,"Uber",76198,988,75210,193.8,392.1,2128,460,0.0283,0.0061,20.36,14.51,35.07,1783,513,630,630,375124.86,93075218,2672357.89
"2025-03-01",13,3,"Lyft",31452,864,30588,212.6,392.5,604,94,0.0197,0.0031,21.58,13.92,31.84,0,0,226,226,157482.06,40733223,1001308.5
"2025-03-01",13,3,"Uber",80455,1147,79308,190.2,381.4,2251,436,0.0284,0.0055,20.65,14.44,36.22,1768,551,693,693,399828.25,99662154,2914472.01
"2025-03-01",13,4,"Lyft",33658,820,32838,216.2,396.3,622,105,0.0189,0.0032,22.39,13.88,33.1,0,0,211,211,174261.53,45208334,1114243.85
"2025-03-01",13,4,"Uber",82731,1139,81592,192.6,388.1,2453,435,0.0301,0.0053,21.41,14.4,37.93,1800,530,650,650,425189.6,106274479,3138020.18
"2025-03-01",13,5,"Lyft",34855,679,34176,255.4,466.8,1282,192,0.0375,0.0056,21.4,13.76,32.03,0,0,207,207,171059.31,44758522,1116362.42
"2025-03-01",13,5,"Uber",90173,1003,89170,223.7,462.9,4265,845,0.0478,0.0095,20.74,14.39,35.36,2129,801,592,592,448533.95,112211981,3188877.36
"2025-03-01",13,6,"Lyft",51145,299,50846,241.1,439.3,1361,176,0.0268,0.0035,19.8,13.56,29.41,0,0,152,152,228853.78,60750122,1504369.89
"2025-03-01",13,6,"Uber",123826,569,123257,209.4,421.4,4576,814,0.0371,0.0066,19.11,14.46,31.91,3137,1213,329,329,570052.36,141958264,3950817.97
"2025-03-01",13,7,"Lyft",44080,293,43787,256.3,468,1667,259,0.0381,0.0059,19.34,15.24,31.08,0,0,126,126,216544.72,51162158,1370199.43
"2025-03-01",13,7,"Uber",114514,544,113970,232.3,474.8,5760,1304,0.0505,0.0114,19.23,16.36,34.25,3336,1472,271,271,600562.03,132144958,3921914.79
"2025-03-01",14,1,"Lyft",42993,766,42227,233.9,444.1,1414,253,0.0335,0.006,21.65,13.54,31.53,0,0,227,227,210035.64,55840440,1355630.02
"2025-03-01",14,1,"Uber",107018,1080,105938,211.9,444.6,4617,969,0.0436,0.0091,20.86,13.98,35.09,3098,1138,756,756,520226.85,133970020,3754912.05
"2025-03-01",14,2,"Lyft",32060,683,31377,222.8,424.2,815,135,0.026,0.0043,22.22,12.82,31.2,0,0,190,190,152223.07,42740430,1000387.04
"2025-03-01",14,2,"Uber",85888,871,85017,202,420.1,2986,677,0.0351,0.008,21.72,13.29,35.28,2228,729,652,652,413404.34,111949620,3030407.69
"2025-03-01",14,3,"Lyft",36526,725,35801,225.9,421.3,897,156,0.0251,0.0044,22.93,12.66,31.93,0,0,209,209,176765.91,50259459,1166433.82
"2025-03-01",14,3,"Uber",91003,964,90039,200.4,406.6,2908,593,0.0323,0.0066,22.06,13.13,36.49,2350,801,609,609,439304.05,120441793,3320282.98
"2025-03-01",14,4,"Lyft",37602,721,36881,224.2,423.9,1007,171,0.0273,0.0046,24,12.76,33.7,0,0,227,227,191887.48,54136043,1267298.99
"2025-03-01",14,4,"Uber",92188,1082,91106,198.4,406.8,3149,652,0.0346,0.0072,22.78,13.22,38.3,2252,824,645,645,462525.13,125991477,3531124.79
"2025-03-01",14,5,"Lyft",38763,636,38127,250.1,468.8,1498,205,0.0393,0.0054,23.49,12.21,32.34,0,0,189,188,185328.26,54634424,1253488.69
"2025-03-01",14,5,"Uber",100230,888,99342,219.8,454.4,4488,918,0.0452,0.0092,22.67,12.65,35.27,2677,1056,513,513,479141.57,136360000,3534931.14
"2025-03-01",14,6,"Lyft",53380,325,53055,233.7,437.4,1519,244,0.0286,0.0046,20.6,13.44,30.2,0,0,158,158,246318,65976465,1611949.5
"2025-03-01",14,6,"Uber",130010,527,129483,205.9,422,4678,945,0.0361,0.0073,19.98,14.25,32.66,3861,1866,348,348,616926.18,155853236,4246338.7
"2025-03-01",14,7,"Lyft",45176,289,44887,249.6,468.6,1787,286,0.0398,0.0064,20.44,14.91,32.24,0,0,157,157,229436.81,55398564,1456512.55
"2025-03-01",14,7,"Uber",118795,541,118254,232.5,495.4,6830,1469,0.0578,0.0124,20.33,15.94,35.35,3859,1780,272,272,641423.96,144892224,4199086.24
"2025-03-01",15,1,"Lyft",41631,622,41009,232.5,442,1382,259,0.0337,0.0063,22.8,12.72,32.51,0,0,231,231,201339.83,56961572,1353357.48
"2025-03-01",15,1,"Uber",109917,879,109038,209.4,439.3,4757,1043,0.0436,0.0096,22.05,13.15,35.7,3373,1286,550,550,531192.9,145402956,3924531.68
"2025-03-01",15,2,"Lyft",32735,526,32209,224,431.1,1061,232,0.0329,0.0072,23.63,12,32.6,0,0,185,185,154749.49,46421267,1067000.39
"2025-03-01",15,2,"Uber",87053,750,86303,201.9,422.5,3498,788,0.0405,0.0091,22.95,12.41,36.5,2472,878,488,488,413148.56,119848805,3177295.67
"2025-03-01",15,3,"Lyft",35983,517,35466,224.3,427.1,1062,194,0.0299,0.0055,24.46,11.8,33.52,0,0,195,195,173057.35,52808205,1206302.12
"2025-03-01",15,3,"Uber",92655,857,91798,198.2,405.3,2823,676,0.0308,0.0074,23.35,12.15,37.59,2773,1088,521,521,438012.31,129825387,3482716.13
"2025-03-01",15,4,"Lyft",38068,552,37516,229.1,436.1,1268,300,0.0338,0.008,25.29,11.96,35.13,0,0,208,208,191865.33,57766553,1337237.49
"2025-03-01",15,4,"Uber",96318,910,95408,202.4,419.3,3508,786,0.0368,0.0082,23.96,12.43,39.42,2635,997,594,594,477997.99,138483565,3796441.02
"2025-03-01",15,5,"Lyft",39127,473,38654,238.8,456.2,1461,285,0.0378,0.0074,24.97,11.48,34.2,0,0,187,187,187010.14,58629622,1337998.16
"2025-03-01",15,5,"Uber",99885,693,99192,209.8,434.6,4188,870,0.0422,0.0088,24.32,11.98,37.47,2977,1266,430,430,484926.12,145726319,3742508.96
"2025-03-01",15,6,"Lyft",53359,260,53099,229.1,428.4,1497,268,0.0282,0.005,21.24,13.13,30.84,0,0,161,161,247989.04,67994887,1645852.6
"2025-03-01",15,6,"Uber",132349,469,131880,203.8,416.5,4785,1021,0.0363,0.0077,20.59,13.94,33.11,4005,1882,332,332,633086.58,163486531,4381835.97
"2025-03-01",15,7,"Lyft",44747,272,44475,248.1,484.1,2201,432,0.0495,0.0097,21,14.74,32.64,0,0,122,122,230947.86,56389354,1460444.96
"2025-03-01",15,7,"Uber",117534,545,116989,228.4,501.8,7424,1714,0.0635,0.0147,20.94,15.82,35.94,4007,1988,262,262,648988.67,147663318,4224016.8
"2025-03-01",16,1,"Lyft",40474,483,39991,235.1,452.7,1544,374,0.0386,0.0094,22.58,12.46,32.62,0,0,181,181,189738.84,54833982,1320276.94
"2025-03-01",16,1,"Uber",115182,719,114463,213.7,454.6,5656,1390,0.0494,0.0121,22.1,12.77,35.17,3778,1553,477,477,541774.36,152715884,4050379.94
"2025-03-01",16,2,"Lyft",32699,403,32296,222.1,418.4,867,132,0.0268,0.0041,23.43,11.69,32.31,0,0,162,162,149291.47,45967705,1056367.57
"2025-03-01",16,2,"Uber",90909,609,90300,201.7,413.4,2976,636,0.033,0.007,22.64,12.03,35.75,2636,1003,392,392,412694.78,123504729,3250357.22
"2025-03-01",16,3,"Lyft",39291,558,38733,247.4,510.9,2331,479,0.0602,0.0124,23.62,11.36,32.84,0,0,172,172,175710.52,55680820,1290231.57
"2025-03-01",16,3,"Uber",102372,768,101604,218.7,475.7,5223,1133,0.0514,0.0112,22.99,11.56,37.36,3163,1294,422,422,453639.01,141231432,3824909.82
"2025-03-01",16,4,"Lyft",39255,530,38725,230.8,428,1127,228,0.0291,0.0059,25.24,11.59,34.71,0,0,153,152,191367.71,59454615,1362362.86
"2025-03-01",16,4,"Uber",99280,789,98491,203.5,413.4,3552,756,0.0361,0.0077,24,11.97,38.83,2825,1140,428,428,475433.89,142933617,3854968.2
"2025-03-01",16,5,"Lyft",40465,414,40051,234.3,437.5,1269,250,0.0317,0.0062,23.94,11.51,32.98,0,0,143,143,185845.98,58126025,1334729.94
"2025-03-01",16,5,"Uber",103879,592,103287,207.6,428.9,4206,889,0.0407,0.0086,23.4,11.89,35.82,3140,1340,387,387,481862.27,145854091,3721140.98
"2025-03-01",16,6,"Lyft",54643,282,54361,232.2,429,1566,275,0.0288,0.0051,21.17,12.7,30.75,0,0,149,149,244740.3,69398219,1680458.81
"2025-03-01",16,6,"Uber",134740,456,134284,207.5,423.8,5090,1048,0.0379,0.0078,20.75,13.71,33.57,4145,1909,344,344,638889.26,167753988,4523184.73
"2025-03-01",16,7,"Lyft",43778,242,43536,252,486.5,2132,499,0.049,0.0115,20.98,14.84,32.85,0,0,121,121,227204.5,55118083,1438124.81
"2025-03-01",16,7,"Uber",114957,427,114530,228.6,485.6,6621,1711,0.0578,0.0149,20.76,15.84,35.77,3807,1690,267,267,629971.66,143181656,4111869.91
"2025-03-01",17,1,"Lyft",43650,430,43220,244.7,465.2,1677,290,0.0388,0.0067,20.34,12.62,30.35,0,0,158,158,186735.06,53276996,1324634.11
"2025-03-01",17,1,"Uber",120909,579,120330,221.5,460.1,5562,1173,0.0462,0.0097,20.07,13.1,33.33,3962,1610,396,396,529923.69,145608326,4030107.21
"2025-03-01",17,2,"Lyft",36262,353,35909,242.4,456.3,1279,174,0.0356,0.0048,21.4,11.67,30.4,0,0,123,123,150968.53,46552987,1102220.22
"2025-03-01",17,2,"Uber",99572,446,99126,218.2,435.9,3569,747,0.036,0.0075,21.06,12.12,34.11,3209,1332,263,263,423761.28,125842523,3396226.27
"2025-03-01",17,3,"Lyft",41086,450,40636,267.1,594.7,3974,1107,0.0978,0.0272,21.74,11.25,31.83,0,0,146,146,167555.81,53594490,1307688.01
"2025-03-01",17,3,"Uber",110551,632,109919,243,575.9,9802,2512,0.0892,0.0229,21.51,11.57,37.51,3819,1771,351,351,458383.98,142674729,4146473.73
"2025-03-01",17,4,"Lyft",43831,523,43308,260.6,495.5,2149,355,0.0496,0.0082,23.22,11.52,32.74,0,0,144,144,195349.96,61059046,1434845.97
"2025-03-01",17,4,"Uber",109269,610,108659,228.1,460.2,4843,941,0.0446,0.0087,22.38,11.99,36.98,3263,1334,310,310,488779.44,146701053,4041100.39
"2025-03-01",17,5,"Lyft",44845,341,44504,255.5,481.6,1957,274,0.044,0.0062,21.54,11.92,30.87,0,0,126,126,191918.77,57948976,1384503.84
"2025-03-01",17,5,"Uber",115902,546,115356,227.7,460.4,5399,1079,0.0468,0.0094,21.33,12.46,33.6,3725,1769,313,313,513299.56,148304993,3894263.1
"2025-03-01",17,6,"Lyft",58869,273,58596,274.5,526.1,3686,639,0.0629,0.0109,20.75,12.65,30.86,0,0,152,152,257595.51,73286304,1816564.6
"2025-03-01",17,6,"Uber",143149,498,142651,246.2,514.8,8951,1830,0.0627,0.0128,20.36,13.57,33.93,4378,2112,282,282,659272.77,174908711,4857302.35
"2025-03-01",17,7,"Lyft",44880,218,44662,270.4,520.5,2755,579,0.0617,0.013,20.09,15.16,32.05,0,0,108,108,227739.33,54091055,1438442.14
"2025-03-01",17,7,"Uber",113674,413,113261,252.6,542.1,8547,2089,0.0755,0.0184,19.99,16.19,35.5,3957,1954,249,249,613095.23,136311741,4035715.22
"2025-03-01",18,1,"Lyft",44644,278,44366,252,477.6,2129,429,0.048,0.0097,18.18,14.13,28.96,0,0,143,143,191159.47,48700374,1292780.51
"2025-03-01",18,1,"Uber",120365,391,119974,230.8,482.8,6511,1281,0.0543,0.0107,17.94,14.88,32.33,3853,1627,276,276,535478.64,129551942,3891700.63
"2025-03-01",18,2,"Lyft",36567,199,36368,254.9,474.3,1530,231,0.0421,0.0064,18.73,13.2,28.9,0,0,127,127,150744.89,41101642,1056697.46
"2025-03-01",18,2,"Uber",99473,293,99180,229.7,461.3,4547,883,0.0458,0.0089,18.63,13.79,32.79,3082,1245,216,216,425930.29,111182403,3262035.1
"2025-03-01",18,3,"Lyft",41364,285,41079,280.2,682.4,5341,2141,0.13,0.0521,18.82,12.91,31.06,0,0,113,113,167529.86,46712586,1284616.21
"2025-03-01",18,3,"Uber",117104,422,116682,270.3,660.7,14832,4389,0.1271,0.0376,18.61,13.18,37.8,4011,1868,318,318,478510.17,130735799,4426223.89
"2025-03-01",18,4,"Lyft",44690,312,44378,285.4,540.1,3049,510,0.0687,0.0115,19.88,12.7,30.82,0,0,118,118,188051.04,53319466,1377560.28
"2025-03-01",18,4,"Uber",110962,379,110583,252,515.7,6916,1346,0.0625,0.0122,20.16,13.68,36.5,3407,1582,255,255,510025.25,134198521,4049696.05
"2025-03-01",18,5,"Lyft",47661,251,47410,286.5,528.7,2949,463,0.0622,0.0098,19.29,12.96,29.7,0,0,116,116,198603.9,55165699,1415420.53
"2025-03-01",18,5,"Uber",122489,357,122131,258.7,509.5,7370,1425,0.0603,0.0117,19.2,13.71,32.4,3918,1896,282,282,537296.72,141135860,3968379.91
"2025-03-01",18,6,"Lyft",57705,271,57434,331.1,626.7,6679,1350,0.1163,0.0235,19.56,12.69,32.46,0,0,164,164,238663.56,67719624,1872828.65
"2025-03-01",18,6,"Uber",154066,430,153636,328.5,661,20685,4791,0.1346,0.0312,20.05,13.94,36.08,5123,2823,314,314,717547.88,185337751,5559221.79
"2025-03-01",18,7,"Lyft",44274,179,44095,308.2,583.5,4027,795,0.0913,0.018,18.68,15.57,31.07,0,0,118,118,214575.63,49621684,1375740.84
"2025-03-01",18,7,"Uber",114349,337,114012,302.8,644.1,13928,3465,0.1222,0.0304,18.78,16.53,34.34,4235,2130,238,238,591716.34,128834973,3927191.67
"2025-03-01",19,1,"Lyft",40845,147,40698,247,454.1,1548,279,0.038,0.0069,17.17,16.21,28.22,0,0,89,89,189496.57,42076499,1152602.49
"2025-03-01",19,1,"Uber",110960,241,110719,229.2,469.4,5737,1100,0.0518,0.0099,16.75,16.99,31.58,3883,1622,196,196,526090.32,111500205,3503709.59
"2025-03-01",19,2,"Lyft",35894,149,35745,253.7,457.9,1219,172,0.0341,0.0048,17.78,15.82,28.36,0,0,73,73,168343.07,38296163,1017821.74
"2025-03-01",19,2,"Uber",94068,186,93882,230.7,455.9,4015,765,0.0428,0.0081,17.26,16.51,32.9,3183,1329,198,198,446740.14,97409608,3095229.64
"2025-03-01",19,3,"Lyft",41823,209,41614,283,551,3270,924,0.0786,0.0222,17.67,15.37,29.15,0,0,94,94,189291.5,44335196,1219027.17
"2025-03-01",19,3,"Uber",108892,289,108603,251.1,522.6,7419,1811,0.0683,0.0167,17.38,16.03,34.25,3781,1786,180,180,505563.89,113560581,3729966.45
"2025-03-01",19,4,"Lyft",44626,196,44430,293.4,540.3,2980,520,0.0671,0.0117,18.27,14.9,29.74,0,0,113,113,202392.67,48913548,1327361.16
"2025-03-01",19,4,"Uber",110383,241,110142,265.1,527.4,7349,1493,0.0667,0.0136,18.33,16.13,35.26,3492,1735,194,194,543929.9,121431900,3892398.43
"2025-03-01",19,5,"Lyft",48620,150,48470,314,565.9,3830,539,0.079,0.0111,18.16,14.02,28.82,0,0,110,110,206275.83,52973312,1401127.74
"2025-03-01",19,5,"Uber",124376,239,124137,284.6,553.3,9587,1913,0.0772,0.0154,18.07,14.96,31.33,4194,2250,193,193,560490.82,134871823,3897157.14
"2025-03-01",19,6,"Lyft",55686,204,55482,350.7,646.9,7189,1319,0.1296,0.0238,18.04,13.03,32.36,0,0,95,95,218055.92,60259473,1802277.11
"2025-03-01",19,6,"Uber",167794,337,167457,367.6,719.3,29173,7191,0.1742,0.0429,18.96,14.36,35.57,5923,3517,224,224,761793.74,190917573,5969199.31
"2025-03-01",19,7,"Lyft",44236,135,44101,348.1,673.9,6362,1350,0.1443,0.0306,18.19,16.34,30.42,0,0,113,113,219087.76,48277233,1345690.08
"2025-03-01",19,7,"Uber",111327,207,111120,342.5,713.3,18520,4643,0.1667,0.0418,18.22,17.41,33.65,4779,2544,200,200,588640.97,121710900,3746569.03
"2025-03-01",20,1,"Lyft",39109,113,38996,237.4,437.1,1355,277,0.0347,0.0071,17.34,17.56,28.95,0,0,74,74,198507.94,40690771,1132292.08
"2025-03-01",20,1,"Uber",103866,154,103712,226.8,480.4,5770,1193,0.0556,0.0115,17.07,18.55,33.94,3801,1805,172,172,548113.97,106395521,3525169.28
"2025-03-01",20,2,"Lyft",35604,91,35513,252.6,464.8,1411,214,0.0397,0.006,18.05,17.23,29.6,0,0,66,66,184560.86,38565149,1053800.48
"2025-03-01",20,2,"Uber",89863,167,89696,235.6,496.7,5209,943,0.0581,0.0105,18.1,18.74,37.28,3209,1591,158,158,508249.4,97613691,3350485.22
"2025-03-01",20,3,"Lyft",39528,125,39403,269,527.4,2703,626,0.0686,0.0159,17.56,16.75,29.15,0,0,82,82,193818.14,41657382,1152262.67
"2025-03-01",20,3,"Uber",104231,151,104080,245.7,527.2,7309,1519,0.0702,0.0146,17.9,18.22,38.02,3967,2155,163,163,566312.8,111924503,3963281.09
"2025-03-01",20,4,"Lyft",44767,143,44624,275.2,513.5,2529,375,0.0567,0.0084,18.13,15.98,29.76,0,0,81,81,216188.81,48702392,1332445.02
"2025-03-01",20,4,"Uber",107807,178,107629,253.4,534.7,7633,1438,0.0709,0.0134,18.61,17.85,38.1,3789,2051,185,185,596678.86,120368343,4107511.84
"2025-03-01",20,5,"Lyft",48725,100,48625,276.6,507.5,2439,341,0.0502,0.007,17.52,14.53,27.31,0,0,82,82,206751.27,51228088,1330564.18
"2025-03-01",20,5,"Uber",122685,148,122537,250,509,7558,1594,0.0617,0.013,17.44,15.59,30.33,4470,2595,179,179,555924.65,128398716,3721185.62
"2025-03-01",20,6,"Lyft",62199,155,62044,312.5,569.1,5100,810,0.0822,0.0131,17.6,13.81,28.44,0,0,114,114,252015.32,65697648,1768820.36
"2025-03-01",20,6,"Uber",170432,188,170244,305,623.9,18997,4375,0.1116,0.0257,18.02,15.12,31.17,6937,4381,232,232,774101.91,184272272,5311746.35
"2025-03-01",20,7,"Lyft",43511,103,43408,311.7,610.5,4573,940,0.1053,0.0217,17.6,17.11,28.85,0,0,79,79,218428.85,45955015,1255128.42
"2025-03-01",20,7,"Uber",108310,150,108159,290.6,635.6,12619,3159,0.1167,0.0292,17.44,17.92,31.65,4995,2871,177,177,564068.83,113313106,3427955.74
"2025-03-01",21,1,"Lyft",39433,78,39355,255,487,1974,362,0.0502,0.0092,17.12,17.71,30.19,0,0,60,60,199299.31,40515307,1190497.77
"2025-03-01",21,1,"Uber",101219,138,101081,249.5,558.4,8269,1760,0.0818,0.0174,16.94,18.93,35.42,4090,2086,165,165,540779.21,102848876,3584861.73
"2025-03-01",21,2,"Lyft",35354,82,35272,264.9,537.5,2495,437,0.0707,0.0124,18.03,17.88,31.23,0,0,51,51,189961.42,38237523,1103947.63
"2025-03-01",21,2,"Uber",85289,123,85166,249.7,564.9,7199,1557,0.0845,0.0183,18.61,19.57,41.16,3266,1760,133,133,517772.63,95237104,3510646.98
"2025-03-01",21,3,"Lyft",35334,122,35212,275.5,555.7,2807,587,0.0797,0.0167,17.78,17.4,31.42,0,0,60,60,182135.18,37693517,1110213.22
"2025-03-01",21,3,"Uber",96370,158,96212,256.8,564,8059,1629,0.0838,0.0169,18.38,19.4,42.19,3763,2074,126,126,572570.79,106259409,4066113.55
"2025-03-01",21,4,"Lyft",44227,118,44109,284,557.3,3421,614,0.0776,0.0139,17.66,16.37,31.65,0,0,76,76,213054.65,46866107,1399971.15
"2025-03-01",21,4,"Uber",112391,192,112199,279.7,609.3,11700,2917,0.1043,0.026,18.61,18.33,42.65,4218,2473,132,132,639006.05,125514914,4793964.2
"2025-03-01",21,5,"Lyft",47051,95,46956,244.1,445.2,1504,255,0.032,0.0054,18.2,15.46,28.42,0,0,68,68,220550.48,51367714,1337266.95
"2025-03-01",21,5,"Uber",113575,145,113430,216.3,441.1,4809,995,0.0424,0.0088,17.62,16.42,31.78,4442,2714,133,133,547704.11,120075282,3608933.92
"2025-03-01",21,6,"Lyft",62803,110,62693,280.3,504.9,3177,457,0.0507,0.0073,18.08,14.62,28.24,0,0,106,106,276602.33,68121699,1773355.67
"2025-03-01",21,6,"Uber",163483,174,163309,260.2,527,11212,2385,0.0687,0.0146,17.91,15.81,30.53,6936,4472,201,201,771707.01,175696841,4990696.84
"2025-03-01",21,7,"Lyft",40298,68,40230,293.4,601.5,4039,1059,0.1004,0.0263,17.99,17.9,29.8,0,0,74,74,216277.39,43504503,1200781.06
"2025-03-01",21,7,"Uber",101690,128,101562,267.2,585.7,9504,2282,0.0936,0.0225,17.34,18.51,31.55,5608,3401,147,147,544129.68,105824413,3208635.41
"2025-03-01",22,1,"Lyft",38993,99,38894,268.1,536.6,2764,558,0.0711,0.0143,17.42,17.74,30.59,0,0,69,69,200792.94,40757593,1192672.48
"2025-03-01",22,1,"Uber",94256,119,94137,264.6,621.9,10313,2896,0.1096,0.0308,17.24,18.74,34.97,5320,3213,137,137,507513.37,97505747,3295706.5
"2025-03-01",22,2,"Lyft",34883,70,34813,260.8,523.5,2396,543,0.0688,0.0156,18.44,17.82,31.12,0,0,58,58,191050.08,38600829,1085434.84
"2025-03-01",22,2,"Uber",79710,135,79575,247,555.5,6457,1506,0.0811,0.0189,18.66,19.08,38.82,3722,2192,84,84,473023.79,89254114,3094211.56
"2025-03-01",22,3,"Lyft",34444,109,34335,279.9,567,2906,592,0.0846,0.0172,18.2,17.24,31.33,0,0,49,49,180132.7,37616703,1079028.64
"2025-03-01",22,3,"Uber",90549,132,90417,265.2,596.7,8885,2204,0.0983,0.0244,18.68,18.78,39.99,4513,2747,93,93,529306.46,101460968,3621460.15
"2025-03-01",22,4,"Lyft",44111,122,43989,287,573.7,3815,801,0.0867,0.0182,18.01,16.35,32.17,0,0,50,50,216544.07,47669715,1419023.47
"2025-03-01",22,4,"Uber",110622,160,110462,289.6,649.1,13662,3792,0.1237,0.0343,19.05,18.16,42.18,5409,3568,108,108,637897.77,126453855,4666565.47
"2025-03-01",22,5,"Lyft",49944,93,49851,257.3,486.4,2549,546,0.0511,0.011,19.02,15.72,29.79,0,0,67,67,248883.02,56993432,1487615.88
"2025-03-01",22,5,"Uber",117960,154,117806,229.1,479,6634,1580,0.0563,0.0134,18.47,16.61,33.15,5630,3827,141,141,603095.83,130698726,3910487.52
"2025-03-01",22,6,"Lyft",63517,118,63399,297.5,537.5,4083,603,0.0644,0.0095,18.48,14.8,29.6,0,0,92,92,289492.31,70435074,1879889.46
"2025-03-01",22,6,"Uber",168886,184,168702,291,583.9,15498,3361,0.0919,0.0199,18.73,16.2,32.96,8461,5980,176,176,854228.31,189811200,5566081.44
"2025-03-01",22,7,"Lyft",38244,55,38189,296.3,612.2,4027,1167,0.1054,0.0306,17.72,18.29,29.91,0,0,51,51,206570.48,40650852,1143909.13
"2025-03-01",22,7,"Uber",98707,104,98603,285.4,650.1,12086,3372,0.1226,0.0342,17.16,18.83,31.71,6823,4551,115,115,531785.32,101645639,3129538.69
"2025-03-01",23,1,"Lyft",31112,77,31035,251.3,519.3,2074,462,0.0668,0.0149,17.56,19.23,30.34,0,0,60,60,175137.65,32786264,943802.19
"2025-03-01",23,1,"Uber",74058,97,73961,240.6,557,6104,1425,0.0825,0.0193,17.05,19.67,32.46,4960,2947,76,76,414029.06,75756636,2403962.01
"2025-03-01",23,2,"Lyft",27939,49,27890,228.1,436,1126,216,0.0404,0.0077,17.95,18.28,29.63,0,0,37,37,152859.02,30098032,827871.72
"2025-03-01",23,2,"Uber",63231,77,63154,214.2,455.2,3143,735,0.0498,0.0116,17.52,19.19,33.81,3968,2387,63,63,354232.53,66456812,2138118.73
"2025-03-01",23,3,"Lyft",28048,47,28001,247.4,491.4,1591,337,0.0568,0.012,18.21,17.87,30.33,0,0,44,44,152114.97,30644066,850622.25
"2025-03-01",23,3,"Uber",71283,87,71196,234.2,523.4,5033,1169,0.0707,0.0164,17.88,18.91,35.38,4320,2651,68,68,401760.1,76484569,2522144.76
"2025-03-01",23,4,"Lyft",39218,62,39156,272.4,539.8,2809,661,0.0717,0.0169,18.11,16.99,30.7,0,0,44,44,201147.33,42611355,1203812.02
"2025-03-01",23,4,"Uber",91502,108,91394,259.6,583.6,8481,2115,0.0928,0.0231,18.93,18.25,37.13,5236,3569,67,67,526636.71,103907016,3397335.1
"2025-03-01",23,5,"Lyft",47822,71,47751,275.7,508.8,2658,466,0.0557,0.0098,18.38,15.92,29.58,0,0,63,63,233212.14,52751161,1414723.64
"2025-03-01",23,5,"Uber",114984,103,114881,254.4,523.3,7788,1676,0.0678,0.0146,18.32,17.07,32.9,6422,4642,94,94,599213.6,126381397,3783337.24
"2025-03-01",23,6,"Lyft",58399,102,58297,328.7,597.9,5752,1028,0.0987,0.0176,17.63,14.88,30.63,0,0,77,77,255328.71,61759210,1789014.52
"2025-03-01",23,6,"Uber",168003,181,167821,340.2,679.2,24222,6101,0.1443,0.0364,18.71,16.74,35.78,9543,7032,159,159,876796.6,188596718,6011179.42
"2025-03-01",23,7,"Lyft",33665,71,33594,302.1,685,4654,1416,0.1385,0.0422,17.23,19.49,29.89,0,0,55,55,188395.58,34796738,1006293.07
"2025-03-01",23,7,"Uber",81426,118,81308,290.2,688.4,11625,3357,0.143,0.0413,16.96,20.15,32.03,6556,4378,77,77,463765.81,82847210,2608162.13
"2025-04-01",0,1,"Lyft",19988,27,19961,252.9,526.9,1426,372,0.0714,0.0186,16.98,20.61,27.78,0,0,26,26,116595.43,20367465,555178.21
"2025-04-01",0,1,"Uber",46115,29,46086,243,576,4180,1104,0.0907,0.024,16.52,21.12,28.71,3419,2226,42,42,268174.36,45715937,1323883.69
"2025-04-01",0,2,"Lyft",21465,45,21420,252.1,523.4,1501,299,0.0701,0.014,17.07,20.07,29.23,0,0,26,26,122548.04,21980857,627440.5
"2025-04-01",0,2,"Uber",48024,28,47996,236.5,555.2,3963,963,0.0826,0.0201,16.55,20.2,30.94,3300,1753,32,32,267516.11,47677453,1485777.35
"2025-04-01",0,3,"Lyft",22233,30,22203,218.4,414.9,753,158,0.0339,0.0071,16.77,19.41,28.04,0,0,30,30,120614.63,22364900,623394.37
"2025-04-01",0,3,"Uber",56047,17,56029,210.1,469.5,3133,651,0.0559,0.0116,16.58,20.11,30.34,3604,2049,36,36,311319.73,55740979,1700258.14
"2025-04-01",0,4,"Lyft",19644,32,19612,215.8,410.6,736,178,0.0375,0.0091,17.24,19.02,28.53,0,0,29,29,107349.03,20317931,560424.81
"2025-04-01",0,4,"Uber",49991,26,49964,207.9,470.6,2864,738,0.0573,0.0148,16.98,19.78,31.25,3125,1793,49,49,279830.8,50925781,1562185.25
"2025-04-01",0,5,"Lyft",26330,26,26304,236.1,449.3,1160,255,0.0441,0.0097,17.8,18.31,29.44,0,0,25,25,143057.78,28126613,775057.11
"2025-04-01",0,5,"Uber",64076,40,64036,221.6,482.8,3744,921,0.0585,0.0144,17.86,19.19,32.61,3954,2582,47,47,366038.87,68652313,2089479.25
"2025-04-01",0,6,"Lyft",45012,48,44964,282.9,530.5,2955,580,0.0657,0.0129,17.41,15.67,28.01,0,0,38,38,204701.23,47023206,1260647.37
"2025-04-01",0,6,"Uber",101962,38,101924,263.7,558.5,8259,1928,0.081,0.0189,18.07,16.88,31.28,6811,4771,51,51,518258.7,110531176,3189286.43
"2025-04-01",0,7,"Lyft",47471,61,47410,303.5,575.3,4053,808,0.0855,0.017,17.47,15.97,29.62,0,0,60,60,220801.75,49761267,1406269.38
"2025-04-01",0,7,"Uber",114729,61,114668,303.9,621.7,12664,3281,0.1104,0.0286,17.59,17.09,32,7111,5329,92,92,574859.93,121073306,3670947.63
"2025-04-01",1,1,"Lyft",11451,25,11426,233.2,435.2,381,76,0.0333,0.0067,16.05,20.6,25.77,0,0,28,28,63097.8,11026618,295125.62
"2025-04-01",1,1,"Uber",27016,26,26990,229.9,512.3,1772,445,0.0657,0.0165,15.62,21.48,27.04,1740,887,29,29,151037.65,25314122,730417.6
"2025-04-01",1,2,"Lyft",12316,30,12286,243.3,530,941,316,0.0766,0.0257,16.77,20.96,29.24,0,0,16,16,72156.07,12391846,360179.28
"2025-04-01",1,2,"Uber",27708,25,27683,231.9,543.4,2171,512,0.0784,0.0185,15.79,21.09,30.52,1659,779,30,30,153825.37,26251721,845722.48
"2025-04-01",1,3,"Lyft",12976,27,12949,212.3,391.8,259,58,0.02,0.0045,15.77,19.79,26.62,0,0,20,20,67487.86,12277858,345364.45
"2025-04-01",1,3,"Uber",32424,32,32392,208.1,448.4,1511,368,0.0466,0.0114,15.47,20.51,28.53,1924,969,36,36,171467.32,30096149,924998.41
"2025-04-01",1,4,"Lyft",11387,32,11355,206.8,372.4,195,39,0.0172,0.0034,15.78,18.96,26.23,0,0,27,27,56787.91,10780279,298647.31
"2025-04-01",1,4,"Uber",28188,25,28163,200.9,433,1186,275,0.0421,0.0098,15.63,20.06,28.87,1747,931,17,17,147223.25,26426410,813676.74
"2025-04-01",1,5,"Lyft",17006,20,16986,212,381.5,283,45,0.0167,0.0026,16.39,18.64,27.49,0,0,24,24,86595.75,16724202,467571.2
"2025-04-01",1,5,"Uber",40728,30,40698,200.4,421.7,1648,337,0.0405,0.0083,16.29,19.7,30.01,2558,1602,25,25,217885.22,39808428,1222214.89
"2025-04-01",1,6,"Lyft",37062,35,37027,269.5,513.1,2057,300,0.0556,0.0081,16.93,16.43,26.84,0,0,32,32,171858.54,37652168,994897.73
"2025-04-01",1,6,"Uber",77137,26,77111,245.7,516.5,4915,1108,0.0637,0.0144,17.05,17.54,29.86,5105,3641,43,43,384458.41,78897979,2303432.38
"2025-04-01",1,7,"Lyft",40449,43,40406,289.7,548.9,2925,509,0.0724,0.0126,17.02,16.84,28.11,0,0,49,49,193227.7,41314490,1136911.67
"2025-04-01",1,7,"Uber",89560,24,89536,272.7,566,7622,1882,0.0851,0.021,17.03,17.79,30.82,5939,4343,52,52,452163.62,91509659,2760646.27
"2025-04-01",2,1,"Lyft",7600,44,7556,239.6,433.3,234,34,0.031,0.0045,15.82,20.69,25.42,0,0,15,15,41459.42,7212208,193177.34
"2025-04-01",2,1,"Uber",17933,79,17854,242.7,518.1,1203,262,0.0674,0.0147,15.34,21.6,26.86,1203,528,18,18,99016.24,16503109,481606.5
"2025-04-01",2,2,"Lyft",8048,49,7999,255.1,654.9,925,440,0.1156,0.055,16.7,21.95,30.34,0,0,8,8,49151.3,8063092,244206.37
"2025-04-01",2,2,"Uber",18012,57,17955,247.1,557.5,1430,341,0.0796,0.019,15.39,21.85,31.05,1102,426,16,16,100984.68,16636183,559259.36
"2025-04-01",2,3,"Lyft",8320,47,8273,221.5,411.8,210,27,0.0254,0.0033,15.58,20.55,26.56,0,0,7,7,44399.5,7778942,220953.38
"2025-04-01",2,3,"Uber",21242,98,21144,222.2,472,1133,253,0.0536,0.012,15.32,21.22,28.15,1253,558,15,15,115071.79,19526366,597990.29
"2025-04-01",2,4,"Lyft",7514,45,7469,218.7,399,139,26,0.0186,0.0035,15.79,19.93,26.83,0,0,14,14,39395.11,7117495,201608.97
"2025-04-01",2,4,"Uber",18593,56,18537,216.2,464.3,959,217,0.0517,0.0117,15.53,20.86,28.78,1137,529,10,10,100369.26,17319585,535082.31
"2025-04-01",2,5,"Lyft",11665,44,11621,214.7,384.1,209,44,0.018,0.0038,16.09,19.2,27.29,0,0,13,13,60061.81,11262703,318284.74
"2025-04-01",2,5,"Uber",27289,80,27209,213.2,445.7,1213,298,0.0446,0.011,15.93,20.31,29.31,1767,1037,19,19,147176.29,26081825,799749.93
"2025-04-01",2,6,"Lyft",28756,60,28696,269.7,506.7,1623,279,0.0566,0.0097,16.81,17.34,26.96,0,0,31,31,139722.52,29009318,775356.91
"2025-04-01",2,6,"Uber",59413,81,59332,256.6,524.7,3855,822,0.065,0.0139,16.82,18.39,30.1,4097,2834,34,34,306405.9,59970233,1788480.56
"2025-04-01",2,7,"Lyft",31697,66,31631,292.8,566.1,2659,497,0.0841,0.0157,16.96,17.78,28.3,0,0,31,31,159318.12,32253520,896925.4
"2025-04-01",2,7,"Uber",68104,84,68019,283.6,586.2,6365,1431,0.0936,0.021,16.85,18.75,31.28,4955,3564,42,42,358472.42,68844150,2130439.44
"2025-04-01",3,1,"Lyft",6847,338,6509,260.2,477.2,289,42,0.0444,0.0065,16.71,22.55,30.61,0,0,15,15,42997.94,6864002,209565.11
"2025-04-01",3,1,"Uber",15780,558,15222,266,549.6,1191,311,0.0782,0.0204,16.43,23.76,32.05,1003,439,11,11,102627.01,15551780,505685.96
"2025-04-01",3,2,"Lyft",6877,280,6597,263.7,509.9,416,129,0.0631,0.0196,16.67,22.9,31.26,0,0,8,8,43755.13,6878748,214952.6
"2025-04-01",3,2,"Uber",15864,453,15411,263.2,564.7,1311,292,0.0851,0.0189,16.3,23.91,33.06,1020,344,10,10,103051.63,15516047,524520.73
"2025-04-01",3,3,"Lyft",7151,293,6858,245.2,451.4,204,31,0.0297,0.0045,16.83,22.28,30.99,0,0,10,10,44692.15,7222536,221573.8
"2025-04-01",3,3,"Uber",18581,588,17993,245.7,516.1,1171,260,0.0651,0.0145,16.34,23.45,32.49,1078,443,10,10,118661.06,18216460,603626.08
"2025-04-01",3,4,"Lyft",6808,329,6479,242.7,434.4,169,25,0.0261,0.0039,17.16,22.29,31.92,0,0,15,15,43403.44,7010039,217288.86
"2025-04-01",3,4,"Uber",16874,615,16259,243.1,499.5,993,205,0.0611,0.0126,16.87,23.48,34.07,990,416,11,11,111403.05,17081955,574813.97
"2025-04-01",3,5,"Lyft",9299,358,8941,235.4,429.6,234,32,0.0262,0.0036,17.1,21.41,31.19,0,0,20,20,56739.82,9541291,290009.06
"2025-04-01",3,5,"Uber",22684,605,22079,235.9,488.4,1262,296,0.0572,0.0134,17.12,22.95,33.83,1510,793,11,11,148552.6,23306309,767485.51
"2025-04-01",3,6,"Lyft",21722,243,21478,272.2,508.5,1159,174,0.054,0.0081,17.12,18.49,28.56,0,0,15,15,114633.85,22317595,620424.46
"2025-04-01",3,6,"Uber",46063,397,45666,269.4,558.4,3629,784,0.0795,0.0172,17.11,19.69,31.38,3518,2350,18,18,258676.05,47301128,1445563.19
"2025-04-01",3,7,"Lyft",24312,325,23987,288.9,545.6,1765,313,0.0736,0.013,17.52,19.48,30.37,0,0,19,19,138303.76,25562140,738402.3
"2025-04-01",3,7,"Uber",51728,534,51194,286.2,581,4616,1034,0.0902,0.0202,17,20.36,32.66,3939,2739,26,26,298402.68,52773701,1689672.96
"2025-04-01",4,1,"Lyft",10493,899,9594,318.2,567.1,759,101,0.0791,0.0105,18.19,23.69,35.92,0,0,12,12,75381.06,11453650,376955.05
"2025-04-01",4,1,"Uber",22506,1253,21253,306,597.7,2098,505,0.0987,0.0238,18.37,25.18,40.42,1242,512,21,21,173509.35,24805011,909621.58
"2025-04-01",4,2,"Lyft",11155,861,10294,284.2,506.9,494,48,0.048,0.0047,17.58,23.95,34.76,0,0,11,11,78269.35,11765668,387754.93
"2025-04-01",4,2,"Uber",23389,1119,22270,265.4,529.1,1555,355,0.0698,0.0159,17.45,25.62,38.99,1347,577,21,21,174227.62,24484242,911931.86
"2025-04-01",4,3,"Lyft",12021,1007,11014,278.3,506.7,562,74,0.051,0.0067,18.05,23.8,35.98,0,0,17,17,86064.7,13017852,432537.84
"2025-04-01",4,3,"Uber",25820,1320,24500,269.5,529.7,1736,406,0.0709,0.0166,18,25.31,39.86,1474,611,23,23,196061.49,27881694,1029267.07
"2025-04-01",4,4,"Lyft",10922,988,9934,294.9,531.7,591,76,0.0595,0.0077,19.41,24.17,39.38,0,0,17,17,85365.33,12716901,430110.81
"2025-04-01",4,4,"Uber",23266,1387,21879,281.1,544,1682,409,0.0769,0.0187,19.12,25.3,42.93,1283,584,16,16,187578.35,26688519,998707.57
"2025-04-01",4,5,"Lyft",12822,1093,11729,304.3,533.7,742,92,0.0633,0.0078,18.7,23.43,37.96,0,0,11,11,93640.03,14386062,486776.22
"2025-04-01",4,5,"Uber",26327,1230,25097,292.7,566.2,2106,516,0.0839,0.0206,18.81,24.95,42.42,1536,857,17,17,205917.4,29711881,1116750.58
"2025-04-01",4,6,"Lyft",17923,602,17321,288.4,529.6,1090,157,0.0629,0.0091,17.59,20.24,30.98,0,0,23,23,106371.42,18916701,555250.7
"2025-04-01",4,6,"Uber",36740,659,36081,286.8,578,3236,773,0.0897,0.0214,17.74,21.24,34.49,2885,1792,18,18,230767.76,39116199,1267273.69
"2025-04-01",4,7,"Lyft",20220,623,19597,322.7,625.3,2203,495,0.1124,0.0253,17.66,20.77,33.13,0,0,15,15,123636.5,21424580,669848.7
"2025-04-01",4,7,"Uber",41318,914,40404,331.4,664.6,5519,1374,0.1366,0.034,17.67,22.16,36.9,3392,2235,33,33,269597.88,43801492,1524590.54
"2025-04-01",5,1,"Lyft",14171,1068,13103,283.9,518.3,760,115,0.058,0.0088,19.41,22.15,36.51,0,0,17,17,101584.12,16506735,517391.67
"2025-04-01",5,1,"Uber",34222,1120,33102,266.9,517.9,2108,479,0.0637,0.0145,19.08,23.13,39.93,1879,1042,32,32,251639.32,39174014,1366634.28
"2025-04-01",5,2,"Lyft",16166,1125,15041,254.7,459.1,530,72,0.0352,0.0048,18.05,22.2,34.2,0,0,24,24,108010.16,17511398,552815.59
"2025-04-01",5,2,"Uber",38813,1177,37636,239.6,458.9,1732,357,0.046,0.0095,17.67,23.33,36.98,2142,1102,38,38,266608.75,41138499,1435258.89
"2025-04-01",5,3,"Lyft",16886,1242,15644,267.3,485.5,692,91,0.0442,0.0058,18.73,22.38,36.12,0,0,27,27,117969.48,18973634,609987.34
"2025-04-01",5,3,"Uber",41205,1330,39875,248.5,475.6,1957,409,0.0491,0.0103,18.24,23.18,38.25,2074,1054,42,42,290422.56,45099291,1576223.99
"2025-04-01",5,4,"Lyft",14545,1052,13493,296,544.2,943,139,0.0699,0.0103,19.74,22,38.55,0,0,8,8,105294.26,17227128,560736.72
"2025-04-01",5,4,"Uber",35435,1309,34126,273.8,520.7,2151,442,0.063,0.013,19.3,22.95,41.53,1778,924,23,23,261565.21,41032939,1471612.66
"2025-04-01",5,5,"Lyft",15868,1135,14733,314.9,572.6,1222,175,0.0829,0.0119,19.74,21.85,39.7,0,0,25,25,114107.82,18798122,629899.92
"2025-04-01",5,5,"Uber",35603,1269,34334,293.3,570.8,2909,669,0.0847,0.0195,19.63,22.96,43.59,2008,1115,29,29,267451.6,41939817,1551780.47
"2025-04-01",5,6,"Lyft",14597,678,13919,275.6,491.6,612,93,0.044,0.0067,18.14,21.87,32.85,0,0,18,18,96477.45,15884438,479490.1
"2025-04-01",5,6,"Uber",30894,609,30285,257.7,498,1760,413,0.0581,0.0136,17.92,22.76,35.48,2181,1217,26,26,210059.92,33223632,1095972.35
"2025-04-01",5,7,"Lyft",15168,915,14253,310.3,558.5,1080,185,0.0758,0.013,18.12,22.07,34.21,0,0,11,11,101085.32,16489101,518837.73
"2025-04-01",5,7,"Uber",33172,880,32292,289.8,566.8,2742,632,0.0849,0.0196,18.03,23.21,37.56,2436,1468,8,8,231292.65,35876548,1245822.13
"2025-04-01",6,1,"Lyft",23280,958,22322,262.2,487.3,1081,186,0.0484,0.0083,19.61,18.23,32.18,0,0,22,22,138688.64,27390522,749233.49
"2025-04-01",6,1,"Uber",59027,1305,57722,245.7,479.3,2785,550,0.0482,0.0095,19.26,18.98,34.69,3024,1858,35,35,359668.9,68218956,2047563.84
"2025-04-01",6,2,"Lyft",28540,1137,27403,244.8,443.4,842,96,0.0307,0.0035,19.13,17.98,31.1,0,0,24,24,163546.74,32754026,887689.28
"2025-04-01",6,2,"Uber",71901,1277,70624,229.3,443.9,2619,491,0.0371,0.007,18.37,18.69,33.05,3417,1990,48,48,411389.39,79233212,2376473.86
"2025-04-01",6,3,"Lyft",28599,1185,27414,248.5,449.7,880,127,0.0321,0.0046,19.32,18.18,32.05,0,0,32,32,167485.14,33158100,916692.37
"2025-04-01",6,3,"Uber",75700,1454,74246,232.1,445.9,2810,558,0.0378,0.0075,18.66,18.68,33.3,3674,2218,52,52,439831.06,84742789,2521079.28
"2025-04-01",6,4,"Lyft",23959,901,23058,263.1,484.3,1055,165,0.0458,0.0072,19.57,18.16,32.66,0,0,31,31,141967.23,28138696,782397.7
"2025-04-01",6,4,"Uber",61302,1353,59949,243.9,458.1,2499,489,0.0417,0.0082,19.2,18.74,34.91,3033,1774,39,39,367581.01,70622301,2140082.74
"2025-04-01",6,5,"Lyft",24736,938,23798,279,514.5,1326,196,0.0557,0.0082,19.28,18.41,32.81,0,0,24,24,146347.05,28611169,811659.13
"2025-04-01",6,5,"Uber",59189,1244,57945,258.2,506.7,3382,716,0.0584,0.0124,19.38,19.25,35.87,3124,1911,41,41,368157.57,68837808,2123291.72
"2025-04-01",6,6,"Lyft",17008,567,16441,262.5,479.9,675,92,0.0411,0.0056,17.42,21.99,31.09,0,0,24,24,108601.74,17778954,528831.22
"2025-04-01",6,6,"Uber",40106,591,39515,245.1,476.1,1915,429,0.0485,0.0109,17.1,22.88,32.71,2869,1780,20,20,261514.68,41149581,1311883.92
"2025-04-01",6,7,"Lyft",15947,741,15206,301.1,576.4,1334,246,0.0877,0.0162,17.63,22.46,33.59,0,0,20,20,105239.93,16866351,535625.81
"2025-04-01",6,7,"Uber",39796,807,38989,282.5,573.2,3393,761,0.087,0.0195,17.65,23.39,35.54,3260,2142,14,14,273745.31,42138074,1414510.26
"2025-04-01",7,1,"Lyft",33602,1685,31917,293.2,608.8,3334,694,0.1045,0.0217,20.6,14.56,31,0,0,61,61,168001.28,41539823,1041506.78
"2025-04-01",7,1,"Uber",92460,1696,90764,276.9,569.3,7715,1674,0.085,0.0184,19.71,15.04,32.89,3669,2153,136,136,456917.08,109337714,3040901.11
"2025-04-01",7,2,"Lyft",45643,2059,43584,277.9,548.4,3213,503,0.0737,0.0115,20.71,13.79,29.91,0,0,86,86,217253.96,56720788,1365071.01
"2025-04-01",7,2,"Uber",116670,1933,114737,259.4,532.9,7749,1600,0.0675,0.0139,19.54,14.3,32.34,4344,2446,221,221,543590.45,136802386,3772673.1
"2025-04-01",7,3,"Lyft",45599,2145,43454,291.4,587.8,4046,767,0.0931,0.0177,20.42,14,30.3,0,0,66,66,217296.38,55881425,1381570.55
"2025-04-01",7,3,"Uber",121859,2057,119802,270.3,548.4,8998,1945,0.0751,0.0162,19.44,14.46,32.56,4360,2437,197,197,570739.07,142104475,3967206.07
"2025-04-01",7,4,"Lyft",37178,1671,35507,292.4,586,3289,648,0.0926,0.0182,20.67,14.15,30.79,0,0,67,67,181205.09,46112720,1144828.89
"2025-04-01",7,4,"Uber",96899,1656,95243,267.1,531.2,6364,1311,0.0668,0.0138,19.66,14.63,33.18,3807,2289,151,151,464430.91,114298269,3215017.08
"2025-04-01",7,5,"Lyft",35996,1508,34488,293.1,589.1,3217,595,0.0933,0.0173,19.63,14.84,30.27,0,0,59,59,174839.06,42406351,1089554.73
"2025-04-01",7,5,"Uber",90536,1477,89059,274.5,565.5,7391,1651,0.083,0.0185,19.39,15.6,33.16,3741,2212,125,125,456222,105305774,3002189.1
"2025-04-01",7,6,"Lyft",20784,541,20243,231.7,411.1,395,50,0.0195,0.0025,17.34,20.61,29.23,0,0,26,26,123807.77,21622041,607585.39
"2025-04-01",7,6,"Uber",51808,630,51178,217.2,416.9,1734,370,0.0339,0.0072,16.97,21.18,30.31,3415,2134,62,62,310358.07,52744244,1570320.02
"2025-04-01",7,7,"Lyft",18682,588,18094,261.1,495.5,906,170,0.0501,0.0094,17.11,21.98,31.26,0,0,28,28,117103.55,19182891,583955.1
"2025-04-01",7,7,"Uber",48923,734,48189,240.7,485.6,2549,570,0.0529,0.0118,17.02,22.7,32.54,3404,2089,45,45,315066.82,49958215,1591916.78
"2025-04-01",8,1,"Lyft",41603,1438,40165,286.9,572.8,3457,731,0.0861,0.0182,19.85,13.1,28.6,0,0,88,88,180252.23,49547666,1189645.67
"2025-04-01",8,1,"Uber",113560,1639,111921,254.7,512.2,6738,1525,0.0602,0.0136,19.41,13.76,30.92,3885,2049,271,271,505635.48,132278109,3511275.08
"2025-04-01",8,2,"Lyft",56040,1762,54278,282.9,545.8,3958,733,0.0729,0.0135,20.48,12.19,28.34,0,0,127,127,233205.87,68867061,1588197.6
"2025-04-01",8,2,"Uber",142997,2167,140830,244.1,484.7,7039,1447,0.05,0.0103,19.53,12.81,31.34,4360,2223,380,380,596278.33,167553821,4481772.68
"2025-04-01",8,3,"Lyft",55519,1989,53530,292,575.2,4666,965,0.0872,0.018,19.84,12.49,28.8,0,0,118,118,229294.79,66096104,1599145.28
"2025-04-01",8,3,"Uber",150866,2268,148598,252.6,503.3,8373,1777,0.0563,0.012,19.24,13.16,31.61,4614,2377,390,390,636452.85,174167410,4768623.17
"2025-04-01",8,4,"Lyft",44506,1536,42970,284.2,558.1,3356,689,0.0781,0.016,20.16,12.64,28.98,0,0,102,102,189030.68,53831074,1289635.74
"2025-04-01",8,4,"Uber",119641,1826,117815,248.9,481.8,5644,1112,0.0479,0.0094,19.5,13.31,31.65,3750,1951,272,272,517590.75,139959458,3787161.62
"2025-04-01",8,5,"Lyft",43014,1413,41601,263.9,498.4,2100,355,0.0505,0.0085,18.75,14.03,27.8,0,0,92,92,188524.55,48388741,1195989.31
"2025-04-01",8,5,"Uber",110863,1556,109307,237.8,469,4997,1104,0.0457,0.0101,18.34,14.75,30.02,3778,1995,244,244,499857.76,122011564,3327721.93
"2025-04-01",8,6,"Lyft",26151,503,25648,231.1,407.7,457,47,0.0178,0.0018,16.82,18.39,27.09,0,0,54,54,134791.49,26387961,708456.15
"2025-04-01",8,6,"Uber",66546,592,65954,211.9,402.3,1885,367,0.0286,0.0056,16.5,19.1,28.53,3427,2016,101,101,349585.93,65893005,1898824.67
"2025-04-01",8,7,"Lyft",20818,454,20364,239.8,420.2,465,66,0.0228,0.0032,16.87,20.77,30.13,0,0,52,52,121545.38,21067602,627220.86
"2025-04-01",8,7,"Uber",57054,640,56413,217.9,417.7,1906,382,0.0338,0.0068,16.66,21.21,31.3,3019,1713,83,83,335973.21,57023350,1785940.68
"2025-04-01",9,1,"Lyft",35229,1279,33950,228.1,433,1082,169,0.0319,0.005,19.31,13.89,27.89,0,0,119,119,157468.83,40821000,982502.06
"2025-04-01",9,1,"Uber",94643,1666,92977,207.1,407.9,2883,617,0.031,0.0066,19.02,14.51,30.71,2673,1114,417,417,435236.96,108001283,2906750.06
"2025-04-01",9,2,"Lyft",46263,1657,44606,235.4,447.8,1497,267,0.0336,0.006,20.12,12.89,28.61,0,0,192,192,199938.84,55839334,1323746.31
"2025-04-01",9,2,"Uber",122311,2025,120286,211.1,417.6,4019,766,0.0334,0.0064,19.68,13.53,31.73,3293,1438,550,550,542519.67,144400474,3881362.16
"2025-04-01",9,3,"Lyft",47305,1844,45460,235.5,458.3,1921,478,0.0423,0.0105,19.87,13,28.83,0,0,185,185,203718.28,56393824,1363883.44
"2025-04-01",9,3,"Uber",130194,2130,128064,212.4,421.2,4279,882,0.0334,0.0069,19.43,13.52,31.39,3565,1612,575,575,570202.01,151782939,4086897.39
"2025-04-01",9,4,"Lyft",38451,1411,37040,232.9,434.2,1126,220,0.0304,0.0059,20.19,13.13,29.04,0,0,122,122,169946.87,46584907,1116639.73
"2025-04-01",9,4,"Uber",104737,1784,102953,209.5,404.4,2943,578,0.0286,0.0056,19.5,13.73,31.36,2794,1317,441,441,467374.1,122566501,3284535.63
"2025-04-01",9,5,"Lyft",36827,1254,35573,218.3,390.9,588,81,0.0165,0.0023,19.06,14.67,28.42,0,0,143,143,171593.96,42110901,1046724.23
"2025-04-01",9,5,"Uber",97877,1599,96278,198.4,378.4,2185,418,0.0227,0.0043,18.42,15.33,30.27,2960,1434,410,410,460624.69,108156216,2962859.61
"2025-04-01",9,6,"Lyft",31720,432,31288,230.6,412.1,658,69,0.021,0.0022,16.78,16.99,26.5,0,0,84,84,150752.31,31935564,840716.61
"2025-04-01",9,6,"Uber",81694,658,81036,210.5,403.9,2292,422,0.0283,0.0052,16.26,17.58,27.98,2857,1499,154,154,389293.2,79703590,2285826.14
"2025-04-01",9,7,"Lyft",26360,388,25972,248.5,447.1,825,152,0.0318,0.0059,16.87,18.84,28.91,0,0,65,65,139667.38,26681643,761962.6
"2025-04-01",9,7,"Uber",72106,597,71509,228.6,444,2749,622,0.0384,0.0087,16.59,19.51,30.49,2834,1571,164,164,388901.8,71767190,2198510.4
"2025-04-01",10,1,"Lyft",30541,919,29622,209.4,393,593,120,0.02,0.0041,20.23,14.53,29.33,0,0,176,176,149627.72,37076010,895838.15
"2025-04-01",10,1,"Uber",79181,1266,77915,196.1,397.3,2263,444,0.029,0.0057,19.82,15.21,33.46,1946,709,486,486,397826.76,94149637,2649767.1
"2025-04-01",10,2,"Lyft",38652,1284,37368,211.4,392.8,678,111,0.0181,0.003,20.89,13.74,29.94,0,0,195,195,184986.72,48453142,1157349.09
"2025-04-01",10,2,"Uber",98531,1599,96932,195.4,394.7,3040,530,0.0314,0.0055,20.22,14.21,33.77,2240,810,731,731,471836.19,119508430,3327759.59
"2025-04-01",10,3,"Lyft",39589,1445,38144,209.2,388.6,723,118,0.019,0.0031,20.94,13.5,30.07,0,0,224,224,186615.46,49747803,1190540.35
"2025-04-01",10,3,"Uber",104873,1659,103214,193.8,387.6,2763,555,0.0268,0.0054,20.32,13.97,33.54,2209,774,671,671,495937.41,127838135,3517408.57
"2025-04-01",10,4,"Lyft",32626,1101,31525,210.6,383.3,514,91,0.0163,0.0029,21.25,13.62,30.48,0,0,188,188,157418.35,41601582,994445.35
"2025-04-01",10,4,"Uber",85737,1323,84414,194.5,376.9,2055,402,0.0243,0.0048,20.42,14,33.72,1871,668,550,550,408573.4,105030435,2890793.25
"2025-04-01",10,5,"Lyft",33693,997,32696,211.9,383,491,74,0.015,0.0023,20.21,14.56,29.83,0,0,159,159,165204.11,40848258,1004969.77
"2025-04-01",10,5,"Uber",87254,1245,86009,194.1,375.6,1983,389,0.0231,0.0045,19.39,15.05,32.22,2046,764,480,480,424262.59,101496283,2811288.77
"2025-04-01",10,6,"Lyft",35138,357,34781,230.3,411,734,84,0.0211,0.0024,17.52,16.18,27.14,0,0,96,96,165991.62,36930756,953551.78
"2025-04-01",10,6,"Uber",90797,569,90228,205.5,399.4,2420,479,0.0268,0.0053,16.97,16.72,28.99,2531,1197,209,209,429390.5,92436746,2631809.46
"2025-04-01",10,7,"Lyft",31674,374,31300,261.7,480.4,1413,293,0.0451,0.0094,17.41,17.75,29.18,0,0,108,108,163141.69,33079049,924122.4
"2025-04-01",10,7,"Uber",87539,538,87001,242.1,485.2,4544,988,0.0522,0.0114,17.01,18.14,30.76,2613,1316,190,190,449976.43,89320529,2692594.18
"2025-04-01",11,1,"Lyft",27345,746,26599,207.5,379.6,453,68,0.017,0.0026,20.52,14.55,30.42,0,0,159,159,136035.06,33661396,831794.99
"2025-04-01",11,1,"Uber",73676,1110,72566,194.4,389.8,1957,381,0.027,0.0053,19.86,15.07,33.76,1665,520,475,475,367438.43,87771765,2486975.15
"2025-04-01",11,2,"Lyft",34377,938,33439,209.2,386.4,667,118,0.0199,0.0035,21.08,13.88,30.86,0,0,242,242,167625.16,43480950,1060902.38
"2025-04-01",11,2,"Uber",91514,1422,90092,192.5,390.1,2600,493,0.0289,0.0055,20.46,14.26,34.67,1830,560,711,711,445236.26,112366481,3173121.01
"2025-04-01",11,3,"Lyft",36459,1104,35355,208.9,386.7,632,99,0.0179,0.0028,21.43,13.64,31.26,0,0,210,210,177630.42,46871389,1139785.9
"2025-04-01",11,3,"Uber",97438,1448,95990,191.2,384.7,2574,508,0.0268,0.0053,20.71,13.99,34.91,1740,515,737,737,470484.55,121080254,3401695.19
"2025-04-01",11,4,"Lyft",30073,856,29217,209.1,382.3,489,88,0.0167,0.003,21.63,13.76,31.77,0,0,178,178,149131.54,39029177,955480.12
"2025-04-01",11,4,"Uber",80084,1225,78859,191,382.2,2077,448,0.0263,0.0057,21,14.11,35.42,1660,589,577,577,395431.32,100898497,2836671.12
"2025-04-01",11,5,"Lyft",31566,744,30822,222.4,403.1,628,87,0.0204,0.0028,20.88,14.33,31.17,0,0,165,165,157448.69,39542023,984062.71
"2025-04-01",11,5,"Uber",83802,1012,82790,200.8,396.8,2294,478,0.0277,0.0058,20.2,14.77,33.83,1967,722,493,493,416637.42,101562414,2835377.25
"2025-04-01",11,6,"Lyft",38516,322,38194,236.9,421.9,879,125,0.023,0.0033,18.64,15.01,27.62,0,0,92,92,179625.97,43074333,1063832.92
"2025-04-01",11,6,"Uber",99676,481,99195,209,403.1,2671,562,0.0269,0.0057,17.84,15.25,29.31,2414,1113,225,225,451957.04,106697605,2921890.65
"2025-04-01",11,7,"Lyft",33395,319,33076,262.1,473.8,1397,294,0.0422,0.0089,18.16,16.34,29.42,0,0,98,98,165141.29,36386133,982508.79
"2025-04-01",11,7,"Uber",92362,515,91847,240.1,476,4576,1039,0.0498,0.0113,18.01,17,31.65,2548,1233,244,244,471130.8,99794205,2923117.67
"2025-04-01",12,1,"Lyft",27251,825,26426,217.6,404,555,104,0.021,0.0039,20.71,14.71,31.29,0,0,172,172,138318.49,33855986,852813.56
"2025-04-01",12,1,"Uber",74886,1244,73642,199.3,407.6,2384,465,0.0324,0.0063,20.11,15.22,34.07,1632,531,607,607,381903.17,90348220,2551200.47
"2025-04-01",12,2,"Lyft",33378,1126,32252,213.8,398.2,681,121,0.0211,0.0038,21.09,14.17,31.26,0,0,262,262,166172.92,42226536,1043291.15
"2025-04-01",12,2,"Uber",92089,1557,90532,195.1,399.1,2618,486,0.0289,0.0054,20.22,14.54,34.22,1898,589,797,797,451313.26,111732974,3151539.21
"2025-04-01",12,3,"Lyft",35784,1179,34605,218.9,408,815,140,0.0236,0.004,21.91,13.73,31.99,0,0,325,325,179316.1,47033469,1144562.16
"2025-04-01",12,3,"Uber",98534,1685,96849,198,401.1,2974,635,0.0307,0.0066,21.12,14.07,35.35,1973,648,829,829,488126.3,124867701,3482698.14
"2025-04-01",12,4,"Lyft",29504,918,28586,215,401.5,653,107,0.0228,0.0037,22.08,13.85,32.71,0,0,207,207,150414.94,39084153,965159.81
"2025-04-01",12,4,"Uber",82370,1307,81063,197,397.4,2396,526,0.0296,0.0065,21.49,14.38,36.43,1718,587,669,669,424358.86,106204041,3001039.57
"2025-04-01",12,5,"Lyft",32382,791,31591,252.2,465,1195,166,0.0378,0.0053,21.67,14.02,32.35,0,0,186,185,163910.97,42103376,1047593.74
"2025-04-01",12,5,"Uber",87908,1121,86787,223.4,452.5,3701,816,0.0426,0.0094,20.9,14.33,34.44,2146,865,525,525,438755.91,110247655,3027874.65
"2025-04-01",12,6,"Lyft",40562,317,40245,259.2,465.3,1491,221,0.037,0.0055,19.65,13.86,28.42,0,0,116,116,184178.65,47826979,1152656.83
"2025-04-01",12,6,"Uber",106988,512,106476,227.1,447.8,4196,861,0.0394,0.0081,18.96,14.08,30.06,2574,1188,272,272,476080.8,121731255,3216395.65
"2025-04-01",12,7,"Lyft",33394,294,33100,262,477.1,1420,311,0.0429,0.0094,19.48,15.76,30.96,0,0,98,98,170890.8,39035139,1033930.34
"2025-04-01",12,7,"Uber",92109,523,91586,238.2,475.9,4511,1088,0.0493,0.0119,19.32,16.29,33.21,2396,1075,258,258,483134.89,106749873,3059251.8
"2025-04-01",13,1,"Lyft",27017,742,26275,221.9,415,573,97,0.0218,0.0037,21.17,14.52,31.93,0,0,183,182,138467.48,34323503,862753.46
"2025-04-01",13,1,"Uber",77943,1050,76893,205.6,413.8,2599,542,0.0338,0.007,20.54,14.9,34.24,1940,714,598,598,397585.05,96046682,2668825.12
"2025-04-01",13,2,"Lyft",34205,996,33209,220.3,409.7,767,106,0.0231,0.0032,21.48,14.12,31.92,0,0,303,303,172866.03,44074746,1091986.85
"2025-04-01",13,2,"Uber",98040,1384,96656,201.4,414.1,3548,646,0.0367,0.0067,20.63,14.31,34.61,2261,800,857,857,482526.6,121365021,3393264.59
"2025-04-01",13,3,"Lyft",35645,960,34685,225.7,420,885,154,0.0255,0.0044,22.46,13.47,32.8,0,0,255,255,179676.21,48037040,1169167.63
"2025-04-01",13,3,"Uber",103779,1408,102371,203.8,413.1,3426,727,0.0335,0.0071,21.53,13.76,35.42,2311,832,882,882,512421.36,134085320,3676062.37
"2025-04-01",13,4,"Lyft",29536,802,28734,223.6,414.8,670,95,0.0233,0.0033,22.85,13.69,33.9,0,0,209,209,153985.13,40486123,1001317.84
"2025-04-01",13,4,"Uber",86703,1216,85487,203.3,407.7,2763,587,0.0323,0.0069,21.95,13.93,36.26,1999,785,695,695,441895.22,114206541,3143554.78
"2025-04-01",13,5,"Lyft",32633,637,31996,280.6,517.8,1797,271,0.0562,0.0085,21.91,13.35,32.47,0,0,182,182,159171.11,42908401,1059700.61
"2025-04-01",13,5,"Uber",92762,1059,91703,248.4,511.2,5724,1328,0.0624,0.0145,21.22,13.69,34.42,2415,986,592,592,449320.85,118114495,3192812.92
"2025-04-01",13,6,"Lyft",40589,275,40314,278.3,503.7,2044,317,0.0507,0.0079,20.14,12.9,28.7,0,0,131,131,175794.65,49054768,1164742
"2025-04-01",13,6,"Uber",109839,537,109302,244.5,488,5679,1213,0.052,0.0111,19.8,13.36,30.76,2953,1487,264,264,484351.75,130519712,3378482.35
"2025-04-01",13,7,"Lyft",33386,270,33116,280.5,520.8,1974,379,0.0596,0.0114,19.92,15.21,31.85,0,0,124,124,168643.87,39911218,1063353.7
"2025-04-01",13,7,"Uber",94983,523,94460,257,519.8,6176,1427,0.0654,0.0151,20.23,15.85,34.39,2716,1359,290,290,507569.28,115266404,3266553.03
"2025-04-01",14,1,"Lyft",29167,588,28579,233.3,441.3,927,169,0.0324,0.0059,22.24,13.64,32.22,0,0,188,188,147503.15,38926016,939693.71
"2025-04-01",14,1,"Uber",84400,924,83476,213.9,440.5,3516,793,0.0421,0.0095,21.47,13.84,34.46,2210,872,587,587,418059.02,108732896,2908168.21
"2025-04-01",14,2,"Lyft",38370,795,37575,234.7,445.7,1177,192,0.0313,0.0051,22.59,12.82,31.6,0,0,224,224,185229,52007818,1212477.72
"2025-04-01",14,2,"Uber",108017,991,107026,211.3,440.1,4379,924,0.0409,0.0086,21.65,13.03,34.45,2832,1118,821,821,507760.6,140311250,3720663.97
"2025-04-01",14,3,"Lyft",39821,849,38972,234.9,442,1182,202,0.0303,0.0052,23.82,12.58,33.32,0,0,230,230,198840.52,56921149,1326749.42
"2025-04-01",14,3,"Uber",113091,1139,111952,212.1,438.3,4520,1044,0.0404,0.0093,22.76,12.67,35.93,2885,1118,807,807,543479.62,154452580,4062908.45
"2025-04-01",14,4,"Lyft",33035,648,32387,235,437.7,962,153,0.0297,0.0047,24.25,12.32,33.77,0,0,212,212,164490.28,48074587,1115547.89
"2025-04-01",14,4,"Uber",94239,909,93330,210.5,424,3421,809,0.0367,0.0087,23.53,12.7,37.11,2324,921,680,680,469241.53,133025809,3497590.2
"2025-04-01",14,5,"Lyft",36900,585,36315,287.1,541.2,2498,452,0.0688,0.0124,23.83,11.92,32.67,0,0,203,203,174730.39,52757321,1205396.8
"2025-04-01",14,5,"Uber",101190,820,100370,248.5,506.1,6018,1385,0.06,0.0138,23.16,12.23,35.01,2862,1290,543,543,477486.35,140592723,3542504.32
"2025-04-01",14,6,"Lyft",40989,263,40726,259.2,478.2,1672,296,0.0411,0.0073,20.95,13.12,29.69,0,0,114,114,187791.11,51526682,1216987.99
"2025-04-01",14,6,"Uber",109795,418,109377,227.9,458.6,4818,1120,0.044,0.0102,20.43,13.54,31.31,3413,1763,285,285,506419.24,134608479,3437181.26
"2025-04-01",14,7,"Lyft",33952,231,33721,278.1,509.5,1850,312,0.0549,0.0093,20.64,14.95,32.4,0,0,123,123,174623.86,42045836,1099915
"2025-04-01",14,7,"Uber",97890,402,97488,254.4,516.6,6145,1389,0.063,0.0142,20.79,15.56,34.38,3057,1593,300,300,527994.47,122127747,3365227.18
"2025-04-01",15,1,"Lyft",29686,412,29274,236.5,458.3,1221,294,0.0417,0.01,23.61,12.83,33.45,0,0,179,179,149916.22,42057580,993070.56
"2025-04-01",15,1,"Uber",87377,741,86636,214.8,452.3,4256,1208,0.0491,0.0139,22.66,12.93,35.49,2519,1027,480,480,426772.1,118822140,3101411.74
"2025-04-01",15,2,"Lyft",38052,536,37516,235.1,447.9,1300,278,0.0347,0.0074,23.69,12.1,32.73,0,0,261,261,181712.13,54083777,1245496
"2025-04-01",15,2,"Uber",112110,897,111213,208.9,437.1,4497,1003,0.0404,0.009,22.57,12.32,35.06,3162,1320,709,709,519452.21,151836180,3930786.41
"2025-04-01",15,3,"Lyft",39759,613,39146,238.2,466.6,1768,485,0.0452,0.0124,24.8,11.86,34.38,0,0,247,247,194931.31,59150933,1367004.27
"2025-04-01",15,3,"Uber",116929,1013,115916,210.5,448.5,5515,1417,0.0476,0.0122,23.54,12.01,36.53,3306,1374,733,733,550997.8,165144116,4271279.06
"2025-04-01",15,4,"Lyft",33568,496,33072,240.9,459.5,1320,352,0.0399,0.0106,25.96,11.57,35.43,0,0,187,187,168089.07,52280193,1189330.82
"2025-04-01",15,4,"Uber",97428,867,96560,211.1,434.9,3937,1049,0.0408,0.0109,24.61,11.89,38.01,2569,1015,574,574,475046.68,143861271,3703602.36
"2025-04-01",15,5,"Lyft",37190,389,36801,274.8,540.6,2582,582,0.0702,0.0158,24.49,11.51,33.78,0,0,189,189,174651.99,54648255,1256343.98
"2025-04-01",15,5,"Uber",103355,688,102666,234.6,488.9,5784,1429,0.0563,0.0139,23.8,11.74,35.29,3328,1589,470,470,481388.32,147577938,3647385.55
"2025-04-01",15,6,"Lyft",42075,227,41848,252.1,459.3,1523,236,0.0364,0.0056,21.22,12.87,29.61,0,0,129,129,191428.47,53561502,1245766.89
"2025-04-01",15,6,"Uber",113357,438,112919,218.8,437.8,4390,935,0.0389,0.0083,20.71,13.34,31.14,3671,1981,297,297,521813.63,140864181,3529735.08
"2025-04-01",15,7,"Lyft",32998,190,32808,252.4,475,1542,383,0.047,0.0117,20.92,15.15,32.29,0,0,110,110,174344.32,41420670,1065468.21
"2025-04-01",15,7,"Uber",96843,383,96460,230.1,471,4973,1244,0.0516,0.0129,20.67,15.55,33.48,3347,1787,262,262,519045.08,120128998,3242261.47
"2025-04-01",16,1,"Lyft",29962,363,29599,233.4,444.2,1037,216,0.035,0.0073,22.73,12.32,31.69,0,0,131,131,139812.57,40853191,949622.03
"2025-04-01",16,1,"Uber",89689,599,89090,211.7,446.1,4061,1027,0.0456,0.0115,22.36,12.5,34.11,2645,1081,380,380,417897.15,120322725,3058996.62
"2025-04-01",16,2,"Lyft",38285,478,37807,228.4,431.2,1120,222,0.0296,0.0059,23.51,11.78,32.39,0,0,203,203,176705.86,53993576,1239914.87
"2025-04-01",16,2,"Uber",118140,795,117345,203.6,415.2,4149,1022,0.0354,0.0087,22.37,12.03,34.14,3262,1400,558,558,530102.97,158582587,4032740.7
"2025-04-01",16,3,"Lyft",40928,546,40382,232.6,441,1312,297,0.0325,0.0074,24.55,11.55,33.62,0,0,197,197,193494.88,60298137,1376156.29
"2025-04-01",16,3,"Uber",124105,884,123221,206.3,421.6,4559,1231,0.037,0.01,23.52,11.8,35.75,3445,1476,524,524,574156.59,175108811,4436463.41
"2025-04-01",16,4,"Lyft",35172,465,34707,243.8,463.3,1394,254,0.0402,0.0073,25.79,10.97,34.8,0,0,189,189,165805.64,54422100,1223858.3
"2025-04-01",16,4,"Uber",105760,857,104902,216,440.3,4297,1120,0.041,0.0107,25.05,11.37,37.45,3029,1405,437,437,501954.43,158934195,3960900.2
"2025-04-01",16,5,"Lyft",37147,315,36832,249.1,474.8,1695,361,0.046,0.0098,23.25,11.59,32.13,0,0,160,160,166867.64,51816653,1193696.32
"2025-04-01",16,5,"Uber",108076,641,107435,218.7,446.5,4584,1173,0.0427,0.0109,23.19,11.9,33.69,3394,1593,411,411,497154.3,150384681,3640753.94
"2025-04-01",16,6,"Lyft",42669,275,42394,249.7,460.1,1545,256,0.0364,0.006,21.54,12.57,30.04,0,0,111,111,192454.71,55133141,1281826.4
"2025-04-01",16,6,"Uber",117615,494,117120,217.4,428,4257,867,0.0363,0.0074,20.85,13.17,31.34,3691,1919,293,293,538313.49,147119528,3685762.49
"2025-04-01",16,7,"Lyft",32227,174,32053,243.1,465.4,1475,487,0.046,0.0152,21.37,15.16,32.78,0,0,106,106,173955.14,41318394,1056378.34
"2025-04-01",16,7,"Uber",95976,370,95606,219.8,458.3,4995,1665,0.0522,0.0174,20.79,15.66,33.46,3011,1560,252,252,520789.35,119718398,3211750.57
"2025-04-01",17,1,"Lyft",33988,291,33697,238.5,454.1,1259,248,0.0374,0.0074,20.89,12.62,29.76,0,0,114,114,149396.12,42606570,1011547.29
"2025-04-01",17,1,"Uber",98617,491,98126,212.9,439.3,3907,901,0.0398,0.0092,20.69,12.83,32.73,3090,1454,314,314,436304.25,122449227,3227644.8
"2025-04-01",17,2,"Lyft",43409,425,42984,236.1,441.1,1381,202,0.0321,0.0047,21.57,11.56,29.87,0,0,152,152,180463.63,56192303,1296648.54
"2025-04-01",17,2,"Uber",132056,612,131443,211.7,427.2,4778,973,0.0364,0.0074,21.09,12.01,32.45,3885,1814,397,397,557528.45,167115822,4284784.82
"2025-04-01",17,3,"Lyft",46457,439,46018,246.9,467.1,1837,283,0.0399,0.0061,22.79,11.35,31.31,0,0,178,178,200221.03,63521635,1454526.87
"2025-04-01",17,3,"Uber",140658,695,139963,219.7,443.6,5634,1168,0.0403,0.0083,22.18,11.77,33.88,4060,1878,436,436,612216.33,187193706,4765314.4
"2025-04-01",17,4,"Lyft",40072,393,39679,276.5,550.6,2950,561,0.0743,0.0141,23.54,10.72,32.69,0,0,137,137,168436.83,56586126,1309927.09
"2025-04-01",17,4,"Uber",117786,689,117097,240.6,494.7,6387,1340,0.0545,0.0114,23.58,11.28,36.13,3579,1801,326,326,522044.65,166661430,4255951.58
"2025-04-01",17,5,"Lyft",42289,295,41994,252.6,469.4,1629,270,0.0388,0.0064,21.63,11.93,29.98,0,0,142,142,181857.05,54881353,1267869.9
"2025-04-01",17,5,"Uber",121550,556,120994,221.4,438.9,4549,1006,0.0376,0.0083,21.48,12.36,31.65,3839,1907,350,350,537867.23,156669711,3846809.73
"2025-04-01",17,6,"Lyft",47543,240,47303,261,481.4,2208,422,0.0467,0.0089,20.99,12.41,29.05,0,0,136,136,206338.26,59877257,1381208.17
"2025-04-01",17,6,"Uber",124713,473,124240,227.9,447.1,5175,1194,0.0417,0.0096,20.3,13.17,30.97,3903,2150,248,248,555804.68,151905314,3862172.08
"2025-04-01",17,7,"Lyft",33828,162,33666,238.4,447.7,1251,306,0.0372,0.0091,20.43,15.27,30.75,0,0,102,102,175918.41,41465555,1040160.12
"2025-04-01",17,7,"Uber",95091,378,94713,215,437.1,4005,1067,0.0423,0.0113,19.94,15.85,32.26,2919,1492,255,255,500849.6,113784597,3067480.12
"2025-04-01",18,1,"Lyft",33575,199,33376,221.6,409.6,825,155,0.0247,0.0046,18.56,14.27,28.21,0,0,122,122,148239.14,37391662,947059.32
"2025-04-01",18,1,"Uber",95250,332,94918,201.4,404.8,3041,663,0.032,0.007,18.32,14.67,31.51,2889,1353,215,215,426790.82,104723637,3001516.92
"2025-04-01",18,2,"Lyft",43846,262,43584,222.3,408.8,1021,197,0.0234,0.0045,19.49,12.94,28.8,0,0,126,126,184362.72,51280171,1262879.93
"2025-04-01",18,2,"Uber",133820,430,133390,203.6,404.9,3946,843,0.0296,0.0063,19.22,13.5,31.43,3580,1573,317,317,578880.48,154316989,4206197.78
"2025-04-01",18,3,"Lyft",47495,306,47189,228.6,427.7,1280,221,0.0271,0.0047,20.07,12.56,29.34,0,0,146,146,199579.03,57185425,1393400.58
"2025-04-01",18,3,"Uber",143019,461,142558,208.9,414.8,4563,920,0.032,0.0065,19.88,13.24,32.42,3929,1840,381,381,627506.76,170588531,4636053.94
"2025-04-01",18,4,"Lyft",41745,269,41476,254.8,502.2,2276,439,0.0549,0.0106,21.26,12.03,31.18,0,0,112,112,177932.43,53259227,1301489.14
"2025-04-01",18,4,"Uber",118804,421,118383,227.8,462,5173,1044,0.0437,0.0088,21.16,12.73,34.41,3587,1890,296,296,533634.05,150853383,4088318.74
"2025-04-01",18,5,"Lyft",48015,235,47780,250.3,464.3,1795,312,0.0376,0.0065,20.03,12.61,28.54,0,0,138,138,202163.13,57700837,1370296.59
"2025-04-01",18,5,"Uber",132048,407,131638,221.5,432.5,4623,1010,0.0351,0.0077,19.89,13.16,30.58,4022,2162,301,301,575862.62,157575586,4038142.24
"2025-04-01",18,6,"Lyft",51702,239,51463,255.3,461.9,1902,308,0.037,0.006,20.57,12.65,28.41,0,0,129,129,224125.47,63802256,1468653.13
"2025-04-01",18,6,"Uber",130172,454,129718,223.4,434.7,4590,971,0.0354,0.0075,19.72,13.47,30.27,4082,2360,281,281,576289.52,154010579,3940897.48
"2025-04-01",18,7,"Lyft",35692,118,35574,233.8,435.1,1236,439,0.0347,0.0123,20.11,15.62,30.06,0,0,114,114,186874.84,43059039,1073039.85
"2025-04-01",18,7,"Uber",93612,299,93313,212.2,433.9,4293,1533,0.046,0.0164,19.43,16.27,32.32,3006,1508,208,208,493208.53,109111453,3025752.36
"2025-04-01",19,1,"Lyft",29782,119,29663,209.3,386.9,632,155,0.0213,0.0052,17.65,16.54,27.59,0,0,72,72,144916.32,31546602,821659.31
"2025-04-01",19,1,"Uber",82924,159,82765,192.7,396.9,2715,580,0.0328,0.007,17.16,17.13,31.79,2377,1023,161,161,406311.84,85367069,2636367.99
"2025-04-01",19,2,"Lyft",40799,153,40646,207.9,378.7,739,164,0.0182,0.004,18.07,15.48,28.15,0,0,91,91,190252.36,44234536,1148337.25
"2025-04-01",19,2,"Uber",119177,214,118963,191.2,383.9,3405,642,0.0286,0.0054,17.84,16.16,32.05,3280,1467,231,231,572632.83,127573287,3819265.95
"2025-04-01",19,3,"Lyft",46443,189,46254,214.1,393.5,915,161,0.0198,0.0035,18.65,14.89,28.49,0,0,104,104,214895.3,51958983,1323377.88
"2025-04-01",19,3,"Uber",134318,228,134090,197.4,393.3,3718,760,0.0277,0.0057,18.42,15.51,32.6,3706,1730,230,230,639440.97,148447425,4378905.39
"2025-04-01",19,4,"Lyft",38756,169,38587,222.9,410.6,922,171,0.0239,0.0044,19.56,14.1,29.27,0,0,83,83,178132.34,45480279,1134554.5
"2025-04-01",19,4,"Uber",109601,210,109391,204.7,401.1,3184,634,0.0291,0.0058,19.42,14.96,33.34,3326,1679,234,234,530767.03,127696459,3653866.66
"2025-04-01",19,5,"Lyft",49538,145,49393,252,467,1920,278,0.0389,0.0056,18.93,13.26,26.99,0,0,85,85,207128.98,56251529,1337226.49
"2025-04-01",19,5,"Uber",131061,211,130850,227.3,441.4,4834,944,0.0369,0.0072,18.77,13.93,29.41,4245,2326,228,228,570971.8,147577776,3854941.61
"2025-04-01",19,6,"Lyft",51209,158,51051,276.3,523.2,3153,645,0.0618,0.0126,19.34,12.56,27.45,0,0,97,97,207274.48,59410053,1405782.52
"2025-04-01",19,6,"Uber",140371,231,140140,263.9,562.6,11775,3175,0.084,0.0227,18.92,13.26,29.92,4665,2797,194,194,586938.32,159356153,4199468.09
"2025-04-01",19,7,"Lyft",33358,97,33261,241.3,459.3,1493,551,0.0449,0.0166,19.48,16.07,28.89,0,0,98,98,174061.4,38994523,963663.39
"2025-04-01",19,7,"Uber",91785,174,91611,225.6,479.1,5363,1917,0.0585,0.0209,19.06,16.73,30.83,3290,1795,212,212,487901.79,104989690,2829896.9
"2025-04-01",20,1,"Lyft",29478,86,29392,217.4,408.8,867,194,0.0295,0.0066,17.8,17.73,28.15,0,0,54,54,154992.24,31479031,829684.69
"2025-04-01",20,1,"Uber",83809,99,83710,202.3,425,3477,753,0.0415,0.009,17.31,18.25,33.23,2509,1158,152,152,441265.33,87028868,2785139.31
"2025-04-01",20,2,"Lyft",42347,164,42183,216.2,395.6,913,208,0.0216,0.0049,18.42,17.11,29.55,0,0,88,88,222435.18,46792034,1251332.64
"2025-04-01",20,2,"Uber",121427,118,121309,200.4,407.6,4204,795,0.0347,0.0066,18.19,17.88,35.1,3742,1902,204,204,657892.75,132493442,4262370.15
"2025-04-01",20,3,"Lyft",46161,164,45997,217.4,396.1,1001,168,0.0218,0.0037,18.84,16.78,29.81,0,0,86,86,243244.38,52191503,1375959.85
"2025-04-01",20,3,"Uber",130910,169,130741,200.3,405.1,4200,906,0.0321,0.0069,18.42,17.48,35.22,4062,2135,210,210,702287.01,144652656,4611107.73
"2025-04-01",20,4,"Lyft",37901,123,37778,223.1,408.5,1054,276,0.0279,0.0073,19.27,15.88,29.98,0,0,59,59,193347.37,43827219,1136195.96
"2025-04-01",20,4,"Uber",107381,111,107270,203.8,415.4,3794,845,0.0354,0.0079,19.33,16.82,35.9,3605,1949,156,156,581989.23,124567252,3855030.83
"2025-04-01",20,5,"Lyft",48798,97,48701,242.1,455.3,1792,321,0.0368,0.0066,18.42,14.09,26.58,0,0,78,78,211096.81,53942088,1297233.61
"2025-04-01",20,5,"Uber",122839,117,122722,218.5,439.1,4763,1019,0.0388,0.0083,18.26,14.72,29.24,4564,2716,187,187,550362.87,134612496,3591281.96
"2025-04-01",20,6,"Lyft",50754,135,50619,259.7,483.1,2232,322,0.0441,0.0064,18.83,13.6,26.64,0,0,96,96,216754.68,57355499,1351935.11
"2025-04-01",20,6,"Uber",130836,153,130683,241.7,499.5,7539,1692,0.0577,0.0129,18.59,14.45,28.62,5109,3313,203,203,585674.78,145908206,3745164.26
"2025-04-01",20,7,"Lyft",34009,52,33957,260.2,509.1,2015,474,0.0593,0.014,19.09,16.49,28.47,0,0,80,80,178444.82,38945270,968076.45
"2025-04-01",20,7,"Uber",92533,110,92423,243.2,529.7,6716,1840,0.0727,0.0199,18.71,16.99,29.96,3875,2298,207,207,490366.4,103895993,2772128.49
"2025-04-01",21,1,"Lyft",28686,66,28620,231.2,447.6,1283,382,0.0448,0.0133,18.2,18.61,30.58,0,0,52,52,161878.89,31321511,877111.34
"2025-04-01",21,1,"Uber",80445,83,80362,217.3,483.9,4854,1326,0.0604,0.0165,17.49,18.82,34.17,2930,1507,136,136,441306.42,84429474,2749162.4
"2025-04-01",21,2,"Lyft",42283,97,42186,244.3,463.5,1760,382,0.0417,0.0091,18.66,17.92,31.71,0,0,97,97,235607.6,47340223,1340695.76
"2025-04-01",21,2,"Uber",118635,167,118468,229,486,6515,1409,0.055,0.0119,18.41,18.76,36.97,4411,2563,155,155,682711.61,131034066,4385775.54
"2025-04-01",21,3,"Lyft",46025,128,45897,241.9,460.8,1947,421,0.0424,0.0092,19.29,17.97,32.51,0,0,88,88,265868.8,53276648,1496390.07
"2025-04-01",21,3,"Uber",129209,121,129087,226.6,481.9,6801,1482,0.0527,0.0115,18.72,18.55,37.36,4729,2710,165,165,747750.73,145120570,4827007.7
"2025-04-01",21,4,"Lyft",36096,102,35994,233.6,440.4,1370,363,0.0381,0.0101,19.62,17.12,32.27,0,0,72,72,202097.73,42486059,1164895.17
"2025-04-01",21,4,"Uber",106770,130,106640,213.9,461.4,5455,1370,0.0512,0.0128,19.32,17.88,37.33,4272,2651,137,137,614732.96,123771010,3986028.35
"2025-04-01",21,5,"Lyft",49066,114,48952,233.7,432.7,1476,272,0.0302,0.0056,18.69,14.92,27.62,0,0,85,85,227996.49,55015400,1355121.42
"2025-04-01",21,5,"Uber",118385,116,118268,211.7,436.1,4825,1088,0.0408,0.0092,18.29,15.61,30.21,4918,3157,159,159,563188.48,129887125,3576479.46
"2025-04-01",21,6,"Lyft",51193,81,51112,250.7,458.4,1790,285,0.035,0.0056,18.97,14.55,27.77,0,0,62,62,235431.64,58270755,1421559.8
"2025-04-01",21,6,"Uber",126765,152,126613,229.7,460.1,5601,1211,0.0442,0.0096,18.48,15.29,29.21,5273,3489,164,164,596969.91,140526857,3702647.81
"2025-04-01",21,7,"Lyft",33960,41,33919,269.2,538.8,2457,580,0.0724,0.0171,18.75,17.4,29.69,0,0,59,59,184706.81,38206740,1008390.06
"2025-04-01",21,7,"Uber",87280,84,87196,247.2,553.1,7033,1777,0.0807,0.0204,18.21,17.79,30.12,4354,2799,168,168,471178.11,95350640,2628894.59
"2025-04-01",22,1,"Lyft",27031,46,26985,246.2,523.8,1995,653,0.0739,0.0242,18.85,18.85,31.47,0,0,39,39,160105.87,30575694,850682.61
"2025-04-01",22,1,"Uber",73568,58,73510,228.3,537.4,5782,1768,0.0787,0.0241,18.06,19.12,33.95,3706,2255,91,91,423303.36,79712163,2497600.87
"2025-04-01",22,2,"Lyft",41158,81,41077,260.9,521.1,2713,692,0.066,0.0168,18.71,17.95,31.79,0,0,58,58,230314.96,46192726,1308452.14
"2025-04-01",22,2,"Uber",109484,97,109387,252.1,554.2,8865,2096,0.081,0.0192,18.7,18.88,36.37,5248,3367,128,128,644488.77,122865078,3982302.67
"2025-04-01",22,3,"Lyft",44268,83,44185,259.6,519.6,2820,630,0.0638,0.0143,19.26,17.57,32.1,0,0,56,56,249574.55,51150926,1420902.5
"2025-04-01",22,3,"Uber",119251,102,119149,245.4,533.4,8608,2058,0.0722,0.0173,19.04,18.49,36.74,5545,3622,146,146,699805.7,136255830,4381141.03
"2025-04-01",22,4,"Lyft",35386,88,35298,264.6,529.4,2520,737,0.0714,0.0209,20.1,17.06,33.3,0,0,54,54,202170.5,42666786,1178450.7
"2025-04-01",22,4,"Uber",105107,101,105006,247.8,538.3,7950,2332,0.0757,0.0222,19.87,17.86,37.04,5170,3483,120,120,621758.02,125306465,3892960.33
"2025-04-01",22,5,"Lyft",52837,89,52748,259,490.6,2750,626,0.0521,0.0119,19.45,14.69,28.62,0,0,64,64,251533.8,61649129,1512011.59
"2025-04-01",22,5,"Uber",125021,94,124927,235.6,490.1,7132,1844,0.0571,0.0148,19.1,15.48,31.45,6185,4342,146,146,616052.16,143240619,3931531.38
"2025-04-01",22,6,"Lyft",54553,99,54454,276.9,506.8,2770,433,0.0509,0.008,19.39,14.99,29.02,0,0,78,78,264274.31,63452460,1583318.7
"2025-04-01",22,6,"Uber",132225,134,132091,256.4,512,7989,1654,0.0605,0.0125,18.69,15.84,30.32,6233,4504,141,141,652488.69,148251609,4008877.37
"2025-04-01",22,7,"Lyft",33006,49,32957,276,569.7,2857,916,0.0867,0.0278,18.29,18.38,29.63,0,0,53,53,184966.16,36223737,977865.02
"2025-04-01",22,7,"Uber",81672,51,81621,260.7,592.1,7891,2461,0.0967,0.0302,17.77,18.87,29.94,5121,3503,112,112,456271.84,87056706,2445231.18
"2025-04-01",23,1,"Lyft",21856,33,21823,236.7,487,1226,300,0.0562,0.0137,17.91,19.16,29.79,0,0,26,26,125056.95,23491546,651187.44
"2025-04-01",23,1,"Uber",58770,36,58734,224.7,523.4,4256,1015,0.0725,0.0173,17.35,19.48,31.07,3591,2290,66,66,330970.57,61176356,1826158.26
"2025-04-01",23,2,"Lyft",32741,57,32684,235.8,451.9,1341,284,0.041,0.0087,17.83,18.51,29.87,0,0,41,41,180087.17,35018939,978063.24
"2025-04-01",23,2,"Uber",87229,73,87156,226.4,488.4,5187,1085,0.0595,0.0124,17.78,19.16,32.4,4867,3103,72,72,495277.34,93044944,2826582.4
"2025-04-01",23,3,"Lyft",36256,66,36190,239.2,463.6,1677,368,0.0463,0.0102,18.82,18.2,30.97,0,0,51,51,206974.65,40934390,1122901.5
"2025-04-01",23,3,"Uber",95966,60,95906,223.5,480.5,5343,1204,0.0557,0.0126,18.18,18.7,32.89,5689,3833,80,80,543831.22,104706474,3156445.35
"2025-04-01",23,4,"Lyft",29955,53,29902,249.5,474.3,1348,238,0.0451,0.008,18.9,17.37,31.1,0,0,35,35,163952.24,33976373,931560.74
"2025-04-01",23,4,"Uber",88428,67,88361,237.8,501,5285,1221,0.0598,0.0138,19.15,18.02,33.95,5313,3752,64,64,508425.23,101593274,3002023.09
"2025-04-01",23,5,"Lyft",49968,73,49895,285.5,528.3,3167,430,0.0635,0.0086,18.4,15.09,28.72,0,0,57,57,231360.13,55176980,1434936.14
"2025-04-01",23,5,"Uber",122790,70,122720,270.5,543.7,8897,1833,0.0725,0.0149,18.5,16.13,31.14,7372,5496,109,109,610892.03,136307403,3823150.9
"2025-04-01",23,6,"Lyft",51940,80,51860,307.7,570.9,4325,877,0.0834,0.0169,18.53,15.67,29.62,0,0,65,65,251314.76,57751581,1538294.08
"2025-04-01",23,6,"Uber",133374,103,133271,309,602.4,13473,3138,0.1011,0.0235,18.48,16.55,31.08,7700,5773,114,114,680032.82,147914331,4144712.16
"2025-04-01",23,7,"Lyft",27374,48,27326,267.8,556.2,2209,496,0.0808,0.0182,17.6,19.72,29.34,0,0,34,34,158344.95,28906110,803119.95
"2025-04-01",23,7,"Uber",68438,41,68397,259.4,589.9,6513,1524,0.0952,0.0223,17.17,20.11,29.34,5025,3451,72,72,393859.72,70507778,2007697.63
"2025-05-01",0,1,"Lyft",25172,33,25139,283.8,609.3,2605,875,0.1036,0.0348,16.86,20,28.61,0,0,36,36,141521.98,25469811,720059.36
"2025-05-01",0,1,"Uber",53650,30,53620,277.4,619.7,5846,1675,0.109,0.0312,16.86,20.29,29.67,4242,2925,55,55,305882.43,54264288,1591743.94
"2025-05-01",0,2,"Lyft",19997,41,19956,270.4,654.5,2381,835,0.1193,0.0418,17.82,20.18,30.17,0,0,32,32,119829.1,21379897,603265.89
"2025-05-01",0,2,"Uber",44689,24,44665,258.3,601.4,4488,1235,0.1005,0.0277,17.21,20.12,31.72,3555,2205,38,38,257903.52,46155036,1417709.31
"2025-05-01",0,3,"Lyft",21425,40,21385,248.7,545.9,1726,512,0.0807,0.0239,18.2,19.31,29.94,0,0,38,38,125496.01,23398415,641372.53
"2025-05-01",0,3,"Uber",45831,32,45799,236.1,532.8,3413,850,0.0745,0.0186,17.65,19.88,33.39,3178,1831,38,38,268029.63,48534789,1530082.48
"2025-05-01",0,4,"Lyft",29735,44,29690,247.4,509.9,1943,595,0.0654,0.02,18.08,18.74,29.73,0,0,45,45,167864.04,32255583,884124.07
"2025-05-01",0,4,"Uber",67239,28,67211,240.9,548.6,5360,1424,0.0797,0.0212,17.93,19.35,33.15,4747,2996,50,50,388713.36,72320545,2229068.88
"2025-05-01",0,5,"Lyft",37392,53,37339,260.5,547,2943,967,0.0788,0.0259,18.52,18.06,30.72,0,0,52,52,208449.54,41548186,1148497.08
"2025-05-01",0,5,"Uber",82310,46,82264,258.6,574.8,7332,1961,0.0891,0.0238,18.93,18.88,34.65,5847,3793,70,70,490141.75,93480023,2852128.12
"2025-05-01",0,6,"Lyft",59676,86,59590,285.7,569.8,5054,1142,0.0848,0.0192,17.88,15.94,29.05,0,0,87,87,283490.63,64022051,1733479.15
"2025-05-01",0,6,"Uber",124483,64,124419,282.4,596.7,12215,2866,0.0982,0.023,18.93,16.93,33.25,8435,5955,74,74,664938,141383695,4139358.61
"2025-05-01",0,7,"Lyft",49582,71,49511,307.8,590.4,4677,932,0.0945,0.0188,17.86,15.29,29.5,0,0,75,75,225652.84,53124910,1462521.99
"2025-05-01",0,7,"Uber",112145,43,112102,315.6,638.4,13367,3640,0.1192,0.0325,18.61,16.67,32.44,7240,5388,98,98,579988.86,125229233,3637708.65
"2025-05-01",1,1,"Lyft",15907,26,15881,260,523.7,1052,279,0.0662,0.0176,16.49,20.76,27.54,0,0,22,22,90763.38,15737493,438129.21
"2025-05-01",1,1,"Uber",33540,29,33511,262.5,584.6,3114,811,0.0929,0.0242,16.09,20.92,28.29,2566,1554,35,35,188218.48,32384018,949005.16
"2025-05-01",1,2,"Lyft",12397,16,12381,263.2,662.6,1443,766,0.1165,0.0619,17.63,21.18,30.44,0,0,20,20,77174.48,13116596,377420.38
"2025-05-01",1,2,"Uber",27224,22,27202,252.3,597.4,2675,812,0.0983,0.0299,16.45,20.81,31.4,1980,1076,31,31,155340.7,26874236,854939.75
"2025-05-01",1,3,"Lyft",12231,19,12212,227.6,446.1,488,101,0.04,0.0083,16.83,20.34,28.5,0,0,18,18,69817.31,12354486,348557.22
"2025-05-01",1,3,"Uber",26715,28,26687,220.5,490.2,1507,320,0.0565,0.012,16.3,20.53,30.91,1805,1010,26,26,149057.07,26131267,825708.48
"2025-05-01",1,4,"Lyft",18124,32,18092,225.1,449.1,914,394,0.0505,0.0218,16.97,19.83,28.62,0,0,25,25,101671.49,18458555,518640.25
"2025-05-01",1,4,"Uber",40707,34,40673,222.2,503,2653,792,0.0652,0.0195,16.69,20.16,31.29,2834,1694,32,32,228258.73,40765240,1273802.08
"2025-05-01",1,5,"Lyft",24328,36,24292,226.4,429.2,878,201,0.0361,0.0083,17.19,18.79,28.54,0,0,25,25,130968.73,25095981,694287.14
"2025-05-01",1,5,"Uber",54225,38,54187,227.1,499.4,3296,818,0.0608,0.0151,17.32,19.59,31.86,3838,2477,34,34,306633.93,56339700,1727490.92
"2025-05-01",1,6,"Lyft",48644,58,48586,274.1,555.4,3881,974,0.0799,0.02,17.32,16.79,28.52,0,0,47,47,235749.53,50539161,1387209.38
"2025-05-01",1,6,"Uber",98683,41,98642,265.3,568.6,8452,2006,0.0857,0.0203,18.05,17.74,32.46,7054,5197,66,66,526636.3,106847367,3203125.77
"2025-05-01",1,7,"Lyft",40648,64,40584,279,535.3,2765,525,0.0681,0.0129,17.45,16.74,28.42,0,0,40,40,197846.75,42552918,1155388.18
"2025-05-01",1,7,"Uber",88134,54,88080,279.3,576.9,7856,1910,0.0892,0.0217,17.59,17.97,30.55,6147,4530,71,71,464112.61,93001808,2692498.74
"2025-05-01",2,1,"Lyft",11064,67,10997,266.3,511.2,623,112,0.0567,0.0102,15.97,20.3,26.6,0,0,13,13,59800.09,10603384,294264.12
"2025-05-01",2,1,"Uber",22698,95,22603,274.9,587.4,2100,505,0.0929,0.0223,15.87,21.32,28.12,1694,904,23,23,128010.53,21611794,638203.55
"2025-05-01",2,2,"Lyft",7801,47,7754,255.1,564.6,691,311,0.0891,0.0401,16.24,21.06,28.49,0,0,9,9,44481.12,7603393,222260.8
"2025-05-01",2,2,"Uber",17673,79,17594,259.1,577.5,1554,363,0.0883,0.0206,15.91,21.47,29.93,1261,580,12,12,100596.41,16871492,528959.1
"2025-05-01",2,3,"Lyft",7639,44,7595,227.3,418.1,212,45,0.0279,0.0059,15.79,20.11,26.31,0,0,10,10,40447.48,7239269,201017.28
"2025-05-01",2,3,"Uber",17109,85,17024,230.1,495.9,1017,224,0.0597,0.0132,15.58,21.04,28.68,1173,540,14,14,93468.76,15993697,490661.93
"2025-05-01",2,4,"Lyft",11341,84,11257,225.4,417.6,331,76,0.0294,0.0068,16.36,19.98,27.67,0,0,18,18,61759.36,11129512,313749.54
"2025-05-01",2,4,"Uber",26179,142,26037,229.8,501.4,1553,366,0.0596,0.0141,16.25,20.91,30.05,1828,952,20,20,148223.61,25520500,786761.33
"2025-05-01",2,5,"Lyft",15795,84,15711,219,403.5,468,157,0.0298,0.01,16.75,19.69,28.07,0,0,21,21,86830.47,15873939,443318.32
"2025-05-01",2,5,"Uber",35205,114,35091,224.5,488.7,2078,596,0.0592,0.017,16.59,20.34,31.23,2703,1614,21,21,198003.28,35047518,1099472.46
"2025-05-01",2,6,"Lyft",38006,95,37911,275.1,528.9,2475,422,0.0653,0.0111,16.86,17.66,28.24,0,0,47,47,188575.11,38440163,1073416
"2025-05-01",2,6,"Uber",75450,109,75340,276.1,572.9,6589,1550,0.0875,0.0206,17.39,18.66,31.55,5921,4221,40,40,408123.6,78731152,2380335.56
"2025-05-01",2,7,"Lyft",32462,97,32365,283.2,556.9,2558,442,0.079,0.0137,17.06,17.88,28.63,0,0,34,34,165014.28,33226704,929282.68
"2025-05-01",2,7,"Uber",66820,80,66740,280,586.9,6228,1455,0.0933,0.0218,17.19,18.95,30.85,4900,3490,47,47,362725.98,68908362,2061293.99
"2025-05-01",3,1,"Lyft",9380,365,9015,293.2,551.3,686,136,0.0761,0.0151,16.63,22.14,30.96,0,0,16,16,57556.64,9360435,290405.35
"2025-05-01",3,1,"Uber",17718,593,17125,299.2,636.3,1983,502,0.1158,0.0293,16.83,23.5,34.07,1233,623,9,9,116786.54,17892865,603634.81
"2025-05-01",3,2,"Lyft",6640,295,6345,269.4,489.4,280,55,0.0441,0.0087,16.8,22.41,30.65,0,0,19,19,41657.09,6691747,203495.92
"2025-05-01",3,2,"Uber",14758,506,14252,270.5,566.9,1216,301,0.0853,0.0211,16.4,23.22,32.54,906,408,6,6,93686.89,14525605,480231.82
"2025-05-01",3,3,"Lyft",6777,277,6500,251.7,464.9,231,40,0.0355,0.0062,17.22,22.46,31.43,0,0,10,10,43692.81,7002139,213014.12
"2025-05-01",3,3,"Uber",14690,490,14200,254.4,531.3,1028,217,0.0724,0.0153,16.53,23.42,33.43,892,392,10,10,94792.69,14568344,491073.98
"2025-05-01",3,4,"Lyft",9915,488,9427,253.8,452.7,325,58,0.0345,0.0062,17.74,22.43,32.56,0,0,12,12,65756.45,10552979,322803.66
"2025-05-01",3,4,"Uber",21952,791,21161,257.7,541.2,1570,359,0.0742,0.017,17.29,22.98,34.65,1434,671,13,13,145396.2,22775283,760603.45
"2025-05-01",3,5,"Lyft",13280,537,12743,246.7,457.9,546,214,0.0428,0.0168,17.68,22.05,32.04,0,0,22,22,86273.03,14084983,425557.07
"2025-05-01",3,5,"Uber",28318,881,27437,249.5,518.9,1886,551,0.0687,0.0201,17.25,22.49,34.4,1975,1058,13,13,183080.28,29307945,974058.63
"2025-05-01",3,6,"Lyft",28084,385,27699,271.2,523.7,1803,412,0.0651,0.0149,17.32,19.23,29.68,0,0,34,34,155903.29,29192543,833474.9
"2025-05-01",3,6,"Uber",56980,578,56402,275.9,572.5,4899,1067,0.0869,0.0189,17.44,20.19,32.14,4762,3231,18,18,334360.43,59620500,1831357.25
"2025-05-01",3,7,"Lyft",25467,357,25110,287.4,558,1971,402,0.0785,0.016,17.44,19.48,30.65,0,0,30,30,144179.57,26650921,780489.74
"2025-05-01",3,7,"Uber",51093,539,50554,290.1,601.5,5074,1301,0.1004,0.0257,17.4,20.38,32.87,4037,2782,21,21,302123.61,53356211,1679536.5
"2025-05-01",4,1,"Lyft",12631,1030,11601,350.7,640.2,1464,262,0.1262,0.0226,17.37,23.62,38.51,0,0,11,11,86358.41,13163971,486378.38
"2025-05-01",4,1,"Uber",21104,1227,19877,366.2,747,3667,1100,0.1845,0.0553,18.35,25.97,46.78,1277,610,7,7,167622.64,23238111,987322.82
"2025-05-01",4,2,"Lyft",10098,862,9236,310.6,568.4,763,125,0.0826,0.0135,17.6,23.86,35.03,0,0,8,8,70680.69,10665347,353724.72
"2025-05-01",4,2,"Uber",20178,1056,19122,295.6,593.6,1855,442,0.097,0.0231,17.92,25.6,40.59,1146,540,12,12,154272.02,21692106,819125.33
"2025-05-01",4,3,"Lyft",10292,830,9462,298.1,537.9,629,99,0.0665,0.0105,17.83,23.65,34.84,0,0,11,11,72320.19,11008280,358573.6
"2025-05-01",4,3,"Uber",20331,1197,19134,280.5,552,1516,288,0.0792,0.0151,18.17,25.31,40.63,1197,544,21,21,155763.73,22159050,826049.57
"2025-05-01",4,4,"Lyft",15022,1489,13533,322.3,594.5,1298,217,0.0959,0.016,18.71,23.35,39.53,0,0,14,14,109398.8,16863816,593759.47
"2025-05-01",4,4,"Uber",28608,1810,26798,313.7,643,3235,900,0.1207,0.0336,19.36,24.98,46.12,1726,890,30,30,230606.42,33237843,1319413.39
"2025-05-01",4,5,"Lyft",17283,1600,15683,326.5,588.4,1441,247,0.0919,0.0157,18.35,23.35,38.49,0,0,16,16,123428.31,19028538,665290.53
"2025-05-01",4,5,"Uber",32656,1936,30720,318.1,629.1,3521,862,0.1146,0.0281,19.28,24.86,45.6,2168,1212,23,23,260812.63,37774971,1489016.11
"2025-05-01",4,6,"Lyft",24081,931,23150,315.1,612.9,2450,596,0.1058,0.0257,17.78,21.01,33.31,0,0,36,36,149932.73,25687284,802234.51
"2025-05-01",4,6,"Uber",46111,991,45120,316.1,638.7,5404,1385,0.1198,0.0307,18.04,22.3,37.2,3802,2464,26,26,309250.24,49916063,1715550.94
"2025-05-01",4,7,"Lyft",21859,755,21104,334.1,634.9,2508,537,0.1188,0.0254,17.3,20.69,33.6,0,0,22,22,130383.33,22690473,734418.62
"2025-05-01",4,7,"Uber",39854,902,38952,353.4,748.1,6844,2157,0.1757,0.0554,18.26,22.38,39.78,3215,2078,24,24,271413.4,43668353,1585262.39
"2025-05-01",5,1,"Lyft",16285,1184,15101,294.6,545.8,1062,194,0.0703,0.0128,18.86,22.59,36.93,0,0,22,22,115592.98,18425239,601442.02
"2025-05-01",5,1,"Uber",31494,1284,30210,292.3,589.1,2852,740,0.0944,0.0245,19.25,23.84,43.44,2031,1126,21,21,240908.46,36376805,1368126.11
"2025-05-01",5,2,"Lyft",14540,1039,13501,260.2,474.6,569,105,0.0421,0.0078,18.67,22.05,34.91,0,0,21,21,99733.78,16284264,507637.1
"2025-05-01",5,2,"Uber",32858,1191,31667,250.1,480.8,1600,347,0.0505,0.011,18.56,23.5,38.91,1772,928,23,23,238824.59,36581094,1278480.92
"2025-05-01",5,3,"Lyft",14782,1074,13708,252.9,450.2,435,83,0.0317,0.0061,18.95,22.02,35.17,0,0,31,31,102807.32,16810541,519883.62
"2025-05-01",5,3,"Uber",33110,1309,31801,242.3,462.2,1432,272,0.045,0.0086,18.59,23.11,38.82,1791,958,35,35,237114.54,36930274,1285488.18
"2025-05-01",5,4,"Lyft",21355,1512,19843,290.5,530.6,1250,202,0.063,0.0102,19.55,21.27,37.81,0,0,30,30,148031.05,25053973,807418.42
"2025-05-01",5,4,"Uber",43771,1823,41948,275.7,548.4,3227,761,0.0769,0.0181,20.07,22.57,43.67,2446,1333,26,26,330436,52714691,1911675.67
"2025-05-01",5,5,"Lyft",22312,1724,20588,301.7,548.1,1449,206,0.0704,0.01,19.53,22.03,38.95,0,0,41,41,159966.39,26141401,869010.88
"2025-05-01",5,5,"Uber",45151,1882,43269,284.3,564.7,3570,776,0.0825,0.0179,20.15,23.45,45.73,2561,1423,41,41,355564.83,54584750,2064940.03
"2025-05-01",5,6,"Lyft",21322,1376,19946,277.2,506.7,1048,192,0.0525,0.0096,18.48,22.4,34.53,0,0,22,22,147088.13,23641517,736245.83
"2025-05-01",5,6,"Uber",41455,1177,40278,268.2,536.9,2915,631,0.0724,0.0157,18.85,23.39,38.69,3098,1901,32,32,304562.48,46882130,1603893.35
"2025-05-01",5,7,"Lyft",17076,899,16177,284.3,513.1,918,160,0.0567,0.0099,17.78,22.66,33.37,0,0,23,23,114624.78,18213658,569792.08
"2025-05-01",5,7,"Uber",33202,923,32279,287.2,581.4,2949,728,0.0914,0.0226,17.95,24.04,38.05,2374,1374,18,18,238828.8,35767974,1263197.25
"2025-05-01",6,1,"Lyft",22816,1010,21806,266.9,500.5,1129,196,0.0518,0.009,19.78,19.03,33.66,0,0,36,36,143181.18,27081177,767884.7
"2025-05-01",6,1,"Uber",51911,1389,50522,260.5,524.8,3361,731,0.0665,0.0145,20.13,19.7,37.17,3157,2049,35,35,342945.02,62683470,1929517.44
"2025-05-01",6,2,"Lyft",24073,1095,22978,249.5,461,824,109,0.0359,0.0047,19.97,17.73,32.32,0,0,25,25,142045.66,28843093,777993.76
"2025-05-01",6,2,"Uber",57625,1266,56359,239,464.6,2427,450,0.0431,0.008,19.75,18.43,35.27,2764,1621,58,58,349719.47,68302263,2032667.61
"2025-05-01",6,3,"Lyft",24813,1065,23748,245.6,448.7,709,101,0.0299,0.0043,19.71,17.71,31.83,0,0,29,29,144374.13,29341460,789815.55
"2025-05-01",6,3,"Uber",59744,1434,58310,237.5,455.5,2315,393,0.0397,0.0067,19.49,18.49,34.77,3095,1875,51,51,358828.54,69870994,2077233.11
"2025-05-01",6,4,"Lyft",32692,1368,31324,276.3,513.6,1763,244,0.0563,0.0078,19.87,17.14,33.17,0,0,33,33,185579,38980144,1084301.18
"2025-05-01",6,4,"Uber",77096,2053,75043,260.4,508.8,4457,967,0.0594,0.0129,20.75,18.12,37.62,3799,2383,73,73,482975.18,95964769,2900490.65
"2025-05-01",6,5,"Lyft",32809,1379,31430,273.1,500.6,1482,224,0.0472,0.0071,19.71,18.35,33.33,0,0,45,45,197754.33,38804931,1093436.92
"2025-05-01",6,5,"Uber",74453,1846,72607,260.2,504.9,4070,875,0.0561,0.0121,20.47,19.35,37.73,3996,2553,67,67,491566.01,91459076,2808949.57
"2025-05-01",6,6,"Lyft",23803,1121,22682,264.8,485.1,1038,165,0.0458,0.0073,18.23,22.08,32.96,0,0,26,26,159678.63,26037040,784596.55
"2025-05-01",6,6,"Uber",51917,1082,50835,254,505,2960,647,0.0582,0.0127,18.52,22.84,35.89,3787,2383,34,34,366124.53,57704066,1863059.32
"2025-05-01",6,7,"Lyft",17063,784,16279,274.3,501.7,800,109,0.0491,0.0067,17.76,23.01,32.85,0,0,17,17,116268,18187313,560471.79
"2025-05-01",6,7,"Uber",37397,828,36569,271,546.7,2798,645,0.0765,0.0176,18.02,23.87,35.6,2925,1863,23,23,268210.34,40444458,1331157.94
"2025-05-01",7,1,"Lyft",32902,1548,31354,311.4,617.8,3468,648,0.1106,0.0207,20.25,14.75,31.96,0,0,50,50,163765.17,39969349,1051593.29
"2025-05-01",7,1,"Uber",74351,1581,72770,304.4,637,8713,2109,0.1197,0.029,20.61,15.55,36.64,3809,2266,122,122,397066.13,91953572,2724353.11
"2025-05-01",7,2,"Lyft",38637,1759,36878,313.8,617.8,4029,758,0.1093,0.0206,21.38,13.2,30.93,0,0,71,71,181726.29,49572062,1195126.84
"2025-05-01",7,2,"Uber",91906,1685,90221,284.4,563.4,7294,1475,0.0808,0.0163,20.76,13.86,34.76,3245,1781,164,164,440621.82,114480298,3194877.42
"2025-05-01",7,3,"Lyft",39208,1851,37357,313,615.5,4055,831,0.1085,0.0222,20.75,13.09,30.42,0,0,59,59,177428.42,48806438,1192896.14
"2025-05-01",7,3,"Uber",96710,1925,94785,290.2,577.7,8326,1719,0.0878,0.0181,20.45,13.85,34.57,3956,2299,160,160,456374.82,118655735,3343110.58
"2025-05-01",7,4,"Lyft",42437,1990,40447,334.1,660.9,5517,1189,0.1364,0.0294,21.29,12.82,31.81,0,0,62,62,193056.27,54204833,1350078.19
"2025-05-01",7,4,"Uber",124683,2282,122401,320.4,635.4,14590,3454,0.1192,0.0282,21.42,13.58,38.03,4918,2865,192,192,604415.5,160247959,4741092.43
"2025-05-01",7,5,"Lyft",50075,2258,47817,317.5,608.4,5010,902,0.1048,0.0189,20.06,14.04,30.45,0,0,62,62,234946.88,60263229,1524700.6
"2025-05-01",7,5,"Uber",116509,2124,114385,301.5,600.3,11426,2632,0.0999,0.023,20.55,15,34.78,4788,2818,171,171,598440.7,143646148,4052093.36
"2025-05-01",7,6,"Lyft",28197,899,27298,240,425.2,681,113,0.0249,0.0041,18.05,20.9,30.61,0,0,45,45,177293.45,30544841,863193.24
"2025-05-01",7,6,"Uber",63671,923,62748,225,435.1,2293,504,0.0365,0.008,17.88,21.56,32.47,4167,2551,71,71,409106.7,68319390,2067666.12
"2025-05-01",7,7,"Lyft",19098,595,18503,259.1,468.6,679,96,0.0367,0.0052,17.31,22.48,31.03,0,0,48,48,123862.21,19831986,592573.14
"2025-05-01",7,7,"Uber",44508,764,43744,249.7,504.7,2645,574,0.0605,0.0131,17.52,23.18,33.46,3125,1871,35,35,301283.04,46789259,1489309.44
"2025-05-01",8,1,"Lyft",38840,1332,37508,297,587.5,3458,684,0.0922,0.0182,20.27,13.48,30.4,0,0,96,96,176840.92,47235408,1180569.01
"2025-05-01",8,1,"Uber",91725,1595,90130,268.1,549.6,6851,1536,0.076,0.017,20.33,14.26,34.21,4096,2327,234,234,443369.57,111900726,3138127.17
"2025-05-01",8,2,"Lyft",46587,1671,44916,304.4,603.9,4571,982,0.1018,0.0219,21.06,11.71,29.62,0,0,113,113,191506.79,58863067,1379797.72
"2025-05-01",8,2,"Uber",110943,1920,109023,264.6,519,6812,1449,0.0625,0.0133,20.69,12.46,33.83,3496,1698,326,326,476689.39,137721584,3753698.71
"2025-05-01",8,3,"Lyft",47402,1750,45652,320.9,640.1,5559,1356,0.1218,0.0297,20.4,11.52,30.14,0,0,121,121,185723.79,58021326,1428784.96
"2025-05-01",8,3,"Uber",122315,2017,120298,286.2,574.9,10471,2370,0.087,0.0197,20.18,12.3,35.52,4420,2308,354,354,506063.55,148092645,4344695.04
"2025-05-01",8,4,"Lyft",58336,2101,56235,326,639,6866,1487,0.1221,0.0264,20.79,11.33,31.84,0,0,108,108,228977.89,72783324,1857358.22
"2025-05-01",8,4,"Uber",154698,2471,152227,295.1,589.8,14409,3520,0.0947,0.0231,20.93,12.37,36.95,5243,2826,379,379,667778.35,194307341,5716523.15
"2025-05-01",8,5,"Lyft",60276,1963,58313,289.4,550.3,4295,763,0.0737,0.0131,19.66,12.87,28.79,0,0,144,144,254090.74,71093229,1735165.84
"2025-05-01",8,5,"Uber",142816,2238,140578,267.4,538.9,10017,2206,0.0713,0.0157,19.75,13.66,32.65,5169,2682,359,359,642366.63,169255649,4662609.32
"2025-05-01",8,6,"Lyft",34225,774,33451,236,420.5,773,118,0.0231,0.0035,17.93,18.53,28.67,0,0,91,91,189563.61,36828741,981211.84
"2025-05-01",8,6,"Uber",81021,800,80221,222.6,425,2525,502,0.0315,0.0063,17.64,19.21,30.43,4196,2443,128,128,457631.71,85771178,2465123.24
"2025-05-01",8,7,"Lyft",21881,501,21380,246.9,436.1,592,85,0.0277,0.004,17.41,20.95,30.35,0,0,59,59,133049.82,22862952,664113.89
"2025-05-01",8,7,"Uber",52624,642,51982,234.5,459.8,2300,473,0.0442,0.0091,17.05,21.75,32.07,2861,1600,83,83,325287.21,53846580,1687737.89
"2025-05-01",9,1,"Lyft",32824,1170,31654,228.4,429.3,931,175,0.0294,0.0055,20.01,14.48,30.38,0,0,132,132,158519.8,39408912,997177.52
"2025-05-01",9,1,"Uber",83026,1476,81550,217,431.4,2932,595,0.036,0.0073,19.8,15.2,33.09,3020,1433,394,394,416312.01,98625040,2747085.25
"2025-05-01",9,2,"Lyft",39484,1412,38072,255.9,524.9,2574,560,0.0676,0.0147,20.94,12.18,29.88,0,0,131,131,167878.42,49610584,1179939.6
"2025-05-01",9,2,"Uber",101311,1754,99557,232,470.9,4505,849,0.0453,0.0085,20.53,12.81,33.23,2793,1238,502,502,444111.23,124770295,3366841.54
"2025-05-01",9,3,"Lyft",41699,1545,40154,256.1,541.3,3017,804,0.0751,0.02,20.53,12.04,29.79,0,0,144,144,171793.61,51365781,1242204
"2025-05-01",9,3,"Uber",109674,1953,107721,236.5,487,5684,1263,0.0528,0.0117,20.39,12.55,33.79,3661,1804,470,470,467626.1,134148308,3705441.34
"2025-05-01",9,4,"Lyft",52200,1934,50266,258.3,514.5,3092,593,0.0615,0.0118,20.98,12.11,30.43,0,0,137,137,221089.35,65709323,1588681.49
"2025-05-01",9,4,"Uber",133703,2400,131303,230.8,457.6,5568,1171,0.0424,0.0089,21.03,12.88,34.09,3956,1807,632,632,603397.53,168691309,4557519.12
"2025-05-01",9,5,"Lyft",51821,1778,50043,232.3,440.4,1533,235,0.0306,0.0047,19.83,13.47,29.06,0,0,163,163,230632.9,61647356,1505660.44
"2025-05-01",9,5,"Uber",127239,2168,125071,216.4,432.2,4545,949,0.0363,0.0076,19.69,14.22,32.19,4139,1955,558,558,593725.26,150301782,4095371.15
"2025-05-01",9,6,"Lyft",40212,664,39548,244.3,446.8,1207,179,0.0305,0.0045,17.98,16.77,28.12,0,0,100,100,202003.11,43372801,1130652.44
"2025-05-01",9,6,"Uber",99380,825,98554,230.6,450.8,3863,755,0.0392,0.0077,17.85,17.47,30.18,3592,1893,223,223,516468.85,106429579,2999109.66
"2025-05-01",9,7,"Lyft",27250,387,26863,265.1,482.9,1120,179,0.0417,0.0067,17.48,18.74,29.4,0,0,77,77,148759.56,28581024,801119.24
"2025-05-01",9,7,"Uber",67999,595,67404,254.2,502,3774,814,0.056,0.0121,17.29,19.57,31.56,2566,1303,146,146,383623.23,70552329,2146287.29
"2025-05-01",10,1,"Lyft",28134,826,27308,207.8,386.1,545,107,0.02,0.0039,20.37,15.06,31.04,0,0,135,135,143841.89,34393741,873258.77
"2025-05-01",10,1,"Uber",72696,1173,71523,205.2,416.8,2444,503,0.0342,0.007,20.04,15.51,34.02,2267,988,511,511,376536.97,87403883,2472830.74
"2025-05-01",10,2,"Lyft",32313,1041,31272,218.1,429.4,1152,299,0.0368,0.0096,22.13,12.92,31.25,0,0,192,192,154011.72,42907974,1009918.33
"2025-05-01",10,2,"Uber",82497,1385,81112,207.9,431.5,2984,606,0.0368,0.0075,21.3,13.32,34.64,1983,689,588,588,390264.07,105451097,2857466.68
"2025-05-01",10,3,"Lyft",36272,1225,35047,225.1,436.2,1156,236,0.033,0.0067,22.05,12.14,30.6,0,0,187,187,161815.27,47993364,1110083.44
"2025-05-01",10,3,"Uber",92471,1383,91088,211.2,426.4,3185,624,0.035,0.0069,21.4,12.65,34.3,2654,1089,586,586,417271.83,118718701,3171960.7
"2025-05-01",10,4,"Lyft",42877,1511,41366,216.7,406.6,1020,205,0.0247,0.005,22.34,12.79,31.81,0,0,267,267,204138.65,57465976,1363920.12
"2025-05-01",10,4,"Uber",110838,1800,109038,205.6,409.6,3452,703,0.0317,0.0064,21.7,13.24,34.86,2808,1003,676,676,530947.32,144329514,3864050.62
"2025-05-01",10,5,"Lyft",46512,1404,45108,218.9,407.4,980,190,0.0217,0.0042,21.37,13.46,30.63,0,0,258,258,223099.49,59648150,1424728.61
"2025-05-01",10,5,"Uber",113723,1634,112089,207,408.8,3407,695,0.0304,0.0062,20.68,14.02,33.42,3218,1353,594,594,549598.83,141102065,3800626.51
"2025-05-01",10,6,"Lyft",43536,535,43001,242.4,442.5,1296,175,0.0301,0.0041,18.71,15.51,28.75,0,0,114,114,210539.4,48881205,1251570.79
"2025-05-01",10,6,"Uber",111231,765,110466,227.8,449.7,4324,921,0.0391,0.0083,18.47,16.08,30.5,3222,1532,290,290,550809.47,123279566,3392653.34
"2025-05-01",10,7,"Lyft",32004,380,31624,281.3,518.2,1769,310,0.0559,0.0098,18.22,16.5,29.88,0,0,96,96,160385.42,34994993,956429.21
"2025-05-01",10,7,"Uber",80121,552,79569,278.3,565.3,6647,1553,0.0835,0.0195,18.33,17.63,32.87,2392,1191,237,237,431643.46,88123586,2633480.52
"2025-05-01",11,1,"Lyft",28656,696,27960,216.2,391.9,566,103,0.0202,0.0037,20.95,14.76,31.31,0,0,155,155,147711.83,36020110,897333.85
"2025-05-01",11,1,"Uber",70639,989,69650,206.3,420.6,2458,543,0.0353,0.0078,20.59,15.33,35.04,1985,784,493,493,371587.47,87287864,2475316.76
"2025-05-01",11,2,"Lyft",29144,848,28296,212.9,398.1,576,104,0.0204,0.0037,22.27,13.17,31.66,0,0,144,144,142459.61,38940917,922756.26
"2025-05-01",11,2,"Uber",75644,1248,74396,200.2,407.3,2248,487,0.0302,0.0065,21.7,13.6,35.93,1507,439,594,594,372090.49,98488341,2717841.13
"2025-05-01",11,3,"Lyft",33257,930,32327,222.4,423.7,892,169,0.0276,0.0052,22.52,12.54,31.83,0,0,183,183,156542.44,44936501,1058602.92
"2025-05-01",11,3,"Uber",84692,1353,83339,209.6,429.9,3057,641,0.0367,0.0077,21.88,12.86,36.4,2216,776,591,591,397223.67,111196772,3082693.62
"2025-05-01",11,4,"Lyft",40454,1243,39211,214.7,399.5,894,178,0.0228,0.0045,22.89,13.13,32.54,0,0,239,239,202685.88,55557094,1316351.88
"2025-05-01",11,4,"Uber",102833,1713,101120,201.6,406.1,3077,628,0.0304,0.0062,22.12,13.46,36.35,2245,737,660,660,510392.47,136459709,3737871.65
"2025-05-01",11,5,"Lyft",44019,1063,42956,233.1,440.7,1480,265,0.0345,0.0062,22.33,13.15,31.65,0,0,197,197,215332.45,58970036,1393235.78
"2025-05-01",11,5,"Uber",109381,1421,107960,217.3,440.7,4278,939,0.0396,0.0087,21.86,13.62,35.4,2743,998,616,616,542718.14,143490405,3872555.07
"2025-05-01",11,6,"Lyft",46085,458,45627,246.1,448.7,1498,253,0.0328,0.0055,19.94,14.56,29.7,0,0,129,129,223014,55133387,1368806.45
"2025-05-01",11,6,"Uber",115624,688,114936,230.2,456.7,4964,1046,0.0432,0.0091,19.69,15.04,31.68,3090,1415,336,336,570553.9,136606978,3662655.83
"2025-05-01",11,7,"Lyft",33330,379,32951,286.4,529.2,2068,383,0.0628,0.0116,19.27,15.26,31.59,0,0,124,124,163372.29,38531528,1052855.29
"2025-05-01",11,7,"Uber",84623,495,84128,289.9,592.6,8105,2000,0.0963,0.0238,19.54,16.47,34.99,2272,1055,255,255,453827.77,99210529,2960772.99
"2025-05-01",12,1,"Lyft",31241,759,30482,235.9,436.9,928,162,0.0304,0.0053,21.55,14.39,32.05,0,0,190,190,161442.73,40398397,1001241.47
"2025-05-01",12,1,"Uber",77747,1062,76684,222.7,455,3390,708,0.0442,0.0092,21.06,14.61,35.11,2130,857,554,554,398747.06,98224663,2729873.77
"2025-05-01",12,2,"Lyft",28976,943,28033,219.5,415.3,725,132,0.0259,0.0047,22.68,13.58,32.64,0,0,205,205,148734.09,39423963,945752.72
"2025-05-01",12,2,"Uber",76555,1329,75226,208.6,427.1,2693,590,0.0358,0.0078,21.83,13.88,36.51,1566,435,666,666,386519.72,100258991,2794966.84
"2025-05-01",12,3,"Lyft",31871,1039,30832,232,438.1,992,187,0.0322,0.0061,23.07,12.8,32.81,0,0,247,247,156845.76,44107298,1045691.49
"2025-05-01",12,3,"Uber",82872,1371,81501,215.4,444.2,3320,682,0.0407,0.0084,22.53,13.23,37.15,2186,783,698,698,411813.87,112043098,3078489.35
"2025-05-01",12,4,"Lyft",40363,1275,39088,225.7,420.5,1077,200,0.0276,0.0051,23.59,13.2,33.67,0,0,278,278,209536.36,57132850,1359088.76
"2025-05-01",12,4,"Uber",104563,1802,102761,210,428.2,3723,770,0.0362,0.0075,23.03,13.65,37.89,2242,703,821,821,547761.17,144484417,3961452.79
"2025-05-01",12,5,"Lyft",44244,1095,43149,275.1,537.7,2992,622,0.0693,0.0144,23.07,12.82,33.01,0,0,296,296,218116.13,61249943,1460451.59
"2025-05-01",12,5,"Uber",114687,1517,113170,253.7,526.1,7734,1892,0.0683,0.0167,22.87,13.16,37.17,2927,1170,689,689,575262.24,157341038,4262682.79
"2025-05-01",12,6,"Lyft",47272,432,46840,259.4,483.3,2055,340,0.0439,0.0073,20.77,13.73,30.47,0,0,152,152,224777.58,58915731,1440542.24
"2025-05-01",12,6,"Uber",119343,655,118688,243.1,491.6,6387,1471,0.0538,0.0124,20.58,14.2,32.36,3139,1447,353,353,581382.59,147394438,3862443.46
"2025-05-01",12,7,"Lyft",33927,337,33590,293.4,552.8,2545,488,0.0758,0.0145,19.97,14.2,32.74,0,0,127,127,160338.29,40643693,1110725.22
"2025-05-01",12,7,"Uber",89272,520,88752,299.6,627.3,10139,2662,0.1142,0.03,20.77,15.29,36.96,2389,1115,301,301,472466.77,111245971,3299404.51
"2025-05-01",13,1,"Lyft",32019,657,31362,253.1,471.3,1266,202,0.0404,0.0064,21.81,13.94,32.38,0,0,167,167,162297.16,41907066,1036842.84
"2025-05-01",13,1,"Uber",79986,1044,78941,237.7,482.8,4181,935,0.053,0.0118,21.36,14.37,35.63,2413,968,542,542,409272.95,102522468,2849608.07
"2025-05-01",13,2,"Lyft",29632,785,28847,228.6,429.3,788,126,0.0273,0.0044,23.03,13.41,33.32,0,0,205,205,152546.29,40954095,987247.51
"2025-05-01",13,2,"Uber",79426,1222,78204,215.5,441.9,3185,727,0.0407,0.0093,22.36,13.57,36.66,1924,699,687,687,401616.44,106554808,2911881.78
"2025-05-01",13,3,"Lyft",32946,908,32038,247,468.5,1303,229,0.0407,0.0071,23.92,12.2,33.43,0,0,215,215,160225.7,47281017,1101352.69
"2025-05-01",13,3,"Uber",88898,1214,87684,228.9,463.9,4051,924,0.0462,0.0105,23.2,12.42,36.71,2645,1117,711,711,426879.1,123756951,3263525.14
"2025-05-01",13,4,"Lyft",41300,1155,40145,236.6,445.1,1308,272,0.0326,0.0068,24.42,12.82,34.48,0,0,288,288,215431.42,60513587,1424184.29
"2025-05-01",13,4,"Uber",108359,1586,106773,221.3,450.6,4640,1030,0.0435,0.0096,23.87,13.21,38.7,2713,1014,809,809,569597.46,155169284,4193644.88
"2025-05-01",13,5,"Lyft",44491,982,43509,311.5,602.8,4415,932,0.1015,0.0214,23.07,12.26,34.36,0,0,262,262,209673,61583659,1528590.88
"2025-05-01",13,5,"Uber",119085,1396,117689,288.9,612.2,12434,3184,0.1057,0.0271,23.99,12.53,39.6,3511,1562,688,688,596497.19,171409285,4715633.29
"2025-05-01",13,6,"Lyft",48169,368,47801,271,509.8,2625,412,0.0549,0.0086,20.9,13.27,30.69,0,0,168,168,222716.51,60411429,1478194.81
"2025-05-01",13,6,"Uber",123186,617,122569,256,520.8,7857,1752,0.0641,0.0143,21.14,13.82,33.07,3683,1740,384,384,599583.81,156217403,4073272.25
"2025-05-01",13,7,"Lyft",32843,297,32545,311.9,579.1,2872,511,0.0882,0.0157,20.48,13.4,33.35,0,0,136,136,150189.06,40357064,1095442.23
"2025-05-01",13,7,"Uber",93244,545,92698,318.4,664.3,12192,3335,0.1315,0.036,21.97,14.61,37.97,2779,1390,311,311,498789.49,122896173,3540650.42
"2025-05-01",14,1,"Lyft",35465,596,34869,276.4,535.3,2385,453,0.0684,0.013,22.86,13.1,32.96,0,0,175,175,177097.15,48652990,1168808.34
"2025-05-01",14,1,"Uber",89682,852,88830,262.7,550.2,6883,1591,0.0775,0.0179,22.07,13.29,35.73,3083,1380,560,560,438247.68,118737920,3204461.01
"2025-05-01",14,2,"Lyft",34273,679,33594,255,485.7,1510,301,0.0449,0.009,24.3,12,32.89,0,0,183,183,166538.6,49977053,1127170.14
"2025-05-01",14,2,"Uber",88875,974,87901,235,484.4,4672,1107,0.0532,0.0126,23.42,12.14,36.36,2536,1053,723,723,421164.86,124904889,3231659.9
"2025-05-01",14,3,"Lyft",38408,755,37653,288.7,571.8,3221,667,0.0855,0.0177,25.15,10.87,33.31,0,0,227,227,175055.63,57954508,1279352.77
"2025-05-01",14,3,"Uber",100800,995,99805,262.7,562.3,8267,2056,0.0828,0.0206,24.44,11.05,37.8,3364,1460,623,623,453770.94,147831507,3809926.72
"2025-05-01",14,4,"Lyft",46397,920,45477,261.3,495.2,2203,384,0.0484,0.0084,25.95,11.5,34.61,0,0,272,272,230801.67,72231026,1605778.41
"2025-05-01",14,4,"Uber",119429,1321,118108,236.6,491.6,6599,1519,0.0559,0.0129,25.3,11.72,38.72,3453,1440,843,843,590462.07,181316996,4624014.45
"2025-05-01",14,5,"Lyft",50286,828,49458,316,601.9,4993,996,0.101,0.0201,25.39,10.73,33.62,0,0,239,239,228327.7,76619192,1690631.35
"2025-05-01",14,5,"Uber",124335,1213,123121,280.4,583.5,11271,2752,0.0915,0.0224,26.04,11.18,38.72,3852,1727,633,633,603497.78,194293863,4813786.65
"2025-05-01",14,6,"Lyft",49300,355,48945,268,501,2487,404,0.0508,0.0083,21.35,13.04,30.88,0,0,185,185,228694.08,63141817,1522342.23
"2025-05-01",14,6,"Uber",129236,579,128657,253.3,512.1,7959,1788,0.0619,0.0139,21.65,13.63,33.07,4423,2424,385,385,635550.11,167908355,4273453.62
"2025-05-01",14,7,"Lyft",35354,299,35055,319.4,620.5,3921,744,0.1119,0.0212,21.74,13.42,33.1,0,0,136,136,171850.69,46113346,1170349.83
"2025-05-01",14,7,"Uber",95499,493,95006,306.6,637.7,11194,3067,0.1178,0.0323,23.2,14.33,37.9,3096,1615,327,327,528999.63,132915575,3619360.04
"2025-05-01",15,1,"Lyft",34605,447,34158,276.9,527.9,2251,523,0.0659,0.0153,24.9,12.47,34.79,0,0,174,174,179127.71,51696557,1204018.2
"2025-05-01",15,1,"Uber",90929,761,90168,255.7,537.2,6624,1734,0.0735,0.0192,23.8,12.55,36.77,3190,1494,473,473,452724.19,129870869,3343086.93
"2025-05-01",15,2,"Lyft",34900,500,34400,261.9,505.9,1895,421,0.0551,0.0122,25.72,11.07,34.08,0,0,202,202,165590.82,53855214,1189453.44
"2025-05-01",15,2,"Uber",90949,788,90161,238.9,504.2,5499,1292,0.061,0.0143,24.78,11.37,37.74,2736,1143,595,595,427028.69,135223353,3432249.48
"2025-05-01",15,3,"Lyft",39094,606,38488,299.7,646.8,4701,1321,0.1221,0.0343,25.58,10.1,33.81,0,0,200,200,168329.67,60006803,1321729.41
"2025-05-01",15,3,"Uber",100552,955,99597,259.4,567.1,8472,2138,0.0851,0.0215,25.74,10.54,40.12,3800,1722,560,560,454762.53,155321519,4034502.11
"2025-05-01",15,4,"Lyft",46712,693,46019,280.4,555,3559,810,0.0773,0.0176,27.18,10.53,35.73,0,0,263,263,222826.19,76188183,1669073.17
"2025-05-01",15,4,"Uber",124402,1203,123198,246.5,516.5,7980,1928,0.0648,0.0156,26.95,10.92,40.41,4050,1874,645,645,610454.81,201170823,5027629.39
"2025-05-01",15,5,"Lyft",49838,664,49174,303.7,601.8,4957,1109,0.1008,0.0226,26.24,10.12,34.02,0,0,229,229,220588.7,78460145,1695718.55
"2025-05-01",15,5,"Uber",123112,997,122115,262,554.9,9779,2498,0.0801,0.0205,26.88,10.68,38.82,4424,2093,579,579,589226.98,198559164,4779060.81
"2025-05-01",15,6,"Lyft",51331,329,51002,259.9,494.8,2490,441,0.0488,0.0086,21.66,12.87,30.81,0,0,185,185,238570.68,66716389,1581351.4
"2025-05-01",15,6,"Uber",133115,567,132546,248.2,507.1,7935,1763,0.0599,0.0133,21.79,13.5,32.77,4845,2768,379,379,652661.42,174063633,4362409.35
"2025-05-01",15,7,"Lyft",37309,254,37055,313.8,620.2,4092,917,0.1104,0.0247,21.98,13.27,32.54,0,0,116,116,181418.65,49211846,1214101.45
"2025-05-01",15,7,"Uber",98761,517,98244,294,611.2,10325,2628,0.1051,0.0267,22.91,14.02,36.04,3381,1730,332,332,528663.09,135746965,3559074.75
"2025-05-01",16,1,"Lyft",33676,371,33305,271.5,524.2,2164,527,0.065,0.0158,24.54,11.88,33.92,0,0,123,123,163637.66,49590427,1142222.66
"2025-05-01",16,1,"Uber",94908,576,94332,256.6,538.2,6960,1774,0.0738,0.0188,23.94,11.95,35.51,3441,1607,382,382,452346.25,136328179,3370428.74
"2025-05-01",16,2,"Lyft",33793,443,33350,251.4,483.4,1521,269,0.0456,0.0081,24.89,10.71,33.42,0,0,153,153,150160.32,50473042,1129373.58
"2025-05-01",16,2,"Uber",95347,641,94706,233.5,478.6,4816,1152,0.0509,0.0122,24.22,11.08,36.29,2842,1164,412,412,426419.2,138536430,3459932.6
"2025-05-01",16,3,"Lyft",38001,599,37402,269.5,539.4,2619,622,0.07,0.0166,25.87,9.92,34.09,0,0,181,181,162453.58,58982959,1295383.69
"2025-05-01",16,3,"Uber",103495,950,102545,245.5,516.9,6708,1643,0.0654,0.016,26.01,10.4,38.97,3635,1752,460,460,466436,161532418,4033670.07
"2025-05-01",16,4,"Lyft",46210,642,45568,274.6,580.1,4124,1136,0.0905,0.0249,26.76,10.2,36.22,0,0,223,223,210134.31,74186435,1673628.18
"2025-05-01",16,4,"Uber",133195,1257,131938,246.8,520.2,8943,2470,0.0678,0.0187,27.2,10.59,40.38,4411,2033,564,564,639251.76,217378028,5378162.5
"2025-05-01",16,5,"Lyft",51211,536,50675,278.9,552.6,3826,806,0.0755,0.0159,25.46,10.16,32.81,0,0,201,201,220840.44,78223236,1680141.47
"2025-05-01",16,5,"Uber",131160,1003,130157,249.4,520.2,8693,2242,0.0668,0.0172,26.36,10.66,37.07,4891,2446,486,486,614343.54,207451945,4861835.76
"2025-05-01",16,6,"Lyft",53077,341,52736,256.2,497.6,2750,500,0.0521,0.0095,21.96,12.72,31.26,0,0,159,159,247145.9,69932261,1659356.84
"2025-05-01",16,6,"Uber",136009,645,135364,242,500.1,7897,1932,0.0583,0.0143,22.05,13.44,33.4,4700,2601,429,429,671934.14,179952040,4543021.91
"2025-05-01",16,7,"Lyft",36784,237,36547,281.8,540.7,2543,562,0.0696,0.0154,22.56,13.44,33,0,0,151,151,185819.08,49782080,1213858.68
"2025-05-01",16,7,"Uber",98195,464,97731,269.6,564.8,8278,2266,0.0847,0.0232,22.94,14.14,35.59,3437,1800,312,312,530822.2,135156065,3494977.48
"2025-05-01",17,1,"Lyft",35977,362,35615,291.8,583.6,3271,776,0.0918,0.0218,22.28,11.86,32.49,0,0,123,123,158410.08,48100297,1168750.27
"2025-05-01",17,1,"Uber",103296,565,102731,271.2,564.4,8648,2252,0.0842,0.0219,22.41,12.11,35.12,4159,2204,328,328,467002.4,138873883,3627426.79
"2025-05-01",17,2,"Lyft",37971,436,37535,270.1,525.5,2366,469,0.063,0.0125,23.11,10.72,31.8,0,0,143,143,156742.84,52655733,1207661.94
"2025-05-01",17,2,"Uber",104786,540,104246,245.9,501.7,6116,1359,0.0587,0.013,22.89,11.21,35.64,3402,1549,341,341,448250.31,143917590,3734827.69
"2025-05-01",17,3,"Lyft",42511,531,41980,309.2,638.1,5042,1231,0.1201,0.0293,23.33,9.71,32.14,0,0,157,157,160469.26,59500726,1366190.08
"2025-05-01",17,3,"Uber",116898,796,116102,270.9,572.5,10105,2455,0.087,0.0211,24.36,10.41,38.67,4865,2595,357,357,493910.4,170859913,4520844.39
"2025-05-01",17,4,"Lyft",50443,642,49801,298.3,635.9,5800,1740,0.1165,0.0349,24.94,9.96,34.51,0,0,182,182,208872.49,75480070,1741022.16
"2025-05-01",17,4,"Uber",148122,1019,147103,261.8,549.1,11372,2869,0.0773,0.0195,25.51,10.69,39.4,5124,2585,464,464,673245.59,226734156,5836212.53
"2025-05-01",17,5,"Lyft",57562,510,57052,294.3,597.9,5631,1285,0.0987,0.0225,23.51,10.38,30.93,0,0,158,158,234073.68,81183350,1780593.42
"2025-05-01",17,5,"Uber",145802,813,144988,259.3,537.1,10468,2651,0.0722,0.0183,24.71,11.07,35.8,5700,3034,439,439,664432.75,216168847,5219062.84
"2025-05-01",17,6,"Lyft",58329,341,57988,257.5,487.1,2789,545,0.0481,0.0094,21.37,12.7,30.29,0,0,181,181,263811.59,74783807,1767068.4
"2025-05-01",17,6,"Uber",143258,612,142645,241.9,491.2,7835,1896,0.0549,0.0133,21.54,13.43,32.84,4835,2654,360,360,690756.27,185141041,4704327.06
"2025-05-01",17,7,"Lyft",38583,217,38366,297.5,571.6,3228,711,0.0841,0.0185,21.51,13.46,31.83,0,0,137,136,186141.48,49800193,1228188.85
"2025-05-01",17,7,"Uber",102232,479,101753,285.5,591.4,9732,2468,0.0956,0.0243,22.02,14.27,34.58,3540,1859,319,319,535284.66,135051214,3534783.05
"2025-05-01",18,1,"Lyft",35827,244,35583,261.4,502.6,2004,415,0.0563,0.0117,20.06,13.09,30.46,0,0,121,121,156771.2,43124945,1091457.75
"2025-05-01",18,1,"Uber",101491,373,101118,252.2,516.8,6607,1441,0.0653,0.0143,20.14,13.58,32.99,4154,2189,260,260,462666.3,122648335,3348251.55
"2025-05-01",18,2,"Lyft",37591,301,37290,247.5,486.2,1814,382,0.0486,0.0102,20.43,11.79,29.92,0,0,101,101,150892.84,46083866,1124683.21
"2025-05-01",18,2,"Uber",104023,396,103627,235.1,483.5,5418,1195,0.0523,0.0115,20.46,12.48,33.73,3044,1349,268,268,442738.4,127694675,3508220.83
"2025-05-01",18,3,"Lyft",43503,360,43143,286.6,614.9,4620,1254,0.1071,0.0291,20.71,10.73,31.17,0,0,126,126,161122.91,54052902,1355899.75
"2025-05-01",18,3,"Uber",122524,504,122019,260.2,555.4,9844,2581,0.0807,0.0212,21.62,11.6,37.26,4850,2645,274,274,511927.59,158934220,4565171.97
"2025-05-01",18,4,"Lyft",51755,463,51292,280.3,576.7,4587,1132,0.0894,0.0221,21.76,10.86,32.62,0,0,135,135,203879.31,67573962,1688356.41
"2025-05-01",18,4,"Uber",150838,702,150136,252.8,528.7,10438,2560,0.0695,0.0171,22.98,11.79,37.77,5270,2687,361,361,681163.49,208000196,5697593.17
"2025-05-01",18,5,"Lyft",61098,411,60687,272.3,551.7,4711,1110,0.0776,0.0183,21.24,11.47,30.02,0,0,176,176,248154.42,77869090,1834064.94
"2025-05-01",18,5,"Uber",153616,613,153003,248.7,510.3,9573,2343,0.0626,0.0153,22.2,12.17,34.26,5662,3119,377,377,691853.35,204600830,5263537.82
"2025-05-01",18,6,"Lyft",60987,307,60680,251.3,470.4,2536,473,0.0418,0.0078,20.96,12.6,29.47,0,0,183,183,268480.75,76687201,1797124.74
"2025-05-01",18,6,"Uber",153405,491,152913,238.4,475.1,7397,1645,0.0484,0.0108,20.96,13.52,31.54,5230,3080,344,344,724548.19,192882559,4838837.27
"2025-05-01",18,7,"Lyft",39875,176,39699,276,513.8,2290,529,0.0577,0.0133,20.75,14,30.47,0,0,122,122,193063.71,49645730,1214814.58
"2025-05-01",18,7,"Uber",100608,390,100218,267.3,550.2,7955,2071,0.0794,0.0207,20.96,14.83,32.86,3320,1770,274,274,521268.42,126511206,3305641.3
"2025-05-01",19,1,"Lyft",32735,148,32587,227,427.6,930,182,0.0285,0.0056,18.77,15.36,29.16,0,0,82,82,157271.42,36858716,954545.19
"2025-05-01",19,1,"Uber",89330,198,89132,224,464.8,4255,938,0.0477,0.0105,18.69,15.92,32.25,3164,1565,198,198,443152.86,100190701,2880609.15
"2025-05-01",19,2,"Lyft",33407,153,33254,209.9,390.4,634,144,0.0191,0.0043,19.09,14.63,29.46,0,0,77,77,155482.09,38258012,984136.96
"2025-05-01",19,2,"Uber",93865,198,93667,204.9,420.3,3375,767,0.036,0.0082,18.8,15.28,33.09,2529,1064,209,209,449482.4,105889182,3106410.75
"2025-05-01",19,3,"Lyft",42458,222,42236,246.4,487.6,2194,505,0.0519,0.012,19.19,13.09,29.24,0,0,91,91,177719.45,48881966,1241301.12
"2025-05-01",19,3,"Uber",114894,275,114619,233.7,476.1,5823,1298,0.0508,0.0113,19.63,14.1,34.18,3908,1999,202,202,529813.7,135293196,3927167.78
"2025-05-01",19,4,"Lyft",51018,284,50734,237.1,461.1,2177,577,0.0429,0.0114,20.64,13.08,30.82,0,0,138,138,229433.15,63167238,1572423.8
"2025-05-01",19,4,"Uber",140198,364,139833,224.4,455.9,6337,1466,0.0453,0.0105,20.88,13.89,34.65,4399,2195,282,282,677731.79,175622119,4858385.94
"2025-05-01",19,5,"Lyft",64331,277,64054,250.7,468.7,2606,525,0.0407,0.0082,19.68,12.69,27.79,0,0,124,124,267848.37,75957469,1787507.94
"2025-05-01",19,5,"Uber",156121,346,155775,234.8,463.2,7195,1715,0.0462,0.011,20,13.38,31.15,5080,2764,295,295,696310.1,187390508,4862670.22
"2025-05-01",19,6,"Lyft",61982,225,61757,253.1,477.6,2761,575,0.0447,0.0093,20.43,12.76,28.69,0,0,139,139,269171.66,75970303,1777981.59
"2025-05-01",19,6,"Uber",156714,276,156438,245.2,485.8,7977,1676,0.051,0.0107,20.26,13.73,30.63,4832,2761,328,328,726601.48,190493860,4799981.76
"2025-05-01",19,7,"Lyft",38678,144,38534,261.9,487.8,1914,437,0.0497,0.0113,19.88,14.95,29.1,0,0,113,113,191575.56,46132954,1125690.39
"2025-05-01",19,7,"Uber",96629,165,96464,256.2,532.5,6930,1793,0.0718,0.0186,19.89,15.64,31.3,3354,1866,260,260,501161.14,115343796,3024743.76
"2025-05-01",20,1,"Lyft",33420,118,33302,248.3,487,1666,376,0.05,0.0113,18.68,16.81,29.28,0,0,79,79,174907.77,37447503,978495.04
"2025-05-01",20,1,"Uber",86022,120,85902,246,536.5,6253,1392,0.0728,0.0162,18.37,17.53,33.87,3313,1842,162,162,461654.41,94797068,2913156.79
"2025-05-01",20,2,"Lyft",33632,123,33509,224.2,414.4,875,176,0.0261,0.0053,19.12,16.95,31.03,0,0,56,56,181653.99,38588994,1043448.1
"2025-05-01",20,2,"Uber",92261,119,92142,220.4,464.4,4388,877,0.0476,0.0095,18.85,17.75,37.03,2915,1449,155,155,514456.9,104351065,3416363.04
"2025-05-01",20,3,"Lyft",43647,167,43480,261.5,508.9,2533,474,0.0583,0.0109,19.09,15.65,31.4,0,0,89,89,217317.67,50002916,1370569.41
"2025-05-01",20,3,"Uber",101587,200,101387,237,502.8,6030,1327,0.0595,0.0131,19.64,16.92,41.56,3666,1833,151,151,562725.06,119707430,4222318.88
"2025-05-01",20,4,"Lyft",49683,192,49491,234.8,439.4,1627,291,0.0329,0.0059,20.37,15.16,31.49,0,0,98,98,255726.72,60735125,1564467.78
"2025-05-01",20,4,"Uber",134751,216,134534,230.5,476.3,6823,1587,0.0507,0.0118,20.48,16,36.88,4943,2801,240,240,736030.6,165610875,4970007.45
"2025-05-01",20,5,"Lyft",58703,185,58518,237.8,448.4,2182,386,0.0373,0.0066,19.07,14,27.33,0,0,118,118,261227.41,67158338,1604252.11
"2025-05-01",20,5,"Uber",144303,202,144101,227,460.4,6721,1570,0.0466,0.0109,19.11,14.56,30.12,5679,3471,238,238,669359.55,165490026,4346329.39
"2025-05-01",20,6,"Lyft",58053,148,57905,256.6,490.9,2763,433,0.0477,0.0075,19.55,13.73,27.99,0,0,132,132,259687.19,68083828,1625005.94
"2025-05-01",20,6,"Uber",154321,158,154163,255.2,510.1,9087,1880,0.0589,0.0122,19.64,14.54,29.37,6270,4080,272,272,734395.22,181838486,4532341.23
"2025-05-01",20,7,"Lyft",37124,103,37021,286,553.3,2803,551,0.0757,0.0149,19.31,15.49,28.37,0,0,97,97,185092.59,43003356,1053121.28
"2025-05-01",20,7,"Uber",94037,128,93909,290.3,604.3,9567,2317,0.1019,0.0247,19.54,15.95,30.35,4036,2422,201,201,488330.85,110249598,2853945.46
"2025-05-01",21,1,"Lyft",33777,103,33674,278.5,575.4,2977,906,0.0884,0.0269,18.54,17.55,30.51,0,0,85,85,183207.95,37575066,1030401.1
"2025-05-01",21,1,"Uber",83572,106,83466,267.5,581.6,7644,2020,0.0916,0.0242,18.04,18.22,34.36,4043,2505,140,140,457702.33,90446284,2871591.28
"2025-05-01",21,2,"Lyft",35286,98,35188,267.8,556.1,2814,671,0.08,0.0191,19.15,17.64,32.78,0,0,78,78,198694.77,40553284,1156591.74
"2025-05-01",21,2,"Uber",91515,132,91383,256.8,582.7,8440,2152,0.0924,0.0235,19.16,18.83,41.07,3615,2098,139,139,550475.44,105222563,3758443.61
"2025-05-01",21,3,"Lyft",41997,138,41859,275.9,562.1,3405,809,0.0813,0.0193,19.18,16.85,32.99,0,0,62,62,226262.63,48334036,1385472.44
"2025-05-01",21,3,"Uber",102808,160,102648,264,562.6,8561,2050,0.0834,0.02,19.64,18.09,42.7,4426,2695,133,133,608718.54,121152747,4389722.65
"2025-05-01",21,4,"Lyft",52339,213,52126,251.9,484.3,2557,593,0.0491,0.0114,20.07,16.74,32.98,0,0,112,112,293090.86,63013858,1726305.07
"2025-05-01",21,4,"Uber",132432,216,132215,246.5,537.1,9830,2377,0.0743,0.018,20.3,17.78,39.69,5731,3525,193,193,796722.3,161271688,5255908.39
"2025-05-01",21,5,"Lyft",59364,148,59216,229.2,436.8,2103,537,0.0355,0.0091,19.04,15.23,28.78,0,0,100,100,286897.19,67831532,1708621.76
"2025-05-01",21,5,"Uber",141368,194,141173,220.5,459.1,6763,1593,0.0479,0.0113,18.81,15.88,31.1,6185,3967,209,209,703528.42,159527473,4396636.04
"2025-05-01",21,6,"Lyft",62493,124,62369,253.9,484.2,2858,445,0.0458,0.0071,19.33,14.31,28.45,0,0,132,132,288043.04,72475639,1777829.79
"2025-05-01",21,6,"Uber",154845,182,154663,250.8,507.7,9165,2017,0.0593,0.013,19.36,15.14,29.7,7289,5078,205,205,756590.23,179864739,4599058.69
"2025-05-01",21,7,"Lyft",36598,86,36512,303,628.6,4144,1290,0.1135,0.0353,19.27,16.28,30,0,0,75,75,191353.36,42307742,1098106.63
"2025-05-01",21,7,"Uber",92128,108,92020,300.1,640.2,11011,2744,0.1197,0.0298,19.18,16.81,31.09,4648,3074,146,146,494992.3,105998443,2864155.19
"2025-05-01",22,1,"Lyft",32365,79,32286,298.5,620.6,3534,1048,0.1095,0.0325,18.69,18.13,31.7,0,0,52,52,182739.02,36284560,1025944.34
"2025-05-01",22,1,"Uber",80070,70,80000,297.7,646.2,9802,2627,0.1225,0.0328,18.42,18.59,35.28,4948,3381,108,108,456740.58,88471750,2824610.72
"2025-05-01",22,2,"Lyft",35816,81,35735,285.4,592.8,3454,942,0.0967,0.0264,18.86,17.22,33.46,0,0,53,53,193891.45,40532713,1198339.41
"2025-05-01",22,2,"Uber",87432,69,87363,285.9,635,10093,2870,0.1155,0.0329,19.01,18.33,41.6,4136,2563,80,80,507724.52,99732323,3637083.54
"2025-05-01",22,3,"Lyft",39689,108,39581,299.8,579.3,3534,694,0.0893,0.0175,19.03,17.03,32.97,0,0,64,64,214350.18,45305333,1308500.97
"2025-05-01",22,3,"Uber",97881,119,97762,298.6,629.1,11179,2787,0.1143,0.0285,19.59,18.07,40.29,5585,3759,105,105,577640.49,115062614,3943801.57
"2025-05-01",22,4,"Lyft",53321,144,53177,282,565.8,4447,1116,0.0836,0.021,20.08,16.76,33.58,0,0,80,80,299059.37,64253939,1790504.59
"2025-05-01",22,4,"Uber",127846,154,127691,275.8,607.1,13135,3456,0.1029,0.0271,20.7,17.85,40.65,6623,4437,158,158,787348.74,158754272,5197261.32
"2025-05-01",22,5,"Lyft",65616,133,65483,255.8,500.2,3762,946,0.0575,0.0144,19.67,15.63,30.21,0,0,88,88,336095.11,77434086,1982304.85
"2025-05-01",22,5,"Uber",152091,172,151918,248.1,521.4,10354,2543,0.0682,0.0167,19.27,16.27,32.32,8054,5807,171,171,794711.75,175885064,4915923.89
"2025-05-01",22,6,"Lyft",65623,164,65459,291.3,577.9,5802,1249,0.0886,0.0191,19.82,14.42,30.44,0,0,121,121,312508.68,78032759,1997361.36
"2025-05-01",22,6,"Uber",163913,197,163716,304.9,612.4,17431,4234,0.1065,0.0259,20.05,15.27,33.23,8956,6589,181,181,836399.57,197234858,5446326.34
"2025-05-01",22,7,"Lyft",35931,89,35842,326.5,706.8,5325,1858,0.1486,0.0518,18.79,17.36,30.79,0,0,68,68,195355.4,40500469,1106291.39
"2025-05-01",22,7,"Uber",88343,86,88257,331.2,721.6,14213,4419,0.161,0.0501,18.79,17.88,31.76,5552,3923,128,128,494682.93,99573863,2805358.84
"2025-05-01",23,1,"Lyft",26458,65,26393,277.5,620.8,2872,793,0.1088,0.03,18.16,19.27,30.72,0,0,36,36,154360.69,28834758,812768.58
"2025-05-01",23,1,"Uber",64841,35,64806,276.2,607.8,6690,1613,0.1032,0.0249,17.85,19.22,31.65,4867,3364,71,71,370680.57,69433505,2052449.24
"2025-05-01",23,2,"Lyft",29539,50,29489,260.8,501.1,1592,281,0.054,0.0095,18.69,17.56,30.3,0,0,36,36,161619.52,33128833,894973.97
"2025-05-01",23,2,"Uber",69211,44,69167,254.9,548,5371,1164,0.0777,0.0168,18.44,18.25,33.9,4417,2855,64,64,388281.93,76586400,2346102.46
"2025-05-01",23,3,"Lyft",33624,77,33547,276.9,565.7,2817,716,0.084,0.0213,18.68,17.72,31.57,0,0,46,46,185481.37,37680568,1061513.94
"2025-05-01",23,3,"Uber",81019,74,80945,280.4,605.1,8278,2105,0.1023,0.026,19.14,18.57,36.81,5384,3723,72,72,480056.78,93053457,2982251.86
"2025-05-01",23,4,"Lyft",47642,93,47549,283.4,570.5,4134,1177,0.0869,0.0248,19.83,17.17,32.67,0,0,53,53,270391.27,56684608,1556415.34
"2025-05-01",23,4,"Uber",111390,87,111303,279.4,598.1,10993,2708,0.0988,0.0243,20.36,17.93,37.99,6925,4837,97,97,677503.32,136041705,4231740.04
"2025-05-01",23,5,"Lyft",66073,125,65948,286.5,542,4657,900,0.0706,0.0136,18.91,15.6,29.81,0,0,76,76,324949.46,74966490,1969914.61
"2025-05-01",23,5,"Uber",151176,104,151072,288.8,582.6,13816,3158,0.0915,0.0209,19.27,16.46,32.71,9492,7114,134,134,799206.87,174748167,4945484.84
"2025-05-01",23,6,"Lyft",64356,159,64197,323.5,629.9,7466,1743,0.1163,0.0272,19.12,14.55,31.52,0,0,96,96,298471.84,73838079,2028449.6
"2025-05-01",23,6,"Uber",167221,113,167108,351.8,696.9,25576,6904,0.1531,0.0413,20.03,15.73,35.27,10025,7503,149,149,878007.18,200953202,5897380.2
"2025-05-01",23,7,"Lyft",31639,72,31567,322.6,714.1,4796,1645,0.1519,0.0521,17.92,19.03,31.01,0,0,45,45,179766.42,34009801,981237.43
"2025-05-01",23,7,"Uber",79443,48,79395,331.2,706.6,12544,3360,0.158,0.0423,17.94,19.21,31.3,5788,4123,101,101,456321.77,85513798,2486696.29
"2025-06-01",0,1,"Lyft",30930,60,30870,300.7,721.7,4547,1837,0.1473,0.0595,17.93,20.61,30.64,0,0,59,59,190518.28,33278575,947644.05
"2025-06-01",0,1,"Uber",62041,49,61992,275.9,626.7,6982,1837,0.1126,0.0296,17.3,20.73,31.65,5483,3740,72,72,370770.7,64387349,1963304.57
"2025-06-01",0,2,"Lyft",17826,32,17794,259.6,538.8,1362,343,0.0765,0.0193,17.54,19.3,29.83,0,0,25,25,100588.16,18760661,531781.62
"2025-06-01",0,2,"Uber",42345,15,42329,246.3,579.1,3868,1003,0.0914,0.0237,17.37,20.09,31.55,3360,2009,43,43,246320.82,44131045,1335914.93
"2025-06-01",0,3,"Lyft",20811,35,20776,241.9,449.7,863,132,0.0415,0.0064,17.06,18.51,28.77,0,0,32,32,109502.52,21297120,598770.78
"2025-06-01",0,3,"Uber",49823,24,49799,230.8,513.3,3300,750,0.0663,0.0151,17.43,19.39,31.65,3741,2313,54,54,280737.46,52110795,1576899.49
"2025-06-01",0,4,"Lyft",27228,36,27192,282.5,601.2,2734,725,0.1005,0.0267,18.77,17.88,31.92,0,0,37,37,152324.05,30671685,869094.92
"2025-06-01",0,4,"Uber",62342,46,62296,256.1,574,5571,1514,0.0894,0.0243,19.23,18.61,35.66,4788,3125,61,61,371673.38,71914444,2223219.14
"2025-06-01",0,5,"Lyft",30898,47,30851,303.5,671.6,4042,1337,0.131,0.0433,18.82,17.25,32.6,0,0,48,48,167139.22,34890010,1007124.25
"2025-06-01",0,5,"Uber",67868,39,67828,275.1,614.1,7166,2014,0.1056,0.0297,20.13,18.2,38.01,5385,3510,54,54,414495.53,81980669,2579729.65
"2025-06-01",0,6,"Lyft",45073,72,45001,317.1,633.1,5277,1267,0.1173,0.0282,18.16,15.31,31.22,0,0,61,61,208947.16,49116136,1407218.19
"2025-06-01",0,6,"Uber",96012,67,95945,306.2,656.6,12364,3228,0.1289,0.0336,19.62,16.84,35.91,7515,5172,101,101,528910.74,113042517,3447478.14
"2025-06-01",0,7,"Lyft",56829,90,56739,340.6,669.4,7913,1861,0.1395,0.0328,18.11,15.68,31.66,0,0,74,74,268931.9,61748739,1798927.03
"2025-06-01",0,7,"Uber",140432,85,140346,322.7,649.5,17528,4801,0.1249,0.0342,19,17.09,34.44,10094,7491,126,126,759956.06,160110581,4837147.7
"2025-06-01",1,1,"Lyft",19667,49,19618,269.3,536.8,1448,427,0.0738,0.0218,17.04,20.77,28.2,0,0,38,38,116011.87,20110688,554564.88
"2025-06-01",1,1,"Uber",38163,45,38118,254.8,565,3231,726,0.0848,0.019,16.56,21.49,29.88,3029,1809,36,36,226300.54,37914414,1140490.47
"2025-06-01",1,2,"Lyft",10610,27,10583,245.6,495.3,653,237,0.0617,0.0224,16.44,20.36,28.59,0,0,19,19,59186.58,10467444,303324.04
"2025-06-01",1,2,"Uber",24390,34,24356,237.7,533.6,1775,510,0.0729,0.0209,15.97,20.71,30.06,1655,840,18,18,134509.69,23376899,733080.73
"2025-06-01",1,3,"Lyft",12083,24,12059,231.1,416.7,329,57,0.0273,0.0047,15.99,19.32,27.45,0,0,13,13,62221.17,11591601,331682.68
"2025-06-01",1,3,"Uber",28995,38,28957,222.1,498.4,1777,397,0.0614,0.0137,16.23,20.41,29.75,2036,1142,25,25,160046.06,28235365,862519.89
"2025-06-01",1,4,"Lyft",17232,45,17187,246.6,487,953,228,0.0554,0.0133,16.97,19.42,29.88,0,0,36,36,94668.98,17547023,514958.29
"2025-06-01",1,4,"Uber",37914,44,37870,230.1,511,2451,558,0.0647,0.0147,17.1,19.97,32.33,2881,1856,32,32,215818.53,38897809,1225578.47
"2025-06-01",1,5,"Lyft",22345,38,22307,270.7,570.7,1978,729,0.0887,0.0327,17.91,18.75,31.36,0,0,33,33,125075.7,24012834,700729.44
"2025-06-01",1,5,"Uber",46102,42,46060,250.8,556.9,3809,1045,0.0827,0.0227,18.35,19.64,35.08,3725,2478,37,37,276829.29,50749273,1617476.18
"2025-06-01",1,6,"Lyft",38304,51,38253,309.8,644.4,4680,1091,0.1223,0.0285,17.29,16.25,29.92,0,0,52,52,179375.93,39743741,1145988.79
"2025-06-01",1,6,"Uber",75858,50,75808,279,605.6,7733,1915,0.102,0.0253,18.68,17.71,34.4,6395,4675,84,84,418195.54,85003663,2609550.87
"2025-06-01",1,7,"Lyft",50816,79,50737,318.4,634,5998,1355,0.1182,0.0267,17.23,16.71,29.58,0,0,66,66,243802.71,52523486,1503064.97
"2025-06-01",1,7,"Uber",110483,82,110400,293.1,597,10863,2594,0.0984,0.0235,17.86,17.98,32.42,8616,6399,67,67,591314.27,118365325,3582387.32
"2025-06-01",2,1,"Lyft",13233,109,13124,270.1,503.5,743,152,0.0566,0.0116,16.27,20.73,26.92,0,0,26,26,74382.21,12915516,356240.69
"2025-06-01",2,1,"Uber",25413,113,25300,265.8,574,2212,553,0.0874,0.0219,16.15,21.96,29.31,2027,1089,25,25,150202.1,24618668,744825.02
"2025-06-01",2,2,"Lyft",6867,53,6814,242.7,444.1,234,45,0.0343,0.0066,15.28,20.17,26.3,0,0,17,17,35265.62,6294829,180574.91
"2025-06-01",2,2,"Uber",16053,73,15980,246.5,559.9,1309,332,0.0819,0.0208,15.61,21.57,28.64,1003,421,15,15,90049.11,15030517,459784.21
"2025-06-01",2,3,"Lyft",7891,69,7822,234.5,429.6,226,40,0.0289,0.0051,15.28,19.88,26.46,0,0,17,17,39950.59,7235726,208767.54
"2025-06-01",2,3,"Uber",18799,83,18716,233.2,524.4,1302,316,0.0696,0.0169,15.81,21.1,28.93,1328,636,18,18,104494.31,17827233,543906.83
"2025-06-01",2,4,"Lyft",10881,69,10812,245.7,455.3,390,69,0.0361,0.0064,15.99,19.63,27.89,0,0,19,19,56941.42,10442048,303472.82
"2025-06-01",2,4,"Uber",25519,85,25434,238.4,525.9,1767,394,0.0695,0.0155,16.73,21.06,31.03,1776,1005,19,19,149871.93,25622580,791845.09
"2025-06-01",2,5,"Lyft",14811,77,14734,265.4,522.4,969,237,0.0658,0.0161,17,19.55,30.04,0,0,26,26,82009.29,15105112,444911.7
"2025-06-01",2,5,"Uber",31313,106,31207,253.6,545.7,2392,567,0.0766,0.0182,17.35,20.77,32.61,2532,1554,23,23,188086.25,32602862,1020973.29
"2025-06-01",2,6,"Lyft",30267,85,30182,326,684.4,4380,1214,0.1451,0.0402,16.86,16.97,30.69,0,0,33,33,144262.75,30609838,928975.77
"2025-06-01",2,6,"Uber",60305,126,60178,296.6,639.2,7176,1817,0.1192,0.0302,18.37,18.84,35.73,5589,4072,35,35,347970.96,66481311,2154659.49
"2025-06-01",2,7,"Lyft",40876,145,40731,330.1,703.4,6241,1805,0.1532,0.0443,16.95,17.48,30.08,0,0,56,56,201846.56,41562812,1229361.35
"2025-06-01",2,7,"Uber",85508,157,85351,298.6,624,9521,2362,0.1116,0.0277,17.61,19.11,33.59,7135,5270,51,51,479541.71,90358928,2872063.74
"2025-06-01",3,1,"Lyft",11114,515,10599,299.6,569.8,875,189,0.0826,0.0178,16.9,22.44,31.23,0,0,15,15,70253.86,11272432,347095.23
"2025-06-01",3,1,"Uber",21419,766,20653,299.1,631.8,2325,565,0.1126,0.0274,16.93,24.21,34.6,1534,736,19,19,146340.14,21758972,741101.13
"2025-06-01",3,2,"Lyft",5826,286,5540,266.5,489.5,280,52,0.0505,0.0094,16.07,21.87,29.26,0,0,8,8,34125.75,5617568,170448.78
"2025-06-01",3,2,"Uber",13507,424,13083,268.8,581.1,1206,301,0.0922,0.023,16.17,23.28,31.55,876,345,9,9,84763.92,13105331,426109.14
"2025-06-01",3,3,"Lyft",6655,284,6371,255.6,467.8,245,38,0.0385,0.006,16.21,21.83,30.13,0,0,15,15,39251.13,6474254,200497.54
"2025-06-01",3,3,"Uber",15409,468,14941,255.7,550.7,1183,314,0.0792,0.021,16.35,23.17,32.3,1027,450,8,8,97243.18,15111772,497683.18
"2025-06-01",3,4,"Lyft",9079,373,8706,273.6,504.4,475,96,0.0546,0.011,16.98,21.57,31.57,0,0,15,15,55417.88,9248828,286655.48
"2025-06-01",3,4,"Uber",20249,621,19628,270.9,580.2,1792,452,0.0913,0.023,17.17,22.61,33.93,1428,767,16,16,131028.37,20862447,687066.4
"2025-06-01",3,5,"Lyft",11292,355,10937,277.4,507.1,557,87,0.0509,0.008,16.95,20.79,31.21,0,0,22,22,66339.31,11485832,352431.14
"2025-06-01",3,5,"Uber",23924,664,23260,275.6,579.2,2129,572,0.0915,0.0246,17.75,22.39,34.43,2015,1237,17,17,158494.5,25480578,823653.13
"2025-06-01",3,6,"Lyft",23103,280,22823,340.4,697.3,3546,902,0.1554,0.0395,16.78,17.97,31.68,0,0,27,27,116100.64,23257421,731958.16
"2025-06-01",3,6,"Uber",46881,475,46406,313.8,659.2,6009,1620,0.1295,0.0349,18.6,20.2,36.69,4582,3330,26,26,293565.08,52326916,1720110.87
"2025-06-01",3,7,"Lyft",32386,497,31889,339.5,696.1,4813,1347,0.1509,0.0422,16.85,18.74,31.41,0,0,39,39,170479.08,32746732,1017085.58
"2025-06-01",3,7,"Uber",64405,777,63628,314.1,654.3,8122,2052,0.1276,0.0322,17.97,20.86,36.2,5588,3900,33,33,402405.62,69452595,2331545.6
"2025-06-01",4,1,"Lyft",14755,1453,13302,380,713.3,2272,576,0.1708,0.0433,17.48,23.42,37.72,0,0,17,17,100693.42,15475469,556531.87
"2025-06-01",4,1,"Uber",28562,1682,26880,349.5,710.6,4117,1238,0.1532,0.0461,18.55,25.88,46.02,1654,828,17,17,228497.66,31784897,1314515.48
"2025-06-01",4,2,"Lyft",9657,821,8836,313.2,593.1,854,168,0.0967,0.019,17.05,23.49,33.81,0,0,11,11,64465.41,9877875,326469.53
"2025-06-01",4,2,"Uber",19663,1031,18632,287,601.9,1871,475,0.1004,0.0255,17.4,25.31,38.67,1157,545,32,32,144312.08,20527849,760457.96
"2025-06-01",4,3,"Lyft",10388,855,9533,302.1,540.2,665,97,0.0698,0.0102,17.16,23.33,33.81,0,0,7,7,69308.08,10693194,351233.29
"2025-06-01",4,3,"Uber",20479,1194,19285,281.2,564.3,1636,402,0.0848,0.0208,17.91,25.47,39.93,1154,505,22,22,155713.32,22004769,817658.84
"2025-06-01",4,4,"Lyft",12355,1182,11173,330.5,603.9,1140,203,0.102,0.0182,18.15,23.01,37.39,0,0,13,13,86035.17,13457615,461975.79
"2025-06-01",4,4,"Uber",24479,1445,23034,306.1,633.2,2640,798,0.1146,0.0346,19.07,25.01,44.76,1416,756,17,17,194550.65,28005933,1095621.04
"2025-06-01",4,5,"Lyft",13553,1149,12404,353.6,647.6,1640,283,0.1322,0.0228,17.6,22.63,37.15,0,0,18,18,89969.19,14312481,503455.62
"2025-06-01",4,5,"Uber",26290,1446,24844,321.6,642.6,3023,798,0.1217,0.0321,19.08,25.17,45.52,1966,1176,23,23,210440,30100698,1196797.4
"2025-06-01",4,6,"Lyft",18705,731,17974,349.8,699.8,2768,772,0.154,0.043,17.32,19.9,34.59,0,0,26,26,107485.62,19440209,646971.32
"2025-06-01",4,6,"Uber",37955,813,37142,335,702.4,5572,1605,0.15,0.0432,19.09,21.92,40.12,3558,2412,33,33,264697.97,43477711,1522665.46
"2025-06-01",4,7,"Lyft",25955,1091,24864,361.3,709.7,4102,1111,0.165,0.0447,16.93,20.52,35.06,0,0,47,47,150250.28,26365537,909955.95
"2025-06-01",4,7,"Uber",51152,1191,49961,350.5,740.5,8495,2604,0.17,0.0521,18.45,22.66,41.36,4652,3166,36,36,356444.75,56616057,2115440.64
"2025-06-01",5,1,"Lyft",20529,1487,19042,307,570.2,1596,294,0.0838,0.0154,18.53,22.2,35.38,0,0,30,30,140739.56,22826066,726234.4
"2025-06-01",5,1,"Uber",41532,1598,39934,275.3,537.1,2904,634,0.0727,0.0159,19.27,24.21,42.68,2403,1365,53,53,322982.56,48028038,1772693.17
"2025-06-01",5,2,"Lyft",14280,940,13340,265,486.2,614,127,0.046,0.0095,17.58,21.85,32.87,0,0,21,21,91378.16,15058669,469418.26
"2025-06-01",5,2,"Uber",31657,1121,30536,239.9,473.5,1604,388,0.0525,0.0127,18.02,23.41,37.37,1793,931,48,48,222490.22,34220868,1182996.73
"2025-06-01",5,3,"Lyft",14707,1019,13688,262.4,467.7,539,81,0.0394,0.0059,17.93,21.94,34.04,0,0,30,30,96429.1,15821159,500647.02
"2025-06-01",5,3,"Uber",32376,1238,31138,241.8,474.7,1617,334,0.0519,0.0107,18.34,23.7,38.99,1747,957,37,37,234493.28,35621530,1262189.41
"2025-06-01",5,4,"Lyft",16062,1231,14831,274.6,493.4,705,116,0.0475,0.0078,19.37,22.31,38.01,0,0,28,28,115682.93,18670207,610443.73
"2025-06-01",5,4,"Uber",33757,1417,32340,252.6,496.1,1886,419,0.0583,0.013,19.45,23.82,43.03,1908,1067,32,32,260576.07,39385311,1452668.25
"2025-06-01",5,5,"Lyft",16760,1179,15581,301.8,547.2,1085,184,0.0696,0.0118,18.31,22.29,36.69,0,0,30,30,113999.61,18408945,614878.27
"2025-06-01",5,5,"Uber",35254,1474,33780,274,541.9,2498,556,0.0739,0.0165,19.34,24.27,43.34,2220,1276,48,48,275758.49,40898784,1527995.27
"2025-06-01",5,6,"Lyft",16603,843,15760,284.9,545,1175,336,0.0746,0.0213,17.94,22.15,33.86,0,0,22,22,109968.32,17873415,562168.65
"2025-06-01",5,6,"Uber",32986,798,32188,263.8,532.3,2321,545,0.0721,0.0169,18.5,23.48,37.2,2834,1769,34,34,238864.68,36622132,1227048.37
"2025-06-01",5,7,"Lyft",21068,1205,19863,295.4,553.5,1565,409,0.0788,0.0206,17.45,22.59,33.51,0,0,26,26,138387.42,22056773,706089.71
"2025-06-01",5,7,"Uber",41583,1207,40375,280.3,561.6,3404,878,0.0843,0.0217,18.16,24.29,37.9,3350,2074,26,26,305716.49,45317385,1575826.91
"2025-06-01",6,1,"Lyft",31236,1403,29833,276.5,515.4,1680,252,0.0563,0.0084,19.34,18.56,32.58,0,0,33,33,186875.52,36245282,1017709.13
"2025-06-01",6,1,"Uber",65720,1742,63978,254.2,496.8,3581,767,0.056,0.012,19.83,19.69,37.57,3642,2290,66,66,427748.16,78213234,2469021.96
"2025-06-01",6,2,"Lyft",24535,981,23554,256.2,464.5,883,109,0.0375,0.0046,18.73,17.66,30.94,0,0,33,33,135256.75,27567317,758998.16
"2025-06-01",6,2,"Uber",56172,1338,54834,234.7,456.2,2241,455,0.0409,0.0083,19.08,18.68,34.64,2918,1781,60,60,333687.15,64301457,1945534.68
"2025-06-01",6,3,"Lyft",24666,1017,23649,259.5,468.3,890,122,0.0376,0.0052,18.78,18.05,31.78,0,0,34,34,139321.01,27789806,783887.05
"2025-06-01",6,3,"Uber",56008,1443,54565,236.8,453.2,2258,448,0.0414,0.0082,19.27,19.19,35.7,2931,1812,50,50,345288.4,64761913,1999540.78
"2025-06-01",6,4,"Lyft",23328,1039,22289,249.9,443.1,682,104,0.0306,0.0047,19.52,18.89,33.68,0,0,19,19,143380.43,27322069,785765.78
"2025-06-01",6,4,"Uber",53751,1520,52231,232.1,439.9,2011,421,0.0385,0.0081,19.63,19.86,37.18,3012,1909,48,48,349231.64,63303251,1998446.52
"2025-06-01",6,5,"Lyft",24668,990,23678,281.1,517,1308,192,0.0552,0.0081,18.69,18.93,33.45,0,0,35,35,145528.49,27669857,825162.29
"2025-06-01",6,5,"Uber",55227,1491,53736,261.4,511.8,3304,725,0.0615,0.0135,19.67,20.3,37.99,3268,2103,56,56,367436.29,65167347,2098285.91
"2025-06-01",6,6,"Lyft",18340,746,17594,276.3,505.5,932,142,0.053,0.0081,17.68,21.76,32.12,0,0,16,16,117604.88,19457414,589070.74
"2025-06-01",6,6,"Uber",40062,809,39253,254,494.7,2157,485,0.055,0.0124,18.13,22.98,34.38,3313,2130,37,37,278116.45,43568553,1377234.86
"2025-06-01",6,7,"Lyft",21153,942,20211,284.4,527.8,1300,253,0.0643,0.0125,17.19,22.92,32.42,0,0,35,35,138891.26,21817692,685862.42
"2025-06-01",6,7,"Uber",46039,1083,44955,266.8,528.8,3084,730,0.0686,0.0162,17.99,24.34,35.7,4113,2795,35,35,335919.75,49692286,1643589.73
"2025-06-01",7,1,"Lyft",45023,2066,42957,309.2,608.5,4499,848,0.1047,0.0197,19.93,14.54,30.73,0,0,70,70,217393.34,53835860,1383490.4
"2025-06-01",7,1,"Uber",101804,2073,99731,284.2,562,8028,1785,0.0805,0.0179,20.31,15.47,35.65,4508,2576,162,162,532979.42,124042200,3629740.73
"2025-06-01",7,2,"Lyft",37513,1743,35770,309.2,611.1,3810,719,0.1065,0.0201,19.97,13.38,30.01,0,0,76,76,167136.18,44953207,1125879.81
"2025-06-01",7,2,"Uber",91649,1775,89874,275.2,536.5,6216,1346,0.0692,0.015,20.16,14.26,34.33,3636,2065,150,150,439032.22,110845506,3146265.16
"2025-06-01",7,3,"Lyft",38352,1670,36682,314.2,608,3825,654,0.1043,0.0178,19.72,13.67,30.04,0,0,82,82,172286.94,45384270,1152042.16
"2025-06-01",7,3,"Uber",90457,1858,88599,273.7,532.5,5984,1412,0.0675,0.0159,19.99,14.63,34.73,3698,2144,153,153,440868.73,108500488,3141423.56
"2025-06-01",7,4,"Lyft",33845,1539,32306,271.9,538.3,2315,424,0.0717,0.0131,19.99,15.17,31.43,0,0,68,68,171085.44,40596352,1063816.12
"2025-06-01",7,4,"Uber",80339,1719,78620,245.9,484.8,3803,846,0.0484,0.0108,19.79,15.97,35.34,3443,1985,106,106,423158.41,95388298,2838862.62
"2025-06-01",7,5,"Lyft",34897,1478,33419,293.2,569.7,2762,438,0.0826,0.0131,19.28,15.33,31.37,0,0,64,64,171903.04,40378524,1094843.16
"2025-06-01",7,5,"Uber",82421,1639,80782,275.1,547.9,5985,1397,0.0741,0.0173,19.94,16.44,35.45,4082,2450,110,110,450440.76,98617907,2922065.42
"2025-06-01",7,6,"Lyft",22594,634,21960,262.9,488.8,1085,183,0.0494,0.0083,17.23,19.82,29.75,0,0,31,31,128646.06,23364359,672191.63
"2025-06-01",7,6,"Uber",52642,771,51871,242.6,480.8,2661,573,0.0513,0.011,17.99,21.25,32.42,4023,2594,54,54,335252.71,56807865,1706485.98
"2025-06-01",7,7,"Lyft",23993,718,23275,263.1,490.3,1161,186,0.0499,0.008,16.65,22.2,30.52,0,0,39,39,147799.34,23962750,732163.24
"2025-06-01",7,7,"Uber",56490,947,55543,243.1,478.1,2831,604,0.051,0.0109,17.35,23.63,33.41,4466,2821,52,52,386004.2,58798304,1887215.42
"2025-06-01",8,1,"Lyft",54219,2020,52199,317.6,620.6,5825,1267,0.1116,0.0243,19.66,12.83,29.14,0,0,121,121,228004.55,63966861,1579892.79
"2025-06-01",8,1,"Uber",132179,2330,129849,280.9,546.2,9557,2157,0.0736,0.0166,19.97,13.82,33.53,4973,2686,367,367,608188.01,158389576,4432096.33
"2025-06-01",8,2,"Lyft",43963,1679,42284,324.2,659.6,5655,1412,0.1337,0.0334,19.78,11.59,29.87,0,0,124,124,168040.09,52186366,1312988.37
"2025-06-01",8,2,"Uber",117975,1900,116075,284,556.6,9089,2122,0.0783,0.0183,20.02,12.47,34.41,3689,1857,294,294,490832.53,141707002,4059703.83
"2025-06-01",8,3,"Lyft",46416,1821,44595,336.2,675,6298,1476,0.1412,0.0331,19.54,11.97,30.04,0,0,90,90,180951.7,54407632,1394120.33
"2025-06-01",8,3,"Uber",114431,2091,112340,283.4,549.3,8336,1847,0.0742,0.0164,20.01,13.06,35.44,3764,1982,324,324,498394.73,137399344,4054915.94
"2025-06-01",8,4,"Lyft",40651,1562,39089,290.4,592.7,3763,816,0.0963,0.0209,19.91,13.19,30.28,0,0,77,77,177895.46,48557235,1231017.24
"2025-06-01",8,4,"Uber",103593,1945,101648,253.8,497,5352,1105,0.0527,0.0109,19.81,14,34.2,3600,1951,269,269,478774.59,123119300,3543305.39
"2025-06-01",8,5,"Lyft",42321,1522,40799,294.6,554.3,3057,494,0.0749,0.0121,19.05,13.71,29.44,0,0,102,102,184131.93,48364956,1245774.47
"2025-06-01",8,5,"Uber",102843,1856,100987,264.1,531.6,6781,1518,0.0671,0.015,19.42,15,33.21,4049,2176,301,301,499422.8,119863112,3415332.75
"2025-06-01",8,6,"Lyft",27075,637,26438,250.6,444.6,794,123,0.03,0.0047,17.11,18.11,28.24,0,0,74,74,139840.79,27802901,764616
"2025-06-01",8,6,"Uber",64771,717,64054,228.5,447.4,2583,487,0.0403,0.0076,17.74,19.39,30.68,3876,2376,120,120,371243,68923998,1986856.72
"2025-06-01",8,7,"Lyft",28287,683,27604,253.2,439.8,759,81,0.0275,0.0029,16.55,20.56,29.21,0,0,85,85,160352.59,28082779,826283.54
"2025-06-01",8,7,"Uber",68358,832,67526,232.3,446.4,2703,535,0.04,0.0079,16.85,21.64,31.37,4239,2532,109,109,415523.44,69124244,2144479.92
"2025-06-01",9,1,"Lyft",48467,1854,46613,261.6,525,3096,728,0.0664,0.0156,19.52,13.23,28.46,0,0,196,196,208605.32,56764764,1379315.79
"2025-06-01",9,1,"Uber",118725,2105,116620,233.4,474.2,5675,1305,0.0487,0.0112,20,14.16,32.67,3783,1731,588,588,560620.54,142505516,3879103.94
"2025-06-01",9,2,"Lyft",38959,1465,37494,269.2,574.7,3303,893,0.0881,0.0238,19.83,12.1,29.13,0,0,152,152,155738.49,46348859,1134809.07
"2025-06-01",9,2,"Uber",102899,1940,100959,232.6,476.3,4911,1098,0.0486,0.0109,20.26,12.94,33.25,2674,1145,496,496,449516.3,125068857,3421790
"2025-06-01",9,3,"Lyft",42054,1624,40430,281,588,3796,890,0.0939,0.022,19.47,12.33,29.14,0,0,158,158,168231.6,49130162,1225370.3
"2025-06-01",9,3,"Uber",104646,1973,102673,237.7,479.9,5083,1149,0.0495,0.0112,20.09,13.42,33.86,2890,1288,560,560,470221.84,126147811,3543079.37
"2025-06-01",9,4,"Lyft",38783,1471,37312,259.5,514.2,2317,481,0.0621,0.0129,20.56,12.86,30.07,0,0,126,126,170876.93,47832153,1166245.51
"2025-06-01",9,4,"Uber",100429,1764,98665,229,458.5,4108,867,0.0416,0.0088,20.72,13.86,33.63,2820,1322,482,482,480627.25,124843601,3377766.41
"2025-06-01",9,5,"Lyft",39296,1477,37819,258.6,499.4,1966,359,0.052,0.0095,19.48,13.87,29.4,0,0,146,146,176925.41,45926629,1155299.78
"2025-06-01",9,5,"Uber",97260,1745,95515,233.8,479.1,4820,1136,0.0505,0.0119,19.54,14.96,32.31,3215,1459,476,476,473991.36,114040803,3141990.62
"2025-06-01",9,6,"Lyft",31534,517,31017,254.6,461.4,1168,177,0.0377,0.0057,17.23,16.41,27.24,0,0,88,88,148587.59,32606534,859019.89
"2025-06-01",9,6,"Uber",77390,629,76761,231.7,460,3318,717,0.0432,0.0093,17.89,17.66,29.91,3296,1846,180,180,407623.76,83079073,2314835.01
"2025-06-01",9,7,"Lyft",35234,572,34662,267.7,490.3,1552,203,0.0448,0.0059,16.43,18.4,27.82,0,0,86,86,177532.4,34728184,980282.43
"2025-06-01",9,7,"Uber",87432,824,86608,247,480.8,4319,875,0.0499,0.0101,16.85,19.77,30.78,3719,2027,208,208,485284.73,88380743,2691287.4
"2025-06-01",10,1,"Lyft",42081,1411,40670,236.1,439.3,1308,272,0.0322,0.0067,20.32,13.72,29.56,0,0,227,227,195479.75,51301956,1243751.09
"2025-06-01",10,1,"Uber",99971,1759,98212,215,453.6,4416,987,0.045,0.01,20.73,14.49,34.42,2542,933,672,672,500462.54,124344974,3440999.75
"2025-06-01",10,2,"Lyft",34253,1133,33120,241.7,465.2,1434,317,0.0433,0.0096,20.37,12.33,29.2,0,0,168,168,143458.35,41871125,1000329.21
"2025-06-01",10,2,"Uber",88071,1377,86694,216.8,452,3757,765,0.0433,0.0088,20.73,13.13,33.55,1975,678,548,548,399616.63,109560671,2954830.86
"2025-06-01",10,3,"Lyft",34325,1270,33055,238,450.7,1233,218,0.0373,0.0066,20.69,12.73,30.15,0,0,206,206,150622.44,42603442,1034743.99
"2025-06-01",10,3,"Uber",89779,1470,88309,215.6,442,3642,735,0.0412,0.0083,20.88,13.61,34.11,1984,719,591,591,425162,112472254,3062565.92
"2025-06-01",10,4,"Lyft",34409,1142,33267,233.9,424,876,150,0.0263,0.0045,21.4,12.76,30.9,0,0,174,174,156620.56,44174665,1063066.96
"2025-06-01",10,4,"Uber",88925,1486,87439,216.1,443.5,3562,822,0.0407,0.0094,21.78,13.71,35.05,2075,794,570,570,442687.65,116201892,3116594.75
"2025-06-01",10,5,"Lyft",35566,1050,34516,240.5,446.4,1165,199,0.0338,0.0058,20.49,13.83,30.37,0,0,189,189,167941.59,43723736,1080141.27
"2025-06-01",10,5,"Uber",86639,1381,85258,222.6,461.3,3969,888,0.0466,0.0104,20.82,14.79,33.97,2541,1074,505,505,444498.2,108218153,2942882.27
"2025-06-01",10,6,"Lyft",36155,462,35693,262.4,471.8,1409,254,0.0395,0.0071,18.02,15.21,27.51,0,0,122,122,165143.79,39090510,994692.56
"2025-06-01",10,6,"Uber",89309,717,88592,238.3,479.5,4494,1020,0.0507,0.0115,18.55,16.21,30.41,3017,1577,240,240,447533.81,99416734,2716316.84
"2025-06-01",10,7,"Lyft",41745,482,41263,281.4,508.7,2195,344,0.0532,0.0083,16.85,16.82,27.98,0,0,129,129,197169.25,42192062,1168003.27
"2025-06-01",10,7,"Uber",106674,744,105930,265.6,517.3,6805,1619,0.0642,0.0153,17.35,18.09,30.72,3852,2137,254,254,558118.32,111038463,3276750.6
"2025-06-01",11,1,"Lyft",38597,1162,37435,228.5,424.5,912,131,0.0244,0.0035,20.55,13.82,30.28,0,0,247,247,182689.59,47596760,1168752.03
"2025-06-01",11,1,"Uber",94108,1514,92594,214.8,454.5,4183,895,0.0452,0.0097,20.89,14.78,35.45,2236,824,644,644,484310.52,117974013,3336412.99
"2025-06-01",11,2,"Lyft",31019,955,30064,236.8,442.3,979,155,0.0326,0.0052,21.19,12.64,30.72,0,0,185,185,138482.95,39440349,952909.37
"2025-06-01",11,2,"Uber",83764,1348,82416,215.9,459,3693,837,0.0448,0.0102,21.35,13.21,34.96,1505,434,541,541,393667.45,107292353,2928200
"2025-06-01",11,3,"Lyft",32526,999,31527,235,436.6,894,144,0.0284,0.0046,21.32,12.73,30.89,0,0,214,214,147117.91,41605554,1004639.4
"2025-06-01",11,3,"Uber",85887,1372,84515,214.8,450.4,3634,768,0.043,0.0091,21.44,13.56,35.41,1683,519,611,611,416163.98,110469460,3041492.29
"2025-06-01",11,4,"Lyft",33150,967,32183,239.5,436.9,904,149,0.0281,0.0046,22.34,12.46,31.96,0,0,189,189,153786.05,44435038,1059604.55
"2025-06-01",11,4,"Uber",86411,1320,85091,219,452.4,3781,816,0.0444,0.0096,22.65,13.31,36.71,1841,670,578,578,434311.96,117437338,3172000.66
"2025-06-01",11,5,"Lyft",34512,842,33670,254.6,473.1,1450,273,0.0431,0.0081,21.69,13.21,31.72,0,0,195,195,164831.94,44904614,1094592.93
"2025-06-01",11,5,"Uber",85516,1242,84274,234,489,4755,1165,0.0564,0.0138,21.85,14.15,35.38,2282,910,478,478,440640.51,112128694,3025427.94
"2025-06-01",11,6,"Lyft",38693,420,38273,277.6,508.4,1978,296,0.0517,0.0077,18.79,14.02,28.05,0,0,138,138,169915.06,43625242,1085479.21
"2025-06-01",11,6,"Uber",95947,588,95359,250.1,506.1,5780,1376,0.0606,0.0144,19.53,15.1,31.23,2911,1422,266,266,471687.66,112451573,2996804.57
"2025-06-01",11,7,"Lyft",43541,450,43091,276.8,492.8,1999,336,0.0464,0.0078,18.16,15.64,28.72,0,0,145,145,206110.49,47439624,1250592.9
"2025-06-01",11,7,"Uber",109418,684,108734,257.7,509.2,6636,1562,0.061,0.0144,18.9,16.85,32.04,3576,1817,339,339,580924.2,124108223,3505650.3
"2025-06-01",12,1,"Lyft",38811,1293,37518,243,457.5,1364,237,0.0364,0.0063,20.72,13.73,30.44,0,0,297,297,184043.5,48251349,1181542.54
"2025-06-01",12,1,"Uber",94815,1625,93190,221.7,464.9,4403,987,0.0472,0.0106,21.08,14.62,35.23,2230,795,770,770,487157.42,119933939,3340635.2
"2025-06-01",12,2,"Lyft",31606,1030,30576,257.6,508.3,1756,380,0.0574,0.0124,21.06,12.79,30.93,0,0,223,223,141936.66,39945511,977469.87
"2025-06-01",12,2,"Uber",84699,1373,83326,233.8,497.9,4911,1142,0.0589,0.0137,21.18,13.37,35.01,1694,559,646,646,399703.64,107660810,2965613.53
"2025-06-01",12,3,"Lyft",32446,1139,31307,256.9,485.7,1489,214,0.0476,0.0068,22.21,12.73,32.43,0,0,256,256,152886.31,43239605,1052111.01
"2025-06-01",12,3,"Uber",87240,1500,85740,229.6,482.3,4549,1038,0.0531,0.0121,22.4,13.47,36.76,1805,608,709,709,438782.28,117253159,3207112.12
"2025-06-01",12,4,"Lyft",34048,1001,33047,261.1,494.3,1675,305,0.0507,0.0092,23.02,12.39,33.32,0,0,245,245,161771.96,47019204,1134555.3
"2025-06-01",12,4,"Uber",88785,1386,87399,238.3,492.7,5004,1207,0.0573,0.0138,23.63,13.17,38.07,1926,740,627,627,460255.9,125853208,3380078.13
"2025-06-01",12,5,"Lyft",34536,910,33626,296.8,571.7,2869,591,0.0853,0.0176,22.34,12.86,33.31,0,0,211,211,165380.17,46299910,1150287.56
"2025-06-01",12,5,"Uber",86719,1255,85464,270.4,569.6,7382,1903,0.0864,0.0223,23.12,13.73,38.02,2198,844,617,617,458780.07,120282230,3297075.2
"2025-06-01",12,6,"Lyft",40006,338,39668,297.4,552.5,2969,541,0.0748,0.0136,19.43,13.11,28.56,0,0,158,158,169924.69,46645673,1142710.65
"2025-06-01",12,6,"Uber",98973,619,98354,264.9,539.8,7212,1790,0.0733,0.0182,20.61,14.29,32.48,3079,1570,285,285,485585.44,122361549,3214291.23
"2025-06-01",12,7,"Lyft",44492,397,44095,290,528.5,2701,428,0.0613,0.0097,19.35,14.8,30.27,0,0,159,159,212347.56,51648021,1346776.03
"2025-06-01",12,7,"Uber",111441,727,110714,265.7,521.4,7253,1686,0.0655,0.0152,20.29,15.94,33.97,3474,1779,357,357,600845.81,135676972,3785467.39
"2025-06-01",13,1,"Lyft",38786,1110,37676,257,485.5,1792,326,0.0476,0.0087,21.38,13.5,31.28,0,0,281,281,186541.36,49754935,1213287.21
"2025-06-01",13,1,"Uber",98214,1486,96728,232,492.7,5504,1268,0.0569,0.0131,21.67,14.2,35.9,2610,977,738,738,503653.91,127702382,3525721.84
"2025-06-01",13,2,"Lyft",29923,825,29098,253.6,498.1,1577,320,0.0542,0.011,21.4,12.89,31.92,0,0,179,179,137540.4,38416161,955168.28
"2025-06-01",13,2,"Uber",84046,1253,82793,232.2,490,4604,1071,0.0556,0.0129,21.65,13.56,35.77,2143,820,618,618,411312.92,109183081,3006533.17
"2025-06-01",13,3,"Lyft",32702,918,31784,273.6,533.2,2140,426,0.0673,0.0134,22.94,12.39,33.55,0,0,230,230,154925.1,45010060,1097058.66
"2025-06-01",13,3,"Uber",90088,1357,88731,242.4,505.6,5491,1351,0.0619,0.0152,23.08,13.12,37.91,2103,774,673,673,454672.63,124734406,3415503.36
"2025-06-01",13,4,"Lyft",35325,862,34463,287.9,548.4,2507,434,0.0727,0.0126,23.39,12.04,33.94,0,0,212,212,165777.95,49564566,1198869.3
"2025-06-01",13,4,"Uber",91384,1274,90109,256.7,541.7,6816,1684,0.0756,0.0187,23.83,12.71,38.86,1986,758,658,658,461455.89,130681061,3551007.63
"2025-06-01",13,5,"Lyft",35207,768,34439,327.5,623.9,3910,791,0.1135,0.023,22.71,12.23,33.85,0,0,219,219,162926.82,47974906,1191609.28
"2025-06-01",13,5,"Uber",88218,1200,87018,289.6,593.6,8405,2150,0.0966,0.0247,24.07,13.08,39.47,2636,1127,606,606,462885.25,127389743,3482049.36
"2025-06-01",13,6,"Lyft",39747,329,39418,319.4,600.3,3928,772,0.0996,0.0196,19.62,12.54,30.07,0,0,156,156,162915.97,46780558,1195042.85
"2025-06-01",13,6,"Uber",105733,615,105118,297.8,611.8,11110,2971,0.1057,0.0283,21.2,13.52,34.65,3470,1831,291,291,505117.72,134516289,3663472.47
"2025-06-01",13,7,"Lyft",43724,369,43355,309.3,569.9,3534,624,0.0815,0.0144,20.01,14.08,31.36,0,0,154,154,205350.51,52494018,1371297.22
"2025-06-01",13,7,"Uber",111876,647,111229,288.9,570.9,9548,2360,0.0858,0.0212,21.46,15.42,35.72,3692,1859,378,378,617005.11,144043474,3995705.8
"2025-06-01",14,1,"Lyft",42434,834,41600,271.9,535.4,2907,638,0.0699,0.0153,22.09,12.62,31.66,0,0,253,253,197164.85,56231579,1343521.43
"2025-06-01",14,1,"Uber",106805,1220,105585,247.7,519.7,7126,1750,0.0675,0.0166,22.55,13.26,36.34,3200,1337,759,759,532496.02,144526316,3880967.94
"2025-06-01",14,2,"Lyft",33234,748,32486,273.1,542.9,2356,491,0.0725,0.0151,22.5,12.06,32.65,0,0,187,187,150327.26,44861694,1085199.15
"2025-06-01",14,2,"Uber",93596,964,92632,249.4,529.1,6525,1717,0.0704,0.0185,22.55,12.54,36,2544,1029,634,634,441154.5,126656505,3369702.46
"2025-06-01",14,3,"Lyft",36648,776,35872,298.9,589.9,3396,722,0.0947,0.0201,23.96,11.37,33.76,0,0,201,201,166307.53,52675806,1237386.82
"2025-06-01",14,3,"Uber",98012,1062,96949,260,541.7,7228,1784,0.0746,0.0184,24.32,11.88,38.22,2720,1149,714,714,471789.57,143013071,3745944.95
"2025-06-01",14,4,"Lyft",38507,769,37738,299.2,577.3,3310,639,0.0877,0.0169,24.29,11.28,34.03,0,0,216,216,175864.47,56122854,1310355.32
"2025-06-01",14,4,"Uber",96303,1055,95248,262.7,545.5,7254,1838,0.0762,0.0193,25.16,11.92,39.78,2748,1273,620,620,481514.86,145380755,3830791.6
"2025-06-01",14,5,"Lyft",37772,667,37105,325.9,622.4,4158,795,0.1121,0.0214,24.31,11.15,34.4,0,0,200,200,170616.16,55105407,1299343.52
"2025-06-01",14,5,"Uber",93366,968,92398,286.1,588.6,8715,2236,0.0943,0.0242,25.5,11.96,39.84,3026,1356,565,565,474618.66,142862669,3719438.67
"2025-06-01",14,6,"Lyft",41887,328,41559,300.7,561.5,3283,649,0.079,0.0156,20.11,12.34,30.66,0,0,154,154,173297.62,50550142,1284462.91
"2025-06-01",14,6,"Uber",111421,496,110925,290.3,615.9,11852,3421,0.1068,0.0308,21.71,13.19,35.34,4478,2465,297,297,531786.56,145133205,3937792.45
"2025-06-01",14,7,"Lyft",45893,365,45528,314.4,580.4,4020,740,0.0883,0.0163,20.84,13.7,31.99,0,0,181,181,218436.05,57395351,1467893.44
"2025-06-01",14,7,"Uber",114804,652,114152,292.6,584.5,10533,2632,0.0923,0.0231,22.5,15.01,36.65,4369,2373,380,380,646252.41,154966649,4207873.81
"2025-06-01",15,1,"Lyft",42179,670,41509,271.7,534.9,2905,670,0.07,0.0161,22.68,11.98,31.97,0,0,235,235,190954.8,57398385,1348656.48
"2025-06-01",15,1,"Uber",108174,1008,107166,244.4,527.9,7556,1984,0.0705,0.0185,23.62,12.5,36.84,3730,1668,651,651,532456.04,153313257,3985428.03
"2025-06-01",15,2,"Lyft",33232,528,32704,277.6,558.3,2601,586,0.0795,0.0179,23.14,11.34,33.16,0,0,174,174,145365.59,46129674,1101902.96
"2025-06-01",15,2,"Uber",97199,835,96364,247.8,527.4,6662,1729,0.0691,0.0179,23.48,11.82,36.5,3122,1388,545,545,449716.6,136930544,3547748.46
"2025-06-01",15,3,"Lyft",35711,598,35113,298.2,588.6,3275,770,0.0933,0.0219,24.57,10.64,34.23,0,0,219,219,155575.84,52643802,1222240.19
"2025-06-01",15,3,"Uber",99543,967,98576,258.6,546,7602,1989,0.0771,0.0202,25.39,11.22,39.12,3208,1411,589,589,472784.73,151633099,3893675.71
"2025-06-01",15,4,"Lyft",37591,541,37049,291.3,557.8,2891,553,0.078,0.0149,25.22,10.72,34.78,0,0,220,220,169424.18,56885393,1307429.88
"2025-06-01",15,4,"Uber",98983,969,98014,257.3,537.4,7207,1891,0.0735,0.0193,25.83,11.32,39.34,3162,1482,589,589,482469.98,153429842,3893711.38
"2025-06-01",15,5,"Lyft",37943,495,37448,314.8,616.1,4072,863,0.1087,0.023,24.37,10.53,34.14,0,0,200,200,162313.27,55477744,1295543.9
"2025-06-01",15,5,"Uber",95719,887,94832,276.8,594.4,9225,2500,0.0973,0.0264,26.17,11.38,39.27,3608,1819,481,481,475085.12,150285044,3758554.14
"2025-06-01",15,6,"Lyft",42961,348,42613,295.5,553.6,3225,621,0.0757,0.0146,20.72,12.26,29.37,0,0,163,163,181806.23,53406040,1261689.73
"2025-06-01",15,6,"Uber",109466,562,108904,262.9,531.7,7704,1895,0.0707,0.0174,22.3,13.27,32.88,4659,2697,312,312,540031.45,146480871,3598920.49
"2025-06-01",15,7,"Lyft",46047,312,45735,304.4,574.1,3886,728,0.085,0.0159,20.99,13.55,31.75,0,0,164,164,218273.71,57989654,1462092.22
"2025-06-01",15,7,"Uber",117576,643,116933,283.1,573.2,10254,2624,0.0877,0.0224,22.69,14.93,36.4,4885,2841,341,341,663989.2,160088091,4280024.45
"2025-06-01",16,1,"Lyft",38654,561,38093,262.2,515.6,2338,546,0.0614,0.0143,22.87,11.55,31.55,0,0,180,180,170215.87,53031411,1219626.9
"2025-06-01",16,1,"Uber",111855,827,111028,238.3,505.7,7038,1839,0.0634,0.0166,23.39,12.3,35.97,3834,1744,537,537,536330.3,157008064,4023740.74
"2025-06-01",16,2,"Lyft",33246,481,32765,268.8,542.4,2331,477,0.0711,0.0146,22.29,11.33,32.47,0,0,165,165,139926.31,44471349,1079614.01
"2025-06-01",16,2,"Uber",99528,778,98750,243.9,516.4,6495,1543,0.0658,0.0156,23.19,11.86,36.12,3030,1396,428,428,456227.41,138478008,3595325.93
"2025-06-01",16,3,"Lyft",36301,499,35802,285.3,565.4,2941,642,0.0821,0.0179,24.22,10.28,33.69,0,0,158,158,150620.73,52746566,1222944.98
"2025-06-01",16,3,"Uber",103671,931,102740,250.5,526.1,7091,1891,0.069,0.0184,25.52,10.92,38.68,3245,1465,504,504,481698.63,158736625,4009582.26
"2025-06-01",16,4,"Lyft",37925,497,37428,296.9,583.2,3381,743,0.0903,0.0199,24.47,10.16,33.56,0,0,138,138,157189.84,55676156,1272579.95
"2025-06-01",16,4,"Uber",105766,972,104794,264.2,551.7,8235,2085,0.0786,0.0199,26.33,10.91,39.51,3245,1517,467,467,506107.49,167067725,4178666.24
"2025-06-01",16,5,"Lyft",39260,378,38882,296.2,573.4,3352,741,0.0862,0.0191,23.86,10.52,32.43,0,0,190,190,164188.78,56200605,1273205.75
"2025-06-01",16,5,"Uber",100599,808,99790,265.7,567.2,8496,2262,0.0851,0.0227,25.53,11.3,37.1,3892,2003,418,418,483507.74,154089797,3731913.89
"2025-06-01",16,6,"Lyft",43405,354,43051,287.1,534.3,2868,599,0.0666,0.0139,20.94,12.19,29.43,0,0,151,151,184623.05,54543437,1277383.97
"2025-06-01",16,6,"Uber",111324,581,110743,256.8,526,7723,2037,0.0697,0.0184,22.51,13.42,33.27,4468,2587,305,305,560409.6,150336809,3703392.95
"2025-06-01",16,7,"Lyft",46235,282,45953,296,559.1,3580,713,0.0779,0.0155,21.17,13.47,31.95,0,0,146,146,219730.37,58736385,1477141.76
"2025-06-01",16,7,"Uber",119712,581,119131,275,560.3,9717,2435,0.0816,0.0204,22.68,14.76,36.29,4954,2854,346,346,667924.85,162901608,4344154.66
"2025-06-01",17,1,"Lyft",45250,463,44787,267,522.2,2867,663,0.064,0.0148,20.71,12.17,30.06,0,0,160,160,190082.73,56215091,1360179.97
"2025-06-01",17,1,"Uber",120609,838,119771,243.4,511.1,7627,1907,0.0637,0.0159,21.72,12.81,34.97,4361,2129,391,391,559123.74,157166406,4218025.06
"2025-06-01",17,2,"Lyft",36780,466,36314,276.5,563.9,3013,647,0.083,0.0178,20.81,11.49,31.23,0,0,138,138,146576.21,45917828,1148531.6
"2025-06-01",17,2,"Uber",109019,656,108363,248.7,519.5,7116,1737,0.0657,0.016,21.5,12.04,34.97,3396,1630,362,362,470299.68,140655553,3812203.08
"2025-06-01",17,3,"Lyft",40198,491,39707,314.9,643.4,4881,1248,0.1229,0.0314,22.68,10.33,33.08,0,0,157,157,156985.03,54689660,1329604.24
"2025-06-01",17,3,"Uber",112014,738,111276,264.4,548.8,8633,2264,0.0776,0.0203,24.46,11.09,39.76,3909,2032,378,378,506529.71,164384533,4453743.99
"2025-06-01",17,4,"Lyft",41225,520,40705,320.6,655.2,5215,1287,0.1281,0.0316,22.73,10.13,32.97,0,0,182,182,158154.62,56225986,1359091.5
"2025-06-01",17,4,"Uber",110284,758,109526,271.6,577.3,9896,2710,0.0904,0.0247,24.99,11.05,40.36,3816,1947,381,381,507459.86,165362099,4450587.68
"2025-06-01",17,5,"Lyft",43273,398,42875,301,583.2,3902,827,0.091,0.0193,22.27,10.82,31.15,0,0,162,162,173782.33,57833510,1347994.28
"2025-06-01",17,5,"Uber",108489,704,107785,265.9,565.4,9036,2429,0.0838,0.0225,23.83,11.76,35.72,4427,2465,359,359,506601.85,155112118,3875639.56
"2025-06-01",17,6,"Lyft",46234,320,45914,296.3,556.4,3560,738,0.0775,0.0161,21,12.52,29.49,0,0,142,142,202605.11,58261196,1363664.93
"2025-06-01",17,6,"Uber",113823,564,113259,261.7,536.7,8340,2166,0.0736,0.0191,21.97,13.61,32.94,4571,2670,310,310,567454.06,150044025,3749878.65
"2025-06-01",17,7,"Lyft",46978,250,46728,298.9,574.3,4046,896,0.0866,0.0192,20.66,13.79,31.45,0,0,153,153,223129.55,58242894,1477303.62
"2025-06-01",17,7,"Uber",119896,522,119374,279.8,581.8,10917,2834,0.0915,0.0237,21.86,14.81,35.38,4541,2535,343,343,647028.75,157253352,4241418.68
"2025-06-01",18,1,"Lyft",45450,314,45136,248.2,463.7,1770,340,0.0392,0.0075,18.37,13.43,27.76,0,0,151,151,186829.14,50096516,1261914.17
"2025-06-01",18,1,"Uber",120408,508,119900,226.1,466.9,5994,1481,0.05,0.0124,18.77,14.32,31.41,4198,2049,354,354,539301.32,135600123,3782220.44
"2025-06-01",18,2,"Lyft",37678,283,37395,259.8,520.2,2395,494,0.064,0.0132,18.94,12.77,30.05,0,0,121,121,151937.81,42818742,1132369.65
"2025-06-01",18,2,"Uber",110871,389,110482,235.5,486.8,5975,1324,0.0541,0.012,19.39,13.62,33.8,3256,1529,263,263,487972.28,129018478,3747866.42
"2025-06-01",18,3,"Lyft",40544,396,40148,284.6,567.5,3391,881,0.0845,0.0219,20.39,11.35,30.86,0,0,138,138,156428.63,49594708,1251250.95
"2025-06-01",18,3,"Uber",114960,517,114443,247.5,506.1,6928,1727,0.0605,0.0151,21.65,12.34,36.18,3912,2000,329,329,511889.62,149335485,4159028.51
"2025-06-01",18,4,"Lyft",43609,358,43251,291.7,605.5,4428,1136,0.1024,0.0263,20.53,11.21,31.47,0,0,115,115,167206.34,53704569,1372349.22
"2025-06-01",18,4,"Uber",113647,479,113168,253.2,523.8,7642,1850,0.0675,0.0163,22.26,12.22,37.49,4220,2370,291,291,515046.08,151776016,4260121.72
"2025-06-01",18,5,"Lyft",47257,322,46935,283.7,531.9,3099,615,0.066,0.0131,20.13,12.01,29.87,0,0,131,131,190470.95,57082788,1411485.44
"2025-06-01",18,5,"Uber",116577,512,116064,257.5,537.7,8526,2251,0.0735,0.0194,21.12,13,33.17,4670,2619,314,314,533229.56,147704883,3866810.78
"2025-06-01",18,6,"Lyft",48586,301,48285,296.3,554.6,3696,705,0.0765,0.0146,20.36,12.8,29.23,0,0,153,153,210969.79,59345619,1420278.77
"2025-06-01",18,6,"Uber",120651,415,120236,263.7,538.6,8637,2025,0.0718,0.0168,20.94,13.83,31.82,5044,3187,304,304,582402.1,151602657,3838665.52
"2025-06-01",18,7,"Lyft",47928,241,47687,286.1,538.9,3308,676,0.0694,0.0142,20.16,14.38,30.37,0,0,166,166,231493.51,57961977,1455613.42
"2025-06-01",18,7,"Uber",122119,457,121662,269.6,551.4,9592,2339,0.0788,0.0192,20.72,15.37,32.99,4973,2901,353,353,648132,151838893,4028795.94
"2025-06-01",19,1,"Lyft",39367,220,39147,222.6,400,815,160,0.0208,0.0041,17.35,15.71,27.33,0,0,120,120,178871.43,40992305,1076054.51
"2025-06-01",19,1,"Uber",105823,241,105582,208.3,434.8,4198,973,0.0398,0.0092,17.59,16.79,31.68,2839,1200,223,223,520948.79,111688924,3352588.93
"2025-06-01",19,2,"Lyft",34311,173,34138,224.2,418.4,902,165,0.0264,0.0048,17.79,15.32,29.03,0,0,83,83,155836.39,36630769,995980.23
"2025-06-01",19,2,"Uber",98655,213,98442,209.4,436.4,3868,800,0.0393,0.0081,17.99,16.14,32.44,2542,1140,178,178,477460.34,106496625,3200096.77
"2025-06-01",19,3,"Lyft",37241,203,37038,239.3,453.3,1534,434,0.0414,0.0117,19.26,13.5,29.69,0,0,110,110,161380.96,43036710,1105596.22
"2025-06-01",19,3,"Uber",107969,268,107701,220.6,458.9,5101,1184,0.0474,0.011,20.05,14.54,33.95,3196,1650,260,260,524512.58,129885070,3665202.39
"2025-06-01",19,4,"Lyft",43852,211,43641,264.2,515.1,2722,642,0.0624,0.0147,19.28,12.77,29.1,0,0,108,108,179921.05,50730226,1275938.75
"2025-06-01",19,4,"Uber",115721,325,115395,243.5,508.8,7174,1708,0.0622,0.0148,20.46,14.15,33.69,3696,1901,258,258,558589.81,142084647,3898547.85
"2025-06-01",19,5,"Lyft",47944,214,47730,256.6,470.9,1874,304,0.0393,0.0064,18.65,13.47,27.64,0,0,107,107,200654.23,53636338,1324962.53
"2025-06-01",19,5,"Uber",115972,274,115697,235,481.7,5991,1451,0.0518,0.0125,19.15,14.5,30.39,4338,2421,246,246,536937.98,133268439,3524596.33
"2025-06-01",19,6,"Lyft",49083,222,48861,269.5,493.6,2409,434,0.0493,0.0089,19.22,13.39,27.46,0,0,117,117,210578.35,56602774,1347775.25
"2025-06-01",19,6,"Uber",119098,267,118831,245.8,498.3,7013,1648,0.059,0.0139,19.53,14.36,29.93,4587,2761,243,243,556702.67,139559134,3564899.13
"2025-06-01",19,7,"Lyft",46557,195,46362,259.9,489.2,2280,442,0.0492,0.0095,19.33,15.23,28.47,0,0,134,134,228500.93,54005698,1325575.86
"2025-06-01",19,7,"Uber",114617,227,114390,248.9,519.3,7731,1940,0.0676,0.017,19.59,16.16,31.29,4267,2347,300,300,604935.45,134727024,3586802.91
"2025-06-01",20,1,"Lyft",33607,160,33447,227.6,410.6,847,164,0.0253,0.0049,17.57,17.24,28.77,0,0,88,88,169673.2,35421549,966823.76
"2025-06-01",20,1,"Uber",100919,177,100742,219.2,465,5077,1227,0.0504,0.0122,18.03,18.44,34.6,3546,1735,182,182,559025.37,109157554,3491430.64
"2025-06-01",20,2,"Lyft",33458,147,33311,234.9,442.3,1122,194,0.0337,0.0058,18.3,17.26,31.2,0,0,82,82,176117.82,36732078,1043792.35
"2025-06-01",20,2,"Uber",93999,137,93862,218,452.5,4187,837,0.0446,0.0089,18.73,18.35,37.72,3030,1573,175,175,538419.72,105636925,3545198.84
"2025-06-01",20,3,"Lyft",36248,154,36094,236.3,430.3,1085,204,0.0301,0.0057,19.34,15.49,30.94,0,0,83,83,180994.43,42066242,1121384.78
"2025-06-01",20,3,"Uber",99943,170,99773,222,461.7,4657,985,0.0467,0.0099,20.28,16.92,37.78,3373,1880,196,196,571748.08,121634206,3775416.48
"2025-06-01",20,4,"Lyft",40893,191,40702,260.8,484.9,1796,285,0.0441,0.007,19.42,14.51,30.08,0,0,103,103,192054.36,47651469,1230071.08
"2025-06-01",20,4,"Uber",102993,198,102795,241,498.5,5965,1290,0.058,0.0125,20.47,16.11,36.67,4007,2246,208,208,565952.28,126499787,3776611.36
"2025-06-01",20,5,"Lyft",43745,180,43565,244.3,445.6,1348,219,0.0309,0.005,18.62,14.7,27.67,0,0,114,114,199573.19,48861083,1210253.69
"2025-06-01",20,5,"Uber",107093,182,106911,228.4,470.7,5188,1074,0.0485,0.01,18.8,15.51,29.96,4686,2880,189,189,520367.09,120809882,3208944.24
"2025-06-01",20,6,"Lyft",46588,140,46448,262.6,485.4,2106,341,0.0453,0.0073,18.84,14.41,27.09,0,0,108,108,210843.73,52663439,1262162.07
"2025-06-01",20,6,"Uber",110216,169,110047,238.9,480.6,5665,1208,0.0515,0.011,19.03,15.32,29.11,5041,3268,187,187,535638.17,125853835,3208328.71
"2025-06-01",20,7,"Lyft",43383,134,43249,280.9,543,3120,637,0.0721,0.0147,19.24,15.67,28.42,0,0,112,112,217971.48,50071377,1232898.5
"2025-06-01",20,7,"Uber",108617,157,108459,269.9,560.7,8969,2222,0.0827,0.0205,19.33,16.5,30.36,5261,3322,243,243,577489.06,125990189,3297688.77
"2025-06-01",21,1,"Lyft",34728,127,34601,251.1,466.8,1530,309,0.0442,0.0089,18.04,17.49,30.47,0,0,86,86,182571.95,37580162,1058271.24
"2025-06-01",21,1,"Uber",102794,141,102652,243.7,534.2,7522,1718,0.0733,0.0167,18.12,18.5,34.84,4341,2385,192,192,574158.13,111746291,3581852.38
"2025-06-01",21,2,"Lyft",35212,119,35093,286.4,577.7,3142,609,0.0895,0.0174,18.4,17.27,32.96,0,0,73,73,186549.24,38879770,1160617.8
"2025-06-01",21,2,"Uber",95026,137,94889,262.7,569.6,8173,1907,0.0861,0.0201,19.34,19.03,42.87,3876,2237,171,171,582934.03,110272212,4073724.47
"2025-06-01",21,3,"Lyft",38339,161,38178,278.2,551.3,2936,586,0.0769,0.0153,19.35,16.41,33.14,0,0,77,77,202932.6,44513386,1270713.93
"2025-06-01",21,3,"Uber",101916,155,101760,261.2,566,8645,2207,0.085,0.0217,20.78,18.29,43.1,4277,2632,181,181,645619.96,127090325,4392980.66
"2025-06-01",21,4,"Lyft",41771,151,41620,279.3,549,3092,635,0.0743,0.0153,19.52,15.18,32.11,0,0,92,92,206313.78,48923597,1341071.64
"2025-06-01",21,4,"Uber",99865,190,99675,257.4,551.6,7852,1903,0.0788,0.0191,21.28,17.08,42.05,4689,3008,182,182,605092.44,127515650,4198834.31
"2025-06-01",21,5,"Lyft",46213,149,46064,254.1,476.7,2089,483,0.0453,0.0105,18.97,15.16,29.2,0,0,93,93,221419.77,52589249,1349419.21
"2025-06-01",21,5,"Uber",108821,168,108653,241.4,521.6,7252,1719,0.0667,0.0158,19.24,16.07,31.59,5464,3608,186,186,560638.45,125590597,3437705.07
"2025-06-01",21,6,"Lyft",49398,155,49243,278.4,530.8,3158,573,0.0641,0.0116,19.1,14.74,28.26,0,0,126,126,231782.52,56623333,1396110.89
"2025-06-01",21,6,"Uber",116669,147,116522,255.6,526.7,7876,1826,0.0676,0.0157,19.21,15.6,29.26,6267,4375,185,185,582606.26,134483992,3414230.31
"2025-06-01",21,7,"Lyft",45189,154,45035,315.6,654.7,5849,1527,0.1299,0.0339,19.21,16.16,30.08,0,0,125,125,233764.71,52085112,1359279.89
"2025-06-01",21,7,"Uber",110093,136,109956,294.7,622.4,12145,3266,0.1105,0.0297,19.28,16.83,31.19,6418,4379,203,203,595184.63,127333751,3433834.37
"2025-06-01",22,1,"Lyft",33050,97,32953,282.7,566.7,2803,786,0.0851,0.0239,18.21,17.32,30.3,0,0,63,63,173720.16,36114632,1001502.44
"2025-06-01",22,1,"Uber",95794,77,95717,272.3,588.6,9066,2415,0.0947,0.0252,18.11,18.17,33.22,5575,3544,150,150,525380.2,104093990,3182538.06
"2025-06-01",22,2,"Lyft",34940,99,34841,308.5,619.7,3804,850,0.1092,0.0244,18.4,16.88,32.53,0,0,52,52,180838.79,38570407,1136635.94
"2025-06-01",22,2,"Uber",87330,106,87224,285.2,623.7,9658,2590,0.1107,0.0297,19.54,18.65,41.05,4820,3138,147,147,530259.85,102376719,3585085.97
"2025-06-01",22,3,"Lyft",37614,125,37489,318.5,633.3,4401,982,0.1174,0.0262,19.36,15.91,33.85,0,0,72,72,193096.5,43703086,1273064.93
"2025-06-01",22,3,"Uber",97850,132,97718,289.3,614.5,10422,2790,0.1067,0.0286,21.13,17.79,43.95,5468,3781,140,140,613061.05,124048723,4300640.17
"2025-06-01",22,4,"Lyft",40906,124,40782,300.1,581.7,3668,857,0.0899,0.021,19.38,15.11,33.17,0,0,75,75,199631.02,47576498,1356712.34
"2025-06-01",22,4,"Uber",98523,119,98404,284.9,604.8,10031,2643,0.1019,0.0269,21.62,17.09,43.59,5710,3980,149,149,606832.46,127827927,4294501.71
"2025-06-01",22,5,"Lyft",48625,149,48476,287,563.4,3980,1028,0.0821,0.0212,19.9,15.02,31.72,0,0,83,83,242181.74,58044218,1542514.34
"2025-06-01",22,5,"Uber",112786,143,112643,278,604.5,11470,3213,0.1018,0.0285,20.09,15.94,35.05,6896,4877,173,173,601839.66,135940566,3953333.74
"2025-06-01",22,6,"Lyft",49274,151,49123,324.4,634.5,5875,1392,0.1196,0.0283,19.34,14.67,30.47,0,0,110,110,232956.16,57171722,1501242.61
"2025-06-01",22,6,"Uber",125402,149,125253,313.5,641.8,15158,4087,0.121,0.0326,20,15.78,32.78,7803,5783,164,164,659891.03,150512797,4111055.32
"2025-06-01",22,7,"Lyft",42242,152,42090,342.6,758.1,7422,2599,0.1763,0.0617,18.88,17.16,31.19,0,0,97,97,228091.91,47856155,1317334.53
"2025-06-01",22,7,"Uber",104058,132,103926,325,687.4,15000,4309,0.1443,0.0415,19.04,17.76,32.65,7660,5462,153,153,586575.9,118872653,3397724.81
"2025-06-01",23,1,"Lyft",27946,89,27857,270.6,555.5,2233,532,0.0802,0.0191,17.44,17.84,29.22,0,0,54,54,144886.65,29243712,816674.49
"2025-06-01",23,1,"Uber",77965,33,77932,258.2,568.8,6781,1752,0.087,0.0225,17.47,18.66,30.6,5950,4006,98,98,423568.98,81709067,2385361.64
"2025-06-01",23,2,"Lyft",28500,65,28435,257.8,481.8,1360,213,0.0478,0.0075,17.98,17.66,30.23,0,0,46,46,150833.11,30751642,861672.49
"2025-06-01",23,2,"Uber",71774,55,71719,248.2,537.5,5261,1125,0.0734,0.0157,18.44,18.55,33.48,4794,3175,91,91,409243.19,79404355,2403193.36
"2025-06-01",23,3,"Lyft",34156,88,34068,301.1,604.7,3473,830,0.1019,0.0244,19.75,16.3,32.47,0,0,49,49,183362.56,40484871,1108883.92
"2025-06-01",23,3,"Uber",84262,82,84179,277.4,602.4,8478,2211,0.1007,0.0263,20.58,17.44,37.59,5948,4305,87,87,503840.44,104022693,3167131.32
"2025-06-01",23,4,"Lyft",37771,102,37669,305,600.3,3756,812,0.0997,0.0216,19.67,15.66,32.24,0,0,75,75,193960.5,44578095,1217850.87
"2025-06-01",23,4,"Uber",88544,67,88477,282.9,597.9,8742,2159,0.0988,0.0244,21.39,16.92,38.86,6440,4741,88,88,534071.5,113661761,3440624.84
"2025-06-01",23,5,"Lyft",48448,107,48340,316.4,623.9,5374,1375,0.1112,0.0284,19.59,14.95,31.9,0,0,88,88,236399.48,56932774,1545708.65
"2025-06-01",23,5,"Uber",111073,113,110960,311.5,658.2,14253,4030,0.1285,0.0363,20.28,16.08,36.34,7936,5942,122,122,603832.21,135158925,4035988.74
"2025-06-01",23,6,"Lyft",47170,124,47046,349.7,670.6,6700,1585,0.1424,0.0337,19.01,14.7,31.52,0,0,79,79,219765.88,53814699,1486900.6
"2025-06-01",23,6,"Uber",125725,104,125621,343.3,686.8,18501,5320,0.1473,0.0423,20.05,16.04,34.88,8395,6303,116,116,673842.64,151219071,4385172.01
"2025-06-01",23,7,"Lyft",38463,111,38352,319,713.6,5786,2021,0.1509,0.0527,17.97,18.62,30.08,0,0,74,74,214513.36,41465191,1157089.12
"2025-06-01",23,7,"Uber",90911,69,90842,303.3,664.6,11940,3232,0.1314,0.0356,17.97,19.1,30.35,7907,5719,120,120,520141.08,98044145,2759188.39
"2025-07-01",0,1,"Lyft",23903,50,23853,296.1,734,3722,1465,0.156,0.0614,18.18,21.21,31.73,0,0,52,52,153641.6,26076359,758502.18
"2025-07-01",0,1,"Uber",51434,32,51402,276.8,639.1,6029,1596,0.1173,0.031,17.46,20.9,31.13,3853,2665,49,49,312766.7,53867984,1601104.14
"2025-07-01",0,2,"Lyft",20813,39,20774,256.1,601.3,2085,726,0.1004,0.0349,17.75,20.13,30.72,0,0,39,39,123952.32,22161906,639447.26
"2025-07-01",0,2,"Uber",51926,32,51894,239.8,583,4821,1423,0.0929,0.0274,17.19,20.36,31.49,3533,2089,48,48,302887.65,53562650,1635044.6
"2025-07-01",0,3,"Lyft",23951,47,23904,235.4,461.3,1160,229,0.0485,0.0096,17.11,19.17,29.2,0,0,40,40,130966,24593490,699326.52
"2025-07-01",0,3,"Uber",58747,38,58709,225.4,524.3,4203,1002,0.0716,0.0171,17.4,19.75,31.2,4415,2853,54,54,336621.45,61344425,1833051.34
"2025-07-01",0,4,"Lyft",28527,56,28471,232.9,436.3,1140,221,0.04,0.0078,17.15,18.41,28.75,0,0,47,47,150065.51,29350370,820078.37
"2025-07-01",0,4,"Uber",68760,58,68702,222.3,501.7,4352,982,0.0633,0.0143,17.67,19.36,31.33,5392,3561,67,67,392004.71,72910952,2154365.68
"2025-07-01",0,5,"Lyft",28194,52,28142,238.9,455.1,1244,259,0.0442,0.0092,17.7,17.69,29.02,0,0,47,47,147131.31,29942024,818281.37
"2025-07-01",0,5,"Uber",66503,41,66462,227.9,512.2,4604,1152,0.0693,0.0173,18.56,18.66,31.9,5003,3379,54,54,384034.08,74074569,2121707.79
"2025-07-01",0,6,"Lyft",46271,82,46189,307.4,645.3,5595,1625,0.1211,0.0352,17.87,15.3,29.58,0,0,73,73,210768.27,49608577,1368547.96
"2025-07-01",0,6,"Uber",98460,71,98389,275.6,599.2,9775,2623,0.0994,0.0267,19.33,16.95,33.06,6395,4511,116,116,537510.91,114190097,3254826.34
"2025-07-01",0,7,"Lyft",43747,79,43668,301,590,4107,881,0.0941,0.0202,18.19,15.97,30.2,0,0,75,75,211818.86,47745462,1321058.98
"2025-07-01",0,7,"Uber",103907,68,103839,275.3,575.5,9211,2497,0.0887,0.024,18.87,17.15,31.56,6572,5064,105,105,560494.97,117628690,3278933.93
"2025-07-01",1,1,"Lyft",14470,31,14439,259,555.1,1216,409,0.0842,0.0283,16.65,20.86,28.1,0,0,29,29,83759.96,14458055,406549.07
"2025-07-01",1,1,"Uber",31267,26,31241,252.2,570.3,2698,640,0.0864,0.0205,16.5,21.25,28.43,2203,1359,36,36,182708.34,30952174,888834.85
"2025-07-01",1,2,"Lyft",13481,46,13435,258.3,592.6,1304,437,0.0971,0.0325,17.41,21.41,30.78,0,0,35,35,83756.58,14081589,414931.94
"2025-07-01",1,2,"Uber",31821,43,31777,244.3,585.5,2989,857,0.0941,0.027,16.48,21.26,31.59,1924,1042,33,33,185791.81,31456301,1005313.1
"2025-07-01",1,3,"Lyft",14489,37,14452,235.2,457.1,610,118,0.0422,0.0082,16.37,20.19,28.52,0,0,24,24,79842.02,14233190,413242.4
"2025-07-01",1,3,"Uber",36346,39,36307,224.1,523.7,2466,552,0.0679,0.0152,16.51,20.72,30.52,2500,1483,54,54,207179.42,35996369,1109186.89
"2025-07-01",1,4,"Lyft",16843,50,16793,219.7,399.1,413,80,0.0246,0.0048,15.98,19.15,26.91,0,0,34,34,85877.58,16144160,453183.45
"2025-07-01",1,4,"Uber",40876,56,40820,213,477.3,2314,546,0.0567,0.0134,16.45,20.13,29.32,3227,2105,41,41,225657.53,40353466,1198331.9
"2025-07-01",1,5,"Lyft",19818,44,19774,231.4,455.7,969,273,0.049,0.0138,16.53,18.95,28.14,0,0,34,34,103469.98,19658168,557595.52
"2025-07-01",1,5,"Uber",45722,37,45685,221.7,497.3,2863,770,0.0627,0.0169,17.14,19.68,30.51,3600,2548,48,48,257094.64,47020567,1394933.11
"2025-07-01",1,6,"Lyft",40016,67,39949,295,619,4353,1141,0.109,0.0286,17.02,16.37,28.56,0,0,62,62,185782.57,40866739,1142772.92
"2025-07-01",1,6,"Uber",77335,62,77273,257.7,552.8,6164,1615,0.0798,0.0209,18.05,18.01,31.92,5420,4106,59,59,419136.34,83767554,2468488.66
"2025-07-01",1,7,"Lyft",39390,66,39324,291.3,581.1,3540,721,0.09,0.0183,17.17,16.95,28.53,0,0,55,55,191071.96,40584146,1123871.51
"2025-07-01",1,7,"Uber",81136,67,81069,258.2,539.6,6048,1561,0.0746,0.0193,17.7,18.3,30.94,5424,4095,71,71,438212.57,86183475,2510524.33
"2025-07-01",2,1,"Lyft",9314,82,9232,256.6,484.8,439,77,0.0476,0.0083,16.33,21.3,27.17,0,0,25,25,54011.78,9127160,253015.93
"2025-07-01",2,1,"Uber",20923,94,20829,265.3,600.7,2085,483,0.1001,0.0232,16.44,22.3,28.53,1506,799,29,29,127816.59,20637766,596912.62
"2025-07-01",2,2,"Lyft",8985,92,8893,262,574.7,794,315,0.0893,0.0354,16.52,21.7,29.42,0,0,14,14,53696.3,8907495,264351.63
"2025-07-01",2,2,"Uber",21336,111,21225,260.9,620.6,2317,715,0.1092,0.0337,16.17,22.17,31.1,1187,542,29,29,127437.23,20697018,663652.1
"2025-07-01",2,3,"Lyft",9666,112,9554,241.3,471,476,150,0.0498,0.0157,16.08,20.8,28.1,0,0,27,27,53867.5,9324774,271595.98
"2025-07-01",2,3,"Uber",24207,131,24076,235.7,552.5,1899,515,0.0789,0.0214,16.16,21.59,29.81,1596,891,20,20,140814.07,23476108,721500.36
"2025-07-01",2,4,"Lyft",11321,98,11223,229.5,433.9,391,80,0.0348,0.0071,15.74,19.85,27.21,0,0,13,13,58950.22,10692785,308092.01
"2025-07-01",2,4,"Uber",27532,137,27395,228.2,509,1783,428,0.0651,0.0156,16.35,21.17,29.93,2118,1219,31,31,158855.1,27014900,823900.08
"2025-07-01",2,5,"Lyft",14391,72,14319,246.4,493.9,829,235,0.0579,0.0164,16.14,19.51,27.82,0,0,22,22,75491.9,13933183,400363.04
"2025-07-01",2,5,"Uber",31423,102,31321,241.3,535.4,2355,611,0.0752,0.0195,16.75,20.58,30.44,2554,1636,16,16,180550.92,31586293,956525.79
"2025-07-01",2,6,"Lyft",31140,126,31014,293.2,598.7,3067,718,0.0989,0.0232,16.8,17.37,28.24,0,0,54,54,151408.49,31380053,879253.39
"2025-07-01",2,6,"Uber",58802,115,58687,262.8,559,4831,1192,0.0823,0.0203,17.79,19.11,31.94,4421,3305,38,38,333150.64,62772436,1877917.58
"2025-07-01",2,7,"Lyft",32605,112,32493,296.8,601,3258,744,0.1003,0.0229,17.01,17.84,28.63,0,0,58,58,164904.56,33274328,933459.54
"2025-07-01",2,7,"Uber",61455,117,61338,268.1,558.8,4981,1208,0.0812,0.0197,17.5,19.42,31.54,4646,3418,48,48,347984.23,64522986,1938526.37
"2025-07-01",3,1,"Lyft",7963,393,7570,280.9,531.4,456,100,0.0602,0.0132,17.27,23.01,31.84,0,0,18,18,52730.33,8250630,253564.61
"2025-07-01",3,1,"Uber",17842,618,17224,297.9,633,2007,539,0.1165,0.0313,17.22,23.84,33.1,1155,596,14,14,122068.26,18431336,590634.63
"2025-07-01",3,2,"Lyft",7729,433,7296,279.6,539.9,522,146,0.0715,0.02,16.85,22.64,31.6,0,0,14,14,49142.9,7812827,244222.72
"2025-07-01",3,2,"Uber",18760,621,18139,284.9,644.4,2152,635,0.1186,0.035,16.75,23.83,33.23,1049,483,11,11,124824.16,18853356,623392.05
"2025-07-01",3,3,"Lyft",8153,447,7706,261.4,481.9,306,57,0.0397,0.0074,16.84,22.07,31.31,0,0,19,19,50501.29,8238709,255267.83
"2025-07-01",3,3,"Uber",20544,620,19924,264.6,577,1788,463,0.0897,0.0232,16.75,23.38,32.67,1314,643,11,11,134082.9,20642114,671144.78
"2025-07-01",3,4,"Lyft",9737,467,9270,251.9,468.9,385,87,0.0415,0.0094,17,21.84,31.39,0,0,10,10,60251.97,9930231,305675
"2025-07-01",3,4,"Uber",23316,628,22688,255.7,550.3,1751,409,0.0772,0.018,17.2,23.08,33.42,1644,904,16,16,154220.6,24058890,779237.92
"2025-07-01",3,5,"Lyft",11411,399,11012,268.5,530.7,792,205,0.0719,0.0186,16.67,20.9,30.6,0,0,24,24,66257.39,11413353,349121.43
"2025-07-01",3,5,"Uber",25139,602,24537,270.1,581.4,2266,615,0.0924,0.0251,17.38,22.61,33.69,2033,1224,16,16,164655.3,26220701,846966.17
"2025-07-01",3,6,"Lyft",22651,298,22353,290.4,583.9,2055,512,0.0919,0.0229,16.84,18.54,29.68,0,0,40,40,117823.68,22882060,672220.28
"2025-07-01",3,6,"Uber",46048,454,45594,279.2,585.9,4253,1089,0.0933,0.0239,18,20.3,32.72,3711,2675,32,32,280427.65,49720081,1506497.62
"2025-07-01",3,7,"Lyft",25384,419,24965,317.5,636.1,2967,710,0.1188,0.0284,16.87,18.98,30.78,0,0,45,45,135421.07,25686865,781413.47
"2025-07-01",3,7,"Uber",46991,594,46397,287.9,602.7,4689,1256,0.1011,0.0271,17.9,21.01,34.91,3601,2567,41,41,294531.66,50476591,1640528.52
"2025-07-01",4,1,"Lyft",11280,1093,10187,361.4,663.1,1443,314,0.1417,0.0308,17.78,23.61,36.68,0,0,13,13,78904.95,12031667,413756.18
"2025-07-01",4,1,"Uber",21905,1318,20587,357.2,701.1,3184,910,0.1547,0.0442,18.68,25.68,43.12,1208,645,13,13,175122.2,24551287,944503.11
"2025-07-01",4,2,"Lyft",11788,1175,10613,327.4,621,1178,225,0.111,0.0212,17.74,23.58,35.26,0,0,16,16,82192.07,12548925,415645.97
"2025-07-01",4,2,"Uber",24621,1302,23319,298.4,617.4,2498,659,0.1071,0.0283,18.1,25.26,39.41,1337,636,19,19,187687.14,26743862,970268.83
"2025-07-01",4,3,"Lyft",12179,1248,10931,303.9,566.5,878,177,0.0803,0.0162,17.78,23.38,35.05,0,0,12,12,84371.61,12993263,426845.37
"2025-07-01",4,3,"Uber",25769,1339,24430,288,596.7,2395,582,0.098,0.0238,17.99,24.99,38.66,1566,807,20,20,193086.63,27821000,996102.88
"2025-07-01",4,4,"Lyft",13784,1417,12367,309.2,578.6,1079,217,0.0872,0.0175,18.14,23.49,36.51,0,0,24,24,97881.57,14998507,503226.54
"2025-07-01",4,4,"Uber",29026,1487,27539,297.7,601.6,2773,654,0.1007,0.0237,18.36,25.17,40.28,1812,983,18,18,223494.54,31967717,1169115.68
"2025-07-01",4,5,"Lyft",13507,1144,12363,324.8,596.2,1202,214,0.0972,0.0173,17.74,22.85,35.8,0,0,25,25,91210.81,14373076,483597.87
"2025-07-01",4,5,"Uber",26128,1099,25029,318.2,638.2,2963,782,0.1184,0.0312,18.22,24.62,39.91,1913,1122,20,20,195400.02,28567276,1042788.24
"2025-07-01",4,6,"Lyft",18244,753,17491,331.1,667.7,2343,659,0.134,0.0377,17.18,20.22,33.27,0,0,39,39,105632.58,18807786,607021.46
"2025-07-01",4,6,"Uber",37517,722,36794,318.1,652.9,4634,1265,0.1259,0.0344,18.5,22.15,37,2914,1979,23,23,256256.65,41647794,1388171.15
"2025-07-01",4,7,"Lyft",20936,729,20207,351.2,682.6,2987,750,0.1478,0.0371,17,20.22,34.72,0,0,34,34,119968.14,21360110,726953.86
"2025-07-01",4,7,"Uber",36261,861,35400,347.5,731.6,5878,1805,0.166,0.051,18.65,22.77,40.46,2956,2040,19,19,256691.65,40585406,1467098.76
"2025-07-01",5,1,"Lyft",15046,1113,13933,302.7,558.3,1088,196,0.0781,0.0141,18.61,22.36,35.73,0,0,16,16,104362.71,16804132,537565.02
"2025-07-01",5,1,"Uber",32816,1214,31602,285.8,559.4,2574,627,0.0815,0.0198,19.44,24.14,41.53,1801,1032,38,38,256643.33,38276165,1362877.36
"2025-07-01",5,2,"Lyft",16676,1274,15402,268.5,491.3,725,118,0.0471,0.0077,18.35,22.12,34.32,0,0,31,31,112845.13,18365043,572269.66
"2025-07-01",5,2,"Uber",38772,1368,37404,248.5,493,2115,457,0.0565,0.0122,18.43,23.56,37.94,1979,1104,32,32,280593.57,42868101,1471000.44
"2025-07-01",5,3,"Lyft",17063,1260,15803,260,469.3,600,100,0.038,0.0063,18.27,21.99,34.35,0,0,23,23,114267.58,18704751,586136.47
"2025-07-01",5,3,"Uber",39689,1479,38210,247.2,491.5,2159,484,0.0565,0.0127,18.32,23.32,37.72,2192,1301,58,58,282553.48,43623624,1497205.98
"2025-07-01",5,4,"Lyft",18538,1423,17115,274,503.5,870,155,0.0508,0.0091,18.97,22.27,36.36,0,0,22,22,130537.62,21100161,674009.03
"2025-07-01",5,4,"Uber",42665,1496,41169,257.8,508.6,2487,573,0.0604,0.0139,18.97,23.65,39.43,2558,1572,36,36,319013.76,48554481,1682261.55
"2025-07-01",5,5,"Lyft",15411,1093,14318,280.1,509.5,747,124,0.0522,0.0087,18.69,22.74,36.24,0,0,21,21,109167.68,17281704,558555.16
"2025-07-01",5,5,"Uber",33787,1165,32622,273.7,535.5,2344,534,0.0719,0.0164,18.9,24,39.26,2196,1342,59,59,255414.62,38316478,1326384.87
"2025-07-01",5,6,"Lyft",15480,766,14714,284.7,538.3,1064,269,0.0723,0.0183,17.46,22.18,33.01,0,0,21,21,99902.25,16214899,511051.26
"2025-07-01",5,6,"Uber",32952,700,32252,267.8,537.6,2367,545,0.0734,0.0169,18.14,23.39,35.51,2429,1584,27,27,232990.98,35858406,1170285.7
"2025-07-01",5,7,"Lyft",16080,838,15242,293.9,548.3,1123,262,0.0737,0.0172,17.71,22.2,33.36,0,0,17,17,105387.31,17087840,536353.45
"2025-07-01",5,7,"Uber",31978,899,31079,283.4,569.3,2683,705,0.0863,0.0227,18.36,23.92,36.99,2565,1684,19,19,234138.96,35235769,1182723.84
"2025-07-01",6,1,"Lyft",21902,977,20925,266.2,498,1076,170,0.0514,0.0081,19.02,19.23,33.53,0,0,37,37,133490.46,24994995,734460.89
"2025-07-01",6,1,"Uber",52292,1218,51074,251.5,495,2830,642,0.0554,0.0126,19.46,20.41,36.42,2786,1807,53,53,346134.12,61062858,1904418.34
"2025-07-01",6,2,"Lyft",27155,1109,26046,241.5,433.7,738,127,0.0283,0.0049,18.45,18.61,31.55,0,0,25,25,155415.76,30059855,856655.88
"2025-07-01",6,2,"Uber",64577,1478,63099,228.3,439.5,2477,481,0.0393,0.0076,18.51,19.72,34,3196,1966,51,51,392855.76,71723802,2195490.73
"2025-07-01",6,3,"Lyft",27802,1185,26617,243.8,428.4,677,87,0.0254,0.0033,18.57,18.58,31.78,0,0,30,30,159871.73,30970009,883473.31
"2025-07-01",6,3,"Uber",66697,1499,65198,229.1,440.6,2568,499,0.0394,0.0077,18.66,19.55,33.9,3701,2366,68,68,405651.54,74689039,2261115.64
"2025-07-01",6,4,"Lyft",28718,1213,27505,250.4,446.2,816,132,0.0297,0.0048,19.04,19.04,33.21,0,0,27,27,173558.31,32810086,953760.84
"2025-07-01",6,4,"Uber",67755,1634,66120,236,457.1,2830,591,0.0428,0.0089,19.16,19.95,35.09,3848,2516,68,68,431538.28,77880888,2377539.14
"2025-07-01",6,5,"Lyft",21649,997,20652,254.2,450.6,621,101,0.0301,0.0049,18.56,20.16,33.08,0,0,23,23,135004.63,24110059,716220.87
"2025-07-01",6,5,"Uber",49310,1126,48184,243.8,473.3,2278,484,0.0473,0.01,18.96,21.04,35.18,3106,2024,54,54,327943.92,56108157,1734480.96
"2025-07-01",6,6,"Lyft",16253,636,15617,270.6,515.2,909,173,0.0582,0.0111,17.13,21.81,31.09,0,0,22,22,101203.17,16706072,505352.02
"2025-07-01",6,6,"Uber",38145,653,37492,259,509.7,2338,540,0.0624,0.0144,17.79,23.11,33.06,2929,1949,35,35,261354.69,40717556,1261166.42
"2025-07-01",6,7,"Lyft",15875,690,15185,281.3,524,935,181,0.0616,0.0119,17.3,22.87,32.51,0,0,13,13,104678.78,16479394,516049.11
"2025-07-01",6,7,"Uber",35796,776,35020,268,539.6,2625,693,0.075,0.0198,17.99,24.24,34.99,2892,1952,17,17,260174.57,38647443,1252614.29
"2025-07-01",7,1,"Lyft",31608,1303,30305,266.6,507.3,1619,220,0.0534,0.0073,18.82,15.96,30.27,0,0,50,50,158212.17,35684465,956837.09
"2025-07-01",7,1,"Uber",78373,1531,76842,251.2,497.1,4071,839,0.053,0.0109,19.17,17.06,32.87,3744,2329,144,144,427211.67,90141808,2576153.49
"2025-07-01",7,2,"Lyft",40509,1754,38755,242.2,444.4,1181,156,0.0305,0.004,19.31,15.31,30.15,0,0,77,77,199630.78,46933549,1221418.14
"2025-07-01",7,2,"Uber",100002,1997,98005,228,447.3,3783,730,0.0386,0.0074,19.08,16.24,32.4,4360,2722,155,155,516273.29,114477323,3239727.29
"2025-07-01",7,3,"Lyft",42087,1685,40402,254.7,473,1700,249,0.0421,0.0062,19.2,15.05,30.04,0,0,69,69,202587.95,48474188,1264261.25
"2025-07-01",7,3,"Uber",105265,2081,103184,234.5,457.6,4091,849,0.0396,0.0082,19.14,15.86,32.11,5162,3391,150,150,532364.78,120876210,3379943.56
"2025-07-01",7,4,"Lyft",42725,1776,40949,252,462.7,1502,182,0.0367,0.0044,19.39,15.52,30.34,0,0,81,81,214274.38,49717205,1296382.39
"2025-07-01",7,4,"Uber",103817,1885,101932,234.7,456.3,4139,838,0.0406,0.0082,19.24,16.12,32.29,5230,3430,135,135,536792.94,119849423,3352694.99
"2025-07-01",7,5,"Lyft",30011,1175,28836,242.3,450.6,952,123,0.033,0.0043,18.31,17.45,30.36,0,0,45,45,159799.1,32974761,911024.32
"2025-07-01",7,5,"Uber",68646,1245,67401,231.7,463.3,2934,587,0.0435,0.0087,18.62,18.08,32.4,3916,2494,105,105,385179.55,76676242,2224282.27
"2025-07-01",7,6,"Lyft",19740,598,19142,246.9,447.4,617,113,0.0322,0.0059,16.96,20.78,29.45,0,0,45,45,115935.34,20085320,581413.35
"2025-07-01",7,6,"Uber",46666,636,46030,231.7,457.8,2069,417,0.0449,0.0091,17.48,21.86,31.16,3203,2095,65,65,297209.61,48939522,1454192.51
"2025-07-01",7,7,"Lyft",17859,535,17324,253.5,474.9,736,129,0.0425,0.0074,16.37,22.49,30.07,0,0,31,31,109582.23,17542362,536953.15
"2025-07-01",7,7,"Uber",42537,673,41864,239.4,484.7,2231,520,0.0533,0.0124,17.11,23.58,31.94,3250,2169,56,56,285956.61,43660982,1358731.66
"2025-07-01",8,1,"Lyft",39764,1522,38242,299.4,577.7,3367,661,0.088,0.0173,19.3,13.77,29.66,0,0,96,96,176075.01,46036811,1179448.98
"2025-07-01",8,1,"Uber",104743,1802,102941,273.1,535.2,6941,1450,0.0674,0.0141,19.47,14.75,31.57,3597,2146,255,255,501550.38,122373889,3306381.85
"2025-07-01",8,2,"Lyft",51296,1939,49357,289.7,553.5,3756,694,0.0761,0.0141,20.03,12.85,29.47,0,0,119,119,219986.81,61643253,1511538.28
"2025-07-01",8,2,"Uber",134419,2232,132187,256.7,497.4,7014,1462,0.0531,0.0111,19.78,13.52,31.82,4497,2665,310,310,599213.99,159520445,4277363.7
"2025-07-01",8,3,"Lyft",52321,2026,50295,304.7,598.1,4965,1077,0.0987,0.0214,19.69,12.79,29.95,0,0,143,143,219681.69,61823744,1566930.13
"2025-07-01",8,3,"Uber",140105,2444,137661,267.3,515.5,8162,1809,0.0593,0.0131,19.84,13.51,32.54,5518,3400,354,354,625898.34,166740190,4558582.13
"2025-07-01",8,4,"Lyft",53258,2038,51220,289.6,560.3,4024,824,0.0786,0.0161,19.94,13.1,29.9,0,0,134,134,231857.42,63711640,1592186.99
"2025-07-01",8,4,"Uber",137668,2345,135323,258.8,499,7284,1627,0.0538,0.012,19.94,13.9,32.56,5224,3213,349,349,636015.52,164721075,4482274.53
"2025-07-01",8,5,"Lyft",35270,1324,33946,250.3,473.9,1485,294,0.0437,0.0087,18.56,15.24,28.76,0,0,81,81,166280.41,39282469,1014317.65
"2025-07-01",8,5,"Uber",89172,1382,87790,233.9,466.6,3800,790,0.0433,0.009,18.81,15.97,30.5,3941,2361,218,218,446666.94,100659452,2720188.35
"2025-07-01",8,6,"Lyft",23331,633,22698,233.6,404.6,381,41,0.0168,0.0018,17.21,18.75,28.41,0,0,65,65,125525.17,24098003,662754.66
"2025-07-01",8,6,"Uber",58057,634,57423,219.8,420.1,1927,380,0.0336,0.0066,17.67,19.72,29.77,3113,1963,92,92,337068.67,61545250,1728135.14
"2025-07-01",8,7,"Lyft",20040,472,19568,229.8,398.7,378,64,0.0193,0.0033,16.29,21.12,29,0,0,43,43,114931.52,19589019,581072.85
"2025-07-01",8,7,"Uber",49908,611,49297,215.7,423.4,1708,366,0.0346,0.0074,16.76,22.37,31.05,2809,1660,90,90,311852.19,50195158,1549535.52
"2025-07-01",9,1,"Lyft",35269,1473,33796,251.9,482,1642,353,0.0486,0.0104,19.16,14.02,29.12,0,0,145,145,157920.42,40548223,1027101.68
"2025-07-01",9,1,"Uber",94337,1634,92703,230.1,471.4,4453,1022,0.048,0.011,19.27,15.03,31.2,2748,1337,424,424,455490.27,109077423,2943653.56
"2025-07-01",9,2,"Lyft",47614,1772,45842,269.7,555,3604,957,0.0786,0.0209,20,12.68,29.64,0,0,196,196,201178.37,57129953,1411144.18
"2025-07-01",9,2,"Uber",124794,2165,122629,235.6,484,6364,1386,0.0519,0.0113,20.2,13.46,32.68,3595,1893,590,590,565286.74,151218830,4078785.6
"2025-07-01",9,3,"Lyft",49229,1932,47297,274.2,563.1,3929,935,0.0831,0.0198,19.54,12.61,29,0,0,199,199,202137.99,57719852,1427409.07
"2025-07-01",9,3,"Uber",126571,2259,124312,234.1,476.5,6083,1333,0.0489,0.0107,20.02,13.57,32.53,3891,2080,565,565,573139.38,152001027,4117147.85
"2025-07-01",9,4,"Lyft",49803,1851,47952,264.6,540.3,3467,872,0.0723,0.0182,20.1,12.96,29.9,0,0,199,199,216216.45,60064695,1489342.69
"2025-07-01",9,4,"Uber",128035,2308,125727,231.8,467.2,5733,1252,0.0456,0.01,20.15,13.79,32.53,4047,2094,607,607,592948.74,154762518,4165446.47
"2025-07-01",9,5,"Lyft",33502,1225,32277,229.4,423,1011,208,0.0313,0.0064,18.91,15.07,29.04,0,0,127,127,159099.76,38008844,972829.55
"2025-07-01",9,5,"Uber",84964,1419,83545,214.7,431.3,2947,657,0.0353,0.0079,19.09,15.92,30.95,2889,1502,361,361,430246.25,97320841,2629480.69
"2025-07-01",9,6,"Lyft",27520,501,27019,235.7,415,568,79,0.021,0.0029,17.7,17.12,28.19,0,0,96,96,138932.08,29218090,775866.04
"2025-07-01",9,6,"Uber",70122,584,69538,220,427.4,2367,491,0.034,0.0071,18.03,18.03,29.43,2707,1588,174,174,380038.59,75875424,2063530.21
"2025-07-01",9,7,"Lyft",25158,392,24766,235.9,419.4,603,104,0.0243,0.0042,16.21,19.4,28.19,0,0,55,55,131830.18,24469079,709127.31
"2025-07-01",9,7,"Uber",64028,528,63500,220.7,433.6,2405,534,0.0379,0.0084,16.71,20.55,30.03,2751,1604,160,160,366502.78,64198823,1922481.29
"2025-07-01",10,1,"Lyft",28852,1010,27842,218,395.9,585,126,0.021,0.0045,19.96,14.57,30.63,0,0,161,161,139861.91,34559358,883650.59
"2025-07-01",10,1,"Uber",77849,1322,76527,206.8,432.8,3009,645,0.0393,0.0084,19.88,15.3,32.66,1884,795,507,507,394702.43,92877659,2542205.71
"2025-07-01",10,2,"Lyft",39052,1337,37715,225.4,430.5,1375,364,0.0365,0.0097,20.59,13.09,30.31,0,0,211,211,175405.82,48235113,1183669.13
"2025-07-01",10,2,"Uber",102210,1669,100541,211.8,452.1,4444,964,0.0442,0.0096,20.88,13.83,33.72,2398,974,768,768,491862.19,128043530,3446768.17
"2025-07-01",10,3,"Lyft",39484,1461,38023,222.7,407.3,861,152,0.0226,0.004,20.32,13.22,30.15,0,0,237,237,176795.98,48149456,1190278.82
"2025-07-01",10,3,"Uber",103617,1834,101783,206.4,424.7,3764,800,0.037,0.0079,20.36,14.07,33.24,2825,1285,705,705,494748.93,126592258,3444051.97
"2025-07-01",10,4,"Lyft",42311,1493,40818,225.8,418,1167,243,0.0286,0.006,20.85,13.36,30.67,0,0,243,243,196474.03,52922557,1297781.32
"2025-07-01",10,4,"Uber",107579,1749,105830,208.9,435,4053,868,0.0383,0.0082,20.75,13.99,33.38,2821,1231,769,769,520590.66,133917556,3590770.29
"2025-07-01",10,5,"Lyft",30503,963,29540,216.8,384.7,458,72,0.0155,0.0024,19.64,14.93,30.09,0,0,175,175,149119.17,35952194,917940.36
"2025-07-01",10,5,"Uber",76831,1088,75743,206.2,418.4,2540,508,0.0335,0.0067,19.82,15.75,32.47,2250,975,441,441,399752.02,91385287,2494710.37
"2025-07-01",10,6,"Lyft",30370,338,30032,238.3,424.3,694,110,0.0231,0.0037,18.11,15.63,27.95,0,0,104,104,143283.85,32995953,848849.63
"2025-07-01",10,6,"Uber",79689,602,79087,221,439.6,3062,615,0.0387,0.0078,18.63,16.53,29.67,2442,1305,239,239,409163.73,89093351,2364029.27
"2025-07-01",10,7,"Lyft",29294,334,28960,240.2,416.9,599,111,0.0207,0.0038,16.61,17.71,27.62,0,0,80,80,143593.46,29190550,809067.59
"2025-07-01",10,7,"Uber",78071,536,77535,229.6,450.2,3308,762,0.0427,0.0098,17.01,18.97,29.42,2604,1466,175,175,419956.46,79680663,2296550.71
"2025-07-01",11,1,"Lyft",27541,894,26647,217.7,392.4,514,122,0.0193,0.0046,20.26,14.36,30.35,0,0,163,163,133520.33,33479833,835965.43
"2025-07-01",11,1,"Uber",73256,1146,72110,205.9,437.4,2915,641,0.0404,0.0089,20.26,15.2,33.29,1582,548,543,543,376006.8,89053078,2438970.77
"2025-07-01",11,2,"Lyft",36200,1145,35055,222,403.6,755,138,0.0215,0.0039,21.15,13.1,30.63,0,0,262,262,167155.31,45929007,1108725.7
"2025-07-01",11,2,"Uber",96859,1593,95266,208.2,454.6,4360,927,0.0458,0.0097,21.07,13.84,34.04,1961,732,789,789,470698.21,122429050,3296657.25
"2025-07-01",11,3,"Lyft",37625,1190,36435,218.9,396.6,724,110,0.0199,0.003,20.86,13.39,30.79,0,0,250,250,175144.03,47092887,1158611.29
"2025-07-01",11,3,"Uber",98856,1618,97238,201.9,423.7,3492,751,0.0359,0.0077,20.71,14.07,34.06,2238,862,716,716,480209.34,122843387,3366750.73
"2025-07-01",11,4,"Lyft",39581,1235,38346,221.7,405.2,886,166,0.0231,0.0043,21.59,13.18,31.22,0,0,226,226,187663.92,51271737,1235530.67
"2025-07-01",11,4,"Uber",103184,1549,101635,206.4,435.1,4053,910,0.0399,0.009,21.51,13.84,34.47,2423,959,762,762,511815.99,133172442,3556742.05
"2025-07-01",11,5,"Lyft",30502,715,29787,228.7,407.4,596,84,0.02,0.0028,20.29,14.4,30.6,0,0,147,147,148518.21,37136461,933231.97
"2025-07-01",11,5,"Uber",77107,947,76160,215.1,441.5,3150,662,0.0414,0.0087,20.46,15.25,33.28,2039,853,460,460,400827.44,94636305,2566460.41
"2025-07-01",11,6,"Lyft",32612,345,32267,247.5,455.1,1178,219,0.0365,0.0068,18.76,14.53,28.61,0,0,122,122,148177.06,36704463,933009.1
"2025-07-01",11,6,"Uber",87417,537,86880,230.4,465.7,4057,862,0.0467,0.0099,19.84,15.54,30.73,2400,1233,284,284,449085.86,104043817,2686637.57
"2025-07-01",11,7,"Lyft",32001,299,31702,240.9,422.6,707,116,0.0223,0.0037,17.76,16.51,28.6,0,0,98,98,156405.74,34105512,915071.57
"2025-07-01",11,7,"Uber",83743,475,83268,228.7,455.2,3631,723,0.0436,0.0087,18.11,17.48,30.34,2444,1383,240,240,441814.83,90991316,2540781.43
"2025-07-01",12,1,"Lyft",27941,941,27000,227.2,414.8,613,122,0.0227,0.0045,20.47,14.21,30.75,0,0,199,199,135419.57,34316017,859284.69
"2025-07-01",12,1,"Uber",74281,1273,73008,212.1,442.3,3021,642,0.0414,0.0088,20.62,15.06,33.94,1561,558,611,611,384510.02,91921107,2520833.23
"2025-07-01",12,2,"Lyft",36447,1162,35285,228.9,418.6,941,189,0.0267,0.0054,21.45,13.1,31.34,0,0,269,269,170635.5,46898896,1142413.08
"2025-07-01",12,2,"Uber",97988,1617,96371,214.9,457.2,4477,969,0.0465,0.0101,21.37,13.88,34.46,2113,776,777,777,484521.76,125654603,3377066.68
"2025-07-01",12,3,"Lyft",37692,1327,36365,228.7,423.3,1066,201,0.0293,0.0055,21.92,13.19,31.99,0,0,336,336,181648.52,49571829,1205589.8
"2025-07-01",12,3,"Uber",101310,1698,99612,212.3,441.5,4112,954,0.0413,0.0096,21.67,13.78,34.96,2435,1000,912,912,504376.1,131720887,3542063.44
"2025-07-01",12,4,"Lyft",40758,1285,39473,234.1,432.3,1171,185,0.0297,0.0047,22.64,13.14,32.84,0,0,306,306,202111.08,55368153,1338324.61
"2025-07-01",12,4,"Uber",106310,1769,104540,215.4,455.5,4791,1105,0.0458,0.0106,22.28,13.73,35.55,2431,927,850,850,542150.83,142130590,3778799.15
"2025-07-01",12,5,"Lyft",31979,719,31260,257.7,467.8,1127,156,0.0361,0.005,20.87,14.14,31.55,0,0,187,187,157325.91,40048363,1008892.89
"2025-07-01",12,5,"Uber",80080,1048,79032,238.6,502.8,4796,1088,0.0607,0.0138,21.31,14.93,34.52,2052,871,534,534,424648.91,102379823,2764579.32
"2025-07-01",12,6,"Lyft",33935,293,33642,258.3,478.8,1533,300,0.0456,0.0089,19.2,14.09,29.04,0,0,122,122,152985.01,39085593,985438.14
"2025-07-01",12,6,"Uber",91539,570,90969,235.3,479.8,4782,1078,0.0526,0.0119,20.38,15.07,31.3,2607,1433,295,295,468638.27,111957345,2865057.39
"2025-07-01",12,7,"Lyft",33759,289,33470,260.4,473.4,1397,238,0.0417,0.0071,18.67,15.24,29.61,0,0,116,116,160084.79,37807603,999454.1
"2025-07-01",12,7,"Uber",88920,516,88404,241.8,479.2,4507,977,0.051,0.0111,19.56,16.23,32.51,2472,1316,265,265,470396.43,104367920,2891185.74
"2025-07-01",13,1,"Lyft",27765,844,26921,233.1,428,745,117,0.0277,0.0043,20.98,14.17,31.78,0,0,199,199,137566.19,34944000,882504.09
"2025-07-01",13,1,"Uber",76867,1053,75814,216,454.1,3431,749,0.0453,0.0099,20.7,14.67,34.07,1906,776,610,610,389090.7,95476848,2619051.24
"2025-07-01",13,2,"Lyft",36421,1035,35386,232.8,427.7,972,167,0.0275,0.0047,21.71,13.09,31.93,0,0,284,284,172475.43,47445235,1163077.66
"2025-07-01",13,2,"Uber",102153,1391,100762,217.8,458.3,4846,1065,0.0481,0.0106,21.29,13.61,34.28,2628,1059,870,870,493244.03,130500829,3502216.94
"2025-07-01",13,3,"Lyft",37716,1109,36607,236,436.4,1093,170,0.0299,0.0046,22.48,12.9,32.98,0,0,322,322,182228.47,50867292,1243747.22
"2025-07-01",13,3,"Uber",103946,1398,102548,218,452,4615,1062,0.045,0.0104,22.34,13.33,35.82,2708,1123,814,814,515920.99,139299709,3723378.12
"2025-07-01",13,4,"Lyft",40790,1088,39702,241.9,448.2,1360,243,0.0343,0.0061,23.38,12.57,33.5,0,0,304,304,199783.12,57225087,1366514
"2025-07-01",13,4,"Uber",110310,1580,108730,224.5,475.2,5769,1341,0.0531,0.0123,23.06,13.18,36.1,2787,1181,853,853,558707.18,152608473,3981906.47
"2025-07-01",13,5,"Lyft",33374,600,32774,290.7,541.2,2242,348,0.0684,0.0106,20.83,13.62,31.67,0,0,203,203,157880.65,41717647,1056851.53
"2025-07-01",13,5,"Uber",84198,949,83249,266.3,548.3,6473,1616,0.0778,0.0194,21.77,14.36,35.16,2245,1042,520,520,438636.26,109985927,2960284.79
"2025-07-01",13,6,"Lyft",34683,278,34405,261.6,479.5,1427,229,0.0415,0.0067,19.39,13.92,29.52,0,0,147,147,156030.77,40358446,1023977.89
"2025-07-01",13,6,"Uber",94219,515,93704,239.9,484.7,4978,1119,0.0531,0.0119,20.43,14.71,31.18,2900,1554,311,311,471816.23,115499329,2937351.76
"2025-07-01",13,7,"Lyft",34443,283,34160,276.6,502.9,1714,268,0.0502,0.0078,19.39,14.74,30.94,0,0,137,137,164031.47,40065718,1065528.67
"2025-07-01",13,7,"Uber",88920,497,88423,258.5,516.7,5675,1283,0.0642,0.0145,20.49,15.85,33.89,2700,1497,278,278,481246.51,109314738,3013067.3
"2025-07-01",14,1,"Lyft",29448,600,28848,234.5,429.1,777,161,0.0269,0.0056,21.86,13.77,32.74,0,0,191,191,147739.14,38623676,964200.51
"2025-07-01",14,1,"Uber",82238,910,81328,218.9,464.2,3954,922,0.0486,0.0113,21.42,14.07,34.44,2324,983,628,628,413168.57,105694841,2832417.94
"2025-07-01",14,2,"Lyft",38610,796,37814,236.4,435.5,1072,190,0.0283,0.005,22.07,12.77,32.33,0,0,238,238,181316.47,51121799,1248422.3
"2025-07-01",14,2,"Uber",107860,1149,106711,218.2,462.6,5295,1267,0.0496,0.0119,21.74,13.16,34.63,3513,1680,847,847,514158.99,140668557,3735620.41
"2025-07-01",14,3,"Lyft",39490,923,38567,233.2,431.8,1117,214,0.029,0.0055,22.82,12.56,33.65,0,0,294,294,188706.76,54076004,1329005.73
"2025-07-01",14,3,"Uber",108976,1234,107742,219,466.9,5344,1215,0.0496,0.0113,22.66,13.04,36.21,3526,1696,846,846,536393.21,148140172,3946168.9
"2025-07-01",14,4,"Lyft",43741,886,42855,254.8,501.5,2448,569,0.0571,0.0133,24.49,11.5,34.24,0,0,274,274,205242.05,64270643,1497568.77
"2025-07-01",14,4,"Uber",117070,1242,115828,233.9,502.6,7120,1838,0.0615,0.0159,24.58,11.97,37.68,3815,1881,890,890,573954.04,172687666,4410949.28
"2025-07-01",14,5,"Lyft",36112,519,35593,282.7,524.5,2205,375,0.062,0.0105,21.85,13.02,32.66,0,0,207,207,171224.29,47350214,1179297.01
"2025-07-01",14,5,"Uber",90982,736,90246,259.3,542.9,6836,1726,0.0757,0.0191,22.47,13.6,35.1,2753,1406,528,528,463573.88,122685499,3193351.57
"2025-07-01",14,6,"Lyft",36428,306,36122,250.2,461.4,1268,177,0.0351,0.0049,19.83,13.82,29.64,0,0,163,163,166343.48,43334071,1079637.42
"2025-07-01",14,6,"Uber",99666,431,99235,231.9,471.3,4839,1106,0.0488,0.0111,20.81,14.62,31.09,3520,2100,341,341,505469.94,124431354,3098434.91
"2025-07-01",14,7,"Lyft",35079,258,34821,266.5,489.8,1607,245,0.0462,0.007,19.83,14.71,31.14,0,0,140,140,170559.59,41733128,1092340.68
"2025-07-01",14,7,"Uber",91492,394,91098,256.8,523.1,5953,1385,0.0653,0.0152,20.76,15.77,33.42,3163,1877,265,265,499022.13,113938674,3057544.98
"2025-07-01",15,1,"Lyft",29493,455,29038,231.6,428.7,854,178,0.0294,0.0061,22.05,13.35,32.81,0,0,196,196,144730.43,39024797,967598.93
"2025-07-01",15,1,"Uber",84889,788,84101,213.8,452.4,3955,1021,0.047,0.0121,21.81,13.6,34.31,2681,1233,540,540,419647.39,111066343,2912930.87
"2025-07-01",15,2,"Lyft",39636,605,39031,235.3,441.4,1308,295,0.0335,0.0076,22.37,12.24,32.19,0,0,253,253,180907.12,53193436,1276055.15
"2025-07-01",15,2,"Uber",113503,980,112523,215.7,460.7,5535,1337,0.0492,0.0119,21.88,12.63,33.71,4184,2117,651,651,522763.54,148983455,3826122.98
"2025-07-01",15,3,"Lyft",39520,677,38843,230.7,421,1071,223,0.0276,0.0057,22.95,12,33.03,0,0,274,274,181294.03,54408265,1305248.11
"2025-07-01",15,3,"Uber",113510,1061,112449,211.1,440.9,4875,1194,0.0434,0.0106,22.75,12.41,34.96,4100,2098,681,681,534318.08,154957168,3967781.47
"2025-07-01",15,4,"Lyft",43932,651,43281,261.8,546.3,3335,1051,0.0771,0.0243,24.56,10.77,35.37,0,0,261,261,193707.91,64742744,1553803.9
"2025-07-01",15,4,"Uber",126377,1249,125128,242.3,569.2,11023,3550,0.0881,0.0284,25.19,11.08,38.95,4609,2389,721,721,587568.58,190979073,4922028
"2025-07-01",15,5,"Lyft",36859,402,36457,266.7,500.2,1930,351,0.0529,0.0096,21.94,12.45,31.61,0,0,191,191,167829.88,48528056,1165079.83
"2025-07-01",15,5,"Uber",98676,725,97951,247.2,517.7,6582,1667,0.0672,0.017,22.68,12.92,33.88,3206,1697,411,411,481840.81,134270904,3343599.01
"2025-07-01",15,6,"Lyft",36882,241,36641,249.2,462.3,1369,239,0.0374,0.0065,20.17,13.71,29.77,0,0,139,139,169945.86,44635361,1097796.7
"2025-07-01",15,6,"Uber",104374,433,103941,225.9,457.1,4748,1046,0.0457,0.0101,21.03,14.45,30.68,3898,2308,326,326,528664.47,131670686,3202112.03
"2025-07-01",15,7,"Lyft",34880,212,34668,254.1,470.5,1460,250,0.0421,0.0072,20.1,14.74,31.13,0,0,139,139,172228.86,42074459,1085856.78
"2025-07-01",15,7,"Uber",95040,394,94646,246.7,509,5938,1345,0.0627,0.0142,20.72,15.55,32.4,3663,2157,287,287,510407.18,118166339,3079188.6
"2025-07-01",16,1,"Lyft",28651,403,28248,226.5,415.3,728,139,0.0258,0.0049,21.31,12.88,31.7,0,0,168,168,130991.67,36626039,908308.48
"2025-07-01",16,1,"Uber",89015,630,88385,208.5,433.9,3536,854,0.04,0.0097,21.32,13.2,32.11,2836,1311,390,390,417415.78,113854685,2858261.32
"2025-07-01",16,2,"Lyft",40447,499,39948,235.7,440,1336,290,0.0334,0.0073,22.3,11.73,31.56,0,0,171,171,176332.2,54114829,1276359.06
"2025-07-01",16,2,"Uber",121236,852,120384,214.3,456,5692,1369,0.0473,0.0114,22.12,12.11,32.82,4156,2105,566,566,541378.29,160899410,3978579.12
"2025-07-01",16,3,"Lyft",41522,607,40915,230.5,430.2,1208,252,0.0295,0.0062,23.5,11.59,32.72,0,0,232,232,188490.83,58546718,1358465.61
"2025-07-01",16,3,"Uber",119911,953,118958,210.3,442.8,5106,1241,0.0429,0.0104,23.27,11.91,34.6,4457,2394,631,631,554061.13,167449359,4148969.35
"2025-07-01",16,4,"Lyft",43962,713,43249,255.2,529,3016,817,0.0697,0.0189,23.82,10.43,34.38,0,0,206,206,182118.81,62830214,1511622.52
"2025-07-01",16,4,"Uber",133674,1407,132267,236.7,547.6,10679,3584,0.0807,0.0271,25.12,10.82,37.5,5334,3028,596,596,605710.12,201477953,5012684.18
"2025-07-01",16,5,"Lyft",39610,368,39242,263.3,510,2320,520,0.0591,0.0133,21.49,12.29,30.44,0,0,176,176,174339.1,51073660,1205720.36
"2025-07-01",16,5,"Uber",104948,740,104208,240.5,513.8,6850,1805,0.0657,0.0173,22.11,12.76,32.51,3586,1938,406,406,493389.81,139212557,3411411.63
"2025-07-01",16,6,"Lyft",38162,270,37892,248.6,474.3,1718,363,0.0453,0.0096,20.43,13.44,30.14,0,0,138,138,174644.31,46776613,1150161.26
"2025-07-01",16,6,"Uber",107635,455,107180,224.8,462.6,5027,1153,0.0469,0.0108,21.35,14.22,31.1,3810,2371,312,312,544755.41,137899370,3347954.9
"2025-07-01",16,7,"Lyft",34500,198,34302,247.9,460.3,1317,285,0.0384,0.0083,20.23,14.78,31.05,0,0,107,107,171894.43,41878359,1071257.81
"2025-07-01",16,7,"Uber",94755,368,94387,232.7,481.4,5173,1314,0.0548,0.0139,20.72,15.54,32.25,3592,2197,236,236,508618.84,117825211,3055757.95
"2025-07-01",17,1,"Lyft",33520,345,33175,244.7,469,1473,312,0.0444,0.0094,20.13,12.61,29.67,0,0,132,132,141837.47,40477875,994618.35
"2025-07-01",17,1,"Uber",100956,531,100425,224.3,468.9,4989,1153,0.0497,0.0115,20.4,13.12,31.05,3345,1666,340,340,450271.51,123573760,3134981.53
"2025-07-01",17,2,"Lyft",47785,572,47213,260,509.6,2760,540,0.0585,0.0114,20.84,11.35,29.72,0,0,174,174,188433.31,59753399,1419982.34
"2025-07-01",17,2,"Uber",134007,708,133299,232.7,486.9,7435,1692,0.0558,0.0127,21.18,12,32.2,5300,2998,436,436,567840.71,170313935,4314976.42
"2025-07-01",17,3,"Lyft",46871,547,46324,250.8,485.2,2286,485,0.0493,0.0105,21.96,11.33,31.19,0,0,204,204,194311.64,61745531,1461740.54
"2025-07-01",17,3,"Uber",133901,771,133130,223.6,461,6269,1506,0.0471,0.0113,22.34,11.76,33.71,5141,2915,467,467,586393.41,179441347,4513433.57
"2025-07-01",17,4,"Lyft",49704,772,48932,266.1,553.3,3920,1072,0.0801,0.0219,22.57,10.55,31.46,0,0,213,213,197288.08,67311010,1563891.31
"2025-07-01",17,4,"Uber",137318,1109,136208,234.9,496,8094,2094,0.0594,0.0154,24.08,11.17,35.17,5611,3302,445,445,615796.75,198395390,4829737.49
"2025-07-01",17,5,"Lyft",44224,385,43839,256.5,481.7,1975,388,0.0451,0.0089,20.63,12.53,28.81,0,0,182,182,190415.13,54728152,1274184.8
"2025-07-01",17,5,"Uber",106589,637,105952,230.4,483.9,5775,1438,0.0545,0.0136,21.13,13.21,31.19,3766,2232,348,348,495833.6,135131910,3325020.85
"2025-07-01",17,6,"Lyft",42420,244,42176,261.2,497.9,2257,499,0.0535,0.0118,20.06,13.49,29.17,0,0,139,139,191324.16,51053559,1237568.93
"2025-07-01",17,6,"Uber",111805,423,111382,235,480.2,5864,1350,0.0526,0.0121,20.94,14.34,30.82,3895,2437,318,318,559355.67,140440610,3445711.74
"2025-07-01",17,7,"Lyft",36323,220,36103,250.9,470,1600,430,0.0443,0.0119,19.75,14.77,29.51,0,0,155,155,176658.06,43047386,1071965.23
"2025-07-01",17,7,"Uber",93796,393,93403,233.2,489.5,5222,1297,0.0559,0.0139,20.29,15.63,31.42,3342,1994,242,242,495801.78,114171432,2947452.74
"2025-07-01",18,1,"Lyft",32738,256,32482,236.1,455.9,1311,285,0.0404,0.0088,17.79,13.6,28.41,0,0,126,126,131956.96,34936363,930053.68
"2025-07-01",18,1,"Uber",100574,345,100228,214.8,443.2,4169,861,0.0416,0.0086,18.28,14.37,30.12,3268,1645,268,268,440381.65,110310473,3029682.39
"2025-07-01",18,2,"Lyft",48243,325,47918,248.8,489.3,2457,493,0.0513,0.0103,18.5,12.34,28.22,0,0,161,161,183611.69,53553590,1361306.72
"2025-07-01",18,2,"Uber",134607,495,134112,220.4,455.1,5994,1303,0.0447,0.0097,19.17,13.27,31.12,4949,2791,317,317,570784.7,154852736,4188304.33
"2025-07-01",18,3,"Lyft",47682,350,47332,236.3,456.7,1925,423,0.0407,0.0089,19.38,12.05,29.11,0,0,140,140,185657.76,55445261,1388057.63
"2025-07-01",18,3,"Uber",136203,542,135661,213.2,435.6,5248,1151,0.0387,0.0085,20.03,12.92,32.01,5093,2952,355,355,587708.35,163700966,4360379.91
"2025-07-01",18,4,"Lyft",51426,489,50937,248.6,502.8,3093,835,0.0607,0.0164,20.44,11.57,29.66,0,0,157,157,202811.6,63083548,1525183.67
"2025-07-01",18,4,"Uber",139810,718,139092,220.1,455.6,6455,1567,0.0464,0.0113,21.76,12.42,33.2,5736,3507,324,324,629943.84,182521270,4641793.67
"2025-07-01",18,5,"Lyft",46856,300,46556,244.8,443.5,1467,299,0.0315,0.0064,19.33,13.18,27.53,0,0,148,148,199019.46,54350428,1290161.7
"2025-07-01",18,5,"Uber",112760,433,112327,222.7,449.7,4902,1155,0.0436,0.0103,19.83,14.05,29.87,3730,2264,295,295,523502.77,134149729,3367609.84
"2025-07-01",18,6,"Lyft",45147,220,44927,252.7,463.8,1699,321,0.0378,0.0071,19.7,13.55,28.43,0,0,140,140,200835.45,53374368,1283632.57
"2025-07-01",18,6,"Uber",116527,407,116120,229,461.4,5460,1220,0.047,0.0105,20.34,14.47,29.83,4123,2642,296,296,571742.46,142235447,3475828.77
"2025-07-01",18,7,"Lyft",36726,173,36553,244.4,449.6,1327,330,0.0363,0.009,19.26,15,28.77,0,0,131,131,176805.01,42439910,1056575.19
"2025-07-01",18,7,"Uber",94452,343,94109,230.3,479.1,5060,1255,0.0538,0.0133,19.75,15.95,30.48,3505,2172,231,231,495863,111952209,2879158.76
"2025-07-01",19,1,"Lyft",31280,162,31118,234.7,488.1,1702,406,0.0547,0.013,16.76,14.93,29.49,0,0,80,80,130426.51,31452698,922459.88
"2025-07-01",19,1,"Uber",98148,215,97933,225.6,521.5,6797,1742,0.0694,0.0178,17.12,15.59,32.24,2731,1315,194,194,436706.39,100834030,3164295.69
"2025-07-01",19,2,"Lyft",45137,236,44901,222.5,414.5,1133,190,0.0252,0.0042,17.52,14.24,27.65,0,0,118,118,187727.99,47456217,1248199.33
"2025-07-01",19,2,"Uber",125601,269,125331,205.5,426.4,4713,948,0.0376,0.0076,18.01,15.36,30.85,3961,2122,277,277,579102.46,135706424,3874875.94
"2025-07-01",19,3,"Lyft",44201,217,43984,215.4,416.9,1520,411,0.0346,0.0093,18.06,14.26,28.82,0,0,136,136,189661.61,47885099,1273767.46
"2025-07-01",19,3,"Uber",126411,287,126124,198.4,417.9,4566,965,0.0362,0.0077,18.52,14.98,31.77,3977,2113,277,277,584408.09,140447047,4016656.11
"2025-07-01",19,4,"Lyft",46694,292,46402,216.1,397.6,1048,213,0.0226,0.0046,19.31,13.48,29.14,0,0,117,117,202663.97,54111036,1360787.69
"2025-07-01",19,4,"Uber",129230,356,128874,203.5,424.1,4906,1158,0.0381,0.009,20.33,14.42,32.4,4558,2741,272,272,631672.43,157652967,4186970.28
"2025-07-01",19,5,"Lyft",46173,191,45982,228.6,410.7,1109,226,0.0241,0.0049,18.61,14.03,26.65,0,0,121,121,200868.75,51557973,1230561
"2025-07-01",19,5,"Uber",110536,238,110298,213.2,432.8,4313,1016,0.0391,0.0092,18.9,14.79,28.9,3387,1976,255,255,515014.3,125334026,3194106.86
"2025-07-01",19,6,"Lyft",45077,173,44904,241.1,445.3,1546,298,0.0344,0.0066,19.28,13.76,27.51,0,0,123,123,199385.15,52151104,1240074.32
"2025-07-01",19,6,"Uber",115005,272,114733,223.6,455.7,5104,1185,0.0445,0.0103,19.7,14.77,29.02,3854,2462,281,281,557680,135924324,3337458.09
"2025-07-01",19,7,"Lyft",34402,140,34262,231.7,433.2,1142,292,0.0333,0.0085,18.58,15.46,27.63,0,0,91,91,164736.69,38356575,950498.46
"2025-07-01",19,7,"Uber",87149,161,86987,222.8,469.9,4408,1096,0.0507,0.0126,18.95,16.51,29.67,2975,1760,216,216,454507.38,99088071,2585472.01
"2025-07-01",20,1,"Lyft",28344,141,28203,247.5,496.5,1556,307,0.0552,0.0109,16.84,16.13,29.57,0,0,90,90,128321.11,28632611,838181.18
"2025-07-01",20,1,"Uber",89046,146,88900,230,508.3,5631,1337,0.0633,0.015,18.15,17.41,35.77,3458,2017,159,159,469063.67,96993057,3185391.1
"2025-07-01",20,2,"Lyft",43988,189,43799,247.1,494.4,2450,507,0.0559,0.0116,17.37,15.82,29.47,0,0,123,123,201401.7,45845231,1296215.78
"2025-07-01",20,2,"Uber",122976,174,122802,222.7,476.4,6426,1374,0.0523,0.0112,18.28,17.2,35.68,4746,2741,213,213,644199.09,134854275,4387677.38
"2025-07-01",20,3,"Lyft",41359,200,41159,213,383.9,762,132,0.0185,0.0032,18.78,16.25,30.68,0,0,113,113,210349.03,46611576,1268897.72
"2025-07-01",20,3,"Uber",117530,182,117348,201,422.2,4408,941,0.0376,0.008,19.39,17.25,35.48,4489,2675,214,214,655394.03,136740816,4169853.83
"2025-07-01",20,4,"Lyft",43436,231,43205,216,394,946,172,0.0219,0.004,19.21,15.31,30.37,0,0,101,101,212865.33,50053491,1318989.37
"2025-07-01",20,4,"Uber",120546,219,120327,207.5,435.5,4899,1125,0.0407,0.0093,20.22,16.34,34.87,5000,3031,225,225,663475.81,146211273,4202917.53
"2025-07-01",20,5,"Lyft",41901,144,41757,231.3,433.9,1293,243,0.031,0.0058,18.5,14.77,26.87,0,0,99,99,190754.28,46498279,1126032.4
"2025-07-01",20,5,"Uber",102974,153,102821,216.3,453.1,4538,1060,0.0441,0.0103,18.82,15.46,29.05,3758,2302,222,222,499304.22,116281316,2991114.16
"2025-07-01",20,6,"Lyft",42355,117,42238,240.7,459.6,1697,355,0.0402,0.0084,18.94,14.61,27.5,0,0,100,100,195367.58,48144742,1164947.09
"2025-07-01",20,6,"Uber",105917,126,105791,225.4,466.4,4974,1144,0.047,0.0108,19.32,15.39,28.73,4416,2965,219,219,524961.09,122778733,3042535.37
"2025-07-01",20,7,"Lyft",32828,102,32726,247.2,476.4,1534,378,0.0469,0.0116,18.84,16.08,28.35,0,0,85,85,165780.9,37114692,930837.17
"2025-07-01",20,7,"Uber",84316,104,84212,241.9,526,5955,1432,0.0707,0.017,19.21,16.98,29.8,3806,2468,178,178,458334.86,97195335,2512977.22
"2025-07-01",21,1,"Lyft",26435,111,26324,247.5,476.1,1242,236,0.0472,0.009,17.8,17.3,31.71,0,0,64,64,135675.52,28239477,838170.53
"2025-07-01",21,1,"Uber",84203,117,84086,239.2,526.5,6008,1501,0.0715,0.0179,18.42,18.05,37.03,3777,2448,148,148,466743.81,93085646,3118045.72
"2025-07-01",21,2,"Lyft",43537,150,43387,251.9,479.9,2032,378,0.0468,0.0087,18.22,16.88,31.27,0,0,89,89,223240.96,47599902,1361381.94
"2025-07-01",21,2,"Uber",113551,172,113379,232.4,491.3,6452,1326,0.0569,0.0117,18.75,18.05,37.6,5255,3308,187,187,640268.97,127732880,4269324.9
"2025-07-01",21,3,"Lyft",46887,167,46720,251.3,481.5,2287,459,0.049,0.0098,19.12,16.48,32.07,0,0,108,108,246311.61,53798253,1503487.26
"2025-07-01",21,3,"Uber",120482,165,120317,230.3,489,6702,1427,0.0557,0.0119,19.72,17.59,38.14,5632,3664,206,206,696513.59,142549862,4594943.18
"2025-07-01",21,4,"Lyft",47802,175,47627,233.6,440.9,1680,341,0.0353,0.0072,19.33,16.1,31.05,0,0,116,116,248020.16,55440920,1484443.88
"2025-07-01",21,4,"Uber",123228,189,123039,219.1,472.1,6488,1445,0.0527,0.0117,19.83,17.06,35.46,6111,4093,204,204,694633.98,146613226,4369100.15
"2025-07-01",21,5,"Lyft",44820,128,44692,239.6,463.5,1898,432,0.0425,0.0097,18.89,14.87,27.95,0,0,107,107,209781.85,50795171,1252862.08
"2025-07-01",21,5,"Uber",103509,151,103358,221,480.7,5679,1428,0.0549,0.0138,19.21,15.52,29.69,4523,3106,202,202,514490.42,119307876,3073049.49
"2025-07-01",21,6,"Lyft",45175,131,45044,250.8,500.5,2523,631,0.056,0.014,19.25,14.72,28.75,0,0,122,122,213429.27,52185394,1298878.41
"2025-07-01",21,6,"Uber",111483,149,111334,235,492,6200,1597,0.0557,0.0143,19.57,15.54,28.98,5251,3760,225,225,565151.27,130921456,3230268.43
"2025-07-01",21,7,"Lyft",34419,87,34332,277.8,569.5,2958,748,0.0862,0.0218,18.9,16.24,29.73,0,0,77,77,176026.05,39031333,1023163.07
"2025-07-01",21,7,"Uber",86275,95,86180,265.6,571.8,7590,1952,0.0881,0.0227,19.14,16.93,29.58,4692,3288,159,159,465917.92,99097160,2552168.08
"2025-07-01",22,1,"Lyft",24101,102,23999,252.8,492.6,1315,323,0.0548,0.0135,18.33,17.58,30.63,0,0,58,58,129429.27,26510898,738254.57
"2025-07-01",22,1,"Uber",74820,86,74734,247.5,538.5,5642,1565,0.0755,0.0209,18.21,18.17,32.28,4392,2970,89,89,412479.86,81743325,2415098.78
"2025-07-01",22,2,"Lyft",41662,136,41526,268.1,534.5,2994,749,0.0721,0.018,18.8,17.08,32.3,0,0,71,71,223018.5,46997414,1345569.63
"2025-07-01",22,2,"Uber",105639,158,105481,248.1,531.5,7689,1828,0.0729,0.0173,19.24,18.27,37.08,6128,4247,149,149,618941.78,121941727,3916802.77
"2025-07-01",22,3,"Lyft",46014,157,45857,268.5,527,3122,730,0.0681,0.0159,18.65,16.39,31.86,0,0,88,88,234373.22,51480714,1465915.14
"2025-07-01",22,3,"Uber",112799,134,112665,246.6,527.3,7976,1963,0.0708,0.0174,19.7,17.89,38.06,6835,4857,181,181,662519.01,133304423,4292652.25
"2025-07-01",22,4,"Lyft",49594,152,49442,261.6,510.5,2987,679,0.0604,0.0137,19.14,16.17,31.36,0,0,108,108,255866.61,56964814,1555150.16
"2025-07-01",22,4,"Uber",121235,140,121094,241.4,516.2,8266,2128,0.0683,0.0176,19.69,17.32,35,7450,5402,142,142,689056.89,143255649,4243796.2
"2025-07-01",22,5,"Lyft",49718,128,49590,269.4,558,4049,1209,0.0816,0.0244,20.05,14.55,30.4,0,0,100,100,241844.51,59820240,1511520.45
"2025-07-01",22,5,"Uber",111964,157,111807,254.3,573.5,9960,3031,0.0891,0.0271,20.48,15.38,33.14,5652,4053,163,163,587669.72,137570043,3710085.09
"2025-07-01",22,6,"Lyft",47895,151,47744,285.3,567.9,4015,902,0.0841,0.0189,19.45,14.77,30.13,0,0,131,131,229348.84,55889774,1442976.97
"2025-07-01",22,6,"Uber",119048,137,118911,266.8,545.4,8941,2160,0.0752,0.0182,19.81,15.75,30.35,6411,4820,174,174,618898.46,141483878,3613644.93
"2025-07-01",22,7,"Lyft",33952,96,33856,303.6,636.2,3956,1183,0.1168,0.0349,18.51,17.07,30.06,0,0,96,96,178827.19,37706445,1020695.41
"2025-07-01",22,7,"Uber",80227,69,80158,291.4,625.9,8953,2346,0.1117,0.0293,18.83,17.87,30.38,5506,4029,112,112,449829.62,90640214,2437131.34
"2025-07-01",23,1,"Lyft",18953,61,18892,243.7,487.6,1102,324,0.0583,0.0172,17.84,18.64,30.23,0,0,43,43,104994.69,20282408,572933.58
"2025-07-01",23,1,"Uber",61128,42,61086,239.5,544.6,4841,1248,0.0792,0.0204,17.81,19.26,30.76,4207,2856,68,68,349420.23,65321723,1880080.37
"2025-07-01",23,2,"Lyft",32706,80,32626,244.5,474.5,1664,370,0.051,0.0113,17.98,17.74,30.24,0,0,56,56,173838.49,35282824,989142.96
"2025-07-01",23,2,"Uber",85613,68,85545,233,508.8,5593,1255,0.0654,0.0147,18.28,18.53,31.79,6045,4249,106,106,483399.16,93890175,2721979.05
"2025-07-01",23,3,"Lyft",38151,105,38046,242.2,467.1,1819,364,0.0478,0.0096,18.24,17.11,30.46,0,0,62,62,198436.33,41761492,1162046.67
"2025-07-01",23,3,"Uber",96738,68,96670,231.6,496.3,5790,1353,0.0599,0.014,18.74,18.04,32.67,7216,5264,110,110,545142.91,108790927,3160185.63
"2025-07-01",23,4,"Lyft",43800,113,43687,250.2,483.9,2233,445,0.0511,0.0102,18.41,16.7,30.15,0,0,82,82,224311.02,48368863,1320783.33
"2025-07-01",23,4,"Uber",108441,82,108359,237.7,505.7,6843,1618,0.0632,0.0149,19.12,17.59,32.48,8066,6039,108,108,607810,124398000,3521900.74
"2025-07-01",23,5,"Lyft",50638,131,50507,292.3,588.4,4764,1372,0.0943,0.0272,19.26,14.78,30.31,0,0,109,109,240354.11,58526363,1535008.87
"2025-07-01",23,5,"Uber",112450,130,112320,273.6,604,11395,3306,0.1015,0.0294,20.27,15.82,33.55,6541,4907,153,153,600909.07,136746079,3772510.63
"2025-07-01",23,6,"Lyft",46789,138,46651,302,593,4481,1163,0.0961,0.0249,19.06,15.06,31.13,0,0,103,103,223862.47,53514410,1456652.42
"2025-07-01",23,6,"Uber",118662,100,118562,281,580.8,10822,2863,0.0913,0.0241,19.66,16.07,32.05,6935,5242,162,162,624857.79,139967976,3802710.06
"2025-07-01",23,7,"Lyft",30105,75,30030,294.1,665.2,3809,1414,0.1268,0.0471,17.85,18.68,30.02,0,0,64,64,167285.78,32244061,903869.46
"2025-07-01",23,7,"Uber",71150,64,71086,284.2,640.2,8356,2491,0.1175,0.035,18.14,19.5,30.28,5644,4148,87,87,419443.11,77451693,2154637.26
"2025-08-01",0,1,"Lyft",19810,46,19764,277.1,621.9,2135,799,0.108,0.0404,17.34,20.51,29.79,0,0,50,50,117393.44,20606833,590079.1
"2025-08-01",0,1,"Uber",47270,76,47194,263,616.9,5023,1696,0.1064,0.0359,17.17,20.69,29.56,3439,2283,57,57,279890.37,48710482,1397174.78
"2025-08-01",0,2,"Lyft",16508,37,16471,244.4,482.1,885,227,0.0537,0.0138,16.21,19.03,27.62,0,0,35,35,84906.4,16059970,455999.89
"2025-08-01",0,2,"Uber",39136,70,39066,227.2,522.9,2834,813,0.0725,0.0208,17.04,20,30.05,2540,1440,41,41,222383.12,40020069,1176166.16
"2025-08-01",0,3,"Lyft",19121,35,19086,230.6,423.1,619,175,0.0324,0.0092,16.47,18.62,28.14,0,0,33,33,97721.52,18892827,538080.62
"2025-08-01",0,3,"Uber",43088,68,43020,213.1,470.9,2407,650,0.056,0.0151,17.23,19.72,30.52,2828,1687,38,38,244092.24,44556291,1315200.9
"2025-08-01",0,4,"Lyft",22649,55,22594,243,500.6,1425,435,0.0631,0.0193,17.13,19.01,29.97,0,0,50,50,122920.83,23273493,678758.44
"2025-08-01",0,4,"Uber",49979,81,49898,223.1,528.8,3810,1308,0.0764,0.0262,17.9,19.8,32.7,3256,1970,45,45,295133.42,53662700,1634178.65
"2025-08-01",0,5,"Lyft",33331,67,33264,240.2,450.3,1449,389,0.0436,0.0117,17.19,17.9,29.11,0,0,61,61,170965.67,34375177,970364.39
"2025-08-01",0,5,"Uber",75879,111,75768,224.9,500.4,4896,1405,0.0646,0.0185,18.45,19,32.26,5361,3562,71,71,443443.65,84007180,2447868.58
"2025-08-01",0,6,"Lyft",55005,103,54902,274.1,563.5,4660,1387,0.0849,0.0253,18.18,16.68,29.61,0,0,93,93,277923.44,59994121,1628605.75
"2025-08-01",0,6,"Uber",115369,216,115152,238.1,504.5,7354,1917,0.0639,0.0166,18.4,17.2,30.48,7754,5394,84,84,608231.2,127337733,3516095.98
"2025-08-01",0,7,"Lyft",54904,95,54809,295,572.6,4685,1092,0.0855,0.0199,17.89,17.11,29.43,0,0,90,90,280038.79,58921575,1615820.66
"2025-08-01",0,7,"Uber",123878,220,123657,258.2,530.4,8760,2451,0.0708,0.0198,17.91,17.6,30.1,7900,5993,131,131,650790.7,133093541,3728169.34
"2025-08-01",1,1,"Lyft",11893,35,11858,247,497.2,712,206,0.06,0.0174,16.64,21.21,28.63,0,0,30,30,69934.27,11871336,340507.83
"2025-08-01",1,1,"Uber",28554,79,28475,243,549.5,2271,758,0.0798,0.0266,16.39,21.43,28.89,1943,1138,36,36,167155.68,28077152,824840.12
"2025-08-01",1,2,"Lyft",9858,26,9832,232.3,421.9,282,53,0.0287,0.0054,15.37,19.62,26.61,0,0,19,19,49561.22,9092308,262363.97
"2025-08-01",1,2,"Uber",23270,64,23206,224.6,501,1469,468,0.0633,0.0202,16.25,20.71,28.65,1427,737,38,38,130508.85,22685862,666581.9
"2025-08-01",1,3,"Lyft",11206,34,11172,223.9,407,256,47,0.0229,0.0042,15.54,19.19,26.87,0,0,22,22,55702.86,10447066,301055.75
"2025-08-01",1,3,"Uber",25818,67,25751,213.3,463.6,1397,438,0.0543,0.017,16.08,20.29,28.45,1642,926,27,27,140373.6,24903002,734559.86
"2025-08-01",1,4,"Lyft",13677,31,13646,233.2,454.7,629,164,0.0461,0.012,16.5,19.89,29.32,0,0,24,24,74797.47,13537575,401076.99
"2025-08-01",1,4,"Uber",29813,79,29733,221.2,505.7,1954,682,0.0657,0.0229,17.14,20.59,31.26,1939,1224,25,25,175357.02,30665027,932030.6
"2025-08-01",1,5,"Lyft",22307,57,22250,224.4,409.2,622,143,0.028,0.0064,16.32,19.03,28.41,0,0,38,38,115479.66,21849270,633776.66
"2025-08-01",1,5,"Uber",50037,123,49914,214,478.1,2884,941,0.0578,0.0189,17.18,19.92,30.74,3513,2299,37,37,285394.51,51566721,1538149.19
"2025-08-01",1,6,"Lyft",45060,57,45003,251.6,477,2008,338,0.0446,0.0075,17.45,17.53,28.64,0,0,56,56,229789.69,47188375,1290390.83
"2025-08-01",1,6,"Uber",88772,169,88603,226.3,464.3,4367,1212,0.0493,0.0137,17.44,17.79,29.01,6413,4821,76,76,459175.67,92899997,2574868.1
"2025-08-01",1,7,"Lyft",45496,69,45427,285.1,561.7,3642,843,0.0802,0.0186,17.27,17.9,28.64,0,0,64,64,234334.37,47131162,1302868.02
"2025-08-01",1,7,"Uber",98914,189,98725,245.6,503.1,6077,1678,0.0616,0.017,17.27,18.34,29.71,6236,4697,83,83,522252.83,102488338,2938391.58
"2025-08-01",2,1,"Lyft",7958,65,7893,246.7,462.3,303,47,0.0384,0.006,16.06,21.28,27.65,0,0,24,24,45332.33,7669428,220012.49
"2025-08-01",2,1,"Uber",18735,122,18613,252.1,558.5,1515,423,0.0814,0.0227,16.17,21.87,28.09,1237,672,14,14,110427.98,18181144,526340.33
"2025-08-01",2,2,"Lyft",6504,59,6445,237.6,455.2,232,42,0.036,0.0065,15.16,19.9,26.32,0,0,13,13,32715.95,5917214,171186.31
"2025-08-01",2,2,"Uber",15227,102,15125,242.4,546.1,1189,398,0.0786,0.0263,15.92,21.25,27.71,910,439,19,19,85843.93,14542608,421953.99
"2025-08-01",2,3,"Lyft",7403,75,7328,232,416.9,193,43,0.0263,0.0059,15.3,20.06,26.97,0,0,25,25,37858.39,6794772,199674.19
"2025-08-01",2,3,"Uber",16968,115,16853,223.3,499.8,1109,403,0.0658,0.0239,15.89,21.1,28.48,996,479,11,11,94804.02,16175281,483177.81
"2025-08-01",2,4,"Lyft",8879,77,8802,237.9,469.6,443,162,0.0503,0.0184,15.95,20.32,28.51,0,0,25,25,47955.12,8495717,253122.38
"2025-08-01",2,4,"Uber",20102,139,19963,232.8,536.6,1584,643,0.0793,0.0322,16.67,21.39,30.17,1310,725,11,11,119475.2,20110880,606477.81
"2025-08-01",2,5,"Lyft",15340,94,15246,237.3,453.5,617,126,0.0405,0.0083,16.08,19.49,28.2,0,0,33,33,80143.07,14800332,432524.27
"2025-08-01",2,5,"Uber",34280,165,34115,227.6,506.3,2215,593,0.0649,0.0174,16.67,20.55,29.92,2353,1475,23,23,195740.2,34284893,1025705.05
"2025-08-01",2,6,"Lyft",36153,121,36032,268.1,510.1,2065,360,0.0573,0.01,17.3,18.32,28.89,0,0,60,60,190941.93,37529347,1044436.42
"2025-08-01",2,6,"Uber",69296,226,69070,243.5,501.3,4129,1049,0.0598,0.0152,17.41,18.7,30.06,5276,3904,47,47,376005.26,72376594,2083151.94
"2025-08-01",2,7,"Lyft",36897,126,36771,291.2,572.5,3156,621,0.0858,0.0169,17.12,18.59,28.82,0,0,72,72,195759.6,37907323,1063409.12
"2025-08-01",2,7,"Uber",75586,225,75361,255.4,521.4,5093,1347,0.0676,0.0179,17.12,19.15,30.46,5106,3737,56,56,413028.97,77645129,2302109.61
"2025-08-01",3,1,"Lyft",6916,335,6581,267.8,496.7,299,56,0.0454,0.0085,16.6,22.65,30.88,0,0,16,16,43346.18,6889925,213564.98
"2025-08-01",3,1,"Uber",16412,574,15838,280.3,599.8,1581,520,0.0998,0.0328,16.91,24,32.83,988,507,15,15,111047.55,16653756,538866.24
"2025-08-01",3,2,"Lyft",6035,282,5753,265.5,495.3,282,59,0.049,0.0103,16.49,22.17,30.78,0,0,18,18,36779.2,5971214,185769.82
"2025-08-01",3,2,"Uber",13619,384,13235,266.8,588.5,1263,446,0.0954,0.0337,16.38,23.48,31.22,773,350,14,14,87297.55,13385070,425133.28
"2025-08-01",3,3,"Lyft",6748,294,6454,260.7,463.6,234,53,0.0363,0.0082,16.23,22.1,30.26,0,0,15,15,40345.1,6572234,204169.97
"2025-08-01",3,3,"Uber",14839,457,14382,252,532,1096,395,0.0762,0.0275,16.53,23.21,31.78,848,396,6,6,94875.07,14714376,471560.5
"2025-08-01",3,4,"Lyft",7754,367,7387,257.7,476.8,314,59,0.0425,0.008,16.93,21.84,31.5,0,0,16,16,47770.41,7875553,244265.28
"2025-08-01",3,4,"Uber",17130,540,16590,251.3,538.4,1287,488,0.0776,0.0294,17.26,23.48,33.69,961,481,8,8,115689.26,17735089,577146
"2025-08-01",3,5,"Lyft",12569,506,12063,250,454.7,388,61,0.0322,0.0051,16.6,21.5,30.78,0,0,28,28,74774.32,12518336,386925.32
"2025-08-01",3,5,"Uber",27986,823,27163,246.2,511.2,1797,540,0.0662,0.0199,17.29,22.74,33.04,1977,1153,19,19,183388.78,29034753,924536.31
"2025-08-01",3,6,"Lyft",27664,388,27276,282.4,572.2,2382,655,0.0873,0.024,17.12,18.95,30.02,0,0,50,50,149557.16,28412167,830494.38
"2025-08-01",3,6,"Uber",53779,580,53199,257.5,527.9,3762,1065,0.0707,0.02,17.84,20.26,32.72,3814,2672,36,36,323890.16,57551851,1759478.51
"2025-08-01",3,7,"Lyft",27792,410,27382,292.4,548.2,1994,391,0.0728,0.0143,17.12,19.46,30.14,0,0,54,54,154322.51,28542127,837777.81
"2025-08-01",3,7,"Uber",58798,675,58123,271.6,552.5,4623,1295,0.0795,0.0223,17.62,20.65,33,4284,2997,48,48,356521.9,62168653,1940523.49
"2025-08-01",4,1,"Lyft",9959,857,9102,342.8,633.9,1093,190,0.1201,0.0209,17.4,23.61,34.29,0,0,16,16,68206.47,10399024,341461.57
"2025-08-01",4,1,"Uber",21685,1315,20370,325,643.5,2489,757,0.1222,0.0372,18.45,25.76,41.19,1195,642,21,21,171819.95,24008779,893286.52
"2025-08-01",4,2,"Lyft",9206,815,8391,298.3,542.5,555,96,0.0661,0.0114,16.88,23.32,32.9,0,0,10,10,60389.18,9324417,302885.57
"2025-08-01",4,2,"Uber",18721,963,17758,272.1,550.7,1415,462,0.0797,0.026,17.62,25.33,37.7,979,473,22,22,139223.65,19788070,705775.11
"2025-08-01",4,3,"Lyft",9973,876,9097,294.2,531.6,582,86,0.064,0.0095,16.99,23.6,33.39,0,0,16,16,66625.87,10165385,333019.92
"2025-08-01",4,3,"Uber",19961,1050,18911,268.8,543.8,1469,548,0.0777,0.029,17.86,25.32,38.48,992,487,18,18,150442.53,21392944,768169.54
"2025-08-01",4,4,"Lyft",11069,1127,9942,314.4,573.1,839,141,0.0844,0.0142,17.81,23.51,35.18,0,0,12,12,77241.8,11825501,389420.13
"2025-08-01",4,4,"Uber",22067,1279,20788,283.8,552.2,1628,530,0.0783,0.0255,18.55,25.3,40.48,1230,647,23,23,172554.21,24557000,893291.77
"2025-08-01",4,5,"Lyft",16129,1451,14678,321.1,574.8,1229,202,0.0837,0.0138,17.77,23.14,35.36,0,0,26,26,110567.92,17200891,570330.52
"2025-08-01",4,5,"Uber",31677,1671,30006,301.2,586.8,2821,878,0.094,0.0293,18.73,24.79,40.54,2017,1208,26,26,245069.94,35590766,1284152.55
"2025-08-01",4,6,"Lyft",23276,908,22368,297.5,562.7,1797,359,0.0803,0.016,17.44,20.87,31.93,0,0,44,44,141154.13,24350416,743222.66
"2025-08-01",4,6,"Uber",44187,1049,43138,288.8,581.6,3931,1102,0.0911,0.0255,18.31,22.16,35.06,3501,2387,23,23,298807.93,48548808,1549412.27
"2025-08-01",4,7,"Lyft",22890,814,22076,328.4,631.9,2643,537,0.1197,0.0243,17.1,20.67,31.5,0,0,29,29,134833.31,23484936,720985.74
"2025-08-01",4,7,"Uber",46347,1021,45326,315.9,638.3,5333,1509,0.1177,0.0333,18.2,22.31,36.34,3682,2505,30,30,313687.23,50617865,1684341.76
"2025-08-01",5,1,"Lyft",12931,875,12056,318.7,606.5,1246,223,0.1034,0.0185,18.27,22.32,34.95,0,0,16,16,87914.11,14177701,451925.76
"2025-08-01",5,1,"Uber",31173,1108,30065,285.6,558.5,2435,693,0.081,0.0231,19.14,24.18,41.05,1523,924,46,46,240390.78,35795034,1279565.49
"2025-08-01",5,2,"Lyft",12789,920,11869,263.8,478.6,529,67,0.0446,0.0056,17.76,22.56,33.86,0,0,20,20,85403.35,13626337,433010.22
"2025-08-01",5,2,"Uber",29449,999,28450,245.4,474.2,1464,401,0.0515,0.0141,18.04,23.83,37.14,1370,754,33,33,210986.91,31880166,1093732.52
"2025-08-01",5,3,"Lyft",13367,926,12441,264.8,477.4,538,78,0.0432,0.0063,17.91,22.17,33.8,0,0,30,30,88436.31,14360218,451819.91
"2025-08-01",5,3,"Uber",29847,1055,28792,241.4,464.6,1398,426,0.0486,0.0148,18.21,23.58,37.42,1461,818,39,39,213617.61,32619741,1116785.57
"2025-08-01",5,4,"Lyft",14819,1071,13748,299.9,558.7,1052,189,0.0765,0.0137,18.64,22.19,35.57,0,0,20,20,102134.89,16570000,527087.55
"2025-08-01",5,4,"Uber",32313,1243,31070,265.4,505.8,1860,538,0.0599,0.0173,19.25,23.49,39.88,1597,965,29,29,243462.76,37314703,1288774.29
"2025-08-01",5,5,"Lyft",19831,1505,18326,313.8,575.8,1572,212,0.0858,0.0116,18.63,22.31,35.9,0,0,32,32,137348.09,22166662,711872.51
"2025-08-01",5,5,"Uber",42315,1565,40750,282.4,543.6,3064,846,0.0752,0.0208,19.53,23.87,41.47,2363,1489,40,40,328711.13,49574497,1754801.75
"2025-08-01",5,6,"Lyft",18960,1045,17915,281.8,498.7,837,137,0.0467,0.0076,18.16,22.53,33.72,0,0,46,46,129338.75,20662176,639312.51
"2025-08-01",5,6,"Uber",39329,964,38365,265,512.5,2431,680,0.0634,0.0177,18.39,23.5,35.67,2965,1930,30,30,283333.67,43403084,1402856.11
"2025-08-01",5,7,"Lyft",17096,906,16190,291.2,523.4,961,156,0.0594,0.0096,17.6,22.48,32.65,0,0,18,18,112768.92,18056451,558159.41
"2025-08-01",5,7,"Uber",38194,934,37260,279,554.9,2980,896,0.08,0.024,18.24,23.77,36.24,2904,1871,26,26,275960.41,41798111,1384162.59
"2025-08-01",6,1,"Lyft",19825,811,19014,271.9,511.5,1083,181,0.057,0.0095,18.58,19.69,32.88,0,0,27,27,120881.79,22100760,651771.43
"2025-08-01",6,1,"Uber",51630,1216,50414,251.8,491.2,2740,737,0.0543,0.0146,18.88,20.93,35.52,2523,1651,47,47,340015.97,58483115,1833989.39
"2025-08-01",6,2,"Lyft",20794,867,19927,237.9,415.8,424,85,0.0213,0.0043,17.99,19.06,31.5,0,0,28,28,118781.47,22440217,654982.83
"2025-08-01",6,2,"Uber",51029,1119,49910,224.3,426.7,1855,502,0.0372,0.0101,18.47,20.27,33.66,2377,1516,47,47,318456.56,56551342,1717571.98
"2025-08-01",6,3,"Lyft",21976,884,21092,240.7,418.5,438,60,0.0208,0.0028,18.04,19.07,31.59,0,0,32,32,126009.08,23783980,694145.65
"2025-08-01",6,3,"Uber",52010,1177,50833,223,417.2,1682,474,0.0331,0.0093,18.43,20.14,33.87,2376,1565,35,35,321750.47,57508977,1761805.94
"2025-08-01",6,4,"Lyft",23674,1018,22656,264.1,480.7,939,140,0.0414,0.0062,18.67,18.95,32.75,0,0,29,29,139615.4,26524364,775340.04
"2025-08-01",6,4,"Uber",53755,1269,52486,238,449.7,2100,635,0.04,0.0121,19.01,19.91,35.02,2548,1677,46,46,339143.18,61322689,1882655.07
"2025-08-01",6,5,"Lyft",29667,1227,28440,271.7,502.6,1484,219,0.0522,0.0077,18.62,19.55,32.91,0,0,47,47,179947.19,33137672,976486.43
"2025-08-01",6,5,"Uber",67099,1633,65466,248.5,479.8,3327,911,0.0508,0.0139,19.31,20.69,35.88,3542,2382,52,52,446765.02,77728923,2407712.39
"2025-08-01",6,6,"Lyft",22697,926,21771,275.6,504.6,1069,148,0.0491,0.0068,17.8,22.28,32.64,0,0,37,37,150024.77,24236195,740801.83
"2025-08-01",6,6,"Uber",49560,911,48648,254.2,494.6,2795,777,0.0575,0.016,18.25,23.24,34.2,3695,2514,43,43,350284.82,54262981,1694808.32
"2025-08-01",6,7,"Lyft",19096,811,18285,289.4,554.4,1394,202,0.0762,0.011,17.04,23.08,31.99,0,0,35,35,125155.51,19522840,610951.83
"2025-08-01",6,7,"Uber",44429,915,43514,262.7,520.5,2882,790,0.0662,0.0182,17.74,24.24,34.9,3383,2292,31,31,318530.27,47297677,1550675.37
"2025-08-01",7,1,"Lyft",28310,1026,27284,261.6,488.3,1194,160,0.0438,0.0059,18.65,16.49,30.02,0,0,45,45,145130.94,31683282,849833.54
"2025-08-01",7,1,"Uber",75389,1523,73866,238.8,469.1,3308,877,0.0448,0.0119,18.97,17.52,32.29,3406,2202,117,117,417504.13,85807625,2434407.29
"2025-08-01",7,2,"Lyft",30668,1154,29514,232.2,408.5,521,50,0.0177,0.0017,18.93,15.57,29.93,0,0,71,71,150643.19,34825891,918036.6
"2025-08-01",7,2,"Uber",75751,1470,74281,215.9,411.7,2337,611,0.0315,0.0082,18.99,16.6,31.97,3241,2038,121,121,398008.3,86323848,2421428.05
"2025-08-01",7,3,"Lyft",33114,1270,31844,238.2,415.4,638,62,0.02,0.0019,18.68,15.64,29.48,0,0,71,71,161290.83,37118904,976161.55
"2025-08-01",7,3,"Uber",78633,1600,77033,217,402.3,2144,568,0.0278,0.0074,18.76,16.63,31.89,3409,2105,107,107,408778.24,88513604,2507241.83
"2025-08-01",7,4,"Lyft",34924,1299,33625,249.3,445.8,963,146,0.0286,0.0043,19.09,15.95,30.67,0,0,58,58,177250.28,39994385,1071121.81
"2025-08-01",7,4,"Uber",80261,1529,78732,224.5,424.4,2648,725,0.0336,0.0092,19,16.58,32.35,3515,2240,115,115,421232.2,91474332,2596648.44
"2025-08-01",7,5,"Lyft",41355,1479,39876,253.2,470.8,1603,255,0.0402,0.0064,18.66,16.77,30.5,0,0,77,77,215608.35,46288656,1261203.66
"2025-08-01",7,5,"Uber",96389,1873,94516,234.7,462.5,4147,1065,0.0439,0.0113,19.06,17.66,32.51,4928,3247,126,126,540736.04,110229847,3133964.15
"2025-08-01",7,6,"Lyft",26765,787,25978,244.8,440.3,779,117,0.03,0.0045,17.54,21.09,30.93,0,0,50,50,165012.71,28168618,827734.25
"2025-08-01",7,6,"Uber",60895,852,60043,226.4,444.3,2584,703,0.043,0.0117,17.98,21.96,32.32,4046,2656,61,61,400736.47,65684754,1968416.06
"2025-08-01",7,7,"Lyft",21536,645,20891,249.9,459.4,753,127,0.036,0.0061,16.57,22.48,30.29,0,0,46,46,133662.33,21407536,652305.16
"2025-08-01",7,7,"Uber",52666,872,51794,231.2,454.7,2433,708,0.047,0.0137,17.08,23.43,32.11,3881,2547,68,68,351311.42,53970423,1691212.3
"2025-08-01",8,1,"Lyft",34418,1145,33273,262.8,489.8,1507,224,0.0453,0.0067,18.99,14.55,29.15,0,0,91,91,158557.72,39217505,1003263.61
"2025-08-01",8,1,"Uber",96222,1816,94406,238.3,469.6,4267,1100,0.0452,0.0117,19.03,15.47,31.12,3464,2066,236,236,472214.88,109878665,2994403.61
"2025-08-01",8,2,"Lyft",40658,1497,39161,253,456.6,1270,153,0.0324,0.0039,19.72,13.47,29.36,0,0,105,105,179911.67,48096072,1193793.52
"2025-08-01",8,2,"Uber",99404,1719,97685,226.6,436.7,3482,879,0.0356,0.009,19.22,14.19,30.93,3510,2089,246,246,451978.82,114633685,3074536.59
"2025-08-01",8,3,"Lyft",42099,1535,40564,258,467.1,1495,170,0.0369,0.0042,19.51,13.44,28.89,0,0,100,100,183974.01,49279907,1216307.16
"2025-08-01",8,3,"Uber",102386,1972,100414,225.8,428.8,3345,841,0.0333,0.0084,19.26,14.36,31.33,3580,2173,232,232,471749.78,118301476,3207569.24
"2025-08-01",8,4,"Lyft",43685,1682,42003,261.2,470.7,1640,219,0.039,0.0052,19.88,13.79,30.03,0,0,129,129,199658.32,52108992,1311797.52
"2025-08-01",8,4,"Uber",104302,1905,102397,228.1,429.8,3351,894,0.0327,0.0087,19.4,14.5,31.47,3535,2131,258,258,488962.6,121411541,3282038.34
"2025-08-01",8,5,"Lyft",50315,1771,48544,247.9,456.9,1721,261,0.0355,0.0054,18.81,14.99,29.12,0,0,107,107,236446.14,56786794,1465076.63
"2025-08-01",8,5,"Uber",121404,2169,119235,227.6,447,4739,1182,0.0397,0.0099,18.99,15.84,30.71,5064,3164,285,285,608456.86,138317512,3728430.94
"2025-08-01",8,6,"Lyft",31762,728,31034,231,402.1,632,75,0.0204,0.0024,17.64,19.12,29.62,0,0,81,81,178505.98,33610575,940946.15
"2025-08-01",8,6,"Uber",73074,918,72156,213.6,408.3,2494,640,0.0346,0.0089,17.85,20.01,31.04,3983,2521,121,121,435129.04,78265635,2268460.45
"2025-08-01",8,7,"Lyft",24853,602,24251,230.8,393.1,387,54,0.016,0.0022,16.77,21.2,29.96,0,0,72,72,147264.76,25003803,744657.38
"2025-08-01",8,7,"Uber",61120,837,60283,210.2,400.4,1992,556,0.033,0.0092,16.95,22.02,31.78,3352,2037,122,122,380052.55,62143682,1942359.57
"2025-08-01",9,1,"Lyft",28341,1024,27317,241,457.9,1097,234,0.0402,0.0086,19.49,14.42,29.69,0,0,111,111,132776.36,33150033,841539.05
"2025-08-01",9,1,"Uber",87267,1683,85584,214.2,430.9,3251,882,0.038,0.0103,19.22,15.48,31.82,2397,1124,441,441,432871.32,100653863,2776796.86
"2025-08-01",9,2,"Lyft",35255,1381,33874,235.4,432.8,1010,178,0.0298,0.0053,19.52,13.37,29.17,0,0,163,163,153403.78,41292150,1028426.17
"2025-08-01",9,2,"Uber",90334,1686,88648,211,414.8,2914,754,0.0329,0.0085,19.64,14.1,31.67,2406,1186,429,429,416894.7,106436059,2860429.14
"2025-08-01",9,3,"Lyft",37858,1382,36476,237.3,441.1,1244,191,0.0341,0.0052,19.64,13.2,29.11,0,0,145,145,163548.74,44603029,1102073.75
"2025-08-01",9,3,"Uber",93878,1781,92097,211.3,419.6,3038,817,0.033,0.0089,19.71,13.98,31.71,2470,1178,451,451,431183.73,111036036,2976593.83
"2025-08-01",9,4,"Lyft",38110,1457,36653,234.3,432.3,1111,179,0.0303,0.0049,19.94,13.63,30.26,0,0,182,182,172696.54,45601510,1153380.77
"2025-08-01",9,4,"Uber",95607,1875,93732,211.1,411.4,3144,930,0.0335,0.0099,19.88,14.44,31.8,2719,1380,416,416,457492.28,114035564,3040381.86
"2025-08-01",9,5,"Lyft",45141,1643,43498,224,407.1,992,176,0.0228,0.004,19.42,14.72,29.8,0,0,184,184,215084.31,52591626,1345297.87
"2025-08-01",9,5,"Uber",113166,2142,111023,207.4,408.8,3568,961,0.0321,0.0087,19.44,15.45,31.21,3671,1943,524,524,566467.66,131999948,3531503.94
"2025-08-01",9,6,"Lyft",37647,601,37046,232.8,406.4,713,131,0.0192,0.0035,18.1,17.36,29.24,0,0,105,105,197233.96,40895873,1100795.6
"2025-08-01",9,6,"Uber",87882,866,87016,211.4,411,2972,859,0.0342,0.0099,18.2,17.97,30.45,3597,2141,196,196,479022.22,95944365,2675617.45
"2025-08-01",9,7,"Lyft",31141,501,30640,236.8,407.8,604,94,0.0197,0.0031,16.87,19.27,28.86,0,0,92,92,168663.47,31511643,898847.27
"2025-08-01",9,7,"Uber",78464,773,77691,215.9,412.3,2572,707,0.0331,0.0091,17.08,20.15,31.04,3090,1776,169,169,449993.03,80396440,2435180.35
"2025-08-01",10,1,"Lyft",24827,803,24024,217.2,393.6,459,89,0.0191,0.0037,19.98,14.82,30.88,0,0,120,120,122518.82,29760749,766570.53
"2025-08-01",10,1,"Uber",73204,1314,71890,201.9,416.4,2750,709,0.0383,0.0099,19.86,15.53,33.18,1660,670,521,521,376469.86,87246271,2428676.36
"2025-08-01",10,2,"Lyft",28967,1005,27962,213.2,383.1,445,80,0.0159,0.0029,19.8,13.64,29.96,0,0,160,160,130439.11,34421309,867995.33
"2025-08-01",10,2,"Uber",75469,1285,74184,198.5,408.5,2664,760,0.0359,0.0102,20.22,14.45,33.23,1625,657,543,543,367584.22,91572450,2507655.96
"2025-08-01",10,3,"Lyft",32037,1205,30832,218.7,393.6,556,99,0.018,0.0032,20.3,13.38,30.24,0,0,195,195,145000.98,39024048,968848.57
"2025-08-01",10,3,"Uber",78007,1466,76541,197.3,395.9,2449,692,0.032,0.009,20.44,14.11,33.75,1760,684,524,524,374786.65,95650161,2632499.55
"2025-08-01",10,4,"Lyft",32309,1149,31160,215.3,383.3,520,98,0.0167,0.0031,20.66,13.77,31.3,0,0,198,198,153188.62,40055465,1011122.98
"2025-08-01",10,4,"Uber",79590,1409,78180,196.4,390.6,2532,799,0.0324,0.0102,20.8,14.53,34.04,1854,753,552,552,400824.52,99329349,2709157.17
"2025-08-01",10,5,"Lyft",41076,1280,39796,216.1,388.8,654,110,0.0164,0.0028,20.59,14.24,31.12,0,0,220,220,200676.19,50749015,1278478.22
"2025-08-01",10,5,"Uber",101101,1633,99468,200.9,397.4,3140,868,0.0316,0.0087,20.78,14.96,33.61,2788,1275,614,614,523921.54,126061499,3398232.83
"2025-08-01",10,6,"Lyft",41091,500,40591,235.3,418.4,968,178,0.0238,0.0044,19.09,15.9,29.9,0,0,135,135,207806.84,47053637,1228773.15
"2025-08-01",10,6,"Uber",98234,829,97405,214,422.2,3787,1065,0.0389,0.0109,19.27,16.46,31.42,3111,1718,255,255,519174.76,113559184,3086266.62
"2025-08-01",10,7,"Lyft",36607,396,36211,247,434,957,162,0.0264,0.0045,17.34,17.46,28.5,0,0,98,98,184726.29,38085457,1043215.86
"2025-08-01",10,7,"Uber",95921,708,95213,225.8,433.4,3773,1089,0.0396,0.0114,17.68,18.33,30.77,3129,1727,228,228,518176.3,101772351,2951906.33
"2025-08-01",11,1,"Lyft",23762,634,23128,216.1,385.3,409,68,0.0177,0.0029,20.17,14.6,31.11,0,0,133,133,116580.21,28750349,739267.23
"2025-08-01",11,1,"Uber",68221,1205,67015,199.7,419.9,2662,750,0.0397,0.0112,20.42,15.47,34.5,1550,669,541,541,359239.33,83578377,2353847.16
"2025-08-01",11,2,"Lyft",28335,829,27506,211.6,382.7,491,71,0.0179,0.0026,20.42,13.77,30.79,0,0,195,195,132813.77,34722504,872553.16
"2025-08-01",11,2,"Uber",69640,1213,68427,195.7,411.3,2484,666,0.0363,0.0097,20.43,14.5,34.24,1414,505,560,560,343935.97,85378143,2384563.15
"2025-08-01",11,3,"Lyft",30862,972,29890,215.9,390,567,97,0.019,0.0032,20.79,13.52,31.26,0,0,217,217,144600.17,38499860,964824.87
"2025-08-01",11,3,"Uber",73532,1283,72249,194.3,399.7,2475,722,0.0343,0.01,20.91,14.19,35.43,1505,607,553,553,363540.8,92252764,2605344.1
"2025-08-01",11,4,"Lyft",31797,930,30867,214.2,382.3,569,102,0.0184,0.0033,21.41,13.73,32.5,0,0,214,214,155787.08,40843353,1033250.2
"2025-08-01",11,4,"Uber",74916,1304,73612,194.8,395.9,2572,860,0.0349,0.0117,21.35,14.35,35.6,1564,573,540,540,382592.73,95972447,2666664.57
"2025-08-01",11,5,"Lyft",41634,990,40644,226.9,409.5,874,130,0.0215,0.0032,21.37,13.74,32.18,0,0,245,245,203824.78,53391959,1339924.55
"2025-08-01",11,5,"Uber",97595,1503,96092,206.8,421.8,3783,1089,0.0394,0.0113,21.51,14.41,35.01,2562,1207,588,588,504181.36,125942765,3417106.3
"2025-08-01",11,6,"Lyft",44179,469,43710,243.4,435.5,1208,223,0.0276,0.0051,19.92,14.55,30.11,0,0,162,162,213425.84,52811932,1330065.3
"2025-08-01",11,6,"Uber",103483,781,102702,217.7,432.6,4138,1143,0.0403,0.0111,20.35,15.33,32.41,3220,1797,367,367,537878.09,126333008,3353850.36
"2025-08-01",11,7,"Lyft",38769,383,38386,248.8,435.1,1024,157,0.0267,0.0041,18.55,16.28,29.74,0,0,139,139,195119.48,43141849,1152929.85
"2025-08-01",11,7,"Uber",100275,694,99581,225.1,440.8,4121,1226,0.0414,0.0123,18.84,17.07,31.95,2880,1573,287,287,537528.68,113370484,3203453.94
"2025-08-01",12,1,"Lyft",24226,765,23461,223,403.5,515,81,0.022,0.0035,20.41,14.42,31.71,0,0,208,208,118830.98,29665051,768207.66
"2025-08-01",12,1,"Uber",68745,1240,67505,205.1,426.7,2862,855,0.0424,0.0127,20.57,15.37,35.02,1318,452,584,584,362265.51,84852270,2407772.39
"2025-08-01",12,2,"Lyft",28612,942,27670,222,402.9,600,102,0.0217,0.0037,20.61,13.85,31.38,0,0,249,249,136189.74,35388775,897919.65
"2025-08-01",12,2,"Uber",70100,1248,68852,201.6,423,2738,779,0.0398,0.0113,20.62,14.63,34.76,1410,512,624,624,352478.45,86718964,2436339.61
"2025-08-01",12,3,"Lyft",30894,971,29923,223.9,403.7,661,102,0.0221,0.0034,21.42,13.37,32.11,0,0,266,266,147432.12,39712041,992112.21
"2025-08-01",12,3,"Uber",75212,1307,73905,202.1,413.8,2887,841,0.0391,0.0114,21.49,14.07,35.86,1609,673,632,632,379016.72,96981994,2697040.41
"2025-08-01",12,4,"Lyft",32566,1000,31566,224.3,405.8,742,143,0.0235,0.0045,21.82,13.8,33.55,0,0,249,249,163474.59,42631902,1092606.22
"2025-08-01",12,4,"Uber",76328,1454,74874,200.2,407.3,2810,893,0.0375,0.0119,21.89,14.51,37.02,1537,583,598,598,404072.94,100269642,2825297.47
"2025-08-01",12,5,"Lyft",42906,1076,41830,256.6,470.8,1634,272,0.0391,0.0065,22.27,13.59,33.56,0,0,297,297,216358.78,57331551,1440086.49
"2025-08-01",12,5,"Uber",101136,1557,99579,228.8,469.1,5159,1504,0.0518,0.0151,22.33,14.11,36.15,2562,1175,624,624,531133.82,135489178,3656033.97
"2025-08-01",12,6,"Lyft",45796,432,45364,257.9,479,1971,348,0.0434,0.0077,20.09,14.1,30.31,0,0,175,175,216186.92,55208481,1388183.54
"2025-08-01",12,6,"Uber",107084,797,106286,225.9,453.7,5015,1500,0.0472,0.0141,20.98,14.82,33.08,3462,1989,389,389,554801.79,134795344,3542531.38
"2025-08-01",12,7,"Lyft",39433,352,39081,254.6,449.8,1223,202,0.0313,0.0052,19.32,15.39,30.44,0,0,163,163,195506.45,45721895,1200168.41
"2025-08-01",12,7,"Uber",103615,714,102901,228.7,445.1,4516,1346,0.0439,0.0131,20.01,16.06,33.19,3011,1657,333,333,554941.31,124422138,3439296.87
"2025-08-01",13,1,"Lyft",24694,670,24024,230.4,413.9,582,86,0.0242,0.0036,20.64,14.55,32.35,0,0,178,178,123584.22,30583480,798742.17
"2025-08-01",13,1,"Uber",71111,1140,69971,209.3,433.8,3022,921,0.0432,0.0132,20.55,15.07,35.07,1743,717,571,571,367161.43,87695194,2493767.68
"2025-08-01",13,2,"Lyft",28575,807,27768,223.8,407,636,105,0.0229,0.0038,20.88,14.01,32.39,0,0,234,234,139264.04,35794082,925531.46
"2025-08-01",13,2,"Uber",73270,1084,72186,203.8,420.1,2824,816,0.0391,0.0113,20.5,14.49,34.92,1656,608,627,627,362740.54,90116843,2558437.44
"2025-08-01",13,3,"Lyft",31917,881,31036,231.5,420.4,786,153,0.0253,0.0049,21.56,13.16,32.63,0,0,248,248,150967.76,41284445,1041337.82
"2025-08-01",13,3,"Uber",79935,1196,78739,207,427.1,3326,1082,0.0422,0.0137,21.44,13.73,35.65,1653,620,633,633,392232.95,102821482,2850053.75
"2025-08-01",13,4,"Lyft",32326,908,31418,228.1,410.6,716,130,0.0228,0.0041,22.41,13.69,34.7,0,0,238,238,165279.3,43470455,1121685.39
"2025-08-01",13,4,"Uber",79464,1297,78167,204.4,414.7,3031,979,0.0388,0.0125,22.2,14.16,37.21,1724,687,632,632,416283.26,105837453,2956677.14
"2025-08-01",13,5,"Lyft",43098,842,42256,279.8,524.2,2546,417,0.0603,0.0099,22.4,13.05,33.65,0,0,287,287,209874.66,57916814,1450321.23
"2025-08-01",13,5,"Uber",104004,1429,102575,245.8,502.2,6245,1899,0.0609,0.0185,22.65,13.6,36.3,2860,1368,641,641,533894.94,141335667,3774994.68
"2025-08-01",13,6,"Lyft",46379,397,45982,266.2,503.2,2484,489,0.054,0.0106,20.35,13.94,30.8,0,0,192,192,219166.22,56617157,1428666.67
"2025-08-01",13,6,"Uber",111472,706,110766,234.2,480,6038,1784,0.0545,0.0161,21.07,14.61,33.31,3867,2152,396,396,571740.59,140914255,3713061.19
"2025-08-01",13,7,"Lyft",39312,315,38997,268.9,486.7,1676,243,0.043,0.0062,19.97,14.78,31.11,0,0,184,184,193451.57,47106282,1222873.15
"2025-08-01",13,7,"Uber",105040,650,104390,243,480.1,5503,1649,0.0527,0.0158,20.81,15.54,33.95,3342,1878,311,311,565895.78,131128976,3566015.59
"2025-08-01",14,1,"Lyft",25716,520,25196,228.7,415,592,126,0.0235,0.005,21.47,14.01,33.27,0,0,188,188,128903.98,33122398,855490.19
"2025-08-01",14,1,"Uber",76523,934,75589,211.5,446,3478,1017,0.046,0.0135,21.27,14.54,35.44,2170,1004,571,571,394277.24,97646107,2712191.95
"2025-08-01",14,2,"Lyft",30136,662,29474,225.2,412.1,721,138,0.0245,0.0047,21.82,13.73,33.33,0,0,208,208,150501.53,39453328,1004286.26
"2025-08-01",14,2,"Uber",77694,932,76762,204.1,421,3040,947,0.0396,0.0123,21.21,13.97,35.21,2273,1027,641,641,383811.1,98873456,2735629.37
"2025-08-01",14,3,"Lyft",33584,694,32890,229,413.9,823,143,0.025,0.0043,22.16,12.75,33.21,0,0,235,235,158130.43,44651041,1115186.76
"2025-08-01",14,3,"Uber",83140,960,82180,204.8,419.1,3285,1068,0.04,0.013,22.22,13.32,36.49,2367,1081,638,638,409965.46,110830102,3033940.62
"2025-08-01",14,4,"Lyft",34568,689,33879,228.4,410.1,781,121,0.0231,0.0036,23.69,13.18,36.12,0,0,214,214,179955.14,49140781,1248582.4
"2025-08-01",14,4,"Uber",83036,1051,81985,203.1,414.3,3162,1034,0.0386,0.0126,23.16,13.52,38.38,2358,1098,613,613,433472.07,115389456,3186637.21
"2025-08-01",14,5,"Lyft",46101,694,45407,267.4,490.4,2108,354,0.0464,0.0078,23.53,12.4,34.48,0,0,268,268,224187.21,65092178,1589677.14
"2025-08-01",14,5,"Uber",111500,1155,110345,238.5,488.9,6392,1945,0.0579,0.0176,23.82,12.83,36.99,3714,2039,652,652,567931.45,159385285,4124244.26
"2025-08-01",14,6,"Lyft",49235,364,48871,256.6,475.7,2092,402,0.0428,0.0082,20.83,13.7,30.96,0,0,185,185,234091.23,61532973,1524125.47
"2025-08-01",14,6,"Uber",114978,669,114309,227.1,469.1,5981,1765,0.0523,0.0154,21.41,14.27,32.92,4499,2672,382,382,585572.99,147706974,3784723.09
"2025-08-01",14,7,"Lyft",41373,319,41054,269.4,494.9,2002,319,0.0488,0.0078,20.76,14.48,32.01,0,0,166,166,207290.09,51537985,1324456.42
"2025-08-01",14,7,"Uber",110516,603,109913,245.9,496.5,6416,1809,0.0584,0.0165,21.61,15.34,34.82,3968,2332,341,341,610396.93,143268926,3848554.18
"2025-08-01",15,1,"Lyft",26768,355,26413,227.2,413.6,648,126,0.0245,0.0048,21.4,13.55,32.71,0,0,169,169,129398.44,34372978,875667.46
"2025-08-01",15,1,"Uber",79760,795,78965,207.3,432,3486,1123,0.0441,0.0142,21.52,14.09,35.03,2252,1052,511,511,403027.65,102982836,2794291.85
"2025-08-01",15,2,"Lyft",30737,458,30279,221.7,408.5,768,142,0.0254,0.0047,21.7,13.2,32.76,0,0,224,224,146776.21,40024646,1007030.19
"2025-08-01",15,2,"Uber",80817,749,80068,200.8,417.4,3042,891,0.038,0.0111,21.53,13.5,34.78,2462,1196,541,541,391407.79,104381664,2810830.58
"2025-08-01",15,3,"Lyft",34328,491,33837,224.6,412.9,872,170,0.0258,0.005,22.56,12.3,33.25,0,0,208,208,158794.09,46466106,1141407.94
"2025-08-01",15,3,"Uber",87046,906,86140,200.2,410,3164,974,0.0367,0.0113,22.72,12.71,35.92,2785,1398,547,547,419025.84,118648682,3126597.7
"2025-08-01",15,4,"Lyft",34796,469,34327,225.6,417.6,849,183,0.0247,0.0053,24.09,12.44,35.95,0,0,187,187,173873.07,50304065,1250863.33
"2025-08-01",15,4,"Uber",87085,989,86096,202.2,414.2,3116,943,0.0362,0.011,23.7,12.82,37.77,2554,1250,547,547,440992,123830402,3288910.65
"2025-08-01",15,5,"Lyft",48001,556,47445,252.2,466.4,1859,366,0.0392,0.0077,23.37,11.96,33.91,0,0,253,253,223666.3,67319275,1627611.7
"2025-08-01",15,5,"Uber",116605,1127,115478,225.3,464.1,5939,1840,0.0514,0.0159,23.73,12.44,35.83,4161,2387,542,542,573773.27,166024888,4178429.21
"2025-08-01",15,6,"Lyft",51205,352,50853,254.1,477.3,2263,472,0.0445,0.0093,21.09,13.57,31.13,0,0,215,215,244158.23,64785032,1593857.53
"2025-08-01",15,6,"Uber",123042,671,122371,225,461.3,6101,1802,0.0499,0.0147,21.67,14.1,32.49,4834,3014,402,402,626605.14,159970287,3997564.23
"2025-08-01",15,7,"Lyft",41945,283,41662,260.5,480.3,1849,346,0.0444,0.0083,20.67,14.31,31.72,0,0,161,161,206794.41,52021071,1330527.54
"2025-08-01",15,7,"Uber",113681,627,113054,240.3,488,6485,1847,0.0574,0.0163,21.76,15.05,34.44,4505,2752,345,345,620471.74,148415029,3915281.84
"2025-08-01",16,1,"Lyft",26909,325,26584,223.3,409.2,673,122,0.0253,0.0046,21.38,13.19,32.48,0,0,153,153,126443.17,34518219,873917.73
"2025-08-01",16,1,"Uber",82500,645,81855,204.8,429.3,3386,1010,0.0414,0.0123,21.65,13.65,33.95,2514,1273,373,373,406220.35,107161371,2801222.6
"2025-08-01",16,2,"Lyft",31567,398,31169,219.5,405.4,709,133,0.0227,0.0043,21.82,12.63,32.32,0,0,179,179,144959.64,41321219,1020167.3
"2025-08-01",16,2,"Uber",85769,702,85067,199.3,414.3,3181,949,0.0374,0.0112,22.07,13.04,34.66,2610,1322,423,423,411322.34,113571889,2973054.21
"2025-08-01",16,3,"Lyft",36161,422,35739,229.8,424.2,1033,195,0.0289,0.0055,22.98,11.48,32.87,0,0,181,181,159007.29,49857255,1188732.19
"2025-08-01",16,3,"Uber",94640,885,93755,205.6,423.3,3879,1280,0.0414,0.0137,23.69,11.99,35.84,3018,1644,419,419,448116.24,134507263,3392077.35
"2025-08-01",16,4,"Lyft",34950,437,34513,224.8,413.8,899,182,0.026,0.0053,24.39,11.83,35.3,0,0,166,166,168052.66,51145776,1233768.31
"2025-08-01",16,4,"Uber",94631,985,93646,203.6,418.7,3654,1123,0.039,0.012,24.52,12.21,36.82,2789,1493,402,402,472272.37,139213427,3484786.3
"2025-08-01",16,5,"Lyft",49110,451,48659,242.5,449.7,1667,335,0.0343,0.0069,23.24,12.12,33.33,0,0,236,236,230542.87,68478402,1637000.3
"2025-08-01",16,5,"Uber",124853,1004,123849,217.3,445.5,5538,1608,0.0447,0.013,23.36,12.3,34.13,4300,2452,518,518,597970.84,174970849,4261335.51
"2025-08-01",16,6,"Lyft",51992,341,51651,245.8,461.7,2116,438,0.041,0.0085,20.71,13.46,30.93,0,0,204,204,241566.35,64593789,1607904.01
"2025-08-01",16,6,"Uber",129901,704,129195,219.5,448.3,5949,1646,0.046,0.0127,21.53,14.12,32.28,5030,3094,435,435,658216.87,167825379,4193039.57
"2025-08-01",16,7,"Lyft",42365,311,42054,256.6,475.3,1850,422,0.044,0.01,20.96,14.36,32.15,0,0,168,168,212451.78,53270105,1362046.49
"2025-08-01",16,7,"Uber",114175,704,113470,234.2,476,6128,1875,0.054,0.0165,22.09,15.13,35.31,4505,2742,319,319,636092.12,151322019,4031332.39
"2025-08-01",17,1,"Lyft",30133,291,29842,229.3,420.5,735,146,0.0246,0.0049,20.21,13.08,30.29,0,0,167,167,132766.57,36530454,912652.42
"2025-08-01",17,1,"Uber",87281,558,86723,210.6,440.5,3903,1176,0.045,0.0136,20.76,13.82,32.96,2858,1457,338,338,417190.6,108696896,2876799.45
"2025-08-01",17,2,"Lyft",35156,354,34802,230.9,424.1,935,146,0.0269,0.0042,20.62,12.26,30.56,0,0,148,148,148148.16,43501265,1074374.04
"2025-08-01",17,2,"Uber",93984,599,93385,207.4,423,3573,1014,0.0383,0.0109,21.28,12.89,33.52,2981,1647,360,360,429639.9,119971341,3149910.84
"2025-08-01",17,3,"Lyft",42640,398,42242,266.8,537.5,2957,651,0.07,0.0154,21.57,10.91,30.89,0,0,184,184,167152.57,55179752,1317220.81
"2025-08-01",17,3,"Uber",106189,703,105486,229.5,475.6,5711,1655,0.0541,0.0157,23.1,11.61,36.29,3366,1837,344,344,474517.55,147179162,3853644.66
"2025-08-01",17,4,"Lyft",39394,393,39001,241.9,447.5,1297,242,0.0333,0.0062,22.86,11.49,33.08,0,0,168,168,172454.18,54043500,1303341.09
"2025-08-01",17,4,"Uber",104193,817,103374,215.3,440.6,4612,1410,0.0446,0.0136,23.8,12.07,35.7,3221,1637,346,346,498737.34,148769161,3720103.29
"2025-08-01",17,5,"Lyft",55323,469,54854,246.4,460.6,2114,397,0.0385,0.0072,21.91,12.48,31.74,0,0,244,244,252081.23,72722251,1756099.7
"2025-08-01",17,5,"Uber",132939,902,132037,219.8,449.4,5940,1706,0.045,0.0129,22.16,12.69,32.66,5127,3049,461,461,622896.51,176759194,4341809.78
"2025-08-01",17,6,"Lyft",57235,346,56889,250.1,464.6,2284,520,0.0401,0.0091,20.67,13.79,30.68,0,0,225,225,271859.19,70993198,1755961.15
"2025-08-01",17,6,"Uber",135220,669,134550,218.4,442.2,5845,1618,0.0434,0.012,20.96,14.14,31.85,5108,3251,404,404,668141.38,170070154,4306535.06
"2025-08-01",17,7,"Lyft",42814,270,42544,263.2,489.1,2132,540,0.0501,0.0127,21.02,14.58,31.75,0,0,161,161,218603.4,53990422,1359349.48
"2025-08-01",17,7,"Uber",115094,635,114459,237.1,481.7,6405,2117,0.056,0.0185,21.55,15.06,33.94,4270,2619,350,350,622610.8,148834587,3906047.79
"2025-08-01",18,1,"Lyft",29949,196,29753,216.9,395.8,618,130,0.0208,0.0044,18.18,14.23,28.72,0,0,121,121,129192.67,32673875,859990.16
"2025-08-01",18,1,"Uber",86996,381,86615,202.3,420.5,3348,882,0.0387,0.0102,18.84,15.18,31.43,2582,1356,229,229,414568.61,98338703,2734355.18
"2025-08-01",18,2,"Lyft",34914,224,34690,217.1,392.4,666,122,0.0192,0.0035,18.64,13.35,29.19,0,0,114,114,144776.07,39046902,1019177.49
"2025-08-01",18,2,"Uber",94841,381,94459,199.8,406.3,3248,900,0.0344,0.0095,19.18,14.21,31.96,2917,1517,237,237,430661.34,109133861,3031453.33
"2025-08-01",18,3,"Lyft",43993,297,43696,257,515.3,2739,592,0.0627,0.0135,19.1,11.55,28.74,0,0,151,151,161728.58,50416994,1264539.53
"2025-08-01",18,3,"Uber",110183,501,109682,223.7,457.6,5212,1452,0.0475,0.0132,20.86,12.54,34.15,3657,2187,245,245,480273.62,137878534,3762606.33
"2025-08-01",18,4,"Lyft",39323,246,39077,225.4,405.8,814,133,0.0208,0.0034,20.13,12.41,30.93,0,0,117,117,163729.61,47488383,1216163.05
"2025-08-01",18,4,"Uber",104385,530,103855,204.5,408.3,3614,1017,0.0348,0.0098,21.35,13.22,33.34,3282,1845,251,251,491147.57,133714453,3480025.94
"2025-08-01",18,5,"Lyft",58559,339,58220,236.3,423.7,1515,264,0.026,0.0045,20.11,13.4,30.25,0,0,185,185,263047.57,70656091,1771215.47
"2025-08-01",18,5,"Uber",140982,619,140362,210.1,415,4866,1322,0.0347,0.0094,20.37,13.64,30.93,5235,3235,356,356,652776.01,172329175,4360793.84
"2025-08-01",18,6,"Lyft",59376,289,59087,242.4,439.5,1829,318,0.031,0.0054,20.15,13.93,30.08,0,0,188,187,277696.92,71790452,1785887.59
"2025-08-01",18,6,"Uber",141514,577,140936,216.9,436.9,5772,1523,0.041,0.0108,20.24,14.39,30.4,5165,3313,383,383,687077.44,171847021,4302041.22
"2025-08-01",18,7,"Lyft",41370,214,41156,261.8,499.5,2328,572,0.0566,0.0139,20.38,14.82,30.99,0,0,170,170,208286.86,50581127,1282033.16
"2025-08-01",18,7,"Uber",121967,537,121430,249,527.8,8668,2453,0.0714,0.0202,20.63,14.9,32.99,4394,2760,316,316,625098.35,150998095,4023823.95
"2025-08-01",19,1,"Lyft",27840,125,27715,208.4,379.7,551,101,0.0199,0.0036,17.44,16.05,28.37,0,0,81,81,129897.7,29128639,789755.4
"2025-08-01",19,1,"Uber",77233,245,76988,197.2,420,3069,834,0.0399,0.0108,17.71,16.99,30.97,2074,1001,163,163,387380.43,82062936,2391636.1
"2025-08-01",19,2,"Lyft",31574,177,31397,204.5,366,428,71,0.0136,0.0023,17.64,15.51,28.79,0,0,123,123,144009.47,33415247,908954.21
"2025-08-01",19,2,"Uber",85292,228,85064,190.5,388.8,2655,703,0.0312,0.0083,18.11,16.36,31.67,2330,1224,184,184,421098.66,92674729,2701088.31
"2025-08-01",19,3,"Lyft",41799,164,41635,250.1,585.1,3959,1601,0.0951,0.0385,17.49,13.39,28.04,0,0,115,115,163064.91,43853646,1171941.19
"2025-08-01",19,3,"Uber",110720,365,110355,222.1,489.9,6672,1971,0.0605,0.0179,18.32,14.14,33.3,3554,2035,222,222,477968.7,121731634,3686742.97
"2025-08-01",19,4,"Lyft",37418,186,37232,208.2,372.6,569,95,0.0153,0.0026,18.94,14.22,29.99,0,0,115,115,167937.94,42512545,1122095.01
"2025-08-01",19,4,"Uber",96665,354,96311,194.4,392.1,3074,914,0.0319,0.0095,19.93,15.1,32.93,2857,1579,222,222,484932.44,115609578,3183374.64
"2025-08-01",19,5,"Lyft",58155,258,57897,223.7,399.9,1176,193,0.0203,0.0033,19.12,14.17,28.93,0,0,167,167,262608.17,66708120,1682185.63
"2025-08-01",19,5,"Uber",137071,423,136648,203.3,398.8,4380,1144,0.0321,0.0084,19.04,14.59,29.44,4731,2923,316,316,634658.4,156596102,4035331.86
"2025-08-01",19,6,"Lyft",58305,244,58061,238.9,443.2,1854,360,0.0319,0.0062,19.43,14.09,28.87,0,0,183,183,266043.28,67960014,1683234.55
"2025-08-01",19,6,"Uber",139639,454,139185,215.6,440.6,5841,1598,0.042,0.0115,19.59,14.6,29.89,4540,2869,343,343,665809.47,164135896,4174250.81
"2025-08-01",19,7,"Lyft",40050,170,39880,246.2,466.8,1610,327,0.0404,0.0082,19.67,15.37,29.8,0,0,166,166,201812.42,47264288,1193522.24
"2025-08-01",19,7,"Uber",107918,365,107553,233.4,498.9,6476,1949,0.0602,0.0181,19.87,15.66,31.35,4125,2558,260,260,559740.29,128657064,3383232.17
"2025-08-01",20,1,"Lyft",27866,113,27753,220,402.2,684,129,0.0246,0.0046,17.45,17.06,28.97,0,0,90,90,138254.19,29170668,807238.17
"2025-08-01",20,1,"Uber",77178,168,77010,206.6,446.2,3663,945,0.0476,0.0123,18.03,18.04,32.78,2486,1306,139,139,418431.78,83480291,2530060.82
"2025-08-01",20,2,"Lyft",31133,137,30996,215.1,388.7,543,90,0.0175,0.0029,18.21,16.97,30.63,0,0,97,97,160331.09,34009722,953496.6
"2025-08-01",20,2,"Uber",85197,191,85005,201.4,426.7,3491,964,0.0411,0.0113,18.62,17.7,34.38,2743,1554,158,158,467900.31,95184757,2929478
"2025-08-01",20,3,"Lyft",39361,169,39192,237.9,440.7,1352,257,0.0345,0.0066,17.86,15.24,29.24,0,0,102,102,178657.76,42190883,1150961.84
"2025-08-01",20,3,"Uber",96045,265,95779,214.1,448.6,4445,1278,0.0464,0.0133,19.11,16.55,34.93,3473,2015,165,165,506263.54,110146070,3354935.12
"2025-08-01",20,4,"Lyft",36540,128,36412,214.1,384.5,652,111,0.0179,0.003,18.94,15.54,30.89,0,0,100,100,179232.78,41516051,1128787.46
"2025-08-01",20,4,"Uber",94889,271,94618,199.5,413.6,3572,1000,0.0378,0.0106,19.82,16.47,34.23,3516,2185,178,178,516281.15,112851203,3247929.76
"2025-08-01",20,5,"Lyft",54468,194,54274,225.7,407.4,1151,208,0.0212,0.0038,18.95,14.96,29.13,0,0,147,147,257418.53,61944060,1586880.62
"2025-08-01",20,5,"Uber",131528,266,131262,207.3,422.9,4934,1330,0.0376,0.0101,19.02,15.3,29.52,4845,3058,250,250,638026.11,150131929,3882129.99
"2025-08-01",20,6,"Lyft",55475,180,55295,254.7,486.8,2557,500,0.0462,0.009,19.5,14.41,29.01,0,0,162,162,259732.75,64890649,1609602.72
"2025-08-01",20,6,"Uber",138595,310,138285,230.3,480.2,7291,2025,0.0527,0.0146,19.59,14.71,29.26,5821,3990,311,311,665711.46,162896846,4055891.51
"2025-08-01",20,7,"Lyft",40740,129,40611,269.6,524.3,2566,498,0.0632,0.0123,19.51,15.65,29.83,0,0,117,117,207331.46,47692578,1215290.06
"2025-08-01",20,7,"Uber",106662,323,106339,248.8,536.9,7928,2275,0.0746,0.0214,19.84,16.09,30.7,5024,3390,231,231,567594.62,126955163,3274861.7
"2025-08-01",21,1,"Lyft",28619,81,28538,228.9,423.1,896,180,0.0314,0.0063,17.38,17.63,29.24,0,0,80,80,146113.39,29842454,836836.38
"2025-08-01",21,1,"Uber",74347,182,74165,215.6,471.3,4101,1154,0.0553,0.0156,17.69,18.43,32.92,2999,1728,133,133,403878.42,78894825,2447591.26
"2025-08-01",21,2,"Lyft",33244,96,33148,235.2,432.2,1068,208,0.0322,0.0063,18.23,17.44,31.54,0,0,65,65,176115.36,36361551,1048399.1
"2025-08-01",21,2,"Uber",83478,177,83301,217,462.7,4205,1153,0.0505,0.0138,18.59,18.25,35.67,3126,1916,159,159,471908.79,93104432,2977955.76
"2025-08-01",21,3,"Lyft",39686,126,39560,256.2,515.6,2539,566,0.0642,0.0143,17.85,16.19,30.49,0,0,91,91,191057.18,42496246,1209955.11
"2025-08-01",21,3,"Uber",93554,241,93313,228.2,481.1,5214,1358,0.0559,0.0146,18.79,17.48,37.59,3611,2194,150,150,512165.79,105471312,3516537.47
"2025-08-01",21,4,"Lyft",38822,117,38705,224.7,414,1092,217,0.0282,0.0056,18.86,16.31,31.65,0,0,92,92,199047.35,43934951,1228552.35
"2025-08-01",21,4,"Uber",94622,246,94374,205.2,441.5,4393,1234,0.0465,0.0131,19.55,17.37,35.19,3947,2538,167,167,535672.18,110988273,3329578.95
"2025-08-01",21,5,"Lyft",56132,195,55937,224.1,410.3,1346,248,0.0241,0.0044,18.8,15.62,29.95,0,0,163,163,274664.85,63302377,1681045.4
"2025-08-01",21,5,"Uber",128441,299,128142,205.3,429.4,5369,1444,0.0419,0.0113,18.76,15.85,29.89,6028,4077,213,213,636692.25,144601148,3838460.17
"2025-08-01",21,6,"Lyft",56487,135,56352,254.9,480.3,2514,479,0.0446,0.0085,19.37,14.82,29.89,0,0,131,130,270305.38,65646973,1688678.53
"2025-08-01",21,6,"Uber",139257,330,138927,231.9,475.5,7136,1878,0.0514,0.0135,19.5,15.22,29.51,6496,4572,263,263,688648.04,162911182,4108813.99
"2025-08-01",21,7,"Lyft",40788,128,40660,287.9,575.1,3573,902,0.0879,0.0222,19.08,16.38,30.76,0,0,126,126,212477.95,46699290,1254728.59
"2025-08-01",21,7,"Uber",103482,303,103179,256.8,556.2,8449,2464,0.0819,0.0239,19.13,16.64,30.38,5550,3865,202,202,549104.49,118774127,3144133.57
"2025-08-01",22,1,"Lyft",27405,67,27338,240.4,466.1,1363,417,0.0499,0.0153,17.92,17.81,29.59,0,0,53,53,145799.65,29473318,810841.46
"2025-08-01",22,1,"Uber",68652,139,68513,225.1,505.5,4576,1451,0.0668,0.0212,18.02,18.47,31.66,3625,2340,105,105,380905.49,74232683,2173286.77
"2025-08-01",22,2,"Lyft",32221,87,32134,249.1,479.3,1696,487,0.0528,0.0152,18.37,17.5,31.45,0,0,73,73,172596.91,35513893,1013225.23
"2025-08-01",22,2,"Uber",79282,174,79108,231.4,489.8,4785,1459,0.0605,0.0184,18.69,18.38,34.38,3913,2559,100,100,453881.59,88915398,2726080.87
"2025-08-01",22,3,"Lyft",37962,113,37849,262.5,512.1,2390,625,0.0631,0.0165,18.6,16.91,31.65,0,0,80,80,198958.08,42363767,1201373.27
"2025-08-01",22,3,"Uber",86203,198,86005,234,493.9,5195,1586,0.0604,0.0184,18.95,17.74,35.27,4308,2891,96,96,482859.56,98010857,3040667.09
"2025-08-01",22,4,"Lyft",39578,97,39481,244.3,460.3,1795,476,0.0455,0.0121,19.29,16.51,32.12,0,0,73,73,210059.44,45804397,1271198.02
"2025-08-01",22,4,"Uber",92931,207,92724,224,482.7,5531,1768,0.0597,0.0191,19.74,17.33,34.54,4676,3238,142,142,529925.12,110055529,3209719.58
"2025-08-01",22,5,"Lyft",61927,163,61764,242.9,468.3,2935,813,0.0475,0.0132,19.82,15.83,31.24,0,0,113,113,323827.18,73632934,1934366.46
"2025-08-01",22,5,"Uber",137519,289,137230,221.3,474.4,7604,2273,0.0554,0.0166,19.35,16.14,31.05,7136,5123,182,182,715820.92,159676755,4270108.86
"2025-08-01",22,6,"Lyft",59739,168,59571,287.3,574,5194,1323,0.0872,0.0222,19.78,15.28,31.13,0,0,149,149,300966.15,70888275,1859937.66
"2025-08-01",22,6,"Uber",147312,375,146937,254.5,519.8,9719,2546,0.0661,0.0173,19.6,15.54,30.43,7739,5907,246,246,747595.59,173213356,4483265.98
"2025-08-01",22,7,"Lyft",40212,118,40094,304,637.8,4781,1351,0.1192,0.0337,19.04,17.29,31.36,0,0,116,116,220616.91,45947798,1260932.89
"2025-08-01",22,7,"Uber",99528,237,99290,280.7,614,10520,3023,0.106,0.0304,19.03,17.71,31.23,5935,4228,165,165,559082.5,113645510,3108123.52
"2025-08-01",23,1,"Lyft",22762,77,22685,245.5,495.5,1402,412,0.0618,0.0182,17.5,18.61,29.21,0,0,57,57,123527.95,23897360,664902.26
"2025-08-01",23,1,"Uber",58345,102,58243,234.1,532.4,4404,1221,0.0756,0.021,17.85,19.11,30.71,3648,2437,75,75,331646.25,62472443,1791931.03
"2025-08-01",23,2,"Lyft",26121,80,26041,237.3,454.1,1283,425,0.0493,0.0163,17.54,18.21,30.3,0,0,55,55,139054.23,27482864,791483.82
"2025-08-01",23,2,"Uber",63466,126,63340,221.2,479.3,3638,1068,0.0574,0.0169,17.94,19.03,32.43,3826,2558,66,66,360978.81,68302436,2058289.57
"2025-08-01",23,3,"Lyft",30719,71,30648,253.8,533.2,2285,802,0.0746,0.0262,18.14,17.95,31.22,0,0,60,60,166667.92,33432647,959157.19
"2025-08-01",23,3,"Uber",71751,159,71591,232,523.6,5281,1739,0.0738,0.0243,18.73,18.47,34.07,4419,3052,64,64,413640.41,80620737,2444485.62
"2025-08-01",23,4,"Lyft",34978,81,34897,246.1,470.6,1799,541,0.0516,0.0155,18.78,17.01,31.49,0,0,64,64,186233.81,39415364,1101566.27
"2025-08-01",23,4,"Uber",81434,183,81250,227.7,497.6,5210,1554,0.0641,0.0191,19.6,17.64,33.62,4866,3440,94,94,469337.56,95771032,2737534.96
"2025-08-01",23,5,"Lyft",61914,126,61788,259.9,497,3366,781,0.0545,0.0126,19.15,16.01,30.65,0,0,106,106,316350.23,71130670,1897962.84
"2025-08-01",23,5,"Uber",133994,209,133785,236.2,491.9,7747,1972,0.0579,0.0147,18.99,16.34,30.17,8106,6140,139,139,692826.64,152635309,4042237.78
"2025-08-01",23,6,"Lyft",59823,167,59656,302.4,586.9,5533,1180,0.0927,0.0198,18.96,15.85,30.64,0,0,152,152,299753.28,68066660,1833176.64
"2025-08-01",23,6,"Uber",143262,308,142952,269.8,547.6,10976,2678,0.0768,0.0187,19.02,16.42,30.56,8532,6492,172,172,745817.66,163491058,4377545.25
"2025-08-01",23,7,"Lyft",35922,128,35794,314.6,693.2,5134,1625,0.1434,0.0454,18.29,18.68,31.35,0,0,103,103,204574.98,39428314,1126156.91
"2025-08-01",23,7,"Uber",87645,196,87446,288.3,639.2,10374,3036,0.1186,0.0347,18.36,18.81,31.36,6100,4394,108,108,504341.04,96540261,2748972.59
"2025-09-01",0,1,"Lyft",30396,79,30317,279.4,611,3168,1043,0.1045,0.0344,17.57,19.85,31.26,0,0,63,63,176732.19,32049500,950141.02
"2025-09-01",0,1,"Uber",64626,184,64442,263.9,627.8,7143,2417,0.1108,0.0375,17.34,19.84,30.71,4190,2722,62,62,370432.91,67224547,1984829.22
"2025-09-01",0,2,"Lyft",20985,34,20951,246,519.8,1450,438,0.0692,0.0209,16.71,19.56,29.6,0,0,38,38,114322.87,21044586,621081.62
"2025-09-01",0,2,"Uber",49014,115,48899,232.4,553.2,4095,1438,0.0837,0.0294,17.06,20.04,30.71,3062,1643,54,54,279189.66,50156233,1505401.45
"2025-09-01",0,3,"Lyft",18342,32,18310,222.5,427.7,739,243,0.0404,0.0133,16.66,19.02,29.37,0,0,33,33,96873.85,18338361,538734.61
"2025-09-01",0,3,"Uber",41968,73,41895,212.4,472,2438,891,0.0582,0.0213,16.86,19.73,32.39,2551,1415,38,38,232747.52,42463628,1359544.42
"2025-09-01",0,4,"Lyft",21362,39,21323,226.4,437.2,943,284,0.0442,0.0133,17.33,18.57,30.14,0,0,34,34,114546.72,22209244,643803.81
"2025-09-01",0,4,"Uber",48707,84,48623,212.5,481.5,3067,930,0.0631,0.0191,17.64,19.33,33.37,3189,1908,43,43,276758.92,51537297,1625205.52
"2025-09-01",0,5,"Lyft",29228,45,29183,258.6,572.7,2626,908,0.09,0.0311,18.09,17.86,31.92,0,0,48,48,157338.47,31722148,932894.27
"2025-09-01",0,5,"Uber",67298,88,67210,244,547.6,5253,1612,0.0782,0.024,18.4,18.2,34.85,4664,3058,42,42,375516.61,74289167,2345165.69
"2025-09-01",0,6,"Lyft",43134,77,43057,277,558.6,3454,696,0.0802,0.0162,18.25,15.68,30.8,0,0,64,64,205740.99,47241680,1328625.54
"2025-09-01",0,6,"Uber",101133,162,100971,266.5,572.7,8893,2384,0.0881,0.0236,18.97,16.36,33.75,6227,4279,71,71,523219.71,115138038,3412908.35
"2025-09-01",0,7,"Lyft",43696,89,43607,312.8,592.9,4177,820,0.0958,0.0188,17.94,15.47,31.46,0,0,69,69,202059.33,47026095,1374746.6
"2025-09-01",0,7,"Uber",121006,250,120756,310.2,634.4,14027,4282,0.1162,0.0355,18.98,16.07,35.07,7116,5437,86,86,615353.29,137818354,4243133.76
"2025-09-01",1,1,"Lyft",19076,43,19033,253.8,480.4,864,186,0.0454,0.0098,16.76,19.74,28.9,0,0,37,37,105150.12,19180049,551371.83
"2025-09-01",1,1,"Uber",38966,140,38826,241.9,519.3,2677,878,0.0689,0.0226,16.34,19.8,28,2485,1482,31,31,210075.07,38194668,1091088.25
"2025-09-01",1,2,"Lyft",11581,23,11558,228.2,418.1,310,68,0.0268,0.0059,15.6,19.71,27.7,0,0,21,21,59315.72,10836525,320825.1
"2025-09-01",1,2,"Uber",28307,94,28212,220.8,490.4,1791,650,0.0635,0.023,15.6,20.16,27.7,1718,885,25,25,148353.16,26491544,784091.82
"2025-09-01",1,3,"Lyft",10184,27,10157,215.6,391.5,178,26,0.0175,0.0026,15.53,19.43,27.51,0,0,16,16,51223.49,9488326,280111.09
"2025-09-01",1,3,"Uber",23775,38,23737,204.8,430.5,1033,354,0.0435,0.0149,15.49,19.82,28.63,1397,721,27,27,121610.71,22089595,680710.83
"2025-09-01",1,4,"Lyft",11968,28,11940,209.3,378.1,218,47,0.0183,0.0039,15.89,19.04,28.21,0,0,24,24,60333.44,11409121,337656.15
"2025-09-01",1,4,"Uber",27664,50,27614,209.9,446.5,1244,389,0.045,0.0141,16.23,19.63,30.17,1732,1007,21,21,146844.77,26932247,834501.44
"2025-09-01",1,5,"Lyft",18871,40,18831,232.7,523.6,1461,759,0.0776,0.0403,17.14,18.81,31.15,0,0,24,24,101416.13,19406364,587809.34
"2025-09-01",1,5,"Uber",41965,72,41893,216.5,494.2,2738,989,0.0654,0.0236,16.91,18.95,32.72,2677,1707,26,26,224125.14,42587970,1373074.83
"2025-09-01",1,6,"Lyft",35769,59,35710,267.8,529.2,2306,476,0.0646,0.0133,17.77,16.49,30.28,0,0,54,54,174681.39,38131195,1083095.86
"2025-09-01",1,6,"Uber",80757,121,80636,248.8,523.5,5464,1443,0.0678,0.0179,17.94,16.93,31.17,5316,3954,42,42,408753.02,86910325,2517293.73
"2025-09-01",1,7,"Lyft",39724,75,39649,294.7,575.5,3461,658,0.0873,0.0166,17.44,16.76,30.17,0,0,66,66,193538.17,41576709,1198305.46
"2025-09-01",1,7,"Uber",94164,149,94015,271.4,545.9,7139,2002,0.0759,0.0213,17.82,17.19,31.78,5908,4465,52,52,480565.59,100663845,2992165.95
"2025-09-01",2,1,"Lyft",13455,81,13374,265.4,513.7,836,190,0.0625,0.0142,16.43,20.21,28.82,0,0,27,27,74480.09,13263882,387819.45
"2025-09-01",2,1,"Uber",27277,148,27129,260.6,556.7,2239,751,0.0825,0.0277,16.08,20.36,28.38,1712,843,21,21,148777.67,26312378,774232.68
"2025-09-01",2,2,"Lyft",7676,62,7614,233.7,421.6,203,35,0.0267,0.0046,15.34,19.92,27.31,0,0,8,8,39096.84,7067049,209634.11
"2025-09-01",2,2,"Uber",18754,110,18644,238,517.7,1378,537,0.0739,0.0288,15.43,20.84,27.41,1097,485,13,13,100526.66,17366432,514003.33
"2025-09-01",2,3,"Lyft",6760,42,6718,221.1,405.7,155,25,0.0231,0.0037,15.58,20.14,27.71,0,0,15,15,35359.75,6319184,187318.27
"2025-09-01",2,3,"Uber",15813,73,15740,222.1,481.1,977,326,0.0621,0.0207,15.11,20.39,27.72,907,349,11,11,81170.85,14333721,438307.22
"2025-09-01",2,4,"Lyft",8012,53,7959,216.7,391.5,151,19,0.019,0.0024,15.51,19.3,27.15,0,0,23,23,39967.62,7456297,217498.29
"2025-09-01",2,4,"Uber",17969,94,17875,213.8,452.7,893,302,0.05,0.0169,15.69,20.32,29.13,1114,524,9,9,95442.75,16912308,523484.65
"2025-09-01",2,5,"Lyft",11732,43,11689,217.7,395.1,247,55,0.0211,0.0047,15.95,18.89,28.87,0,0,13,13,58938.54,11229704,338686.43
"2025-09-01",2,5,"Uber",26661,129,26532,218,455.4,1281,359,0.0483,0.0135,16.29,19.95,30.36,1761,1035,12,12,144434.28,26061776,809384.04
"2025-09-01",2,6,"Lyft",29459,83,29376,270.1,540.7,2104,450,0.0716,0.0153,17.33,17.58,30.26,0,0,37,37,149569.95,30634956,891391.42
"2025-09-01",2,6,"Uber",62802,160,62642,261.1,548.6,4873,1313,0.0778,0.021,17.69,17.97,31.37,4639,3477,29,29,332767.3,66647499,1970025.62
"2025-09-01",2,7,"Lyft",32563,107,32456,308.8,635.8,3825,908,0.1179,0.028,17.14,17.5,30.48,0,0,51,51,162816.45,33496396,992449.16
"2025-09-01",2,7,"Uber",75837,207,75630,299.1,626.2,8535,2348,0.1129,0.031,17.66,18.37,33.16,5345,3976,49,49,410110.62,80367732,2514835.41
"2025-09-01",3,1,"Lyft",11366,517,10849,284.9,541.7,774,189,0.0713,0.0174,16.97,21.75,32,0,0,25,25,69924.87,11574656,363658.67
"2025-09-01",3,1,"Uber",23955,750,23205,287.5,591.4,2220,781,0.0957,0.0337,16.8,22.62,33.14,1310,632,14,14,151687.97,24143919,793820.69
"2025-09-01",3,2,"Lyft",7133,321,6812,255.9,452.7,207,35,0.0304,0.0051,16.45,21.97,30.79,0,0,20,20,42955.48,7038716,219638.86
"2025-09-01",3,2,"Uber",16208,409,15799,260,543,1244,470,0.0787,0.0297,16.08,23,30.94,825,299,7,7,99879.17,15636462,501554.31
"2025-09-01",3,3,"Lyft",6271,240,6031,248,448.5,200,43,0.0332,0.0071,16.56,21.74,30.52,0,0,24,24,37611.71,6229229,191372.06
"2025-09-01",3,3,"Uber",13568,384,13184,242.9,504.8,876,361,0.0664,0.0274,15.78,22.61,31.15,667,220,10,10,80691.53,12848720,422602.49
"2025-09-01",3,4,"Lyft",7279,308,6971,240.2,423.7,176,31,0.0252,0.0044,16.76,21.9,31,0,0,13,13,44530.32,7321368,225664.58
"2025-09-01",3,4,"Uber",15277,478,14799,232.2,464.7,797,313,0.0539,0.0212,16.32,22.48,32.26,873,418,6,6,93419.32,14958276,492886.12
"2025-09-01",3,5,"Lyft",9961,416,9545,236.2,429.6,281,55,0.0294,0.0058,16.95,21.37,32.15,0,0,12,12,60147.61,10133258,320247.97
"2025-09-01",3,5,"Uber",21994,718,21276,242.9,489.3,1211,422,0.0569,0.0198,16.97,22.43,33.96,1405,787,11,11,139495.6,22390064,746949.33
"2025-09-01",3,6,"Lyft",22524,271,22253,268.3,534.7,1528,337,0.0687,0.0151,17.45,18.84,31.32,0,0,38,38,123391.93,23581026,705375.23
"2025-09-01",3,6,"Uber",48608,502,48106,264.5,551.1,3766,1115,0.0783,0.0232,17.8,19.49,32.3,3851,2814,26,26,280981.91,51912355,1570150.34
"2025-09-01",3,7,"Lyft",25419,406,25013,293.7,577.8,2201,504,0.088,0.0201,17.38,18.95,32.32,0,0,39,39,139552.34,26511971,821554.65
"2025-09-01",3,7,"Uber",54557,634,53923,285.3,594.4,5218,1594,0.0968,0.0296,17.86,19.8,34.09,3974,2813,26,26,321431.77,58449091,1860078.67
"2025-09-01",4,1,"Lyft",14879,1515,13364,340.8,629.1,1585,322,0.1186,0.0241,17.7,23.11,35.78,0,0,21,21,101459.06,15804154,532435.45
"2025-09-01",4,1,"Uber",30966,1826,29140,332.1,666.5,3830,1309,0.1314,0.0449,18.43,25.02,42.13,1551,830,24,24,237964.2,34236358,1304463.53
"2025-09-01",4,2,"Lyft",11533,1114,10419,278,514.5,635,110,0.0609,0.0106,16.94,23.48,33.31,0,0,17,17,76473.77,11725024,384146.88
"2025-09-01",4,2,"Uber",23948,1269,22679,262.9,534.1,1690,639,0.0745,0.0282,17.52,25.03,38.13,1068,486,19,19,175069.71,25178519,913145.14
"2025-09-01",4,3,"Lyft",9730,809,8921,268.5,475.9,355,52,0.0398,0.0058,16.91,23.06,32.67,0,0,13,13,63214.04,9870309,317911.3
"2025-09-01",4,3,"Uber",19017,1036,17981,255.8,510.7,1170,425,0.0651,0.0236,17.64,24.79,38.4,900,379,12,12,138568.45,20126544,730202.89
"2025-09-01",4,4,"Lyft",11159,1105,10054,269,473.8,364,48,0.0362,0.0048,17.6,23.37,34.02,0,0,21,21,76528.71,11786801,379612.26
"2025-09-01",4,4,"Uber",21536,1219,20317,255.1,491.2,1243,471,0.0612,0.0232,18.25,24.77,39.82,1102,573,14,14,162245.89,23577283,857476.89
"2025-09-01",4,5,"Lyft",13209,1350,11859,293.9,512.3,622,94,0.0524,0.0079,18.01,23.06,35.34,0,0,18,18,91438.86,14272105,466830.59
"2025-09-01",4,5,"Uber",27272,1757,25515,284.6,553.2,2004,636,0.0785,0.0249,18.91,25,42.82,1504,835,9,9,214906.68,30941490,1167792.99
"2025-09-01",4,6,"Lyft",19154,729,18425,277.9,545.6,1403,355,0.0761,0.0193,17.76,20.37,32.49,0,0,29,29,115491.97,20413760,622331.36
"2025-09-01",4,6,"Uber",39308,947,38361,291.2,592.3,3680,1072,0.0959,0.0279,18.64,21.44,35.79,2823,1867,23,23,261789.39,43960791,1406725.85
"2025-09-01",4,7,"Lyft",21261,906,20355,320.9,623.1,2293,560,0.1127,0.0275,17.51,20.32,34.07,0,0,26,26,126098.45,22336346,724359.58
"2025-09-01",4,7,"Uber",43821,1216,42605,342.6,707.5,6468,2069,0.1518,0.0486,18.72,21.84,39.12,3236,2228,22,22,298525.84,49211832,1714239.93
"2025-09-01",5,1,"Lyft",18283,1519,16764,321.4,608.9,1753,370,0.1046,0.0221,18.83,22.27,36.31,0,0,27,27,127766.1,20654241,663884.2
"2025-09-01",5,1,"Uber",43291,1790,41501,299.1,582,3774,1137,0.0909,0.0274,19.61,23.48,42.38,2039,1167,50,50,332218.84,50928005,1834818.39
"2025-09-01",5,2,"Lyft",16341,1204,15137,255.2,470.8,633,104,0.0418,0.0069,18.3,22.46,34.78,0,0,20,20,111928.14,17944244,568341.95
"2025-09-01",5,2,"Uber",39150,1366,37784,244.2,484.4,2127,698,0.0563,0.0185,18.22,23.38,37.68,1699,908,37,37,277956.68,42798497,1475155.98
"2025-09-01",5,3,"Lyft",13639,1000,12639,255.7,455,379,52,0.03,0.0041,18.2,22.16,34.2,0,0,20,20,91693.54,14893917,466393.36
"2025-09-01",5,3,"Uber",31352,1314,30038,237.7,451.5,1339,444,0.0446,0.0148,18.27,23.35,38.26,1369,715,39,39,222854.99,34366143,1199529.22
"2025-09-01",5,4,"Lyft",15314,1208,14106,278.1,503.1,700,87,0.0496,0.0062,18.79,21.79,34.61,0,0,23,23,104514.77,17265896,529953.41
"2025-09-01",5,4,"Uber",34825,1400,33425,261.6,507.2,1978,641,0.0592,0.0192,19.16,22.69,39.38,1568,879,28,28,252369.02,40037521,1371464.01
"2025-09-01",5,5,"Lyft",15340,1364,13976,304.3,561.5,1077,163,0.0771,0.0117,19.16,22.04,36.32,0,0,27,27,107925.36,17631784,557209.12
"2025-09-01",5,5,"Uber",37011,1769,35242,296.2,573.5,3066,861,0.087,0.0244,20.38,23.49,44.83,1850,1115,40,40,295330.83,45267360,1659245.65
"2025-09-01",5,6,"Lyft",15028,867,14161,263.3,479.2,615,108,0.0434,0.0076,18.4,21.86,34.24,0,0,29,29,100783.79,16595354,514537.05
"2025-09-01",5,6,"Uber",33199,964,32235,255.7,498.5,1892,559,0.0587,0.0173,19.2,22.92,37.86,2118,1268,20,20,243484.87,38235470,1256879.39
"2025-09-01",5,7,"Lyft",15591,1041,14550,304.6,563.6,1175,222,0.0808,0.0153,18.43,22.22,35.24,0,0,20,20,106415.53,17241339,549360.18
"2025-09-01",5,7,"Uber",34564,1218,33346,300.6,583.8,3079,984,0.0923,0.0295,18.85,23.18,38.78,2289,1380,20,20,251643.01,39082730,1340555.2
"2025-09-01",6,1,"Lyft",28677,1401,27276,288.5,542.4,1888,335,0.0692,0.0123,19.37,18.47,33.04,0,0,42,42,170968.49,33325946,947411.26
"2025-09-01",6,1,"Uber",68761,1855,66906,280.7,553.6,5119,1403,0.0765,0.021,20.66,19.27,37.63,3182,2023,45,45,456386.5,85245983,2587163.69
"2025-09-01",6,2,"Lyft",28593,1240,27353,252.7,469,1141,189,0.0417,0.0069,19.05,17.79,31.84,0,0,47,47,161464.29,32676153,910279.61
"2025-09-01",6,2,"Uber",70760,1588,69172,241.7,482,3546,1005,0.0513,0.0145,19.67,18.68,34.71,2907,1771,60,60,433329.39,83497931,2456342.37
"2025-09-01",6,3,"Lyft",23237,1009,22228,246.8,433.6,536,61,0.0241,0.0027,18.96,17.84,31.9,0,0,25,25,131011.98,26433754,741338.49
"2025-09-01",6,3,"Uber",57613,1393,56220,236,453.7,2123,580,0.0378,0.0103,19.46,18.64,34.44,2242,1362,49,49,348270.92,67273073,1984003.93
"2025-09-01",6,4,"Lyft",25984,1090,24894,275,499.3,1183,169,0.0475,0.0068,19.77,17.3,32.14,0,0,30,30,148090.27,30818308,835154.92
"2025-09-01",6,4,"Uber",62214,1604,60610,267.4,517.9,3591,808,0.0592,0.0133,20.49,18.05,35.79,2670,1739,31,31,383489.65,76489226,2226334.46
"2025-09-01",6,5,"Lyft",24582,1074,23508,287,527.8,1441,231,0.0613,0.0098,19.91,17.89,33.34,0,0,30,30,145914.07,29369217,819465.93
"2025-09-01",6,5,"Uber",61375,1610,59765,282.8,548.6,4428,1074,0.0741,0.018,21.35,19.01,38.62,2917,1956,34,34,415237.75,78619404,2370445.96
"2025-09-01",6,6,"Lyft",17902,840,17062,254.8,457.7,603,106,0.0353,0.0062,18.25,22.17,34.09,0,0,18,18,120683.58,19601063,610212.31
"2025-09-01",6,6,"Uber",42292,923,41369,250.3,483.8,2217,679,0.0536,0.0164,18.62,22.97,35.25,2613,1671,20,20,301494.75,47258533,1490650.22
"2025-09-01",6,7,"Lyft",17354,896,16458,301,552.1,1225,199,0.0744,0.0121,17.57,22.21,33.73,0,0,23,23,112887.17,18298162,585315.57
"2025-09-01",6,7,"Uber",41283,1118,40165,292.5,568.2,3404,973,0.0848,0.0242,18.65,23.41,37.16,2977,2016,28,28,300480.69,46201669,1534154.18
"2025-09-01",7,1,"Lyft",40613,1868,38745,317.7,629.1,4516,949,0.1166,0.0245,20.7,14,30.83,0,0,82,82,196248.81,50452615,1252182.53
"2025-09-01",7,1,"Uber",103264,2186,101078,314.1,633.9,11964,3050,0.1184,0.0302,22.22,14.55,36.39,3831,2268,123,123,556368.73,137647064,3757361.71
"2025-09-01",7,2,"Lyft",44732,1956,42776,278,544.6,3080,531,0.072,0.0124,20.35,13.4,29.72,0,0,79,79,203266.44,54612407,1329630.56
"2025-09-01",7,2,"Uber",112626,2163,110463,274.8,563.8,8961,2296,0.0811,0.0208,20.86,14.24,33.56,3668,2106,154,154,557647.66,140957456,3779958.29
"2025-09-01",7,3,"Lyft",35905,1591,34314,277,536.1,2295,385,0.0669,0.0112,20.08,13.32,29.52,0,0,78,78,160013.99,43256022,1059975.86
"2025-09-01",7,3,"Uber",93906,1872,92034,273.6,560.7,7354,1703,0.0799,0.0185,20.67,13.92,33.64,3038,1776,127,127,450335.81,116457733,3158557.2
"2025-09-01",7,4,"Lyft",37142,1718,35424,327.4,622.9,4031,779,0.1138,0.022,20.81,12.4,29.85,0,0,70,70,159705.82,46376731,1108687.38
"2025-09-01",7,4,"Uber",103347,2031,101316,326.8,638.3,12346,3038,0.1219,0.03,21.77,13.23,35.4,3645,2233,120,120,496194.74,135011249,3658040.73
"2025-09-01",7,5,"Lyft",36721,1728,34993,325.5,620,3928,761,0.1123,0.0217,20.67,13.13,29.47,0,0,59,59,166028.86,45536780,1082348.25
"2025-09-01",7,5,"Uber",97045,1887,95158,323.2,632.4,11239,2692,0.1181,0.0283,22.15,14.18,35.52,3754,2240,135,135,507966.19,128966528,3447141.53
"2025-09-01",7,6,"Lyft",22220,700,21520,233.3,405.4,380,49,0.0177,0.0023,17.98,21.02,32.38,0,0,44,44,139996.39,23972369,719447.93
"2025-09-01",7,6,"Uber",54096,914,53182,222.5,432.3,2014,620,0.0379,0.0117,18.13,21.69,33.19,2983,1814,63,63,354538.5,58845833,1795229.67
"2025-09-01",7,7,"Lyft",20989,687,20302,263.6,484.6,874,140,0.043,0.0069,17.17,21.71,31.9,0,0,51,51,130359.43,21619952,669562.61
"2025-09-01",7,7,"Uber",51381,1054,50327,254.5,500.5,2914,907,0.0579,0.018,17.76,22.64,33.76,3170,2006,36,36,344428.8,54763831,1734704.2
"2025-09-01",8,1,"Lyft",47264,1867,45397,285.4,577.8,4041,933,0.089,0.0206,21.28,12.72,31.56,0,0,153,153,213190.52,60352352,1491669.08
"2025-09-01",8,1,"Uber",119858,2319,117539,267,556.6,9299,2439,0.0791,0.0208,22,13.3,35.66,3798,1964,343,343,584438,158190908,4273892.94
"2025-09-01",8,2,"Lyft",52120,1923,50197,260.9,515.7,3056,603,0.0609,0.012,21,12.22,30.71,0,0,158,158,222880.32,65681241,1600407.68
"2025-09-01",8,2,"Uber",133064,2500,130564,244.3,498.3,7308,1811,0.056,0.0139,20.84,12.84,33.63,3749,1939,378,378,593431.41,166415013,4475228.71
"2025-09-01",8,3,"Lyft",42820,1725,41095,273.8,535.5,2885,640,0.0702,0.0156,20.63,11.97,30.25,0,0,118,118,176175.93,52997469,1295200.03
"2025-09-01",8,3,"Uber",114256,2078,112178,254.6,521.8,7288,1803,0.065,0.0161,20.64,12.49,35.46,3479,1886,282,282,490703.53,141475882,4051755.65
"2025-09-01",8,4,"Lyft",46562,1831,44731,299.7,589.3,4198,851,0.0938,0.019,21.47,11.08,30.52,0,0,129,129,184647.45,59992894,1420952.84
"2025-09-01",8,4,"Uber",118745,2251,116494,272.3,558.6,9326,2295,0.0801,0.0197,21.99,11.96,36.55,3645,1942,325,325,520315.75,156668167,4339540.57
"2025-09-01",8,5,"Lyft",43061,1597,41464,269.4,520,2583,467,0.0623,0.0113,21.03,12.38,30.96,0,0,124,124,186860.48,54324238,1333310.87
"2025-09-01",8,5,"Uber",109037,2084,106953,252.1,514.7,6717,1612,0.0628,0.0151,21.58,13.25,34.45,3692,1934,289,289,519601.25,141211597,3755844.59
"2025-09-01",8,6,"Lyft",27736,637,27099,226.4,392.7,429,69,0.0158,0.0025,18.01,18.57,30.61,0,0,100,100,154667.89,29978810,849052.4
"2025-09-01",8,6,"Uber",66533,799,65734,211.9,401.2,2008,615,0.0305,0.0094,17.92,19.36,31.3,2914,1696,126,126,384805.99,71543754,2082166.01
"2025-09-01",8,7,"Lyft",24339,633,23706,244.4,431.6,626,90,0.0264,0.0038,17.16,20.39,31.09,0,0,60,60,141920.58,25056054,756645.45
"2025-09-01",8,7,"Uber",61397,913,60484,231.4,452.6,2636,817,0.0436,0.0135,17.32,21.14,32.74,2843,1717,101,101,374717.95,63804033,2010087.94
"2025-09-01",9,1,"Lyft",40409,1602,38807,222.8,418,1176,262,0.0303,0.0068,20.77,13.63,32.39,0,0,180,180,190678.99,50350004,1308874.11
"2025-09-01",9,1,"Uber",102832,2116,100716,211.5,431.2,3940,1102,0.0391,0.0109,21.57,14.24,35.81,2539,1127,506,506,526253.73,133083490,3681946.46
"2025-09-01",9,2,"Lyft",43727,1800,41927,223.9,425.6,1262,264,0.0301,0.0063,20.78,12.71,31.3,0,0,201,201,192554.69,54520769,1368631.85
"2025-09-01",9,2,"Uber",115316,2226,113090,210.5,427.1,4051,1109,0.0358,0.0098,20.96,13.13,33.94,2717,1189,549,549,529035.16,145016011,3914043.07
"2025-09-01",9,3,"Lyft",39285,1611,37674,239.9,480.3,1934,445,0.0513,0.0118,20.58,12.42,31.09,0,0,195,195,167328.09,48499962,1221528.46
"2025-09-01",9,3,"Uber",100159,2036,98123,226,456.3,4047,977,0.0412,0.01,20.84,12.87,35.41,2417,1070,482,482,447821.07,125238812,3546372.51
"2025-09-01",9,4,"Lyft",41137,1522,39615,233.9,458.1,1583,332,0.04,0.0084,21.66,11.8,31.71,0,0,167,167,175185.37,53461851,1304525.73
"2025-09-01",9,4,"Uber",98301,1976,96325,215.3,435.5,3633,909,0.0377,0.0094,22.12,12.45,36.12,2578,1225,489,489,451261.2,130493318,3551017.73
"2025-09-01",9,5,"Lyft",37069,1479,35590,216.6,401.1,910,207,0.0256,0.0058,21.21,13.16,32.79,0,0,183,183,172435.51,47162930,1215613.3
"2025-09-01",9,5,"Uber",93108,1880,91228,202.2,396.6,2725,734,0.0299,0.008,21.36,13.82,34.98,2634,1274,481,481,457875.11,119310093,3256974.46
"2025-09-01",9,6,"Lyft",31577,591,30986,223.1,393.4,530,84,0.0171,0.0027,18.34,16.89,30.32,0,0,96,96,163022.35,34752673,957280.79
"2025-09-01",9,6,"Uber",80126,835,79291,218.5,426.4,2789,792,0.0352,0.01,18.12,17.31,30.53,2585,1372,151,151,418881.55,87094411,2446322.14
"2025-09-01",9,7,"Lyft",28872,500,28372,241.1,423.3,650,117,0.0229,0.0041,17.31,18.84,30.37,0,0,80,80,156923.13,29987489,876888.52
"2025-09-01",9,7,"Uber",75422,824,74598,238.6,461.5,3222,932,0.0432,0.0125,17.35,19.59,31.64,2322,1257,159,159,427386.94,78526036,2386174.06
"2025-09-01",10,1,"Lyft",35726,1248,34478,207.5,374.7,653,157,0.0189,0.0046,20.92,14.25,32.35,0,0,225,225,177491.73,44838551,1155668.21
"2025-09-01",10,1,"Uber",90078,1666,88412,197.7,411.9,3472,1073,0.0393,0.0121,21.73,14.64,36.39,1675,560,571,571,477720.4,117465783,3278243.35
"2025-09-01",10,2,"Lyft",36371,1433,34938,206.6,379.5,668,131,0.0191,0.0037,21.43,13.38,32.43,0,0,221,221,173823.38,46764352,1179507.08
"2025-09-01",10,2,"Uber",96194,1858,94336,196.3,402.7,3359,954,0.0356,0.0101,21.28,13.64,35.16,1712,551,649,649,465404.07,122824620,3382158.13
"2025-09-01",10,3,"Lyft",32269,1242,31027,215.5,407.4,826,208,0.0266,0.0067,21.35,12.95,32.05,0,0,192,192,148741.84,41339164,1034217.83
"2025-09-01",10,3,"Uber",84615,1562,83053,200.1,411.4,2875,808,0.0346,0.0097,21.48,13.16,35.75,1587,593,554,554,398668.08,109038742,3024923.81
"2025-09-01",10,4,"Lyft",33241,1239,32002,207.9,374.7,558,101,0.0174,0.0032,22.3,12.59,32.85,0,0,195,195,155515.17,44482377,1091960.11
"2025-09-01",10,4,"Uber",83686,1548,82138,196.7,395.4,2515,719,0.0306,0.0088,22.27,12.89,36.4,1639,619,574,574,400340.49,111805599,3046125.75
"2025-09-01",10,5,"Lyft",31722,1048,30674,205.5,373,510,109,0.0166,0.0036,21.75,13.51,33.49,0,0,169,169,155407.77,41406687,1062484.47
"2025-09-01",10,5,"Uber",85090,1449,83641,194.8,386.5,2450,717,0.0293,0.0086,21.9,13.94,35.68,1868,736,481,481,432911.24,111832648,3035831.86
"2025-09-01",10,6,"Lyft",33852,415,33437,221.2,389.1,607,90,0.0182,0.0027,19.02,15.34,30.39,0,0,111,111,164624.46,38630748,1028893.89
"2025-09-01",10,6,"Uber",88430,788,87642,206.8,399,2701,815,0.0308,0.0093,18.76,15.83,30.78,2253,1079,217,217,437615.24,99543662,2722184.09
"2025-09-01",10,7,"Lyft",33600,441,33159,246.7,433.1,914,154,0.0276,0.0046,18.24,17,30.59,0,0,106,106,173583.47,36766263,1027945.37
"2025-09-01",10,7,"Uber",89589,858,88731,235.5,455.5,3799,1160,0.0428,0.0131,17.98,17.48,31.39,2329,1164,176,176,469368.15,96674389,2812332.73
"2025-09-01",11,1,"Lyft",33847,1062,32785,212.5,389.1,706,173,0.0215,0.0053,21.34,14.72,33.62,0,0,222,222,177175.98,43341543,1137948.45
"2025-09-01",11,1,"Uber",85905,1440,84465,199.3,413.5,3276,1085,0.0388,0.0128,21.65,14.79,37.05,1389,408,562,562,458295.09,111577947,3182374.11
"2025-09-01",11,2,"Lyft",33653,1092,32561,206,376.6,571,94,0.0175,0.0029,21.84,13.65,33.4,0,0,240,240,167154.78,44093328,1123850.89
"2025-09-01",11,2,"Uber",89882,1613,88269,193.3,401.2,3073,939,0.0348,0.0106,21.57,13.65,35.86,1364,380,648,648,440958.65,116313967,3222961.25
"2025-09-01",11,3,"Lyft",30013,996,29017,210.1,385.3,552,102,0.019,0.0035,21.98,13.26,33.37,0,0,211,211,145844.02,39588443,1001627.25
"2025-09-01",11,3,"Uber",79255,1293,77962,194.4,396.7,2534,711,0.0325,0.0091,21.79,13.2,36.67,1338,416,545,545,379920.86,103597184,2906128.17
"2025-09-01",11,4,"Lyft",31641,963,30678,206.9,379.4,581,115,0.0189,0.0037,22.53,12.66,33.06,0,0,200,200,150383.22,42764765,1045901.97
"2025-09-01",11,4,"Uber",81854,1344,80510,198.8,413.6,2933,833,0.0364,0.0103,22.77,12.84,37.63,1475,517,605,605,398875.33,111822591,3080549.28
"2025-09-01",11,5,"Lyft",31290,893,30397,216.5,396.2,693,144,0.0228,0.0047,22.69,13.6,34.89,0,0,229,229,160934.28,42606296,1091845.21
"2025-09-01",11,5,"Uber",84851,1246,83604,201.2,408.2,2913,882,0.0348,0.0105,22.47,13.65,36.57,1687,637,473,473,433744.45,114384441,3103340.89
"2025-09-01",11,6,"Lyft",35515,337,35178,226.7,403.5,713,116,0.0203,0.0033,19.98,14.15,30.79,0,0,104,104,167417.47,42581257,1093409.33
"2025-09-01",11,6,"Uber",95223,689,94534,211,413.3,3264,1000,0.0345,0.0106,20.05,14.69,31.73,2210,1024,241,241,467367.4,114539214,3021405.89
"2025-09-01",11,7,"Lyft",35510,402,35108,261.9,471.6,1396,232,0.0398,0.0066,19.48,15.5,31.71,0,0,129,129,178708.79,41513505,1126186.44
"2025-09-01",11,7,"Uber",93715,685,93030,247.9,483.9,4855,1468,0.0522,0.0158,19.63,16.02,33.63,2196,1033,243,243,491218.34,110353186,3151322.58
"2025-09-01",12,1,"Lyft",33887,1083,32804,218.1,401.3,787,149,0.024,0.0045,21.65,14.76,34.49,0,0,276,276,180468.37,44029176,1168875.86
"2025-09-01",12,1,"Uber",87933,1606,86327,210.4,444.5,4056,1322,0.047,0.0153,21.83,14.83,37.21,1367,388,652,652,474622.87,115181648,3272359.98
"2025-09-01",12,2,"Lyft",33923,1220,32703,211,393.5,755,164,0.0231,0.005,21.86,13.86,34.1,0,0,304,304,171250.18,44495531,1156934.33
"2025-09-01",12,2,"Uber",89168,1587,87581,203.7,428.6,3598,1086,0.0411,0.0124,21.67,14.11,36.8,1420,383,790,790,454275.49,115929166,3281214.68
"2025-09-01",12,3,"Lyft",30495,1034,29461,217.4,402.2,635,109,0.0216,0.0037,21.93,13.4,33.6,0,0,274,274,149347.72,40129756,1024633.09
"2025-09-01",12,3,"Uber",79942,1413,78529,202.2,418.5,3025,906,0.0385,0.0115,22.27,13.45,37.76,1316,435,627,627,399231.92,106821969,3018708.23
"2025-09-01",12,4,"Lyft",32434,998,31436,219,407.9,777,151,0.0247,0.0048,23.24,12.98,34.62,0,0,275,275,163125.93,45229003,1122996.59
"2025-09-01",12,4,"Uber",82636,1459,81177,203.8,427.8,3415,1038,0.0421,0.0128,23.46,13.07,39.18,1457,483,601,601,422481.61,116339320,3237390.59
"2025-09-01",12,5,"Lyft",32528,908,31620,243.4,455.4,1156,224,0.0366,0.0071,23.47,13.3,36.03,0,0,217,217,169208.03,45809299,1172138.46
"2025-09-01",12,5,"Uber",86831,1348,85482,231.3,483.1,4626,1405,0.0541,0.0164,23.06,13.53,37.83,1689,605,527,527,451539.57,120120303,3285155.95
"2025-09-01",12,6,"Lyft",35957,317,35640,238.3,433.5,1041,196,0.0292,0.0055,21.02,13.48,32.05,0,0,116,116,169807.41,45341473,1152492.47
"2025-09-01",12,6,"Uber",99619,666,98953,219.7,437,4017,1233,0.0406,0.0125,21.02,13.83,32.37,2487,1149,258,258,482784.16,125647973,3224813.09
"2025-09-01",12,7,"Lyft",35964,329,35635,272.9,496.1,1764,286,0.0495,0.008,20.59,14.52,32.69,0,0,123,123,179125.03,44419156,1175834.52
"2025-09-01",12,7,"Uber",94255,710,93545,260.2,513,5715,1681,0.0611,0.018,21.17,15.19,35.74,2216,1053,268,268,505197.47,119731976,3368475.11
"2025-09-01",13,1,"Lyft",34716,924,33792,228.2,416.2,890,173,0.0263,0.0051,21.65,14.28,34.05,0,0,268,268,178813.45,45094553,1182181.07
"2025-09-01",13,1,"Uber",93193,1394,91799,212.6,440.1,4187,1452,0.0456,0.0158,21.9,14.55,36.7,1635,487,636,636,494702.61,122431129,3419810.54
"2025-09-01",13,2,"Lyft",34666,1081,33585,219.3,405.1,819,146,0.0244,0.0043,21.73,13.58,33.49,0,0,293,293,170450.09,45196996,1161056.27
"2025-09-01",13,2,"Uber",95192,1469,93723,204.6,421.6,3791,1199,0.0404,0.0128,21.78,13.86,36.47,2028,682,786,786,478830.96,124370500,3471341.59
"2025-09-01",13,3,"Lyft",30308,893,29415,225,412.2,760,128,0.0258,0.0044,22.47,13.11,34.22,0,0,238,238,148838.26,40856272,1037031.1
"2025-09-01",13,3,"Uber",82609,1239,81370,207.6,431.8,3463,1092,0.0426,0.0134,22.49,13.25,37.58,1582,548,653,653,410159.07,111467044,3104825.83
"2025-09-01",13,4,"Lyft",33188,939,32249,228.3,422.5,884,168,0.0274,0.0052,23.6,12.66,34.82,0,0,261,261,165302.81,47000637,1155567.57
"2025-09-01",13,4,"Uber",84413,1361,83052,209.6,434.1,3586,1125,0.0432,0.0135,24.02,12.92,39.82,1721,673,676,676,436723.41,121642579,3360968.32
"2025-09-01",13,5,"Lyft",32647,717,31930,271.1,505.8,1687,277,0.0528,0.0087,23.89,12.64,35.9,0,0,248,248,164332.33,46804904,1172006.35
"2025-09-01",13,5,"Uber",90797,1317,89480,251.1,515,5747,1793,0.0642,0.02,23.72,12.96,37.89,2001,829,563,563,465354.01,129241155,3440728.76
"2025-09-01",13,6,"Lyft",36467,300,36167,250.6,458.3,1267,232,0.035,0.0064,21.23,13.09,32.35,0,0,147,147,168946.66,46446167,1179620.37
"2025-09-01",13,6,"Uber",102027,633,101393,228.8,459.8,4668,1415,0.046,0.014,21.39,13.52,32.95,2662,1403,315,315,491803.29,130958753,3361687.95
"2025-09-01",13,7,"Lyft",34005,275,33730,278.2,504.2,1805,320,0.0535,0.0095,20.73,14.06,32.79,0,0,133,133,165238.59,42295876,1114953.44
"2025-09-01",13,7,"Uber",93326,630,92696,270.6,533.8,6617,2081,0.0714,0.0224,21.6,14.9,35.47,2327,1157,288,288,500391.51,120925729,3309937.07
"2025-09-01",14,1,"Lyft",39381,755,38626,241.9,450.5,1354,275,0.0351,0.0071,22.82,13.46,34.57,0,0,264,264,201637.55,53930190,1361441.06
"2025-09-01",14,1,"Uber",104391,1224,103167,226.7,472.6,5636,1911,0.0546,0.0185,23.28,13.64,37.49,2228,828,718,718,552294.73,145800089,3913140.79
"2025-09-01",14,2,"Lyft",38240,884,37356,227.5,427.8,1118,205,0.0299,0.0055,23.44,12.65,34.37,0,0,293,293,189041.62,53784174,1314398.66
"2025-09-01",14,2,"Uber",105976,1281,104695,213.2,441.9,4647,1514,0.0444,0.0145,23.28,12.7,36.68,2446,987,771,771,522200.99,148021625,3887335.74
"2025-09-01",14,3,"Lyft",33077,750,32327,229.1,431,941,157,0.0291,0.0049,23.94,12.22,34.69,0,0,220,220,161210.79,47505140,1147537.52
"2025-09-01",14,3,"Uber",86576,1084,85491,219,454.6,3923,1220,0.0459,0.0143,23.98,12.51,38.7,1945,722,539,539,432775.23,124580909,3350838.63
"2025-09-01",14,4,"Lyft",37593,771,36822,251,470.7,1533,328,0.0416,0.0089,25.27,11.42,35,0,0,244,244,180715,56987739,1315733.26
"2025-09-01",14,4,"Uber",95388,1219,94168,226.2,468.3,4794,1481,0.0509,0.0157,25.7,11.72,40.07,2281,986,632,632,478827.81,147066302,3821987.45
"2025-09-01",14,5,"Lyft",36392,665,35727,291.8,551.4,2575,527,0.0721,0.0148,26.09,11.02,35.74,0,0,233,233,174314.86,56958351,1300754.84
"2025-09-01",14,5,"Uber",102309,1096,101213,274.4,560.6,8342,2527,0.0824,0.025,26.37,11.31,38.22,2693,1284,513,513,508475.94,161892662,3910198.45
"2025-09-01",14,6,"Lyft",38698,288,38410,248.2,456.3,1368,237,0.0356,0.0062,22.16,12.65,32.82,0,0,142,142,180855.25,51455917,1270001.95
"2025-09-01",14,6,"Uber",107392,591,106801,240.1,489.4,5754,1652,0.0539,0.0155,22.68,12.98,33.8,3235,1816,299,299,527085.98,146155404,3630152.34
"2025-09-01",14,7,"Lyft",35272,269,35003,268.9,500.1,1746,289,0.0499,0.0083,22.36,14.33,35.39,0,0,147,147,188365.17,47317975,1248223.71
"2025-09-01",14,7,"Uber",95418,612,94806,275.6,553.9,7466,2177,0.0788,0.023,22.38,14.73,36.22,2757,1457,252,252,524264.15,128153643,3455881.23
"2025-09-01",15,1,"Lyft",39246,593,38653,244.4,463.6,1616,335,0.0418,0.0087,23.93,12.6,35.31,0,0,225,225,197215.2,56338752,1385817.85
"2025-09-01",15,1,"Uber",106369,1192,105176,228.3,492.5,6518,2236,0.062,0.0213,24.57,12.72,38.44,2567,967,538,538,554223.99,156802097,4089098.84
"2025-09-01",15,2,"Lyft",38702,644,38058,229.2,433.3,1223,245,0.0321,0.0064,24.08,11.63,34.44,0,0,247,247,180594.53,55912905,1332984.53
"2025-09-01",15,2,"Uber",108274,1144,107130,216.9,456.1,5147,1748,0.048,0.0163,24.77,11.79,38.02,2468,990,625,625,526942.81,160899143,4116554.73
"2025-09-01",15,3,"Lyft",33827,518,33309,231.9,439.7,1046,226,0.0314,0.0068,24.86,11.41,35.23,0,0,206,206,159948.74,50450233,1191768.82
"2025-09-01",15,3,"Uber",89568,1048,88520,213.2,450.1,4217,1270,0.0476,0.0143,25.04,11.55,39.34,2210,945,474,474,431664.38,134545882,3523419.13
"2025-09-01",15,4,"Lyft",36766,583,36183,251.8,487.9,1855,394,0.0513,0.0109,26.23,10.48,36.14,0,0,237,237,168439.89,57862478,1328885.52
"2025-09-01",15,4,"Uber",94596,1132,93464,235.3,492.8,5371,1641,0.0575,0.0176,27.38,10.88,41.89,2460,1130,543,543,469810.45,155388708,3962649.29
"2025-09-01",15,5,"Lyft",35663,483,35180,286,557.9,2727,542,0.0775,0.0154,26.21,10.21,36.24,0,0,217,217,159110.76,56077894,1292431.8
"2025-09-01",15,5,"Uber",100810,948,99862,265,558.3,8172,2502,0.0818,0.0251,27.61,10.58,39.73,3130,1557,424,424,490819.27,166973505,4005638.37
"2025-09-01",15,6,"Lyft",39994,290,39704,259.6,510,2455,678,0.0618,0.0171,21.46,12.12,31.69,0,0,172,172,173359.93,51494549,1267424.96
"2025-09-01",15,6,"Uber",119659,638,119021,248.8,546.2,9473,2972,0.0796,0.025,22.75,12.33,35.63,3769,2121,282,282,559310.17,163309536,4263164.72
"2025-09-01",15,7,"Lyft",34776,232,34544,258.7,487.6,1713,337,0.0496,0.0098,22.4,14.16,35.15,0,0,137,137,183872.65,46747269,1222215.67
"2025-09-01",15,7,"Uber",95749,666,95082,250.6,510.9,6063,1797,0.0638,0.0189,22.77,14.66,36.22,3002,1611,272,272,532507.96,130791240,3468364.7
"2025-09-01",16,1,"Lyft",38881,467,38414,238.3,454.6,1522,376,0.0396,0.0098,23.82,12.17,35.24,0,0,173,173,187929,55579737,1370297.61
"2025-09-01",16,1,"Uber",107253,1019,106234,225.1,478.5,6085,2100,0.0573,0.0198,24.71,12.4,38.22,2623,1189,422,422,547920,159044474,4099338.98
"2025-09-01",16,2,"Lyft",38184,487,37697,225.3,425.8,1127,230,0.0299,0.0061,23.9,11.19,34.66,0,0,212,212,170225.11,54750047,1323482.86
"2025-09-01",16,2,"Uber",109714,965,108748,212.4,443.7,5039,1631,0.0463,0.015,24.78,11.53,38.5,2723,1231,500,500,522458.41,163131081,4224411.26
"2025-09-01",16,3,"Lyft",33279,458,32821,226.3,428,1046,198,0.0319,0.006,24.42,11.26,35.75,0,0,185,185,152519.29,48769609,1189798.9
"2025-09-01",16,3,"Uber",91987,964,91023,210.6,441.5,4007,1199,0.044,0.0132,25.17,11.48,39.92,2556,1195,393,393,443149.74,138943669,3671876.71
"2025-09-01",16,4,"Lyft",35496,503,34993,240.7,465.5,1505,320,0.043,0.0091,26.13,10.27,36.74,0,0,202,202,158721.18,55640223,1304158.88
"2025-09-01",16,4,"Uber",97353,1097,96256,225.3,472.4,5026,1482,0.0522,0.0154,27.72,10.66,42.61,2818,1317,416,416,479246.68,161906860,4148205.46
"2025-09-01",16,5,"Lyft",38175,393,37782,267.3,516,2250,468,0.0596,0.0124,25.22,10.16,35.83,0,0,184,184,163002.31,57769261,1367716.92
"2025-09-01",16,5,"Uber",102012,960,101052,245.9,516.1,6675,1988,0.0661,0.0197,27.18,10.75,39.24,3399,1764,377,377,496860.74,166371442,4002781.73
"2025-09-01",16,6,"Lyft",40595,348,40247,242.6,459.7,1687,388,0.0419,0.0096,21.84,12.04,32.84,0,0,146,146,177888.04,53194042,1333253.43
"2025-09-01",16,6,"Uber",112943,723,112220,226.4,461,5462,1575,0.0487,0.014,22.85,12.62,33.82,3588,2085,290,290,542616.74,154831884,3819621.33
"2025-09-01",16,7,"Lyft",34378,268,34110,253,476.6,1525,268,0.0447,0.0079,22.39,14.16,35.34,0,0,127,127,181628.81,46180627,1214904.4
"2025-09-01",16,7,"Uber",96826,572,96254,243.5,500.5,5864,1872,0.0609,0.0194,22.81,14.65,36.31,2841,1528,248,248,539330.63,132503205,3515281.37
"2025-09-01",17,1,"Lyft",41079,404,40675,237.9,449.2,1518,330,0.0373,0.0081,21.67,12.22,32.83,0,0,195,195,181372.9,53412191,1348589.65
"2025-09-01",17,1,"Uber",115808,899,114908,233.1,484.9,6576,2249,0.0572,0.0196,23.02,12.74,36.45,2913,1257,395,395,566200.84,159933218,4221390.32
"2025-09-01",17,2,"Lyft",42706,454,42252,234,447.7,1565,358,0.037,0.0085,22.48,11.17,32.93,0,0,193,193,178713.89,57605709,1406291.98
"2025-09-01",17,2,"Uber",123241,874,122366,230.7,485.2,6845,1994,0.0559,0.0163,23.41,11.69,36.97,3313,1573,403,403,562397.65,173122284,4556628.77
"2025-09-01",17,3,"Lyft",36515,394,36121,235.3,458.6,1539,297,0.0426,0.0082,22.97,11.18,33.97,0,0,148,148,156267.99,50325507,1240545.67
"2025-09-01",17,3,"Uber",104634,750,103884,222.7,462.2,5137,1521,0.0494,0.0146,23.55,11.57,37.69,3218,1607,312,312,475044.85,147844306,3943410.14
"2025-09-01",17,4,"Lyft",38040,427,37613,260,524.5,2513,625,0.0668,0.0166,24.53,10.01,34.26,0,0,170,170,155710.85,55992460,1303244.53
"2025-09-01",17,4,"Uber",109322,947,108375,237.5,498.5,6326,1732,0.0584,0.016,26.24,10.62,40.67,3164,1636,301,301,507999.59,172137382,4445796.83
"2025-09-01",17,5,"Lyft",42215,406,41809,266,521.2,2578,507,0.0617,0.0121,23.37,10.56,33.88,0,0,164,164,173699.34,59198473,1430094.26
"2025-09-01",17,5,"Uber",114166,815,113351,255.7,538.4,8157,2252,0.072,0.0199,25.03,11.21,36.59,3799,2093,337,337,533909.08,171458028,4177847.22
"2025-09-01",17,6,"Lyft",44906,376,44530,248.1,467.3,1830,333,0.0411,0.0075,22.01,12.28,32.5,0,0,153,153,202257.8,59306818,1459596.31
"2025-09-01",17,6,"Uber",118789,626,118163,227,458.7,5741,1652,0.0486,0.014,22.39,12.63,32.91,3747,2231,324,324,560015.07,159593898,3909729.05
"2025-09-01",17,7,"Lyft",35680,251,35429,256,481.8,1762,363,0.0497,0.0102,22.76,14.05,35.19,0,0,132,132,190129.19,48724121,1255726.69
"2025-09-01",17,7,"Uber",97107,601,96506,244.2,510.4,6355,2025,0.0659,0.021,22.8,14.48,36.03,2761,1489,246,246,534356.05,132846943,3498689.93
"2025-09-01",18,1,"Lyft",39166,304,38862,229.8,425.6,1209,334,0.0311,0.0086,19.52,13.29,31.01,0,0,161,161,169331.47,45862771,1214456.21
"2025-09-01",18,1,"Uber",118304,657,117647,221.3,457.4,5858,1942,0.0498,0.0165,20.42,14.11,33.66,2720,1171,318,318,568028.97,144927146,3982362.78
"2025-09-01",18,2,"Lyft",42103,310,41793,229.8,432.9,1374,321,0.0329,0.0077,20.1,12.45,31.37,0,0,154,154,175520.38,50770089,1320971.82
"2025-09-01",18,2,"Uber",127113,568,126544,221.5,452.6,5890,1786,0.0465,0.0141,20.71,13.08,34.29,3235,1551,292,292,573722.25,157943907,4358728.63
"2025-09-01",18,3,"Lyft",37334,241,37093,229.2,437.9,1263,245,0.034,0.0066,20.54,12.25,31.81,0,0,127,127,156602.06,46018248,1187749.65
"2025-09-01",18,3,"Uber",107332,508,106824,219.2,443.7,4342,1176,0.0406,0.011,21.07,12.78,34.93,3308,1758,267,267,481775.09,135705674,3748944.61
"2025-09-01",18,4,"Lyft",38361,279,38082,251.3,509.5,2296,543,0.0603,0.0143,21.48,11.13,32.24,0,0,137,137,152844.26,49450693,1236676.04
"2025-09-01",18,4,"Uber",113503,612,112891,233.5,480.3,5980,1666,0.053,0.0148,23.19,11.82,37.73,3315,1760,266,266,518297.48,157899068,4282773.21
"2025-09-01",18,5,"Lyft",45844,319,45525,259.6,490.7,2233,429,0.049,0.0094,21.45,11.62,32.4,0,0,163,163,190516.88,59014666,1485331.37
"2025-09-01",18,5,"Uber",125878,606,125272,242.4,489,6862,1930,0.0548,0.0154,22.39,12.24,33.84,3743,2139,291,291,574871.73,169130455,4259871.05
"2025-09-01",18,6,"Lyft",46982,320,46662,253.5,471.3,1899,394,0.0407,0.0084,22.09,12.34,32.48,0,0,152,152,213506.97,62278337,1526122.42
"2025-09-01",18,6,"Uber",125505,640,124864,236.5,474.7,6299,1795,0.0504,0.0144,22.25,12.78,32.84,3782,2298,242,242,594807.95,167522635,4122118.53
"2025-09-01",18,7,"Lyft",35572,205,35367,257.2,496.9,1990,553,0.0563,0.0156,21.89,13.92,33.64,0,0,133,133,180629.87,46720637,1196719.99
"2025-09-01",18,7,"Uber",97573,482,97091,248.8,518.4,6623,2206,0.0682,0.0227,22.31,14.51,34.93,2990,1723,250,250,526692.54,130631438,3408362.6
"2025-09-01",19,1,"Lyft",37798,236,37562,220.8,414.9,1090,296,0.029,0.0079,18.83,15.1,30.7,0,0,149,149,179180.34,42715111,1160266.17
"2025-09-01",19,1,"Uber",109048,407,108640,216.7,455.4,5541,1842,0.051,0.017,19.28,15.8,33.45,2297,976,211,211,553613.48,126172949,3647775.78
"2025-09-01",19,2,"Lyft",41342,218,41124,218.8,396.7,824,164,0.02,0.004,19.1,14.76,31.21,0,0,128,128,194227.12,47371186,1290422.57
"2025-09-01",19,2,"Uber",120231,350,119880,212.7,436.3,5317,1590,0.0444,0.0133,19.47,15.31,34.23,2799,1218,235,235,597082.43,140435766,4115231.59
"2025-09-01",19,3,"Lyft",37776,161,37615,223.4,401.6,740,127,0.0197,0.0034,19.44,14.41,31.43,0,0,79,79,176422.22,44065799,1187457.53
"2025-09-01",19,3,"Uber",102993,319,102674,219.4,449.1,4440,1178,0.0432,0.0115,19.49,14.79,34.41,2615,1321,180,180,494742.51,120416160,3543621.51
"2025-09-01",19,4,"Lyft",40955,200,40755,241.2,460.3,1640,298,0.0402,0.0073,20.1,12.82,31.12,0,0,116,116,175922.46,49399372,1274340.83
"2025-09-01",19,4,"Uber",113476,401,113074,228.9,465.3,5372,1484,0.0475,0.0131,21.1,13.59,35.91,3183,1686,196,196,542289.21,143648070,4074707.75
"2025-09-01",19,5,"Lyft",47181,224,46957,257.1,489.1,2284,405,0.0486,0.0086,20.78,12.46,31.6,0,0,149,149,203643.25,58814185,1490777.42
"2025-09-01",19,5,"Uber",126623,409,126213,244.6,489,6841,1917,0.0542,0.0152,21.32,12.95,32.29,3418,1936,210,210,582665.2,161997712,4089023.61
"2025-09-01",19,6,"Lyft",49010,267,48743,284.2,537.1,3261,632,0.0669,0.013,21.17,12.14,31.17,0,0,145,145,209937.33,62258544,1527827.33
"2025-09-01",19,6,"Uber",132062,481,131580,276.3,552.6,10092,2551,0.0767,0.0194,21.76,12.59,32.48,3882,2357,210,210,602851.34,172423509,4289790.94
"2025-09-01",19,7,"Lyft",35652,166,35486,272.9,519.2,2171,474,0.0612,0.0134,21.17,14.32,32.76,0,0,121,121,180185.12,45287193,1167810.11
"2025-09-01",19,7,"Uber",97292,332,96959,283.4,593.4,9360,2915,0.0965,0.0301,21.67,14.8,33.4,3137,1756,202,202,520142.63,126502555,3249467.17
"2025-09-01",20,1,"Lyft",36883,126,36757,232.7,454.4,1581,423,0.043,0.0115,18.65,16.64,31.74,0,0,113,113,190721.26,41273158,1170531.4
"2025-09-01",20,1,"Uber",104909,318,104589,228.3,519.5,7370,2333,0.0705,0.0223,19.16,17.27,35.49,2995,1413,185,185,578625.09,120597999,3722949.67
"2025-09-01",20,2,"Lyft",40200,154,40046,222.2,405.6,976,179,0.0244,0.0045,19.16,16.66,32.98,0,0,102,102,213912.32,46222336,1325979.01
"2025-09-01",20,2,"Uber",113965,321,113644,220.9,469.2,6024,1720,0.053,0.0151,19.58,17.47,38.27,3066,1512,176,176,649650.47,133852851,4361783.87
"2025-09-01",20,3,"Lyft",37363,186,37177,221.8,406.4,968,249,0.026,0.0067,19.72,16.59,33.66,0,0,116,116,203803.73,44211983,1257471.92
"2025-09-01",20,3,"Uber",98694,232,98462,225.1,476.1,5273,1604,0.0536,0.0163,19.87,17.23,38.79,2810,1488,133,133,563241.28,117671106,3828118
"2025-09-01",20,4,"Lyft",39967,179,39788,243.7,469.2,1751,380,0.044,0.0096,19.92,14.91,33.41,0,0,97,97,197812.05,47757380,1335280.08
"2025-09-01",20,4,"Uber",111457,328,111129,234.3,498.4,6660,1952,0.0599,0.0176,20.89,15.82,39.62,3707,2165,186,186,613998.85,139690193,4415554.02
"2025-09-01",20,5,"Lyft",44580,171,44409,234,432.8,1377,261,0.031,0.0059,20.05,13.6,31.95,0,0,105,105,202620.7,53619863,1424214.17
"2025-09-01",20,5,"Uber",118855,261,118594,226,471.3,6091,1766,0.0514,0.0149,20.45,13.84,31.78,4038,2479,186,186,560717.09,145824972,3777729.12
"2025-09-01",20,6,"Lyft",49339,176,49163,275.3,527.8,3205,697,0.0652,0.0142,20.38,12.84,30.89,0,0,125,125,215173.29,60322121,1523948.88
"2025-09-01",20,6,"Uber",133916,357,133559,261.1,526.9,9078,2459,0.068,0.0184,20.68,13.12,30.95,5209,3412,185,185,605654.27,166158875,4144233.44
"2025-09-01",20,7,"Lyft",33794,116,33678,262.6,490.2,1671,279,0.0496,0.0083,19.96,15.4,32.5,0,0,107,107,173194.33,40478753,1098472.7
"2025-09-01",20,7,"Uber",91739,218,91520,258.5,556.3,7562,2421,0.0826,0.0265,20.25,15.75,31.76,3876,2364,155,155,487742.81,111484993,2913754.64
"2025-09-01",21,1,"Lyft",36129,124,36005,240.2,492.5,2211,822,0.0614,0.0228,18.24,17.68,32.16,0,0,106,106,194238.69,39545719,1161862.93
"2025-09-01",21,1,"Uber",100507,302,100204,241.7,556,8313,2786,0.083,0.0278,18.48,18.2,35.49,3318,1754,138,138,563449.6,111450914,3566784.61
"2025-09-01",21,2,"Lyft",41141,145,40996,251.5,504.4,2432,549,0.0593,0.0134,19.18,17.59,34.29,0,0,114,114,231353.13,47357248,1410660.5
"2025-09-01",21,2,"Uber",109426,289,109137,244.4,536.1,8183,2412,0.075,0.0221,19.69,18.58,42.83,3533,1967,169,169,667230.34,129281643,4686716.64
"2025-09-01",21,3,"Lyft",38308,119,38189,248.3,491.5,2009,443,0.0526,0.0116,19.19,17.21,33.23,0,0,61,61,210868.4,44110299,1273097.81
"2025-09-01",21,3,"Uber",97395,269,97126,246,543.1,7471,2207,0.0769,0.0227,19.9,18.4,42.38,3363,1994,115,115,594409.91,116278502,4127187.59
"2025-09-01",21,4,"Lyft",39797,124,39673,243,474.7,1848,346,0.0466,0.0087,20.01,16.39,34.53,0,0,89,89,217524.02,47788913,1374383.82
"2025-09-01",21,4,"Uber",103034,276,102758,235,515,6818,1905,0.0664,0.0185,20.77,17.26,41.62,3714,2358,136,136,615551.73,128417515,4287851.14
"2025-09-01",21,5,"Lyft",44988,156,44832,221.8,417.7,1312,266,0.0293,0.0059,20.19,14.47,32.2,0,0,109,109,219129.49,54510598,1448783.18
"2025-09-01",21,5,"Uber",113387,249,113138,212.5,450.7,5368,1399,0.0474,0.0124,20.44,14.74,32.37,4414,2766,154,154,569336.12,139066973,3670680.12
"2025-09-01",21,6,"Lyft",50427,152,50275,267.7,507.2,2810,528,0.0559,0.0105,20.08,13.66,30.95,0,0,114,114,230659.74,60767443,1560825.37
"2025-09-01",21,6,"Uber",134383,342,134041,254.3,515.5,8460,2280,0.0631,0.017,20.38,13.87,30.77,5626,3946,150,150,632829.23,164300432,4135114.06
"2025-09-01",21,7,"Lyft",32927,99,32828,252,495.9,1954,466,0.0595,0.0142,19.08,16.97,32.5,0,0,83,83,177651.25,37685578,1069963.38
"2025-09-01",21,7,"Uber",86208,230,85978,238.2,532.9,6491,2069,0.0755,0.0241,19.08,17.12,31.27,3844,2522,110,110,469378.26,98696435,2695482.78
"2025-09-01",22,1,"Lyft",34038,91,33947,245.5,535.7,2677,1064,0.0789,0.0313,18.45,18.13,32.31,0,0,52,52,189768.72,37680883,1099672.57
"2025-09-01",22,1,"Uber",93011,307,92704,258.9,588.4,8778,2994,0.0947,0.0323,18.38,18.59,33.62,4165,2507,119,119,529598.54,102551121,3127443.82
"2025-09-01",22,2,"Lyft",39671,120,39551,259.1,525.3,2744,763,0.0694,0.0193,18.97,17.51,33.44,0,0,85,85,219571.71,45151880,1326457.02
"2025-09-01",22,2,"Uber",102696,238,102458,247.9,556.8,8530,2536,0.0833,0.0248,19.16,18.38,38.29,4066,2533,154,154,602761.89,118051552,3932107.69
"2025-09-01",22,3,"Lyft",36466,110,36356,264.6,549.8,2919,819,0.0803,0.0225,19.22,17.02,32.71,0,0,72,72,198861.86,42050629,1192917.33
"2025-09-01",22,3,"Uber",92459,232,92227,257.4,572.6,8195,2434,0.0889,0.0264,19.68,18.09,41.58,3823,2445,104,104,548871.97,109201290,3844228.58
"2025-09-01",22,4,"Lyft",40297,123,40174,263.1,533.8,2811,688,0.07,0.0171,20.08,16.5,34.5,0,0,72,72,222517.78,48553864,1390340.76
"2025-09-01",22,4,"Uber",100076,229,99847,265,578.3,9051,2502,0.0906,0.0251,20.62,17.42,40.93,4422,2977,103,103,599230.51,123825708,4095668.74
"2025-09-01",22,5,"Lyft",47970,123,47847,249.2,506.9,2891,727,0.0604,0.0152,21.09,14.92,34.18,0,0,96,96,251551.14,60699479,1639587.99
"2025-09-01",22,5,"Uber",124757,299,124458,238.4,514.6,8497,2650,0.0683,0.0213,20.86,15.11,33.44,5619,3934,138,138,655341.02,156126906,4172270.01
"2025-09-01",22,6,"Lyft",51202,171,51031,290.8,566.5,4281,1026,0.0839,0.0201,20.76,14.18,33.12,0,0,102,102,251274.65,63782855,1695976.29
"2025-09-01",22,6,"Uber",135245,391,134854,286.3,578.7,12147,3347,0.0901,0.0248,21.02,14.57,34,6630,4892,153,153,690181.66,170543265,4597983.7
"2025-09-01",22,7,"Lyft",32373,104,32269,270.6,614.5,3381,1273,0.1048,0.0394,19.02,18.4,32.88,0,0,74,74,188901.28,36949472,1064406.6
"2025-09-01",22,7,"Uber",81475,238,81237,273.7,626.6,8998,3308,0.1108,0.0407,18.52,18.4,31.03,4438,3026,78,78,462683.99,90538935,2528314.27
"2025-09-01",23,1,"Lyft",28196,100,28096,248.7,545.9,2263,692,0.0805,0.0246,17.84,18.92,31.26,0,0,70,70,158638.93,30182888,881494.77
"2025-09-01",23,1,"Uber",75368,165,75203,243.8,568.5,6568,1980,0.0873,0.0263,17.68,19.04,30.94,4686,3029,76,76,422848.85,79956569,2331733.01
"2025-09-01",23,2,"Lyft",31863,99,31764,230.7,447,1361,268,0.0428,0.0084,17.87,18.28,31.4,0,0,71,71,173545.23,34172187,1000576.85
"2025-09-01",23,2,"Uber",79044,144,78900,236.4,506.2,5115,1430,0.0648,0.0181,17.97,18.91,33.35,4371,2818,89,89,447642.66,85211002,2636486.62
"2025-09-01",23,3,"Lyft",30435,75,30360,241.8,476.9,1647,439,0.0542,0.0145,18.79,17.75,32.02,0,0,49,49,169174.74,34307142,974536.61
"2025-09-01",23,3,"Uber",73419,150,73269,233.5,521.9,5233,1512,0.0714,0.0206,18.86,18.38,35.75,4242,2887,60,60,424297.48,83088415,2624811.64
"2025-09-01",23,4,"Lyft",35855,85,35770,265.2,571.2,3181,963,0.0889,0.0269,19.48,17.17,33.79,0,0,52,52,199851.64,41905256,1211635.15
"2025-09-01",23,4,"Uber",88565,153,88412,254.8,558.9,7394,2217,0.0836,0.0251,19.9,17.65,37.94,5074,3600,66,66,518340,105747678,3360193.53
"2025-09-01",23,5,"Lyft",47465,119,47346,269.7,526.3,3123,639,0.066,0.0135,19.91,15.24,33.22,0,0,77,77,240053.93,56708676,1576808.32
"2025-09-01",23,5,"Uber",119687,237,119450,272.9,560.6,9874,2712,0.0827,0.0227,20.12,15.51,34.09,6355,4707,85,85,622437.96,144501113,4079804.21
"2025-09-01",23,6,"Lyft",48640,123,48517,310,595.2,4719,1054,0.0973,0.0217,19.71,14.46,33.13,0,0,63,63,231073.99,57521546,1611627.33
"2025-09-01",23,6,"Uber",130473,277,130196,322,655.1,16499,4668,0.1267,0.0359,20.81,15.23,37.78,7142,5334,96,96,689274.41,162877428,4929147.36
"2025-09-01",23,7,"Lyft",28354,83,28271,267.7,603,2862,878,0.1012,0.0311,18.18,19.61,32.11,0,0,55,55,168448.55,30923757,910579.56
"2025-09-01",23,7,"Uber",66687,151,66536,255.7,610.5,6896,2162,0.1036,0.0325,17.64,19.49,29.88,4532,3131,51,51,382319.07,70600826,1992415.57
"2025-10-01",0,1,"Lyft",22375,53,22322,256,616.8,2367,928,0.106,0.0416,17.23,20.39,28.56,0,0,41,41,131020.71,23133868,639045.88
"2025-10-01",0,1,"Uber",46766,55,46711,265.8,676.8,6248,1888,0.1338,0.0404,16.83,20.42,28.84,2839,1908,35,35,267917.49,47224311,1348763.29
"2025-10-01",0,2,"Lyft",16937,30,16907,249,619.6,1800,579,0.1065,0.0342,17.35,20.61,30.22,0,0,31,31,100931.32,17632235,511814.17
"2025-10-01",0,2,"Uber",40221,28,40192,229.8,608.8,4140,1260,0.103,0.0313,17.05,20.26,30.69,2166,1310,28,28,231519.22,41139122,1234524.59
"2025-10-01",0,3,"Lyft",22465,34,22431,220.2,458.4,1208,340,0.0539,0.0152,17.09,19.18,29.27,0,0,36,36,122671.28,23029567,657640.74
"2025-10-01",0,3,"Uber",57877,59,57818,224,543.4,4597,1274,0.0795,0.022,17.28,19.33,30.81,3016,1826,50,50,322325.51,60017264,1783476.48
"2025-10-01",0,4,"Lyft",25978,40,25938,212.7,398.9,777,116,0.03,0.0045,17.15,18.3,28.36,0,0,35,35,135905.14,26732716,736696.89
"2025-10-01",0,4,"Uber",65375,51,65324,214.4,525.1,4692,1023,0.0718,0.0157,17.91,18.83,31.1,3556,2367,51,51,367430.77,70249946,2032916.54
"2025-10-01",0,5,"Lyft",35079,59,35020,238.7,504.1,2421,843,0.0691,0.0241,18.62,17.8,30.98,0,0,45,45,193704.83,39181256,1086804.06
"2025-10-01",0,5,"Uber",83238,67,83171,233.9,552.5,6834,1816,0.0822,0.0218,19.06,17.9,33.23,4666,3232,50,50,473382.61,95184784,2765847.31
"2025-10-01",0,6,"Lyft",47228,72,47156,274.1,572.3,4084,1035,0.0866,0.0219,18.3,15.64,28.95,0,0,55,55,225327.61,51853611,1367303.4
"2025-10-01",0,6,"Uber",105652,103,105548,260.2,565.6,8924,1937,0.0845,0.0184,18.74,16.35,30.39,5705,4169,55,55,539715.33,118810388,3210526.93
"2025-10-01",0,7,"Lyft",51319,86,51233,295.3,600.3,5119,1141,0.0999,0.0223,18.22,15.67,29.56,0,0,76,76,244213.93,56117131,1517164.22
"2025-10-01",0,7,"Uber",117155,117,117038,282.9,600.2,11696,2847,0.0999,0.0243,18.65,16.61,30.9,6277,4743,83,83,604900.17,131111035,3620330.85
"2025-10-01",1,1,"Lyft",13110,40,13070,238.6,506.4,905,346,0.0692,0.0265,16,20.13,25.99,0,0,32,32,70391.34,12588063,340752.41
"2025-10-01",1,1,"Uber",27319,39,27279,254,605.7,2795,712,0.1025,0.0261,15.84,20.42,26.27,1719,1035,20,20,147294.86,25966602,717558.67
"2025-10-01",1,2,"Lyft",9075,26,9049,229.1,489.6,575,221,0.0635,0.0244,16.08,20.74,28.07,0,0,21,21,50439.63,8756931,254739.25
"2025-10-01",1,2,"Uber",22532,38,22493,222.3,529.4,1641,397,0.073,0.0176,15.72,20.6,28.26,1179,616,26,26,121614.56,21253718,636806.45
"2025-10-01",1,3,"Lyft",12915,34,12881,211,384.1,256,57,0.0199,0.0044,15.27,19.29,25.89,0,0,31,31,63419.64,11834307,334408.9
"2025-10-01",1,3,"Uber",32490,36,32454,215.1,487.9,1923,493,0.0593,0.0152,15.66,19.65,27.36,1704,974,26,26,166601.02,30518590,888970.99
"2025-10-01",1,4,"Lyft",15448,32,15416,204.5,371.5,270,57,0.0175,0.0037,15.74,18.9,26.41,0,0,25,25,76620.84,14592423,408039.88
"2025-10-01",1,4,"Uber",36874,45,36829,220.3,483.2,1998,432,0.0543,0.0117,16.07,19.28,28.2,1972,1224,28,28,190401.81,35549264,1039782.06
"2025-10-01",1,5,"Lyft",22698,61,22637,218,464.2,1383,669,0.0611,0.0296,16.91,19.03,29.85,0,0,48,48,121731.88,23026968,677637.9
"2025-10-01",1,5,"Uber",53544,64,53480,218.7,512,3652,946,0.0683,0.0177,16.96,18.99,31.15,2895,1972,36,36,287437.66,54477723,1668145.73
"2025-10-01",1,6,"Lyft",38491,62,38429,252.7,512.3,2373,491,0.0618,0.0128,17.37,16.55,27.16,0,0,52,52,184452.86,40115278,1045486.41
"2025-10-01",1,6,"Uber",79787,68,79719,237.1,507,4850,1061,0.0608,0.0133,17.49,17.08,28.27,4505,3447,46,46,397336.43,83731295,2255230.36
"2025-10-01",1,7,"Lyft",43603,104,43499,280.1,581.5,3940,897,0.0906,0.0206,17.62,16.75,28.06,0,0,78,78,214560.73,46109734,1223300.98
"2025-10-01",1,7,"Uber",93212,94,93118,262.2,552.7,7299,1605,0.0784,0.0172,17.84,17.51,29.35,5178,3999,65,65,485310.31,99789898,2736129.45
"2025-10-01",2,1,"Lyft",8641,71,8570,236.3,460.9,343,73,0.04,0.0085,15.89,20.34,25.73,0,0,17,17,46535.36,8235867,222370.13
"2025-10-01",2,1,"Uber",17955,113,17842,267.5,610.6,1845,418,0.1034,0.0234,15.57,20.98,26.24,1033,534,13,13,97728.83,16773014,471141.43
"2025-10-01",2,2,"Lyft",6163,60,6103,236.7,463.5,264,31,0.0433,0.0051,15.44,21.05,26.9,0,0,13,13,33371.88,5707904,165788.21
"2025-10-01",2,2,"Uber",14738,65,14673,241.6,548.2,1137,241,0.0775,0.0164,15.51,21.22,27.5,751,330,9,9,80840.42,13714640,405317.78
"2025-10-01",2,3,"Lyft",8385,78,8307,222.1,401.7,184,29,0.0221,0.0035,15.24,19.71,25.68,0,0,26,26,41974.45,7667569,215348.25
"2025-10-01",2,3,"Uber",21481,78,21403,230.5,536.1,1583,392,0.074,0.0183,15.45,20.49,26.94,1102,534,10,10,113324.3,19908473,578728.47
"2025-10-01",2,4,"Lyft",9957,69,9888,210.1,379.4,189,33,0.0191,0.0033,15.37,19.51,25.94,0,0,21,21,49769.8,9182040,258259.45
"2025-10-01",2,4,"Uber",24068,123,23945,221.8,504.9,1515,332,0.0633,0.0139,15.67,20.18,27.49,1221,679,10,10,126873.63,22630043,661575.44
"2025-10-01",2,5,"Lyft",15830,88,15742,227.5,499.8,1068,506,0.0678,0.0321,16.64,20.14,30.78,0,0,19,19,88415.17,15804662,487239.65
"2025-10-01",2,5,"Uber",36530,148,36382,239,576,3319,1167,0.0912,0.0321,16.66,20.24,31.2,2161,1398,19,19,205327.9,36523705,1139800.49
"2025-10-01",2,6,"Lyft",29809,80,29729,253.1,499.3,1553,302,0.0522,0.0102,17.19,17.73,27.36,0,0,37,37,151395.54,30737835,815561.13
"2025-10-01",2,6,"Uber",61315,107,61208,252.3,545.6,4651,1014,0.076,0.0166,17.27,18.18,28.32,3686,2811,25,25,321011.04,63550362,1736196.89
"2025-10-01",2,7,"Lyft",34950,114,34836,280.6,568.1,2895,546,0.0831,0.0157,17.5,17.98,28.49,0,0,49,49,183279.71,36693194,995864.68
"2025-10-01",2,7,"Uber",71696,146,71550,270.8,572.6,6195,1405,0.0866,0.0196,17.68,18.67,29.98,4236,3265,40,40,394353.68,76038103,2149699.63
"2025-10-01",3,1,"Lyft",6238,403,5835,259.3,475.6,247,50,0.0423,0.0086,18.06,21.32,32.08,0,0,14,14,40032.94,6758960,200099.3
"2025-10-01",3,1,"Uber",17255,700,16555,296.2,641.1,1958,484,0.1183,0.0292,16.62,23.37,31.63,879,424,11,11,111697.21,17207954,545703.82
"2025-10-01",3,2,"Lyft",5556,294,5262,247.4,449.2,153,30,0.0291,0.0057,16.97,22.49,30.52,0,0,15,15,35337.26,5656571,169582.26
"2025-10-01",3,2,"Uber",13427,445,12982,268.5,587.6,1222,258,0.0941,0.0199,16.15,22.99,29.98,604,262,7,7,83065.1,13008732,402597.05
"2025-10-01",3,3,"Lyft",7613,318,7295,241.9,424.7,189,23,0.0259,0.0032,16.77,21.78,30.21,0,0,10,10,46353.88,7661575,229985.22
"2025-10-01",3,3,"Uber",18388,571,17817,248.2,542.4,1424,369,0.0799,0.0207,16.2,22.6,30.36,845,355,10,10,112188.49,17871039,558239.73
"2025-10-01",3,4,"Lyft",9048,395,8653,234.1,417.8,196,40,0.0227,0.0046,16.95,22.02,30.64,0,0,15,15,56269.19,9201186,277245.87
"2025-10-01",3,4,"Uber",21036,738,20298,245.4,525.1,1450,303,0.0714,0.0149,16.61,22.48,31.21,1037,505,9,9,130907.61,20960939,656565.72
"2025-10-01",3,5,"Lyft",12766,469,12297,241.9,459.5,585,262,0.0476,0.0213,17.29,21.76,31.78,0,0,12,12,80061.79,13245996,405651.25
"2025-10-01",3,5,"Uber",30825,1011,29814,268.9,606.6,3041,996,0.102,0.0334,17.27,22.27,33.4,1702,1048,12,12,197551.09,31937331,1029563.35
"2025-10-01",3,6,"Lyft",22141,249,21892,252.1,504.3,1282,280,0.0586,0.0128,17.63,19.15,30.18,0,0,28,28,124568.62,23415588,668235.59
"2025-10-01",3,6,"Uber",47753,504,47249,263.1,574.5,4185,974,0.0886,0.0206,17.78,19.57,30.13,3245,2436,21,21,276861.72,50931341,1438938.87
"2025-10-01",3,7,"Lyft",26157,440,25717,275.6,547.3,1912,434,0.0743,0.0169,17.75,19.29,31.06,0,0,44,44,149211.65,27851128,812465.62
"2025-10-01",3,7,"Uber",56337,809,55528,284.7,595.7,5424,1232,0.0977,0.0222,18.06,20.13,31.99,3865,2923,27,27,341270.68,61036221,1801943.42
"2025-10-01",4,1,"Lyft",8820,1004,7816,348,683.9,1136,269,0.1453,0.0344,18.15,23.7,38.29,0,0,17,17,63213.89,9603441,337697.67
"2025-10-01",4,1,"Uber",24593,1573,23020,347.8,732.8,3811,1182,0.1656,0.0513,18.67,25.37,43.47,1153,630,7,7,194136.97,27549767,1069157.16
"2025-10-01",4,2,"Lyft",9211,927,8284,268.1,485.2,343,63,0.0414,0.0076,17.48,23.71,33.61,0,0,16,16,63604.59,9658738,309615.11
"2025-10-01",4,2,"Uber",19987,1195,18792,262.8,544.4,1440,303,0.0766,0.0161,17.9,24.95,38.06,785,355,12,12,148801.23,21467698,760657.15
"2025-10-01",4,3,"Lyft",12314,1148,11166,261.8,465.8,384,57,0.0344,0.0051,17.44,23.42,33.76,0,0,22,22,83832.11,12888644,415721.75
"2025-10-01",4,3,"Uber",26066,1556,24510,268.5,554.9,2018,492,0.0823,0.0201,17.81,24.82,38.35,1041,483,13,13,191973.83,27849455,999666.95
"2025-10-01",4,4,"Lyft",14257,1481,12776,271.2,483.4,540,76,0.0423,0.0059,18.22,23.53,35.57,0,0,25,25,101877.15,15588991,507073.61
"2025-10-01",4,4,"Uber",29486,1864,27622,270.1,556.7,2285,515,0.0827,0.0186,18.51,24.68,39.78,1137,572,13,13,224562,32755869,1172968.92
"2025-10-01",4,5,"Lyft",17207,1694,15513,288,504,740,132,0.0477,0.0085,18.15,23.17,35.56,0,0,12,12,120579.62,18734999,611876.62
"2025-10-01",4,5,"Uber",35817,2184,33633,296.6,616.6,3586,928,0.1066,0.0276,18.75,24.47,40.44,1821,1080,19,19,273855.95,40288123,1448510.42
"2025-10-01",4,6,"Lyft",19294,682,18612,266.7,525.2,1262,284,0.0678,0.0153,18.21,20.65,32.27,0,0,35,35,120903.16,21080211,622529.61
"2025-10-01",4,6,"Uber",38680,977,37703,294.8,613.4,4015,1019,0.1065,0.027,18.68,21.25,34.07,2636,1847,18,18,255883.94,43347319,1317992.18
"2025-10-01",4,7,"Lyft",22477,1031,21446,298.7,602.7,2172,520,0.1013,0.0242,17.9,20.94,33.88,0,0,31,31,140405.13,24141475,761519.97
"2025-10-01",4,7,"Uber",45341,1429,43912,329.3,676.5,6111,1556,0.1392,0.0354,18.51,22.04,36.43,3094,2212,21,21,308241.07,50347708,1651962.65
"2025-10-01",5,1,"Lyft",13441,1075,12366,347.1,716.5,2072,597,0.1676,0.0483,19.75,22.06,38.32,0,0,21,21,97601.99,15925225,515016.49
"2025-10-01",5,1,"Uber",36239,1640,34599,315.9,636,4072,1053,0.1177,0.0304,19.96,22.93,42.82,1547,970,26,26,276393.4,43396596,1551595.01
"2025-10-01",5,2,"Lyft",13899,1108,12791,252,443.1,343,51,0.0268,0.004,19.06,21.84,34.43,0,0,31,31,96430.4,15894715,478473.76
"2025-10-01",5,2,"Uber",33533,1363,32170,245,478.4,1724,337,0.0536,0.0105,18.67,22.71,37.37,1261,718,22,22,236958.09,37570342,1253024.97
"2025-10-01",5,3,"Lyft",17891,1327,16564,252.6,445.6,497,64,0.03,0.0039,18.93,21.88,34.8,0,0,31,31,123472.08,20318244,622562.14
"2025-10-01",5,3,"Uber",42767,1800,40967,243.8,487,2293,529,0.056,0.0129,18.46,22.74,37.63,1622,937,37,37,299215.36,47372917,1609475.28
"2025-10-01",5,4,"Lyft",19800,1517,18283,271.5,486.6,823,107,0.045,0.0059,19.53,21.84,36.15,0,0,30,30,140819.8,23207082,715677.28
"2025-10-01",5,4,"Uber",45168,2033,43135,260.7,519.2,2846,624,0.066,0.0145,19.31,22.64,39.39,1807,1081,20,20,329028.3,52323902,1778952.5
"2025-10-01",5,5,"Lyft",20725,1614,19111,295,531.5,1165,159,0.061,0.0083,19.77,21.99,37.68,0,0,36,36,150133.18,24583995,781005.57
"2025-10-01",5,5,"Uber",47359,2243,45116,292.8,585.9,4203,973,0.0932,0.0216,20.08,22.8,41.4,2131,1375,34,34,361313.91,57060353,1960666.38
"2025-10-01",5,6,"Lyft",15638,873,14765,265.9,494.4,795,182,0.0538,0.0123,19.28,21.83,34.76,0,0,32,32,109711.51,18092420,543586.79
"2025-10-01",5,6,"Uber",33667,1036,32631,263.2,553,2632,637,0.0807,0.0195,19.4,22.31,36.56,2114,1394,18,18,242865.74,39188511,1231021.67
"2025-10-01",5,7,"Lyft",16616,1105,15511,278.8,537.3,1131,327,0.0729,0.0211,18.97,22.26,35.77,0,0,26,26,116960.51,18917118,594351.61
"2025-10-01",5,7,"Uber",35694,1299,34395,279,584.1,3224,828,0.0937,0.0241,19.19,23.05,38.68,2195,1435,13,13,263162.37,41095085,1380602.06
"2025-10-01",6,1,"Lyft",23259,1160,22099,338,681.5,3272,846,0.1481,0.0383,19.99,18.52,34.63,0,0,25,25,143481.43,27890300,805396.9
"2025-10-01",6,1,"Uber",56616,1605,55011,313.5,629.4,6344,1563,0.1153,0.0284,20.33,19.31,38.19,2274,1510,45,45,370431.94,69044066,2162036.73
"2025-10-01",6,2,"Lyft",24346,986,23360,271.1,518.9,1421,256,0.0608,0.011,20.42,17.38,32.16,0,0,25,25,144066.6,29833217,782947.13
"2025-10-01",6,2,"Uber",59484,1494,57990,257,520,3717,748,0.0641,0.0129,19.74,18.17,34.27,2073,1353,50,50,355505.6,70439320,2038737.48
"2025-10-01",6,3,"Lyft",31335,1299,30036,269.7,502.6,1537,252,0.0512,0.0084,20.11,17.36,32.41,0,0,47,47,182330.5,37803392,1015506.32
"2025-10-01",6,3,"Uber",76042,1938,74104,257.9,519,4715,1075,0.0636,0.0145,19.58,18.08,34.31,2866,1856,57,57,448555.98,89316074,2608856.51
"2025-10-01",6,4,"Lyft",32879,1355,31524,287,553.9,2366,438,0.0751,0.0139,20.17,17.61,33.87,0,0,30,30,194545.34,39780642,1113560.14
"2025-10-01",6,4,"Uber",77763,2153,75610,291.6,579,6746,1545,0.0892,0.0204,20.01,18.21,35.97,2940,1950,41,41,472188.14,93372866,2797293.44
"2025-10-01",6,5,"Lyft",31706,1237,30469,314.9,592.1,2908,497,0.0954,0.0163,20.29,17.94,34.69,0,0,45,45,192332.36,38605000,1099902.77
"2025-10-01",6,5,"Uber",77340,2175,75164,307.6,611.5,7946,1915,0.1057,0.0255,20.8,18.82,37.6,3397,2341,49,49,504526.55,96515144,2907972.83
"2025-10-01",6,6,"Lyft",19061,820,18241,280.8,524.4,1107,172,0.0607,0.0094,18.72,21.85,33.25,0,0,19,19,129943.12,21407393,633806.96
"2025-10-01",6,6,"Uber",43387,911,42476,276.3,565.1,3557,833,0.0837,0.0196,18.7,22.27,33.93,2589,1753,16,16,301244.76,48686756,1472151.23
"2025-10-01",6,7,"Lyft",17481,864,16617,299.5,564.7,1348,234,0.0811,0.0141,18.22,22.3,33.91,0,0,30,30,118342.79,19106885,592718.66
"2025-10-01",6,7,"Uber",40286,1023,39262,300.9,622.7,4356,1146,0.1109,0.0292,18.51,23.33,35.72,2776,1942,14,14,289890.11,44739481,1439029.49
"2025-10-01",7,1,"Lyft",35075,1645,33430,296.3,588.9,3112,654,0.0931,0.0196,20.33,14.73,31.35,0,0,85,85,175021.14,42789053,1099676.28
"2025-10-01",7,1,"Uber",86671,2099,84572,297.8,596.9,8313,1888,0.0983,0.0223,19.89,15.57,33.71,3044,1876,99,99,447199.57,103410405,2921739.06
"2025-10-01",7,2,"Lyft",39562,1605,37957,304.4,612.6,4086,847,0.1076,0.0223,21.44,13,29.92,0,0,73,73,183761.03,50884290,1183853
"2025-10-01",7,2,"Uber",99052,1965,97087,292.7,588.5,9031,1932,0.093,0.0199,20.42,13.77,32.08,2902,1741,155,155,464263.84,121338549,3177945.7
"2025-10-01",7,3,"Lyft",50619,2277,48342,318,627.2,5563,1098,0.1151,0.0227,21.13,12.63,30.91,0,0,120,120,225182.36,64173647,1564623.44
"2025-10-01",7,3,"Uber",128436,2809,125627,300.6,597.8,12372,2908,0.0985,0.0231,20.44,13.46,33.62,3877,2311,159,159,588884.03,157492497,4318285.57
"2025-10-01",7,4,"Lyft",48405,2111,46294,311.2,626.1,5346,1045,0.1155,0.0226,21.15,13.22,32.19,0,0,110,110,225626.47,61420128,1558182.18
"2025-10-01",7,4,"Uber",126184,2701,123483,301.9,609.8,12975,3110,0.1051,0.0252,20.52,13.91,34.24,3851,2345,146,146,600218.81,155343620,4320878.56
"2025-10-01",7,5,"Lyft",50300,2039,48261,332.5,644.7,6146,1234,0.1273,0.0256,20.94,13.61,31.88,0,0,110,110,238901.6,63182197,1603624.35
"2025-10-01",7,5,"Uber",124442,2600,121842,331.3,646.5,15566,3674,0.1278,0.0302,20.95,14.52,34.28,4341,2726,132,132,630934.29,156412252,4265561.66
"2025-10-01",7,6,"Lyft",24063,752,23311,235.5,421.1,568,99,0.0244,0.0042,18.39,20.38,30.94,0,0,39,39,150262.84,26545754,744551.67
"2025-10-01",7,6,"Uber",56584,939,55645,230.2,471.2,2872,603,0.0516,0.0108,18.2,20.86,31.29,2937,1934,60,60,358007.2,61788764,1770414.92
"2025-10-01",7,7,"Lyft",20923,757,20166,246.8,443.8,636,86,0.0315,0.0043,17.42,21.91,31.12,0,0,40,40,133079.13,21869669,651077.76
"2025-10-01",7,7,"Uber",49938,995,48943,242,501.8,3001,689,0.0613,0.0141,17.68,22.69,32.67,3127,2135,41,41,333918.67,52984218,1631226.43
"2025-10-01",8,1,"Lyft",39146,1647,37499,258.9,505,2086,390,0.0556,0.0104,20.32,13.6,30.03,0,0,109,109,180390.33,47736093,1175540.59
"2025-10-01",8,1,"Uber",109933,2065,107868,257.4,532.1,7350,1596,0.0681,0.0148,19.37,14.21,30.53,3074,1769,247,247,504230.98,127747405,3355802.75
"2025-10-01",8,2,"Lyft",44209,1618,42591,278.9,581.6,3852,936,0.0904,0.022,21.53,11.78,29.98,0,0,127,127,186943.59,57121197,1325574.77
"2025-10-01",8,2,"Uber",122536,2004,120532,256,530.1,8180,1749,0.0679,0.0145,20.43,12.35,31.46,3093,1620,301,301,515164.76,150204964,3854374.09
"2025-10-01",8,3,"Lyft",57710,2241,55469,290.1,599,5501,1247,0.0992,0.0225,21.14,11.52,30.82,0,0,186,186,234324.77,73212873,1778724.67
"2025-10-01",8,3,"Uber",158246,2811,155435,269,555.2,12121,2829,0.078,0.0182,20.28,12.25,32.83,4308,2450,353,353,655199.28,192542457,5194920.85
"2025-10-01",8,4,"Lyft",57607,2158,55449,281.8,594.5,5391,1198,0.0972,0.0216,21.12,11.88,30.82,0,0,125,125,240897.26,72991614,1775224.11
"2025-10-01",8,4,"Uber",155138,2744,152394,259.8,542.7,11092,2462,0.0728,0.0162,20.3,12.58,32.87,3979,2259,350,350,660238.53,188972418,5099943.7
"2025-10-01",8,5,"Lyft",57497,1957,55540,272,530.6,3628,685,0.0653,0.0123,20.83,12.89,30.01,0,0,155,155,257247.7,71862671,1725553.86
"2025-10-01",8,5,"Uber",149980,2604,147376,264.4,555.8,11598,2557,0.0787,0.0174,20.12,13.41,30.68,4344,2508,341,341,674682.89,181063544,4601808.63
"2025-10-01",8,6,"Lyft",29865,718,29147,230.8,405.4,572,67,0.0196,0.0023,18.44,18.4,29.65,0,0,96,96,168888.39,33046201,885456.7
"2025-10-01",8,6,"Uber",72097,867,71230,223.5,450.7,3012,594,0.0423,0.0083,18.01,18.68,29.88,2957,1866,122,122,404357.19,77913605,2153903.07
"2025-10-01",8,7,"Lyft",23954,661,23293,224.3,388,367,62,0.0158,0.0027,17.55,20.61,30.52,0,0,60,60,144443.92,25229202,731013.46
"2025-10-01",8,7,"Uber",60098,931,59167,221.1,446.4,2500,459,0.0423,0.0078,17.46,21.23,31.69,2491,1499,104,104,371371.07,62963974,1904527.19
"2025-10-01",9,1,"Lyft",32764,1395,31369,216.9,406,829,164,0.0264,0.0052,19.76,14.18,30.09,0,0,147,147,153035.22,38851552,985879.3
"2025-10-01",9,1,"Uber",95763,1785,93978,216.8,457.3,4154,799,0.0442,0.0085,19.22,14.8,30.85,2139,1004,428,428,454027.79,110455226,2954009.06
"2025-10-01",9,2,"Lyft",35551,1447,34104,216.9,414.6,1059,255,0.0311,0.0075,21.15,12.43,30.59,0,0,161,161,155770.7,45105426,1087578.83
"2025-10-01",9,2,"Uber",99692,1891,97801,208.1,426.9,3352,636,0.0343,0.0065,20.53,13.02,32.09,2125,998,465,465,444105.44,122772931,3199349.6
"2025-10-01",9,3,"Lyft",45962,1930,44032,219.8,417.3,1431,312,0.0325,0.0071,20.92,12.27,30.68,0,0,228,228,196592.45,57697993,1410156.53
"2025-10-01",9,3,"Uber",130521,2590,127931,224.8,462.6,5500,1089,0.043,0.0085,20.53,13.11,32.49,2925,1417,550,550,585333.91,160757412,4240410.15
"2025-10-01",9,4,"Lyft",50441,1952,48489,231,483.9,2638,704,0.0544,0.0145,21.09,12.29,30.87,0,0,196,196,217944.45,63836603,1557154.14
"2025-10-01",9,4,"Uber",136225,2425,133800,217,452.7,5454,1109,0.0408,0.0083,20.65,12.85,32.79,3016,1436,521,521,602309.83,168798954,4466512.73
"2025-10-01",9,5,"Lyft",46926,1740,45186,212.4,384,767,138,0.017,0.0031,20.77,13.65,31,0,0,212,212,221632.09,58470027,1454912.8
"2025-10-01",9,5,"Uber",126987,2338,124649,208.2,431.1,4640,934,0.0372,0.0075,20.31,14.14,31.75,3049,1485,574,574,607991.44,154758668,4031684.18
"2025-10-01",9,6,"Lyft",34354,584,33770,229.5,409.6,768,117,0.0227,0.0035,18.79,16.14,28.76,0,0,116,116,173647.15,38723231,988147.08
"2025-10-01",9,6,"Uber",86744,826,85918,237.1,478.2,4101,872,0.0477,0.0101,18.45,16.54,29.22,2551,1515,134,134,441043.85,96005254,2534731.98
"2025-10-01",9,7,"Lyft",29040,495,28545,227,395.5,519,72,0.0182,0.0025,17.37,18.75,29.58,0,0,75,75,157607.65,30257023,859067.26
"2025-10-01",9,7,"Uber",75526,808,74718,237.7,475.2,3517,744,0.0471,0.01,17.27,19.36,30.46,2223,1310,149,149,420756.36,78244957,2300250.2
"2025-10-01",10,1,"Lyft",29111,1155,27956,203.7,376.2,548,118,0.0196,0.0042,20.47,14.67,31.6,0,0,179,179,145741.94,35753358,919933.92
"2025-10-01",10,1,"Uber",79790,1460,78330,204.5,449.4,3312,653,0.0423,0.0083,19.69,15.11,33.26,1270,418,488,488,395650.27,94283247,2653780.35
"2025-10-01",10,2,"Lyft",29817,1080,28737,196.1,358.2,409,82,0.0142,0.0029,21.49,13.06,31.05,0,0,186,186,139476.11,38447108,925676.01
"2025-10-01",10,2,"Uber",79993,1435,78558,194.2,417.3,2602,537,0.0331,0.0068,21.02,13.51,33.95,1404,521,514,514,378645.48,100887437,2715534.98
"2025-10-01",10,3,"Lyft",39188,1471,37717,199.6,364,611,120,0.0162,0.0032,21.52,12.98,31.55,0,0,243,243,182444.09,50603066,1236186.85
"2025-10-01",10,3,"Uber",103638,1880,101758,193.5,401.6,3058,685,0.0301,0.0067,21.21,13.56,34.87,1742,611,693,693,496589.63,131865167,3613943.12
"2025-10-01",10,4,"Lyft",43151,1475,41676,203.7,378.4,820,195,0.0197,0.0047,21.88,12.85,31.66,0,0,251,251,202183.7,56648410,1366247.19
"2025-10-01",10,4,"Uber",108768,1855,106913,203,438.4,3997,837,0.0374,0.0078,21.59,13.27,34.95,1819,696,627,627,519142.73,140873243,3801918.27
"2025-10-01",10,5,"Lyft",42278,1424,40854,201.6,369,649,123,0.0159,0.003,21.62,13.64,32.03,0,0,271,271,207768.83,54838812,1354234.89
"2025-10-01",10,5,"Uber",108867,1748,107119,198.2,418.5,3819,790,0.0357,0.0074,21.2,14.19,34.02,2073,891,614,614,545741.32,138457621,3703518.93
"2025-10-01",10,6,"Lyft",36982,450,36532,233.5,442,1302,264,0.0356,0.0072,19.62,14.5,29.23,0,0,122,122,175307.98,43537549,1080920.43
"2025-10-01",10,6,"Uber",96282,756,95526,225.6,466.5,4465,971,0.0467,0.0102,19.32,14.95,29.79,2322,1293,237,237,463640.69,111616000,2867949.33
"2025-10-01",10,7,"Lyft",33384,394,32990,232.2,406.2,670,103,0.0203,0.0031,17.79,16.92,29.01,0,0,97,97,167524.31,35635675,968511.52
"2025-10-01",10,7,"Uber",89376,719,88657,230.8,465.6,4243,876,0.0479,0.0099,17.72,17.57,30.08,2077,1123,202,202,463719.05,95024330,2688448.8
"2025-10-01",11,1,"Lyft",27376,838,26538,206.2,379.6,512,100,0.0193,0.0038,20.38,14.71,31.62,0,0,155,154,136839.44,33482439,865765.29
"2025-10-01",11,1,"Uber",77252,1190,76062,202.8,445.3,3102,550,0.0408,0.0072,19.86,15.18,33.74,1075,312,471,471,388314.64,92065018,2606508.9
"2025-10-01",11,2,"Lyft",27529,848,26681,195.4,360.4,420,88,0.0157,0.0033,22,13.57,32.19,0,0,223,223,136950.06,36330289,886131.27
"2025-10-01",11,2,"Uber",75250,1247,74003,194,420,2497,497,0.0337,0.0067,21.72,13.99,36.14,1040,312,526,526,381142.45,98065336,2719596.51
"2025-10-01",11,3,"Lyft",36618,1220,35398,198.3,365.2,585,121,0.0165,0.0034,21.77,13.46,32.32,0,0,266,266,178902.21,47839667,1183404.56
"2025-10-01",11,3,"Uber",96297,1699,94598,191.7,408,2943,611,0.0311,0.0065,21.77,13.99,37.01,1474,432,644,644,488773.59,125802617,3564399.33
"2025-10-01",11,4,"Lyft",40522,1183,39339,202.9,373.1,688,144,0.0175,0.0037,22.49,12.84,32.36,0,0,285,285,195073.54,54672457,1311231.79
"2025-10-01",11,4,"Uber",105099,1636,103463,203.5,432,3676,746,0.0355,0.0072,22.3,13.19,36.5,1621,507,633,633,515204.44,140614258,3836055.65
"2025-10-01",11,5,"Lyft",41386,1094,40292,210,383.3,786,149,0.0195,0.0037,22.38,13.44,32.74,0,0,304,304,207561.07,55576390,1354917.62
"2025-10-01",11,5,"Uber",106621,1514,105107,204.8,436.6,4329,855,0.0412,0.0081,22.13,13.9,35.44,1859,734,622,622,546717.41,141592947,3778572.01
"2025-10-01",11,6,"Lyft",37807,360,37447,233.1,432.9,1134,238,0.0303,0.0064,20.23,13.17,29.14,0,0,120,120,167900.89,45880770,1101692.77
"2025-10-01",11,6,"Uber",99108,587,98521,224.4,466.8,4756,1086,0.0483,0.011,20.51,13.86,30.81,2084,1027,289,289,469476.05,121980648,3053454.25
"2025-10-01",11,7,"Lyft",34099,361,33738,234.3,414.3,717,102,0.0213,0.003,19.08,15.5,29.99,0,0,112,112,168136.3,39045152,1022696.84
"2025-10-01",11,7,"Uber",93833,587,93246,230.6,471.8,4695,994,0.0504,0.0107,19.21,16.2,31.52,1882,903,218,218,486678.69,108176492,2957603.84
"2025-10-01",12,1,"Lyft",25902,938,24964,214.6,397.6,535,104,0.0214,0.0042,20.51,14.61,31.84,0,0,183,183,129355.91,31879822,824807.48
"2025-10-01",12,1,"Uber",80603,1270,79333,220.8,481.7,3946,790,0.0497,0.01,19.96,15.06,33.61,1118,320,536,536,403949.53,96537401,2709083.85
"2025-10-01",12,2,"Lyft",26935,960,25975,202.1,376.4,494,114,0.019,0.0044,21.67,13.63,32,0,0,242,242,132583.31,35013040,862004.54
"2025-10-01",12,2,"Uber",73954,1360,72594,206.9,443.9,2764,537,0.0381,0.0074,21.44,14.22,35.57,1048,305,604,604,375801.55,95115175,2630457.65
"2025-10-01",12,3,"Lyft",35378,1281,34097,204.3,381.4,682,112,0.02,0.0033,21.97,13.67,32.84,0,0,314,314,177101.32,46644849,1161919.15
"2025-10-01",12,3,"Uber",96546,1802,94744,196.9,425.3,3587,790,0.0379,0.0083,21.91,14.3,37.17,1449,427,754,754,504114.95,126926464,3588637.04
"2025-10-01",12,4,"Lyft",40041,1262,38779,212.8,393.3,880,197,0.0227,0.0051,22.83,12.81,33.39,0,0,301,301,195234.11,54848172,1336827.51
"2025-10-01",12,4,"Uber",106895,1764,105131,203.5,435.3,4114,897,0.0391,0.0085,22.76,13.29,37.12,1633,562,721,721,538979.28,145945990,3968240.56
"2025-10-01",12,5,"Lyft",41934,1096,40838,236.2,436.8,1292,234,0.0316,0.0057,22.94,13.28,33.63,0,0,305,305,212959.22,57716085,1410053.45
"2025-10-01",12,5,"Uber",110187,1586,108601,238.8,515,6892,1566,0.0635,0.0144,22.71,13.7,36.19,1958,758,635,635,571487.71,150158232,3988056.46
"2025-10-01",12,6,"Lyft",37124,333,36791,235.8,434.2,1221,256,0.0332,0.007,21.05,12.76,30.14,0,0,121,121,166210.62,46882247,1118736.23
"2025-10-01",12,6,"Uber",100552,574,99978,225.3,477.4,5249,1211,0.0525,0.0121,21.49,13.42,31.62,2170,1091,280,280,483124.39,129639728,3179062.17
"2025-10-01",12,7,"Lyft",34837,372,34465,241,434.6,1004,194,0.0291,0.0056,20.06,14.73,31.17,0,0,126,126,171531.24,41923522,1085995.68
"2025-10-01",12,7,"Uber",94489,491,93998,232,482,5021,1128,0.0534,0.012,20.32,15.47,32.78,1892,960,244,244,494858.97,115179048,3097048.8
"2025-10-01",13,1,"Lyft",27812,813,26999,223,410.7,675,120,0.025,0.0044,21.07,14.29,32.24,0,0,212,212,139526.43,35154201,896716.07
"2025-10-01",13,1,"Uber",82818,1213,81605,213.9,464.4,4058,887,0.0497,0.0109,20.51,14.7,34.08,1239,403,555,555,416313.08,101928376,2822171.08
"2025-10-01",13,2,"Lyft",27761,812,26949,210,386.1,468,71,0.0174,0.0026,21.95,13.57,32.15,0,0,233,233,137773.98,36561922,892599.96
"2025-10-01",13,2,"Uber",78514,1188,77326,202.7,440.2,3234,663,0.0418,0.0086,21.59,14.03,35.59,1252,411,582,582,396228.16,101683803,2794370.22
"2025-10-01",13,3,"Lyft",35975,1161,34814,211,386,682,129,0.0196,0.0037,22.62,13.41,33.68,0,0,326,326,181899.81,48828021,1211730.78
"2025-10-01",13,3,"Uber",102822,1636,101186,202.7,425.9,3763,866,0.0372,0.0086,22.32,13.8,36.83,1693,534,775,775,528144.66,137728867,3786486.71
"2025-10-01",13,4,"Lyft",41427,1187,40240,223.6,419.3,1128,205,0.028,0.0051,23.41,12.35,33.59,0,0,290,288,199657.58,58186133,1391431.93
"2025-10-01",13,4,"Uber",113224,1690,111534,215.4,467.8,5442,1196,0.0488,0.0107,23.56,12.79,37.62,1952,737,743,743,568869.83,160086116,4259577.99
"2025-10-01",13,5,"Lyft",42518,965,41553,264.5,496.2,2050,382,0.0493,0.0092,23.45,12.6,33.92,0,0,321,321,209294.17,59810437,1442188.42
"2025-10-01",13,5,"Uber",116468,1618,114850,254.1,555.2,9379,2391,0.0817,0.0208,23.26,12.97,35.88,2321,1044,680,680,585483.33,162546556,4178749.26
"2025-10-01",13,6,"Lyft",37595,333,37262,244.7,464.1,1600,380,0.0429,0.0102,21.02,12.5,30.33,0,0,147,147,164627.95,47414192,1140435.79
"2025-10-01",13,6,"Uber",105178,568,104610,232.2,497.9,6284,1500,0.0601,0.0143,21.67,13.22,31.68,2551,1358,340,340,502347.82,136750660,3331931.3
"2025-10-01",13,7,"Lyft",34328,332,33996,252.3,461.4,1204,204,0.0354,0.006,20.77,14.05,31.7,0,0,142,142,167020.01,42781101,1088083.8
"2025-10-01",13,7,"Uber",98777,501,98276,248.1,515.1,6427,1507,0.0654,0.0153,21.15,14.8,32.96,2296,1255,254,254,515319.21,125352947,3256137.54
"2025-10-01",14,1,"Lyft",30705,682,30023,227.5,420.6,789,171,0.0263,0.0057,22.25,13.62,33.05,0,0,232,232,155095.22,40998280,1014932.27
"2025-10-01",14,1,"Uber",86369,993,85376,217.7,483.4,4598,1083,0.0539,0.0127,21.71,13.86,35.33,1460,522,563,563,433242.37,112509920,3051467.67
"2025-10-01",14,2,"Lyft",31462,739,30723,221.1,416.8,784,148,0.0255,0.0048,23.41,12.38,32.53,0,0,221,221,151923.59,44185088,1023580.46
"2025-10-01",14,2,"Uber",88787,1052,87735,208.8,446,3828,875,0.0436,0.01,22.79,12.66,35.36,1647,636,613,613,427156.36,121420510,3139495.42
"2025-10-01",14,3,"Lyft",41088,957,40131,222.8,422.3,1116,209,0.0278,0.0052,24.49,12.21,34.17,0,0,307,307,204868.46,60385370,1403898.49
"2025-10-01",14,3,"Uber",113512,1425,112087,222.2,470.9,5344,1231,0.0477,0.011,24.01,12.46,37.41,2295,854,796,796,566107.48,163500393,4247044.88
"2025-10-01",14,4,"Lyft",46579,993,45586,254.3,529.9,3123,747,0.0685,0.0164,25.47,11.09,35.32,0,0,292,292,219188.34,71176295,1645298.21
"2025-10-01",14,4,"Uber",130835,1519,129316,246.7,564.7,10876,2809,0.0841,0.0217,25.76,11.15,39.13,2825,1321,765,765,626140.94,202198080,5119785.45
"2025-10-01",14,5,"Lyft",48212,825,47387,281.1,535.8,3170,623,0.0669,0.0131,26.07,11.07,34.61,0,0,300,300,231839.96,75408209,1668610.13
"2025-10-01",14,5,"Uber",128373,1417,126956,263.3,571.2,11044,2832,0.087,0.0223,25.46,11.36,36.85,2885,1398,655,655,618917.08,196067269,4731166.42
"2025-10-01",14,6,"Lyft",38876,291,38585,233.2,437.5,1295,302,0.0336,0.0078,21.25,12.53,30.72,0,0,185,185,172555.39,49568771,1194136.78
"2025-10-01",14,6,"Uber",109458,543,108914,241.2,518.4,7108,1611,0.0653,0.0148,22.12,13.25,32.04,2939,1652,313,313,534552.04,145253673,3507170.41
"2025-10-01",14,7,"Lyft",35399,294,35105,246.2,452.5,1277,242,0.0364,0.0069,21.65,13.84,32.81,0,0,120,120,176803.28,45987371,1161594.46
"2025-10-01",14,7,"Uber",101311,517,100794,260.7,541.6,7481,1798,0.0742,0.0178,22.13,14.57,34.25,2543,1426,263,263,544657.74,134535867,3469446.43
"2025-10-01",15,1,"Lyft",30535,478,30057,222.9,411.1,798,176,0.0265,0.0059,23.4,12.81,34.02,0,0,178,178,152532.88,42864801,1038798.91
"2025-10-01",15,1,"Uber",91001,860,90141,218.4,490.9,5179,1188,0.0575,0.0132,22.79,13.08,35.57,1586,668,447,447,452064.95,124436305,3236531.92
"2025-10-01",15,2,"Lyft",31110,565,30545,219.1,418.2,798,155,0.0261,0.0051,24.26,11.76,33.91,0,0,218,218,147883.74,45287482,1055030.75
"2025-10-01",15,2,"Uber",90204,886,89318,209.3,451.2,3977,948,0.0445,0.0106,23.69,12.01,36.37,1884,793,510,510,427819.21,128189971,3280954.79
"2025-10-01",15,3,"Lyft",40214,669,39545,221,417,1083,182,0.0274,0.0046,25.44,11.45,35.64,0,0,250,250,195254.67,61394462,1433269.27
"2025-10-01",15,3,"Uber",116086,1213,114873,210.7,459.6,5380,1273,0.0468,0.0111,25.21,11.76,38.85,2411,1073,635,635,573361.7,175576906,4509748.14
"2025-10-01",15,4,"Lyft",43245,800,42445,259,556.4,3440,990,0.081,0.0233,26.92,10.12,37.7,0,0,292,292,196328.27,69845804,1630417.5
"2025-10-01",15,4,"Uber",132508,1446,131062,266.2,609.3,13625,4086,0.104,0.0312,27.93,10.16,42.08,3211,1568,599,599,626745.4,222081533,5575529.62
"2025-10-01",15,5,"Lyft",47858,644,47214,277.8,551,3597,762,0.0762,0.0161,27,10.21,35.63,0,0,279,279,219984.94,77533478,1705362
"2025-10-01",15,5,"Uber",130578,1227,129351,256.1,559.4,10715,2851,0.0828,0.022,26.6,10.56,37.51,3570,1909,529,529,611141.18,208367948,4897542.53
"2025-10-01",15,6,"Lyft",39421,289,39132,221.9,408.2,970,214,0.0248,0.0055,21.5,12.39,30.76,0,0,155,155,174952.76,50853444,1212547.45
"2025-10-01",15,6,"Uber",112358,510,111848,215.2,461.8,5399,1208,0.0483,0.0108,22.16,13.17,31.73,3029,1782,310,310,546544.38,149379457,3565100.88
"2025-10-01",15,7,"Lyft",35878,285,35593,239.4,444.2,1239,264,0.0348,0.0074,22.01,13.71,33.22,0,0,119,119,180485.95,47376123,1192027.91
"2025-10-01",15,7,"Uber",102516,559,101957,240.4,514.6,6767,1654,0.0664,0.0162,22.64,14.39,34.56,2823,1646,251,251,556470,139262285,3543214.19
"2025-10-01",16,1,"Lyft",29688,386,29302,222.9,417.3,836,155,0.0285,0.0053,23.5,12.36,34.07,0,0,163,163,143736.21,41862198,1011539.54
"2025-10-01",16,1,"Uber",95506,752,94754,219.1,477.9,5048,1210,0.0533,0.0128,23,12.44,34.05,2055,875,350,350,455428.5,131822458,3252183.97
"2025-10-01",16,2,"Lyft",29812,463,29349,213.1,400.6,683,118,0.0233,0.004,23.81,11.51,33.95,0,0,188,188,136119.65,42583121,1011979.15
"2025-10-01",16,2,"Uber",95789,817,94972,206.1,450.6,4254,986,0.0448,0.0104,23.4,11.76,35.12,2033,924,378,378,439264.84,134459773,3364538.95
"2025-10-01",16,3,"Lyft",39781,535,39246,215.4,406.4,927,176,0.0236,0.0045,24.53,11.05,34.89,0,0,231,231,179767.8,58553089,1387894.18
"2025-10-01",16,3,"Uber",124545,1211,123334,208.3,440.5,5142,1196,0.0417,0.0097,24.99,11.49,37.68,2864,1381,519,519,595789.62,186733808,4692807.39
"2025-10-01",16,4,"Lyft",42429,710,41719,256.1,555.8,3446,1059,0.0826,0.0254,26.53,9.81,36.69,0,0,205,205,184050.5,67532889,1556856.21
"2025-10-01",16,4,"Uber",135932,1534,134398,248.3,567.4,11610,3395,0.0864,0.0253,27.91,10.07,40.48,3734,1992,530,530,636892.04,227664729,5501948.67
"2025-10-01",16,5,"Lyft",50387,545,49842,262.4,524.8,3267,749,0.0655,0.015,25.45,9.99,32.8,0,0,257,257,213499.3,76948075,1652459.27
"2025-10-01",16,5,"Uber",137538,1207,136331,247.6,540.4,10242,2690,0.0751,0.0197,26.35,10.52,36.06,3962,2279,496,496,635662.38,217428231,4959537.08
"2025-10-01",16,6,"Lyft",40450,330,40120,221.9,404.8,966,190,0.0241,0.0047,21.82,12.24,31.11,0,0,159,159,180094.47,52956813,1258243.67
"2025-10-01",16,6,"Uber",117910,589,117321,215.4,457,5485,1198,0.0468,0.0102,22.32,12.99,31.59,3339,2051,289,289,569715.96,157871572,3724573.74
"2025-10-01",16,7,"Lyft",36119,303,35816,244.8,464,1446,297,0.0404,0.0083,21.72,13.7,32.99,0,0,138,138,179173.48,47077858,1191689.21
"2025-10-01",16,7,"Uber",106310,512,105798,247.6,530.9,7538,1934,0.0712,0.0183,22.57,14.14,34,2985,1804,242,242,565476.1,143969776,3614312.07
"2025-10-01",17,1,"Lyft",32207,333,31874,228.5,419.1,820,176,0.0257,0.0055,21.18,12.19,31.6,0,0,146,146,138621.44,40923993,1017779.41
"2025-10-01",17,1,"Uber",105648,659,104989,239.3,501.8,6281,1541,0.0598,0.0147,21.32,12.57,32.21,2277,1096,314,314,471846.36,135150746,3403114.8
"2025-10-01",17,2,"Lyft",34243,397,33846,220.2,416.9,895,149,0.0264,0.0044,22.32,11.37,31.84,0,0,148,148,144819.28,45858810,1090332.98
"2025-10-01",17,2,"Uber",111384,675,110709,229.8,481.9,5751,1239,0.0519,0.0112,22.28,11.75,33.44,2466,1228,308,308,485747.57,148867855,3724963.37
"2025-10-01",17,3,"Lyft",46185,530,45655,226,428.7,1346,207,0.0295,0.0045,23.14,10.89,32.88,0,0,200,200,194008.06,64122514,1518702.26
"2025-10-01",17,3,"Uber",143373,1021,142352,217.1,452.9,6289,1333,0.0442,0.0094,23.27,11.33,35.02,3543,1880,390,390,630198.7,200207381,5021450.82
"2025-10-01",17,4,"Lyft",48828,709,48119,268.7,586.7,4535,1265,0.0942,0.0263,24.53,9.88,34.45,0,0,194,194,197102.25,71850713,1682280.2
"2025-10-01",17,4,"Uber",146200,1352,144848,249.9,540.4,10847,2855,0.0749,0.0197,26.04,10.33,39.39,4223,2414,395,395,655015.8,228382896,5759372.83
"2025-10-01",17,5,"Lyft",58845,515,58330,265.4,527,3865,905,0.0663,0.0155,23.7,10.39,30.86,0,0,227,227,241532.58,83669140,1815947.53
"2025-10-01",17,5,"Uber",153314,944,152370,262.1,559.8,12423,3112,0.0815,0.0204,24.24,10.77,33.23,4488,2700,421,421,667206.32,223017306,5095057.07
"2025-10-01",17,6,"Lyft",47247,346,46901,229.9,419.8,1260,224,0.0269,0.0048,22.11,12.18,29.77,0,0,161,161,212095.86,62684949,1406369.43
"2025-10-01",17,6,"Uber",123201,606,122595,217.7,464.3,6014,1379,0.0491,0.0112,22.11,12.92,31.48,3400,2138,290,290,586637.01,163470021,3878805.36
"2025-10-01",17,7,"Lyft",39291,295,38996,251.7,490.3,2111,575,0.0541,0.0147,21.32,13.59,31.09,0,0,139,139,189798.99,50271553,1221687.62
"2025-10-01",17,7,"Uber",107496,513,106983,249.4,543.9,8317,2211,0.0777,0.0207,22.06,14.13,33.09,2966,1788,233,233,558527.51,142256108,3556562.33
"2025-10-01",18,1,"Lyft",33163,211,32952,233.5,422.5,795,127,0.0241,0.0039,18.79,13.45,29.71,0,0,110,110,139662.02,37395211,985336
"2025-10-01",18,1,"Uber",108276,440,107836,234.5,490.6,6138,1403,0.0569,0.013,19.16,13.86,30.68,2251,1136,213,213,479327.55,124486105,3321578.78
"2025-10-01",18,2,"Lyft",36330,236,36094,231.9,431.8,1120,204,0.031,0.0057,20.31,12.37,30.48,0,0,112,112,152076.22,44267015,1107519.09
"2025-10-01",18,2,"Uber",115956,446,115510,228.2,471.2,5633,1230,0.0488,0.0106,20.32,12.77,32.1,2448,1232,242,242,501401.42,141348088,3722520.22
"2025-10-01",18,3,"Lyft",48275,338,47937,230.3,438.8,1644,328,0.0343,0.0068,20.67,12.05,31.04,0,0,169,169,200387.91,59869931,1498541.67
"2025-10-01",18,3,"Uber",150155,651,149504,229.3,469.6,7126,1450,0.0477,0.0097,20.92,12.55,32.87,3683,1985,329,329,657184.21,188446932,4936290.82
"2025-10-01",18,4,"Lyft",50370,484,49886,265.9,570.7,4384,1309,0.0879,0.0262,21.91,10.82,32.89,0,0,181,181,199106.9,66218608,1656783.4
"2025-10-01",18,4,"Uber",152870,792,152078,249.7,531.3,10731,2704,0.0706,0.0178,23.38,11.62,37.4,4033,2355,321,321,692391.21,214466275,5716986.37
"2025-10-01",18,5,"Lyft",64093,455,63638,273,525.4,4102,903,0.0645,0.0142,22.14,11.31,30,0,0,209,209,267444.98,85122060,1923107.54
"2025-10-01",18,5,"Uber",166551,722,165829,258.2,540.6,12352,3033,0.0745,0.0183,22.67,11.6,32.3,4563,2811,371,371,730155.98,226584529,5378877.2
"2025-10-01",18,6,"Lyft",51373,304,51069,260.4,474.3,2027,308,0.0397,0.006,21.92,12.01,29.48,0,0,137,137,225460.98,67562771,1514458.58
"2025-10-01",18,6,"Uber",132023,509,131514,249.6,517.7,8588,1951,0.0653,0.0148,22.02,12.73,30.82,3684,2373,279,279,616875.22,174413037,4068593.71
"2025-10-01",18,7,"Lyft",40567,254,40313,267.7,502.9,2220,462,0.0551,0.0115,20.52,13.75,29.8,0,0,121,121,190753.07,49949738,1209060.26
"2025-10-01",18,7,"Uber",107754,438,107316,273.3,567.7,9212,2255,0.0858,0.021,21.24,14.41,31.78,3109,1859,205,205,549820.08,137317719,3424083.13
"2025-10-01",19,1,"Lyft",31292,169,31123,218.1,402.5,721,123,0.0232,0.004,17.76,15.55,29.06,0,0,89,89,143981.11,33335872,909433.02
"2025-10-01",19,1,"Uber",98647,259,98388,220.3,484,5502,1127,0.0559,0.0115,17.97,15.99,30.54,1896,879,153,153,472474.12,106349272,3012506.39
"2025-10-01",19,2,"Lyft",34600,172,34428,211.8,386.5,646,121,0.0188,0.0035,18.78,14.77,29.9,0,0,95,95,159916.37,38982358,1034417.58
"2025-10-01",19,2,"Uber",105585,301,105284,208.9,451.6,4768,984,0.0453,0.0093,19.09,15.34,33.06,2068,990,175,175,515421.95,120928624,3491113.14
"2025-10-01",19,3,"Lyft",47085,207,46878,210.1,383.3,894,174,0.0191,0.0037,19.18,14.5,30.36,0,0,134,134,218251.26,54176360,1429526.67
"2025-10-01",19,3,"Uber",140784,404,140380,218.4,464,6376,1339,0.0454,0.0095,19.56,15.13,33.42,3076,1581,269,269,694158.69,165212077,4704679.49
"2025-10-01",19,4,"Lyft",52686,296,52390,242.2,470.8,2473,604,0.0472,0.0115,20.68,12.8,31.47,0,0,155,155,232323.35,65365694,1658232.92
"2025-10-01",19,4,"Uber",151704,486,151218,234.5,500.2,9226,2174,0.061,0.0144,21.61,13.48,35.33,3950,2306,265,265,736510,196667563,5359011.48
"2025-10-01",19,5,"Lyft",68494,310,68184,261.8,498.7,3464,626,0.0508,0.0092,20.45,12.34,28.6,0,0,185,185,288101.28,84052788,1958946.22
"2025-10-01",19,5,"Uber",172894,474,172419,254.8,534.8,12520,2927,0.0726,0.017,20.86,12.65,30.57,4314,2634,276,276,760304.08,216358073,5286113.92
"2025-10-01",19,6,"Lyft",54391,232,54159,273.3,512.2,2973,555,0.0549,0.0102,20.71,12.15,28.68,0,0,141,141,228122.74,67573471,1559856.66
"2025-10-01",19,6,"Uber",140198,350,139847,278.3,565.5,11680,2600,0.0835,0.0186,21.03,13.11,30.22,4047,2691,241,241,644255.63,176881283,4237396.6
"2025-10-01",19,7,"Lyft",39970,165,39805,254.5,472.4,1696,289,0.0426,0.0073,19.54,14.24,28.26,0,0,113,113,185384.91,46858284,1129521.63
"2025-10-01",19,7,"Uber",105278,266,105012,274.7,591.5,10068,2432,0.0959,0.0232,20.09,15.03,30.48,3129,1895,162,162,529913.07,126910804,3208749.43
"2025-10-01",20,1,"Lyft",27849,113,27736,208.8,381.8,522,123,0.0188,0.0044,17.64,17.51,30.17,0,0,77,77,143375.9,29481395,840220.25
"2025-10-01",20,1,"Uber",90535,191,90344,214.2,488.6,5314,1152,0.0588,0.0128,17.65,17.81,32.15,2118,1107,131,131,474267.66,95874116,2910642.65
"2025-10-01",20,2,"Lyft",32494,149,32345,209.1,384.4,616,135,0.019,0.0042,19.26,16.94,31.85,0,0,89,89,176704.65,37542234,1034976.84
"2025-10-01",20,2,"Uber",101044,252,100792,212.5,476,5263,1093,0.0522,0.0108,19.41,17.57,36.6,2369,1321,121,121,574423.89,117697619,3698233.68
"2025-10-01",20,3,"Lyft",45215,177,45038,205.9,376,812,195,0.018,0.0043,19.61,16.65,32.3,0,0,112,112,245975.76,53192764,1460450.35
"2025-10-01",20,3,"Uber",133110,311,132799,222.8,484.1,7076,1574,0.0533,0.0119,19.78,17.33,36.88,3161,1752,211,211,760318.32,157950924,4908597.67
"2025-10-01",20,4,"Lyft",50924,265,50659,232.1,445.4,2018,483,0.0398,0.0095,20.73,14.93,32.88,0,0,131,131,262769.01,63344420,1674146.55
"2025-10-01",20,4,"Uber",146145,376,145769,230.4,503.8,8940,2079,0.0613,0.0143,21.16,15.48,36.93,4574,2912,211,211,797871.92,185558429,5396811.51
"2025-10-01",20,5,"Lyft",64143,258,63885,238.7,446,2080,314,0.0326,0.0049,19.83,13.31,28.31,0,0,140,140,282271.27,76330287,1816192.21
"2025-10-01",20,5,"Uber",167522,369,167153,238.7,536,12486,3118,0.0747,0.0187,20.16,13.65,29.76,5063,3392,206,206,768580.52,202656816,4985107.81
"2025-10-01",20,6,"Lyft",51113,177,50936,238.4,437,1523,277,0.0299,0.0054,19.84,13.2,28,0,0,147,147,223079.85,60840911,1431256.95
"2025-10-01",20,6,"Uber",132014,223,131791,235.2,502.2,7996,1735,0.0607,0.0132,19.87,14.08,28.43,4419,3083,203,203,615742.28,157417753,3752908.37
"2025-10-01",20,7,"Lyft",35262,108,35154,239.5,449.4,1229,208,0.035,0.0059,18.3,15.24,27.19,0,0,77,77,163886.31,38711108,958760.28
"2025-10-01",20,7,"Uber",96445,181,96264,247.1,565.5,8295,1951,0.0862,0.0203,18.91,16.15,28.78,3570,2266,154,154,490904.33,109453632,2775364.57
"2025-10-01",21,1,"Lyft",27811,125,27686,216.5,404.3,800,239,0.0289,0.0086,17.67,18.22,31.01,0,0,60,60,149223.11,29478208,862456.39
"2025-10-01",21,1,"Uber",86013,129,85884,224.3,532.7,6586,1974,0.0767,0.023,17.71,18.65,32.94,2302,1374,103,103,473470.55,91394024,2833196.29
"2025-10-01",21,2,"Lyft",33320,154,33166,238,494.6,1910,435,0.0576,0.0131,19.17,18.09,33.79,0,0,75,75,192536.35,38326028,1126012.3
"2025-10-01",21,2,"Uber",96351,194,96157,238.7,536.5,7067,1732,0.0735,0.018,19.5,18.64,40.53,2498,1473,109,109,583530.84,112705614,3905486.26
"2025-10-01",21,3,"Lyft",46939,178,46761,228.8,460.3,2176,534,0.0465,0.0114,19.79,17.34,33.9,0,0,123,123,268482.55,55746774,1591279.01
"2025-10-01",21,3,"Uber",131096,242,130854,230,531.2,9555,2444,0.073,0.0187,20.06,18.11,39.79,3740,2399,159,159,793634.24,157779871,5216546.86
"2025-10-01",21,4,"Lyft",52151,180,51971,240,492.4,2946,755,0.0567,0.0145,20.41,16.25,34.24,0,0,107,107,288163.41,63856302,1785683.89
"2025-10-01",21,4,"Uber",140134,309,139825,238.6,554.2,11440,3052,0.0818,0.0218,20.95,17.03,40.16,4530,3086,162,162,833199.8,176154405,5627253.85
"2025-10-01",21,5,"Lyft",62025,252,61773,232.4,458.5,2551,507,0.0413,0.0082,20.09,13.91,29.99,0,0,132,132,288826.59,74749322,1859848.41
"2025-10-01",21,5,"Uber",160673,283,160390,230.8,525.2,10978,2568,0.0684,0.016,20.22,14.43,31.22,5420,3789,203,203,781037.13,194901175,5016844.19
"2025-10-01",21,6,"Lyft",51037,136,50901,220.8,403.3,1064,162,0.0209,0.0032,19.94,13.95,28.44,0,0,105,105,236577,61056134,1451563.6
"2025-10-01",21,6,"Uber",128837,221,128616,217.3,467.5,6582,1372,0.0512,0.0107,19.81,14.72,28.39,4656,3283,192,192,626157.17,153110216,3657078.06
"2025-10-01",21,7,"Lyft",32062,97,31965,239.9,474.3,1649,362,0.0516,0.0113,18,16.44,28.77,0,0,77,77,158169.68,34626504,922326.67
"2025-10-01",21,7,"Uber",90661,149,90512,246.2,589.7,8634,2287,0.0954,0.0253,18.55,17.12,29.05,3647,2531,114,114,479893.38,100910012,2633562.2
"2025-10-01",22,1,"Lyft",26795,73,26722,231.5,448.2,1204,369,0.0451,0.0138,18.09,18.51,31.14,0,0,41,41,149524.76,29085440,834527.7
"2025-10-01",22,1,"Uber",76785,110,76675,249.8,583.9,7193,2245,0.0938,0.0293,17.76,18.85,31.76,2941,1962,65,65,428312.05,81809576,2438507.06
"2025-10-01",22,2,"Lyft",32784,117,32667,249.7,538.3,2504,721,0.0767,0.0221,19.16,17.8,33.01,0,0,63,63,186382.09,37693588,1082291.72
"2025-10-01",22,2,"Uber",86972,133,86839,242.8,546.6,6824,1553,0.0786,0.0179,19.1,18.36,37.14,2794,1765,91,91,508276.25,99662253,3230553.3
"2025-10-01",22,3,"Lyft",46419,117,46302,259.3,552.6,3766,1006,0.0813,0.0217,19.97,17.23,34.26,0,0,71,71,266112.26,55613542,1590244.58
"2025-10-01",22,3,"Uber",122120,222,121898,255.6,580.5,11209,3106,0.092,0.0255,20.16,17.85,39.05,4106,2678,128,128,732382.04,147718175,4768775.99
"2025-10-01",22,4,"Lyft",53367,168,53199,264.8,567.3,4584,1234,0.0862,0.0232,20.29,16.39,34.37,0,0,101,101,295823.54,64977632,1834114.35
"2025-10-01",22,4,"Uber",134672,253,134419,275.1,602.1,13527,3553,0.1006,0.0264,20.61,17.2,39.33,5239,3750,140,140,795879.12,166533977,5296155.42
"2025-10-01",22,5,"Lyft",68576,175,68401,258,512.9,4273,1003,0.0625,0.0147,20.58,14.07,31.44,0,0,111,111,330960.96,84662968,2156309.61
"2025-10-01",22,5,"Uber",165372,321,165051,249.4,564.2,13886,3427,0.0841,0.0208,20.88,14.63,33.4,6755,4990,142,142,842039.13,207189433,5523277.18
"2025-10-01",22,6,"Lyft",56960,137,56823,265,526.6,3725,809,0.0656,0.0142,21.07,14.08,30.6,0,0,107,107,281610.1,72008549,1742741.55
"2025-10-01",22,6,"Uber",136595,243,136352,257.9,561.6,11347,2655,0.0832,0.0195,20.6,14.85,30.87,5761,4400,136,136,696235.45,168809209,4216819.33
"2025-10-01",22,7,"Lyft",31346,97,31249,265.2,563.7,2699,712,0.0864,0.0228,18.15,17.66,29.48,0,0,59,59,167487.27,34141849,924067.63
"2025-10-01",22,7,"Uber",81452,158,81294,289.1,660.9,10373,2871,0.1276,0.0353,18.15,18.08,29.46,4250,3047,87,87,445453.95,88712592,2399822.94
"2025-10-01",23,1,"Lyft",22320,67,22253,231.7,471.9,1166,259,0.0524,0.0116,17.45,18.95,29.94,0,0,45,45,123024.45,23373054,668253.18
"2025-10-01",23,1,"Uber",61154,87,61067,231.7,568.1,5337,1262,0.0874,0.0207,17.27,19.12,29.55,3022,2035,55,55,336565.14,63354839,1807104.96
"2025-10-01",23,2,"Lyft",26222,66,26156,225.9,443.1,1194,341,0.0456,0.013,18.49,17.9,30.86,0,0,47,47,144583.77,29084855,809201.46
"2025-10-01",23,2,"Uber",69561,98,69463,238.7,559.2,5890,1566,0.0848,0.0225,18.45,18.42,32.64,3218,2207,52,52,393910.56,77006139,2270462.6
"2025-10-01",23,3,"Lyft",37351,99,37252,234.2,455.5,1683,386,0.0452,0.0104,19.08,17.62,32.26,0,0,62,62,209290.17,42763261,1205049.57
"2025-10-01",23,3,"Uber",96482,142,96340,231.8,557,7986,1896,0.0829,0.0197,19.02,17.82,33.3,4767,3326,80,80,544978,110113247,3212377.25
"2025-10-01",23,4,"Lyft",46549,115,46434,264.2,552.3,3605,881,0.0776,0.019,19.83,16.75,33.1,0,0,71,71,257678.99,55396907,1540925.8
"2025-10-01",23,4,"Uber",116505,124,116381,259.6,601.4,11685,2845,0.1004,0.0244,20.08,17.21,35.39,6036,4468,95,95,670926.48,140369323,4123618.32
"2025-10-01",23,5,"Lyft",68171,154,68017,277.4,540.3,4805,979,0.0706,0.0144,19.9,14.21,32.35,0,0,87,87,321289.21,81382032,2205347.68
"2025-10-01",23,5,"Uber",157640,293,157347,286.6,602.1,15841,3578,0.1007,0.0227,20.72,14.94,35.17,8145,6181,114,114,813454.18,196022620,5544138.32
"2025-10-01",23,6,"Lyft",56887,141,56746,298.3,584,5155,1123,0.0908,0.0198,19.91,14.43,31.31,0,0,94,94,272370.86,67958084,1781037.13
"2025-10-01",23,6,"Uber",132737,177,132560,310.3,629.9,15189,3522,0.1146,0.0266,20.18,15.47,32.35,6840,5437,114,114,690612.75,160687186,4294272.19
"2025-10-01",23,7,"Lyft",26803,69,26734,261.1,571.7,2356,738,0.0881,0.0276,17.43,18.97,28.9,0,0,44,44,147752.44,28034074,774679.58
"2025-10-01",23,7,"Uber",68314,85,68229,269.5,666.8,8746,2506,0.1282,0.0367,17.37,19.34,28.65,4396,3144,59,59,382534.95,71210010,1956938.69
"2025-11-01",0,1,"Lyft",20275,58,20217,240.6,487.1,1190,326,0.0589,0.0161,16.75,20.51,27.63,0,0,43,43,116079.56,20378535,560196.49
"2025-11-01",0,1,"Uber",43577,93,43484,242.4,620.2,4666,1493,0.1073,0.0343,16.49,20.57,28.19,2375,1601,31,31,246296.3,43108088,1228504.92
"2025-11-01",0,2,"Lyft",16860,40,16820,229,463.2,894,195,0.0532,0.0116,16.4,19.87,28.7,0,0,22,22,91550.36,16586434,483923.68
"2025-11-01",0,2,"Uber",42153,83,42069,226.8,570.2,3757,1029,0.0893,0.0245,16.31,19.9,29.21,2045,1272,22,22,228068.77,41251372,1231336.82
"2025-11-01",0,3,"Lyft",19276,58,19218,225,447.8,856,162,0.0445,0.0084,16.51,19.51,28.49,0,0,34,34,103455.41,19091859,549128.93
"2025-11-01",0,3,"Uber",46078,98,45980,221.6,541.5,3563,805,0.0775,0.0175,16.38,19.31,29.34,2304,1416,33,33,242779.12,45273026,1351923.93
"2025-11-01",0,4,"Lyft",21817,54,21763,212.7,387.2,527,91,0.0242,0.0042,16.72,18.45,27.79,0,0,32,32,112190.84,21889147,606347.13
"2025-11-01",0,4,"Uber",53591,84,53506,212.9,505.8,3526,827,0.0659,0.0155,16.78,18.76,29.04,2542,1666,30,30,281069.96,53939383,1556362.6
"2025-11-01",0,5,"Lyft",31052,89,30963,249.2,535,2349,783,0.0759,0.0253,18.49,17.36,29.87,0,0,66,66,166108.58,34454594,927532.6
"2025-11-01",0,5,"Uber",73653,144,73509,242.4,571.3,6520,1861,0.0887,0.0253,18.45,17.55,30.82,3720,2555,70,70,397327.16,81513863,2269652.66
"2025-11-01",0,6,"Lyft",66423,109,66314,262.8,523.5,4351,838,0.0656,0.0126,18.28,14.87,32.2,0,0,74,74,300943.42,72861697,2138910.54
"2025-11-01",0,6,"Uber",129670,259,129410,264.3,589.5,12278,2764,0.0949,0.0214,19.49,15.73,35.91,7071,5121,63,63,662719.71,151664116,4656625.82
"2025-11-01",0,7,"Lyft",63384,117,63267,291.6,564,5079,928,0.0803,0.0147,18.37,15.12,31.51,0,0,75,75,293352.71,69866819,1997373.38
"2025-11-01",0,7,"Uber",149744,360,149384,290.8,629.3,16838,4488,0.1127,0.03,19.18,16.09,33.79,6841,5276,86,86,770264.18,172296723,5059799.55
"2025-11-01",1,1,"Lyft",11913,46,11867,238.2,521.4,858,226,0.0723,0.019,16.59,21.32,28.41,0,0,20,20,70228.86,11857374,338494.77
"2025-11-01",1,1,"Uber",26360,82,26278,241.3,566.8,2247,540,0.0855,0.0205,16.04,20.9,28.71,1433,863,21,21,147324.62,25375370,756742.16
"2025-11-01",1,2,"Lyft",9921,53,9868,231.6,529.2,747,257,0.0757,0.026,16.24,21.31,29.66,0,0,23,23,57222.4,9666505,294252.09
"2025-11-01",1,2,"Uber",23992,61,23931,231.8,571.2,2077,517,0.0868,0.0216,15.38,20.5,28.94,1174,653,21,21,126108.06,22145549,694307.63
"2025-11-01",1,3,"Lyft",10484,44,10440,212.7,382.1,207,52,0.0198,0.005,15.46,19.69,26.09,0,0,27,27,53177.18,9723057,273510.72
"2025-11-01",1,3,"Uber",26074,65,26009,217.9,515.2,1726,361,0.0664,0.0139,15.24,19.75,26.55,1193,681,14,14,130834.62,23844563,692179.44
"2025-11-01",1,4,"Lyft",14012,52,13960,219.1,410.3,411,98,0.0294,0.007,15.68,19.24,26.57,0,0,32,32,70443.65,13179504,372275.87
"2025-11-01",1,4,"Uber",33553,93,33459,220.2,516.3,2218,498,0.0663,0.0149,15.69,19.63,27.8,1642,1063,22,22,172325.64,31595757,932784.24
"2025-11-01",1,5,"Lyft",19244,41,19203,212.5,399.1,399,76,0.0208,0.004,16.33,18.48,26.72,0,0,27,27,96761.49,18852802,514248.62
"2025-11-01",1,5,"Uber",46673,103,46569,220.9,506.7,2953,677,0.0634,0.0145,16.39,18.58,27.51,2302,1607,42,42,236897.5,45893677,1283858.65
"2025-11-01",1,6,"Lyft",53701,100,53601,248.4,491.8,2796,539,0.0522,0.0101,17.74,15.82,32.82,0,0,72,72,251206.24,57146582,1762543.46
"2025-11-01",1,6,"Uber",105814,193,105621,260.6,586.3,9887,2294,0.0936,0.0217,18.54,16.77,36.33,6061,4731,50,50,548345.37,117680325,3843973.2
"2025-11-01",1,7,"Lyft",64977,1171,63806,275.2,562,5211,1145,0.0817,0.0179,17.84,16.8,30.08,0,0,71,71,324551.76,69549875,1954457.71
"2025-11-01",1,7,"Uber",141497,2747,138749,259.6,567.8,11998,3045,0.0865,0.0219,18.28,17.43,32.43,7106,5263,76,76,751586.98,155200506,4588068.85
"2025-11-01",2,1,"Lyft",8758,87,8671,257.9,726.7,1151,572,0.1327,0.066,17.53,23.03,32.36,0,0,14,14,58942.86,9212573,283443.31
"2025-11-01",2,1,"Uber",17960,178,17781,270.7,661,2240,635,0.126,0.0357,16.17,21.91,30.99,851,444,11,11,106075.96,17428545,556541.63
"2025-11-01",2,2,"Lyft",6704,81,6623,239.5,527,507,231,0.0766,0.0349,16.03,21.1,29.74,0,0,14,14,37789.33,6448993,199376.41
"2025-11-01",2,2,"Uber",16119,146,15973,252.5,626.8,1776,426,0.1112,0.0267,15.36,21.2,28.23,749,338,7,7,87514.03,14858016,454978.06
"2025-11-01",2,3,"Lyft",6832,69,6763,219,390.2,144,20,0.0213,0.003,15.53,20.02,26.37,0,0,15,15,35390.83,6365150,180163.04
"2025-11-01",2,3,"Uber",17355,151,17204,236.7,554.9,1408,339,0.0818,0.0197,15.2,20.62,26.59,802,368,13,13,90671.09,15829068,461438.04
"2025-11-01",2,4,"Lyft",10003,85,9918,239.9,486,544,109,0.0548,0.011,15.93,20.24,28,0,0,16,16,53748.96,9560506,280099.33
"2025-11-01",2,4,"Uber",23710,152,23558,246.8,574.6,2099,477,0.0891,0.0202,15.8,20.71,29.05,1104,625,10,10,129316.3,22479488,688679.77
"2025-11-01",2,5,"Lyft",12859,83,12776,214.4,393.5,276,56,0.0216,0.0044,15.79,19.27,26.33,0,0,19,19,65205.76,12179662,338605.7
"2025-11-01",2,5,"Uber",30677,168,30509,231.9,522,2173,505,0.0712,0.0166,15.73,19.64,26.9,1613,1018,26,26,157950.66,28946054,825069.32
"2025-11-01",2,6,"Lyft",41690,136,41554,252.5,495.2,2190,395,0.0527,0.0095,17.16,16.88,33.17,0,0,51,51,201193.67,42918652,1382821.69
"2025-11-01",2,6,"Uber",87826,299,87527,276.9,606.9,9023,2063,0.1031,0.0236,18.3,17.93,37.77,5619,4433,32,32,480357.63,96429328,3317354.97
"2025-11-01",2,7,"Lyft",41482,122,41360,270,551.7,3199,641,0.0773,0.0155,17.67,18.25,29.06,0,0,44,44,222915.76,43979203,1205448.78
"2025-11-01",2,7,"Uber",85929,306,85622,261.9,565.1,7238,1670,0.0845,0.0195,17.63,18.7,30.6,4754,3670,38,38,472153.14,90883034,2629378.01
"2025-11-01",3,1,"Lyft",7652,485,7167,268.4,576.4,653,258,0.0911,0.036,18.05,24.03,34.89,0,0,15,15,55316.81,8285736,267009.52
"2025-11-01",3,1,"Uber",16828,815,16013,284.7,643.7,1903,483,0.1188,0.0302,17.14,24.19,35.04,702,299,8,8,116292.66,17303781,589736.37
"2025-11-01",3,2,"Lyft",6206,373,5833,252,457,189,34,0.0324,0.0058,16.99,23.18,32.21,0,0,11,11,40735.22,6327487,199919.97
"2025-11-01",3,2,"Uber",14713,635,14078,271.9,621.9,1530,387,0.1087,0.0275,16.61,23.89,32.71,599,262,7,7,97335.26,14665991,481296.41
"2025-11-01",3,3,"Lyft",6711,451,6260,244.4,437.1,183,30,0.0292,0.0048,17.27,22.89,32.85,0,0,14,14,44214.18,6953277,220487.94
"2025-11-01",3,3,"Uber",15991,648,15343,265.7,607.6,1582,383,0.1031,0.025,16.74,23.6,33.05,648,269,5,5,105313.71,16063219,528458.89
"2025-11-01",3,4,"Lyft",9444,427,9017,265.5,510.3,500,105,0.0555,0.0116,16.9,22.25,32.39,0,0,15,15,59197.9,9577506,305891.56
"2025-11-01",3,4,"Uber",20627,704,19923,271.6,610.9,2081,565,0.1045,0.0284,16.62,23.1,33.39,870,472,6,6,131992.66,20567340,688803.3
"2025-11-01",3,5,"Lyft",10676,387,10289,236.6,430.6,325,67,0.0316,0.0065,16.68,21.38,30.12,0,0,17,17,63456.85,10683163,321590.19
"2025-11-01",3,5,"Uber",25251,807,24444,257,571.3,2159,537,0.0883,0.022,16.45,22.11,31.21,1201,675,9,9,153107.61,24927154,788068.96
"2025-11-01",3,6,"Lyft",33356,393,32963,262.6,514.5,2028,432,0.0615,0.0131,17.36,18.18,35.46,0,0,40,40,175410.83,34734052,1182728.57
"2025-11-01",3,6,"Uber",71970,805,71165,290.7,638.7,8456,2123,0.1188,0.0298,18.78,19.38,39.57,4944,3849,26,26,436656.79,81092856,2847763.8
"2025-11-01",3,7,"Lyft",31982,591,31391,276.8,567.9,2626,620,0.0837,0.0198,18.01,19.79,31.67,0,0,38,38,189923.13,34552100,1012724.94
"2025-11-01",3,7,"Uber",67531,967,66564,283.1,604.4,6772,1633,0.1017,0.0245,17.93,20.28,32.86,4085,3021,26,26,409306.01,72669827,2218866.98
"2025-11-01",4,1,"Lyft",11859,1428,10431,307.1,577.5,926,190,0.0888,0.0182,18.7,24.22,38.81,0,0,19,19,89529.86,13306365,460247.6
"2025-11-01",4,1,"Uber",24287,1602,22685,304.3,635.7,2658,733,0.1172,0.0323,18.51,25.41,43.1,952,491,8,8,190382.34,26967960,1046687.49
"2025-11-01",4,2,"Lyft",10705,1237,9468,293.4,555.3,716,120,0.0756,0.0127,17.73,24.02,36.14,0,0,17,17,75977.56,11385320,386919.76
"2025-11-01",4,2,"Uber",22288,1262,21026,292.6,637.8,2466,637,0.1173,0.0303,17.93,25.39,40.19,802,372,12,12,169135.09,23982382,895669.82
"2025-11-01",4,3,"Lyft",11123,1195,9928,287.5,541.2,719,153,0.0724,0.0154,18.17,23.98,38.03,0,0,16,16,80745.04,12123022,423013.41
"2025-11-01",4,3,"Uber",22789,1345,21444,284.4,629.4,2380,581,0.111,0.0271,18.35,25.51,42.88,778,360,10,10,177755.65,25089647,977147.74
"2025-11-01",4,4,"Lyft",13093,1124,11969,281.5,509,654,121,0.0546,0.0101,18,23.79,37.4,0,0,14,14,93450.27,14140759,489623.83
"2025-11-01",4,4,"Uber",25710,1538,24172,284.1,617.4,2588,688,0.1071,0.0285,18.17,25.03,41.18,936,487,13,13,194853.2,28029755,1058735.47
"2025-11-01",4,5,"Lyft",13761,1112,12649,287.9,518.9,706,98,0.0558,0.0077,18.01,23.08,35.86,0,0,24,24,95319.45,14867677,493489.15
"2025-11-01",4,5,"Uber",28021,1680,26341,294.1,613.6,2791,701,0.106,0.0266,18.15,24.28,39.97,1196,677,13,13,205773.92,30513435,1119951.83
"2025-11-01",4,6,"Lyft",30247,986,29261,283.6,565,2446,589,0.0836,0.0201,17.99,19.59,35.07,0,0,36,36,177586.94,32640395,1060877.37
"2025-11-01",4,6,"Uber",58841,1328,57513,311.8,683.7,8061,2249,0.1402,0.0391,19.01,20.81,39.31,3828,2782,27,27,388005,67118889,2313272.91
"2025-11-01",4,7,"Lyft",27945,1400,26545,316.4,642.7,3225,869,0.1215,0.0327,17.95,20.91,34.57,0,0,40,40,174810.16,30096073,966070.76
"2025-11-01",4,7,"Uber",55635,1777,53857,324.8,679,7557,2000,0.1403,0.0371,18.37,21.86,37.96,3278,2332,19,19,372297.18,61308914,2111660.35
"2025-11-01",5,1,"Lyft",16263,1326,14937,280.6,531.3,963,182,0.0645,0.0122,19.95,21.86,37.14,0,0,29,29,118181.32,19462591,604078.55
"2025-11-01",5,1,"Uber",37274,1610,35664,265,541.7,2681,594,0.0752,0.0167,19.8,22.59,41.15,1317,775,33,33,277818.09,44273060,1533998.21
"2025-11-01",5,2,"Lyft",14895,1199,13696,253.6,463.9,533,115,0.0389,0.0084,18.83,22.29,35.82,0,0,21,21,104204.98,16826466,533545.8
"2025-11-01",5,2,"Uber",34711,1378,33333,249.4,512.8,2171,474,0.0651,0.0142,18.23,23.1,38.11,1186,640,23,23,243631.28,37966592,1322974.36
"2025-11-01",5,3,"Lyft",15855,1237,14618,259.7,477.5,615,77,0.0421,0.0053,19.2,21.79,36.13,0,0,32,32,110589.32,18268171,572915.37
"2025-11-01",5,3,"Uber",36331,1489,34842,253.3,524.8,2393,516,0.0687,0.0148,18.77,22.6,38.87,1284,736,30,30,256915.03,40925972,1412270.44
"2025-11-01",5,4,"Lyft",16259,1144,15115,263.7,475.5,595,97,0.0394,0.0064,19.5,22.49,37.42,0,0,12,12,118884.75,19026684,608387.54
"2025-11-01",5,4,"Uber",36163,1626,34537,255.2,536.8,2520,536,0.073,0.0155,19.1,22.91,39.43,1441,887,14,14,263744.08,41446699,1425749.85
"2025-11-01",5,5,"Lyft",16091,1092,14999,289.1,531.7,958,152,0.0639,0.0101,19.31,22.25,37.66,0,0,31,31,115234.56,18644958,606066.63
"2025-11-01",5,5,"Uber",36516,1605,34911,282.5,568.6,2992,715,0.0857,0.0205,19.23,23.08,40.95,1586,953,31,31,270040.24,42123591,1495427.55
"2025-11-01",5,6,"Lyft",21927,1035,20892,269.3,518.8,1352,329,0.0647,0.0157,18.63,21.32,34.25,0,0,49,49,145164.81,24506355,751091.08
"2025-11-01",5,6,"Uber",47092,1277,45815,269.4,579.9,4199,1147,0.0917,0.025,18.64,22.01,36.93,2599,1725,32,32,321927.83,52666477,1739331.56
"2025-11-01",5,7,"Lyft",21124,1470,19654,284.5,566.5,1658,436,0.0844,0.0222,18.76,22.11,35.44,0,0,37,37,146056,23777076,748618.05
"2025-11-01",5,7,"Uber",46468,1847,44621,284.2,597.7,4414,1131,0.0989,0.0253,18.58,22.87,38.53,2402,1563,17,17,329055.34,51805058,1790237.49
"2025-11-01",6,1,"Lyft",26955,1140,25815,257.8,471.8,1016,145,0.0394,0.0056,20.87,17.43,33.45,0,0,34,34,163419.83,33753829,901594.7
"2025-11-01",6,1,"Uber",63538,1722,61816,251.7,512.3,3950,851,0.0639,0.0138,20.84,18.07,35.63,2315,1455,55,55,398666.5,79433943,2263581.46
"2025-11-01",6,2,"Lyft",24571,1013,23558,228.2,390,379,40,0.0161,0.0017,19.46,18.14,32.32,0,0,39,39,144567,28683414,794081.46
"2025-11-01",6,2,"Uber",58720,1517,57203,225.5,458.5,2700,526,0.0472,0.0092,18.95,18.88,33.73,1917,1143,37,37,350147.07,66758130,1980382.34
"2025-11-01",6,3,"Lyft",27252,1072,26180,249.8,450,830,118,0.0317,0.0045,20.29,17.13,32.68,0,0,46,46,157847.53,33174984,890529.76
"2025-11-01",6,3,"Uber",64341,1733,62608,243.2,496.9,3704,772,0.0592,0.0123,19.99,17.8,34.62,2191,1410,45,45,381435.46,77164336,2227558.44
"2025-11-01",6,4,"Lyft",26101,1013,25088,243.4,431.1,676,93,0.0269,0.0037,19.89,18.32,33.29,0,0,37,37,158446.78,31142596,868836.65
"2025-11-01",6,4,"Uber",59771,1590,58181,238.8,494.9,3428,683,0.0589,0.0117,19.53,18.64,34.71,2121,1349,50,50,362675.75,70030647,2074697.07
"2025-11-01",6,5,"Lyft",25480,936,24544,269.4,502.4,1272,202,0.0518,0.0082,19.76,18.23,33.36,0,0,42,42,152936.28,30205236,849976.05
"2025-11-01",6,5,"Uber",59780,1583,58197,263.8,542.2,4316,993,0.0742,0.0171,20.23,18.83,36.07,2397,1579,47,47,379583.9,72563131,2156251.51
"2025-11-01",6,6,"Lyft",25336,928,24408,260.7,485.5,1189,294,0.0487,0.012,18.26,21.67,32.85,0,0,36,36,167060.32,27756040,832181.5
"2025-11-01",6,6,"Uber",56553,1083,55470,254.1,537.2,4050,973,0.073,0.0175,17.83,21.98,33.57,3140,2120,24,24,369452.21,60511429,1898746.9
"2025-11-01",6,7,"Lyft",23462,1231,22231,276.4,524,1359,295,0.0611,0.0133,18.1,22.38,33.44,0,0,35,35,158436.4,25480111,784552.09
"2025-11-01",6,7,"Uber",53732,1582,52150,273,576.6,4659,1184,0.0893,0.0227,18.17,23.12,35.71,3068,2117,19,19,376211.58,58583866,1919004
"2025-11-01",7,1,"Lyft",40045,1748,38297,302.1,594.2,3701,633,0.0966,0.0165,21.01,13.13,30.15,0,0,75,75,184015.97,50471766,1207335.65
"2025-11-01",7,1,"Uber",99268,2203,97065,287.6,596.5,9530,2398,0.0982,0.0247,21.27,13.89,33.04,3005,1807,144,144,488893.49,126711831,3279862.44
"2025-11-01",7,2,"Lyft",37491,1517,35974,241.4,470.6,1602,266,0.0445,0.0074,20.34,13.98,29.88,0,0,87,87,177629.49,45749298,1120181.59
"2025-11-01",7,2,"Uber",90535,1996,88539,235.7,505.1,5380,1237,0.0608,0.014,19.61,14.62,31.94,2456,1329,136,136,432536.47,106515520,2891775.38
"2025-11-01",7,3,"Lyft",40546,1667,38879,287.5,564.3,3159,576,0.0813,0.0148,20.91,12.85,30.77,0,0,89,89,181580.45,50877117,1247672.56
"2025-11-01",7,3,"Uber",104967,2281,102686,287.2,614.9,11041,2864,0.1075,0.0279,20.43,13.24,32.92,2929,1730,150,150,473372.91,128694870,3455853.46
"2025-11-01",7,4,"Lyft",37819,1416,36403,278.9,574.9,3168,584,0.087,0.016,20.84,14,31.16,0,0,80,80,183897.35,47284678,1178431.68
"2025-11-01",7,4,"Uber",91009,1892,89117,269.2,566.4,7513,1743,0.0843,0.0196,20.39,14.23,33.4,2795,1654,114,114,440031.65,111325918,3039374.84
"2025-11-01",7,5,"Lyft",36835,1362,35473,294.5,582.6,3213,578,0.0906,0.0163,19.92,14.41,30.14,0,0,70,70,176181.82,44029444,1110208.3
"2025-11-01",7,5,"Uber",91504,1783,89721,285.4,592.5,8618,2053,0.0961,0.0229,20.09,14.87,32.12,3018,1899,117,117,455584.32,110312442,2939146.46
"2025-11-01",7,6,"Lyft",29757,892,28865,221.1,388.4,503,86,0.0174,0.003,17.81,20.7,30.51,0,0,43,43,182793.43,31796936,907811.29
"2025-11-01",7,6,"Uber",69043,1085,67958,219.1,452.7,3038,628,0.0447,0.0092,17.34,20.81,30.73,3375,2229,46,46,415411.67,71851606,2121566.59
"2025-11-01",7,7,"Lyft",26727,1038,25689,231.8,412.5,598,99,0.0233,0.0039,17.44,22.35,31.28,0,0,46,46,173680.12,27972726,836086.02
"2025-11-01",7,7,"Uber",61984,1245,60739,227.7,488,3578,792,0.0589,0.013,17.19,22.65,32.48,3279,2155,46,46,402171.97,63931234,2013191.77
"2025-11-01",8,1,"Lyft",45033,1582,43451,267.8,548.7,3265,706,0.0751,0.0162,20.91,12.13,29.74,0,0,140,140,190354.48,56500914,1339076.68
"2025-11-01",8,1,"Uber",115721,2336,113385,249.5,531.2,8000,1762,0.0706,0.0155,20.89,12.84,31.95,2852,1471,314,314,517250.33,145038578,3696984.62
"2025-11-01",8,2,"Lyft",44262,1483,42779,241.5,466.8,1864,366,0.0436,0.0086,20.49,12.52,29.36,0,0,121,121,189132.05,54403108,1299477.64
"2025-11-01",8,2,"Uber",107898,2172,105726,228.9,477.9,5315,1085,0.0503,0.0103,19.73,13.14,31.29,2466,1178,297,297,466231.8,127698214,3376394.41
"2025-11-01",8,3,"Lyft",47703,1716,45987,271.8,569.5,3880,853,0.0844,0.0185,20.41,11.61,30.76,0,0,136,136,188316.67,58403146,1467445.77
"2025-11-01",8,3,"Uber",124045,2558,121487,256,560.6,9970,2483,0.0821,0.0204,20.15,12.24,34.01,3072,1587,286,286,510038.15,149989103,4218413.88
"2025-11-01",8,4,"Lyft",42693,1464,41229,264.4,569.8,3557,862,0.0863,0.0209,20.82,12.54,30.65,0,0,122,122,185764.5,53339386,1308366.63
"2025-11-01",8,4,"Uber",103218,2018,101200,239.3,497.8,5775,1204,0.0571,0.0119,20.18,13,33.22,2488,1264,263,263,451172.54,124969772,3428451.5
"2025-11-01",8,5,"Lyft",41808,1335,40473,248.6,485.1,1987,342,0.0491,0.0085,19.62,13.27,28.75,0,0,123,123,181391.99,49212026,1202010.32
"2025-11-01",8,5,"Uber",103285,1949,101336,237.8,499.9,5835,1265,0.0576,0.0125,19.62,13.98,30.72,2678,1440,243,243,472218.28,121595681,3173152.55
"2025-11-01",8,6,"Lyft",36046,836,35210,217.6,383.1,584,85,0.0166,0.0024,17.77,18.68,29.05,0,0,79,79,199465.12,38441338,1047113.9
"2025-11-01",8,6,"Uber",84956,1008,83948,214.2,440.8,3364,653,0.0401,0.0078,17.15,18.96,29.3,3221,1963,116,116,460476.17,87423361,2489236.01
"2025-11-01",8,7,"Lyft",29315,750,28565,213.9,367.6,362,61,0.0127,0.0021,17.33,21.15,30.34,0,0,70,70,179102.46,30487432,889416.65
"2025-11-01",8,7,"Uber",70974,1051,69923,209.5,433.3,2858,623,0.0409,0.0089,16.75,21.47,31.23,2737,1570,95,95,425372.89,71313232,2216172.24
"2025-11-01",9,1,"Lyft",36612,1549,35063,209.7,387.5,712,147,0.0203,0.0042,20.58,13.06,30.26,0,0,169,169,164081.11,45218094,1107810.13
"2025-11-01",9,1,"Uber",95311,1956,93355,206.9,442.3,3799,779,0.0407,0.0083,20.57,13.69,32.64,1920,803,465,465,447325.55,117605419,3110761.18
"2025-11-01",9,2,"Lyft",37299,1465,35834,215.6,390.4,750,154,0.0209,0.0043,20.42,12.96,29.88,0,0,177,177,164465.59,45694674,1114354.67
"2025-11-01",9,2,"Uber",95615,1848,93767,208.4,439.6,3764,728,0.0401,0.0078,20.01,13.43,32.2,1911,781,466,466,428395.96,114823163,3078888.05
"2025-11-01",9,3,"Lyft",40948,1551,39397,222.3,441.4,1615,386,0.041,0.0098,20.43,12.41,30.24,0,0,177,177,173026.92,50203846,1238109.2
"2025-11-01",9,3,"Uber",103479,2035,101444,210.9,442.5,4012,833,0.0395,0.0082,20.25,12.93,32.99,2090,865,495,495,451433.48,125711304,3414125.97
"2025-11-01",9,4,"Lyft",35941,1329,34612,213,404.3,912,192,0.0263,0.0055,20.59,13.37,31.03,0,0,173,173,164938.42,44397872,1115206.45
"2025-11-01",9,4,"Uber",89917,1817,88100,206.7,437,3324,662,0.0377,0.0075,20.06,13.69,32.81,1911,841,361,361,411544.05,108216240,2950429.17
"2025-11-01",9,5,"Lyft",36787,1192,35595,208.5,373.1,595,105,0.0167,0.0029,19.41,13.91,29.19,0,0,159,159,165467.56,42834020,1073933.67
"2025-11-01",9,5,"Uber",89184,1660,87524,202,421.1,3079,566,0.0352,0.0065,19.32,14.53,31.44,2022,896,403,403,417093.68,103371515,2803706.75
"2025-11-01",9,6,"Lyft",41372,673,40699,218.5,390.3,801,127,0.0197,0.0031,17.65,17.31,28.35,0,0,127,127,210662.9,43808320,1173092.73
"2025-11-01",9,6,"Uber",101883,935,100948,213,442.1,4095,836,0.0406,0.0083,17.02,17.52,28.84,2804,1541,169,169,506374.96,104027564,2938040.42
"2025-11-01",9,7,"Lyft",35582,615,34967,218.6,378.5,534,112,0.0153,0.0032,17.13,19.39,29.05,0,0,105,105,196972.74,36579176,1033774.5
"2025-11-01",9,7,"Uber",90888,874,90014,212.6,428.6,3451,675,0.0383,0.0075,16.44,19.57,29.77,2375,1265,171,171,487493.59,89677788,2705989.36
"2025-11-01",10,1,"Lyft",31148,1170,29978,197.1,360.7,486,103,0.0162,0.0034,20.95,13.65,30.93,0,0,193,193,148469.98,39149733,963436.06
"2025-11-01",10,1,"Uber",80242,1487,78755,198,429.7,2998,553,0.0381,0.007,20.74,14.28,34.45,1222,439,529,529,396091.21,99861838,2764668.49
"2025-11-01",10,2,"Lyft",32858,1216,31642,202.4,362.3,492,97,0.0155,0.0031,21.1,13.31,30.91,0,0,219,219,153745.36,41598672,1015508.88
"2025-11-01",10,2,"Uber",80837,1577,79259,202.1,446.1,3350,706,0.0423,0.0089,20.66,13.64,34.12,1251,410,560,560,379660.44,100198178,2757793.66
"2025-11-01",10,3,"Lyft",34424,1249,33175,200.8,360.3,466,77,0.014,0.0023,21.33,12.95,31.09,0,0,210,210,158458.09,44063547,1070319.5
"2025-11-01",10,3,"Uber",84926,1604,83322,199,436,3164,620,0.038,0.0074,21,13.49,34.55,1312,441,503,503,401030.46,107014627,2933989.21
"2025-11-01",10,4,"Lyft",32364,1128,31236,199.3,363.2,462,87,0.0148,0.0028,21.38,13.86,31.97,0,0,197,197,159810,41510421,1034739.66
"2025-11-01",10,4,"Uber",79583,1366,78217,198.6,426.6,2806,588,0.0359,0.0075,20.73,14.09,34.31,1328,522,488,488,387378.71,98997953,2730850.43
"2025-11-01",10,5,"Lyft",33187,1019,32168,201.5,367,503,74,0.0156,0.0023,20.28,14.18,30.83,0,0,203,203,159097.07,40380885,1022998.96
"2025-11-01",10,5,"Uber",82381,1273,81108,201.3,436.2,3148,585,0.0388,0.0072,19.98,14.68,33.37,1505,625,426,426,402771.19,98758801,2748854.82
"2025-11-01",10,6,"Lyft",43932,521,43411,211.8,381.3,682,113,0.0157,0.0026,18.07,16.22,28.6,0,0,124,124,214528.48,47618262,1256269.86
"2025-11-01",10,6,"Uber",111137,816,110321,205.4,427.3,4078,844,0.037,0.0077,17.47,16.37,29.21,2373,1255,268,268,529609.08,116466054,3246668.22
"2025-11-01",10,7,"Lyft",41791,480,41311,224.2,396.8,856,151,0.0207,0.0037,17.53,17.59,28.68,0,0,110,110,214716.68,43947113,1198503.53
"2025-11-01",10,7,"Uber",108691,835,107856,218.2,450.3,4771,921,0.0442,0.0085,16.82,17.76,29.41,2247,1150,224,224,541112.95,109706172,3197067.27
"2025-11-01",11,1,"Lyft",28600,958,27642,196,359.8,452,93,0.0164,0.0034,21.27,14.11,32.1,0,0,192,192,143068.01,36502181,918040.19
"2025-11-01",11,1,"Uber",75862,1358,74504,197.3,440.7,2857,566,0.0383,0.0076,20.82,14.49,34.95,964,285,523,523,381538.29,94774754,2651400.53
"2025-11-01",11,2,"Lyft",30422,931,29491,202.8,372,547,148,0.0185,0.005,21.56,13.27,31.76,0,0,258,258,145026.02,39346040,966206.75
"2025-11-01",11,2,"Uber",76861,1366,75495,203.6,456.2,3479,795,0.0461,0.0105,21.06,13.61,35.23,1042,304,563,563,367099.97,97099279,2707896.03
"2025-11-01",11,3,"Lyft",31742,984,30758,200.1,366.7,530,78,0.0172,0.0025,22.15,13.3,32.4,0,0,220,220,155845.11,42175956,1028524.82
"2025-11-01",11,3,"Uber",79948,1431,78517,199.2,438.4,3054,615,0.0389,0.0078,21.41,13.5,35.78,1043,286,549,549,385099.98,102719111,2860504.16
"2025-11-01",11,4,"Lyft",32284,957,31327,206,375.7,581,113,0.0185,0.0036,22.38,13.77,32.77,0,0,229,229,165867.38,43349318,1057808.39
"2025-11-01",11,4,"Uber",79971,1407,78564,202.6,447.6,3358,714,0.0427,0.0091,21.61,13.94,35.54,1123,344,476,476,401428.63,103666685,2841770.62
"2025-11-01",11,5,"Lyft",32410,767,31643,211,382.3,548,97,0.0173,0.0031,21.05,14.12,31.76,0,0,196,196,160550.84,40933104,1029498.42
"2025-11-01",11,5,"Uber",81775,1185,80590,206.3,451.8,3662,762,0.0454,0.0095,20.4,14.26,33.74,1315,480,440,440,396322.91,100069007,2759125.44
"2025-11-01",11,6,"Lyft",45008,444,44564,213.6,380.6,714,97,0.016,0.0022,18.83,15.21,28.79,0,0,109,109,214821.43,50858867,1295597.39
"2025-11-01",11,6,"Uber",118345,804,117541,205.1,427.9,4267,848,0.0363,0.0072,18.18,15.34,29.42,2137,1037,277,277,550268.18,129123176,3482151.7
"2025-11-01",11,7,"Lyft",44032,441,43591,228.6,407.6,876,140,0.0201,0.0032,18.27,16.35,29.24,0,0,122,122,219221.38,48280696,1287414
"2025-11-01",11,7,"Uber",115580,788,114792,221.7,458,5291,1110,0.0461,0.0097,17.83,16.65,30.61,2163,1045,235,235,571791.18,123622612,3538101.16
"2025-11-01",12,1,"Lyft",28945,1063,27882,208,387.1,564,97,0.0202,0.0035,21.4,13.96,32.37,0,0,261,261,144123.85,37157573,937015.41
"2025-11-01",12,1,"Uber",80521,1374,79146,203.9,450.2,3393,664,0.0429,0.0084,20.89,14.17,34.39,1107,309,633,633,397227.57,100922349,2768960.87
"2025-11-01",12,2,"Lyft",30961,950,30011,213,390.3,718,150,0.0239,0.005,21.78,13.48,32.41,0,0,249,249,151477.94,40452343,1003485.67
"2025-11-01",12,2,"Uber",76902,1382,75520,210.5,472.3,3833,823,0.0508,0.0109,21,13.86,35.19,1056,284,581,581,373009.5,96904763,2705983.68
"2025-11-01",12,3,"Lyft",31580,1100,30480,211.8,387.4,659,124,0.0216,0.0041,22.7,13.23,33.42,0,0,277,277,158129.32,43018745,1055353.26
"2025-11-01",12,3,"Uber",81193,1420,79772,206.9,452.7,3612,740,0.0453,0.0093,21.95,13.58,36.42,1122,325,638,638,403387.3,106921677,2956801.76
"2025-11-01",12,4,"Lyft",33457,922,32535,221,411.9,891,190,0.0274,0.0058,22.99,13.84,34.07,0,0,243,243,177360.42,46149272,1139734.43
"2025-11-01",12,4,"Uber",81729,1438,80291,213.5,477.5,4202,939,0.0523,0.0117,22.31,14.03,37.59,1197,417,561,561,426240.24,109400773,3072336.6
"2025-11-01",12,5,"Lyft",33097,809,32288,233.8,434.8,1017,192,0.0315,0.0059,21.61,13.9,32.75,0,0,239,239,165695.65,42914831,1083952.8
"2025-11-01",12,5,"Uber",85719,1260,84459,223.9,487.5,4800,1080,0.0568,0.0128,21.01,14.12,34.75,1490,581,460,460,423996.15,108064873,2978358.63
"2025-11-01",12,6,"Lyft",46365,410,45955,220.8,403,996,165,0.0217,0.0036,19.48,14.47,29.34,0,0,145,145,217810.2,54196764,1360554.56
"2025-11-01",12,6,"Uber",122940,739,122199,210.9,445.7,5295,1080,0.0433,0.0088,19.1,14.63,30.24,2206,1076,357,357,572458.12,140905201,3717294.85
"2025-11-01",12,7,"Lyft",44629,425,44204,237.8,430.8,1192,191,0.027,0.0043,19.14,15.54,30.26,0,0,169,169,221257.44,51243291,1350470.12
"2025-11-01",12,7,"Uber",117338,695,116643,227.8,475.2,6033,1233,0.0517,0.0106,18.65,15.92,31.56,2104,947,314,314,580557.12,131303947,3703148.09
"2025-11-01",13,1,"Lyft",30424,941,29483,213.5,391.9,642,133,0.0218,0.0045,21.78,13.46,32.38,0,0,254,254,148699.29,39762744,985251.46
"2025-11-01",13,1,"Uber",85856,1346,84508,210.7,473.1,4304,878,0.0509,0.0104,21.39,13.75,34.58,1265,436,594,594,420914.06,110172106,2968553.83
"2025-11-01",13,2,"Lyft",30818,907,29911,215.7,397.4,732,168,0.0245,0.0056,22.2,13.47,33.14,0,0,270,270,153566.88,41048694,1021196.49
"2025-11-01",13,2,"Uber",82649,1267,81382,211.5,465.3,3976,938,0.0489,0.0115,21.21,13.73,35.14,1182,312,627,627,400938.63,105156269,2903954.42
"2025-11-01",13,3,"Lyft",32192,969,31223,215.5,403.8,718,107,0.023,0.0034,23.43,12.96,34.16,0,0,291,291,162926.81,45249389,1099572.6
"2025-11-01",13,3,"Uber",85190,1410,83780,211.6,476.5,4246,858,0.0507,0.0102,22.66,13.24,36.94,1276,407,619,619,426109.34,115847778,3147045.28
"2025-11-01",13,4,"Lyft",33293,913,32380,222.4,416.3,929,198,0.0287,0.0061,23.97,13.6,35.26,0,0,248,248,180820.71,47872374,1173834.37
"2025-11-01",13,4,"Uber",84422,1430,82991,215.4,477.7,4511,1031,0.0544,0.0124,23.12,13.77,38.35,1388,538,546,546,448043.44,117093377,3237463.07
"2025-11-01",13,5,"Lyft",34252,665,33587,238.5,444.3,1070,195,0.0319,0.0058,22.15,13.42,33.12,0,0,226,226,169665.54,45512391,1134437.82
"2025-11-01",13,5,"Uber",90502,1141,89361,228.2,499,5458,1252,0.0611,0.014,21.61,13.53,34.81,1713,740,503,503,441136.46,117345979,3150536.53
"2025-11-01",13,6,"Lyft",47436,387,47049,223.6,407.5,1072,182,0.0228,0.0039,20.27,13.95,30.09,0,0,183,183,223495.82,57682417,1427553.66
"2025-11-01",13,6,"Uber",126176,689,125487,213.1,456.2,5780,1232,0.0461,0.0098,19.81,14.05,30.73,2592,1267,325,325,585244.45,150004638,3876871.9
"2025-11-01",13,7,"Lyft",44772,379,44393,238.1,438.9,1396,271,0.0314,0.0061,20.29,14.73,31.08,0,0,193,193,223085.25,54518281,1391456.44
"2025-11-01",13,7,"Uber",120884,720,120162,229,490.7,6851,1521,0.057,0.0127,19.9,15.04,32.22,2539,1261,320,320,603028.4,144299570,3894510
"2025-11-01",14,1,"Lyft",33889,764,33125,227.7,422.7,923,151,0.0279,0.0046,22.8,12.77,33.04,0,0,229,229,164398.66,46363106,1119579.76
"2025-11-01",14,1,"Uber",90769,1122,89647,221.9,496.5,5451,1275,0.0608,0.0142,22.27,12.83,35.22,1454,532,642,642,432346.64,121299285,3196473.75
"2025-11-01",14,2,"Lyft",33488,743,32745,228.9,431.6,1056,228,0.0322,0.007,23.81,12.37,33.72,0,0,224,224,164408.49,47838779,1129121.94
"2025-11-01",14,2,"Uber",90155,1179,88976,221,496.3,5326,1295,0.0599,0.0146,22.7,12.63,36,1492,525,645,645,430655.04,122786043,3245424.09
"2025-11-01",14,3,"Lyft",36075,789,35286,234.5,446.4,1197,216,0.0339,0.0061,25.37,11.68,34.67,0,0,292,292,178144.72,54913977,1250607.54
"2025-11-01",14,3,"Uber",94425,1269,93156,223.8,503.5,5753,1422,0.0618,0.0153,24.24,11.82,37.12,1638,650,598,598,450944.88,137342131,3505201.12
"2025-11-01",14,4,"Lyft",37708,761,36947,240.2,451.9,1326,242,0.0359,0.0065,24.78,12.7,35.51,0,0,273,273,197752.6,56066141,1339126.25
"2025-11-01",14,4,"Uber",93659,1352,92307,225.8,498.3,5554,1303,0.0602,0.0141,23.94,12.69,38.33,1744,766,635,635,474295.63,134529125,3589788.32
"2025-11-01",14,5,"Lyft",37908,606,37302,243.6,459.1,1360,250,0.0365,0.0067,23.96,12.08,33.71,0,0,236,236,182950.84,54505524,1277827.66
"2025-11-01",14,5,"Uber",98899,1039,97860,230.4,498.9,5907,1389,0.0604,0.0142,23.26,12.2,35.41,2187,1024,513,513,467900.37,138024493,3502329.19
"2025-11-01",14,6,"Lyft",47685,295,47390,222.1,413.1,1167,211,0.0246,0.0045,20.93,13.71,30.71,0,0,164,164,228053.76,59872435,1464635.01
"2025-11-01",14,6,"Uber",128798,654,128144,211.3,459.5,6187,1384,0.0483,0.0108,20.56,13.83,31.34,2974,1601,311,311,610273.24,158897848,4037139.42
"2025-11-01",14,7,"Lyft",46973,398,46575,252.9,494.1,2535,624,0.0544,0.0134,20.99,13.96,32.32,0,0,180,180,229417.34,59147178,1518166.17
"2025-11-01",14,7,"Uber",130897,758,130138,247.2,543.1,9990,2546,0.0768,0.0196,20.99,14.14,34.11,2984,1598,291,291,647504.41,164888586,4464581.39
"2025-11-01",15,1,"Lyft",33190,589,32601,229.3,435,1054,238,0.0323,0.0073,24.09,12,34.45,0,0,264,264,159960.36,47978968,1143244.62
"2025-11-01",15,1,"Uber",93852,919,92932,221.9,506,5906,1480,0.0636,0.0159,23.19,12.12,35.52,1729,676,519,519,439526.89,130567374,3333525.67
"2025-11-01",15,2,"Lyft",34023,549,33474,239.6,471.8,1530,301,0.0457,0.009,24.22,11.25,33.64,0,0,244,244,154489.56,49444764,1144537.34
"2025-11-01",15,2,"Uber",96308,944,95364,228.8,516.3,6271,1516,0.0658,0.0159,23.74,11.55,36.29,1796,731,521,521,440140.42,137195707,3494698.84
"2025-11-01",15,3,"Lyft",34854,575,34279,231.5,451.9,1306,256,0.0381,0.0075,25.68,10.95,35.43,0,0,265,265,163300.11,53710520,1235008.92
"2025-11-01",15,3,"Uber",96556,1097,95459,224.3,505.4,6098,1567,0.0639,0.0164,25.29,11.15,37.96,1858,822,490,490,453730.82,146524686,3664918.59
"2025-11-01",15,4,"Lyft",37910,629,37281,242.6,457.1,1386,264,0.0372,0.0071,25.07,12.05,35.62,0,0,259,259,190793.88,57013948,1350260.7
"2025-11-01",15,4,"Uber",101151,1199,99952,228.2,497.8,5978,1382,0.0598,0.0138,24.2,12.15,37.8,2117,1042,591,591,495535.49,146855096,3823754.82
"2025-11-01",15,5,"Lyft",38053,433,37620,241.6,461.3,1506,280,0.04,0.0074,24.13,11.5,34.18,0,0,211,211,175968.77,55103194,1300583.42
"2025-11-01",15,5,"Uber",102136,903,101233,226.6,489.6,5769,1471,0.057,0.0145,23.87,11.53,35.35,2597,1350,378,378,468632.76,146280150,3610569.7
"2025-11-01",15,6,"Lyft",50631,330,50301,219.3,406.5,1153,211,0.0229,0.0042,21.46,13.19,30.87,0,0,193,193,238821.4,65199143,1562914.97
"2025-11-01",15,6,"Uber",135866,619,135247,209.7,452.6,6332,1374,0.0468,0.0102,21.23,13.32,31.51,3323,1826,311,311,640223.43,173090786,4281293.53
"2025-11-01",15,7,"Lyft",47007,314,46693,249,488,2405,566,0.0515,0.0121,21.21,13.5,32.39,0,0,137,137,224311.16,59833737,1522745.64
"2025-11-01",15,7,"Uber",131053,722,130330,240,529.7,9481,2531,0.0727,0.0194,21.51,13.9,34.57,3263,1785,310,310,653161.07,169132009,4530750.39
"2025-11-01",16,1,"Lyft",33263,419,32844,228,426.9,937,163,0.0285,0.005,24.51,11.19,34.15,0,0,172,172,151985.13,48915851,1135909.78
"2025-11-01",16,1,"Uber",98081,837,97244,222.4,496,5781,1416,0.0594,0.0146,23.68,11.42,34.64,2017,895,385,385,441879.47,139336061,3397042.93
"2025-11-01",16,2,"Lyft",35377,460,34917,247.6,519.5,2340,599,0.067,0.0172,24.1,10.3,33.27,0,0,169,169,146377.52,51153192,1176928.55
"2025-11-01",16,2,"Uber",101621,973,100648,234,525.4,7082,1880,0.0704,0.0187,24.78,10.79,37.04,2250,1013,404,404,452710.71,151097786,3764065.09
"2025-11-01",16,3,"Lyft",35740,468,35272,230.1,434.8,1156,218,0.0328,0.0062,25.87,10.27,35.34,0,0,199,199,158247.11,55469199,1263082.89
"2025-11-01",16,3,"Uber",101317,1042,100273,221.9,492.7,5774,1419,0.0576,0.0142,25.87,10.63,37.99,2270,1109,393,393,464519.41,157283506,3849004.86
"2025-11-01",16,4,"Lyft",38995,510,38485,245.7,465.7,1533,276,0.0398,0.0072,24.57,11.38,34.79,0,0,218,218,181711.17,57475719,1356649.19
"2025-11-01",16,4,"Uber",110977,1045,109932,233.2,495.6,6402,1481,0.0582,0.0135,24.6,11.65,36.79,2585,1340,481,481,529912.35,163783088,4083124.33
"2025-11-01",16,5,"Lyft",41275,307,40968,230.4,439.4,1363,269,0.0333,0.0066,23.66,11.23,31.79,0,0,182,182,182852.7,58598569,1312005.77
"2025-11-01",16,5,"Uber",107742,827,106915,222.8,489.7,6147,1477,0.0575,0.0138,23.78,11.39,34.21,2772,1550,384,384,486482.17,153743944,3685496.32
"2025-11-01",16,6,"Lyft",53378,331,53047,225.4,418.1,1380,221,0.026,0.0042,22.44,12.45,31.51,0,0,188,188,248620.93,71878938,1682170.47
"2025-11-01",16,6,"Uber",143624,685,142937,214.7,459.2,6838,1466,0.0478,0.0103,22.2,12.64,32.23,3426,1965,332,332,671515.64,191278014,4629295.62
"2025-11-01",16,7,"Lyft",47066,340,46726,242,464.1,2115,584,0.0453,0.0125,22.07,13.37,33.1,0,0,146,146,231509.29,62316295,1557916.71
"2025-11-01",16,7,"Uber",129451,690,128760,234.6,506.2,8288,2178,0.0644,0.0169,22.19,13.7,34.95,3189,1794,260,260,655718.1,172341236,4524670.57
"2025-11-01",17,1,"Lyft",37974,375,37599,255.1,480.3,1629,252,0.0433,0.0067,22.2,10.72,31.48,0,0,179,179,150686.28,50588426,1195287.57
"2025-11-01",17,1,"Uber",110665,867,109797,242.8,526.6,7737,1883,0.0705,0.0171,22.41,11.23,33.23,2391,1144,319,319,464328.9,148824290,3677643.67
"2025-11-01",17,2,"Lyft",41081,430,40651,276.6,581,3678,991,0.0905,0.0244,22.54,10.03,31.89,0,0,172,172,154697.71,55547480,1309978.15
"2025-11-01",17,2,"Uber",113566,1068,112498,256.6,557.9,9253,2395,0.0823,0.0213,23.66,10.5,36.46,2718,1348,315,315,470069.98,161202762,4140931.72
"2025-11-01",17,3,"Lyft",40723,447,40276,255.3,508,2374,522,0.0589,0.013,24.03,9.9,32.87,0,0,193,193,161460.78,58721210,1338751.09
"2025-11-01",17,3,"Uber",113798,999,112798,242.6,531.3,8010,1900,0.071,0.0168,24.32,10.39,36.14,2662,1238,312,312,479537.96,166085710,4112857.83
"2025-11-01",17,4,"Lyft",45005,451,44554,277.7,559.5,3535,724,0.0793,0.0162,22.64,10.91,32.43,0,0,185,185,185381.24,61146643,1459648.97
"2025-11-01",17,4,"Uber",125462,1079,124383,255.6,543.5,9354,2290,0.0752,0.0184,23.4,11.45,35.83,3068,1638,378,378,559988.8,176134656,4495046.87
"2025-11-01",17,5,"Lyft",48072,353,47719,250.3,493.9,2447,489,0.0513,0.0102,22.38,11.11,30.15,0,0,175,175,199228.49,64545084,1449504.37
"2025-11-01",17,5,"Uber",119568,825,118742,235.9,510.1,7591,1902,0.0639,0.016,22.86,11.32,32.67,3243,1876,274,274,515608.18,164028753,3906557.6
"2025-11-01",17,6,"Lyft",64500,413,64087,247,459.4,2412,430,0.0376,0.0067,22.34,11.92,30.05,0,0,207,207,286299.93,86457584,1938471.72
"2025-11-01",17,6,"Uber",153391,803,152586,231,488.1,8678,1946,0.0569,0.0128,22.25,12.25,32.38,3777,2211,331,331,697154.78,204803060,4966211.38
"2025-11-01",17,7,"Lyft",49927,341,49586,257.1,492.3,2598,706,0.0524,0.0142,21.51,13.08,31.57,0,0,153,153,234156.73,64447740,1575984.12
"2025-11-01",17,7,"Uber",132589,709,131879,249.1,552.3,10761,2980,0.0816,0.0226,22.09,13.68,34.7,3428,2015,267,267,667710.41,175743090,4601270.84
"2025-11-01",18,1,"Lyft",36605,288,36317,232.7,425.6,964,169,0.0265,0.0047,19.15,12.19,29.49,0,0,135,135,142450.78,42060993,1079469.54
"2025-11-01",18,1,"Uber",110827,532,110293,230.2,488.7,6265,1406,0.0568,0.0127,19.86,12.97,31.77,2366,1158,227,227,476055.61,132090825,3520994.33
"2025-11-01",18,2,"Lyft",41804,336,41468,260.6,525.9,2734,627,0.0659,0.0151,19.91,11.21,30.28,0,0,152,152,155426.79,49928003,1265884.48
"2025-11-01",18,2,"Uber",117115,685,116430,243.3,527.7,8207,1931,0.0705,0.0166,20.87,11.73,34.27,2781,1411,221,221,477969.34,146643147,4013798.43
"2025-11-01",18,3,"Lyft",40904,306,40598,238.5,477,2027,451,0.0499,0.0111,20.97,11.2,31.21,0,0,145,145,160156.76,51463287,1276810.19
"2025-11-01",18,3,"Uber",115960,668,115292,229.1,495.5,6815,1549,0.0591,0.0134,21.53,11.94,34.53,2606,1303,250,250,497030.88,149802251,4004344.93
"2025-11-01",18,4,"Lyft",46610,346,46264,263.2,530.2,3090,623,0.0668,0.0135,20.25,11.95,31.16,0,0,188,188,187982.61,56628917,1452582.41
"2025-11-01",18,4,"Uber",130573,741,129832,244.4,517.8,8563,1905,0.066,0.0147,20.99,12.75,34.16,3270,1832,320,320,582473.5,164471809,4460394.04
"2025-11-01",18,5,"Lyft",52408,320,52088,243,463.6,1982,371,0.0381,0.0071,20.49,11.86,28.79,0,0,151,151,212337.87,64429102,1508775.36
"2025-11-01",18,5,"Uber",125918,647,125271,225.9,466.5,6200,1373,0.0495,0.011,20.87,12.46,32.03,3348,2004,231,231,545980.64,157708896,4032698.7
"2025-11-01",18,6,"Lyft",69639,408,69231,253.3,462.7,2485,465,0.0359,0.0067,21.42,11.92,29.2,0,0,187,187,296358.76,89498586,2033741.06
"2025-11-01",18,6,"Uber",163203,718,162485,240.2,502.1,9915,2264,0.061,0.0139,21.68,12.5,32.24,4145,2615,294,294,737554.81,212341314,5261973.18
"2025-11-01",18,7,"Lyft",49611,278,49333,240.5,454.4,2007,499,0.0407,0.0101,19.62,13.75,29.32,0,0,145,145,223015.12,58396798,1454648.72
"2025-11-01",18,7,"Uber",129424,529,128894,237.1,525,9154,2295,0.071,0.0178,20.57,14.49,32.88,3428,2045,218,218,642657.17,159718179,4255998.96
"2025-11-01",19,1,"Lyft",33553,178,33375,204.3,369.7,467,80,0.014,0.0024,17.49,14.85,28.41,0,0,96,96,145279.22,35208986,953258.09
"2025-11-01",19,1,"Uber",99127,312,98815,207.8,457.7,4570,885,0.0462,0.009,17.74,15.67,30.74,1941,837,172,172,459180.84,105514932,3047133.84
"2025-11-01",19,2,"Lyft",39690,244,39446,224.1,437,1501,335,0.0381,0.0085,18.61,13.5,29.04,0,0,114,114,166255.09,44326936,1152652.6
"2025-11-01",19,2,"Uber",110602,394,110208,220.2,494.6,6600,1511,0.0599,0.0137,19.15,14.2,32.34,2365,1186,174,174,501365.32,127106867,3576462.22
"2025-11-01",19,3,"Lyft",41966,205,41761,218.3,424,1250,225,0.0299,0.0054,19.31,13.56,29.88,0,0,101,101,183202.75,48624251,1254124.05
"2025-11-01",19,3,"Uber",117974,374,117600,217.5,497.7,7047,1612,0.0599,0.0137,19.48,14.29,32.33,2507,1287,181,181,547340.69,137897511,3813944.19
"2025-11-01",19,4,"Lyft",44818,225,44593,224.7,426.7,1332,229,0.0299,0.0051,19.47,13.86,30.19,0,0,150,150,201661.97,52369673,1352860.48
"2025-11-01",19,4,"Uber",127620,457,127163,222.7,472.1,6509,1407,0.0512,0.0111,19.8,14.54,32.18,2794,1590,253,253,612024.89,151579342,4106246.02
"2025-11-01",19,5,"Lyft",51716,237,51479,218.6,407.4,1215,211,0.0236,0.0041,19.42,13.18,28.03,0,0,128,128,220612.91,60253797,1449588
"2025-11-01",19,5,"Uber",126631,350,126281,213.4,446.3,5480,1163,0.0434,0.0092,19.12,13.62,29.36,3279,1988,177,177,549757.51,145302884,3718044.91
"2025-11-01",19,6,"Lyft",68412,296,68116,245.4,450.3,2250,380,0.033,0.0056,20.51,12.27,28.39,0,0,146,146,287053.94,84201581,1942433.65
"2025-11-01",19,6,"Uber",173778,513,173263,239.4,498.1,10387,2254,0.0599,0.013,20.65,12.88,29.86,4158,2595,261,261,770136.28,215291055,5188437.48
"2025-11-01",19,7,"Lyft",46953,227,46726,221.6,422.5,1656,466,0.0354,0.01,19.1,15.1,28.76,0,0,110,110,225686.05,53812387,1350206.52
"2025-11-01",19,7,"Uber",121147,399,120747,223.6,518.2,8437,2138,0.0699,0.0177,19.41,15.79,30.89,3276,1940,206,206,618743.03,141105148,3742054.74
"2025-11-01",20,1,"Lyft",30720,125,30595,201.8,368.4,528,114,0.0173,0.0037,17.51,17.16,30.39,0,0,88,88,153844.14,32282898,933694.3
"2025-11-01",20,1,"Uber",94419,238,94181,208.6,487.5,5420,1138,0.0575,0.0121,17.59,17.68,32.75,2031,1095,137,137,489529.6,99669886,3092649.92
"2025-11-01",20,2,"Lyft",36404,182,36222,214.4,403.6,932,186,0.0257,0.0051,18.87,15.71,31.3,0,0,99,99,179875.84,41219306,1139333.29
"2025-11-01",20,2,"Uber",104853,297,104556,216.7,497.5,6515,1485,0.0623,0.0142,19.05,16.53,34.94,2373,1313,131,131,550296.57,119824942,3663134.79
"2025-11-01",20,3,"Lyft",38657,196,38461,207.5,383.8,803,188,0.0209,0.0049,19.12,15.91,31.81,0,0,101,101,195945.33,44349577,1229512.03
"2025-11-01",20,3,"Uber",108752,296,108455,211,488.7,6537,1640,0.0603,0.0151,19.33,16.67,35.46,2490,1476,148,148,583987.72,126099864,3856078.7
"2025-11-01",20,4,"Lyft",42617,213,42404,222,425.2,1302,255,0.0307,0.006,19.85,15.64,32.31,0,0,136,136,220500.97,50757707,1377072.97
"2025-11-01",20,4,"Uber",123305,378,122926,220.9,494.3,7472,1871,0.0608,0.0152,19.98,16.23,34.63,3131,1972,227,227,666242.3,147808132,4270575.71
"2025-11-01",20,5,"Lyft",45959,166,45793,201,366.9,711,168,0.0155,0.0037,18.94,14.51,28.65,0,0,114,114,210549.13,52230437,1316883.56
"2025-11-01",20,5,"Uber",117197,314,116883,199.3,439.2,5431,1427,0.0465,0.0122,18.75,14.89,29.02,3527,2302,142,142,545304.12,131829389,3401531.48
"2025-11-01",20,6,"Lyft",63816,193,63623,231.3,432.8,1969,386,0.0309,0.0061,19.6,13.09,28.46,0,0,121,121,272865.81,75064292,1816500.96
"2025-11-01",20,6,"Uber",167893,362,167529,230.4,500.3,10126,2322,0.0604,0.0139,19.85,13.69,28.8,5030,3454,200,200,760507.12,200005968,4835549.91
"2025-11-01",20,7,"Lyft",43268,141,43127,221.9,428.3,1603,512,0.0372,0.0119,18.62,16.44,29.83,0,0,113,113,220682.03,48336737,1290530.65
"2025-11-01",20,7,"Uber",114247,289,113954,226.8,567,10097,3102,0.0886,0.0272,18.86,16.99,30.12,3582,2307,159,159,610203.42,129277001,3441256.43
"2025-11-01",21,1,"Lyft",30771,118,30653,214.7,394.2,701,138,0.0229,0.0045,17.79,17.89,31.1,0,0,63,63,163188.39,32847143,956970.23
"2025-11-01",21,1,"Uber",88783,176,88606,220,510.6,5890,1243,0.0665,0.014,17.63,18.39,34.16,2107,1211,95,95,479880.27,93930351,3032583.99
"2025-11-01",21,2,"Lyft",37638,168,37470,233.2,459.3,1592,339,0.0425,0.009,18.76,17.06,32.54,0,0,86,86,200822,42366367,1224640.61
"2025-11-01",21,2,"Uber",96531,227,96304,234.4,530.1,6865,1505,0.0713,0.0156,18.71,17.93,38.72,2362,1470,103,103,539769.66,108390102,3737960.24
"2025-11-01",21,3,"Lyft",39360,160,39200,224.9,443.4,1555,351,0.0397,0.009,19.48,17.26,33.48,0,0,91,91,220568.13,45992286,1317837.53
"2025-11-01",21,3,"Uber",101202,231,100969,224,513.7,6719,1576,0.0665,0.0156,19.3,17.96,38.87,2765,1755,120,120,584842.3,117216619,3933620.47
"2025-11-01",21,4,"Lyft",46151,181,45970,245.5,499.2,2569,608,0.0559,0.0132,20.28,16.56,33.63,0,0,124,124,258286.73,56155106,1552013.01
"2025-11-01",21,4,"Uber",116902,342,116560,238.9,538.3,8737,2464,0.075,0.0211,20.16,17.03,37.85,3555,2467,181,181,668867.4,141406755,4424260.58
"2025-11-01",21,5,"Lyft",47767,163,47604,201.4,371.7,935,327,0.0196,0.0069,19.19,15.24,29.33,0,0,97,97,232829.49,55004945,1401087.41
"2025-11-01",21,5,"Uber",110625,268,110356,199.6,449.3,5429,1538,0.0492,0.0139,18.78,15.54,29.87,3555,2425,122,122,538014.96,124628701,3304885.13
"2025-11-01",21,6,"Lyft",65929,188,65741,217,398.4,1448,235,0.022,0.0036,19.79,13.98,29.07,0,0,128,128,304048.32,78278620,1916657.75
"2025-11-01",21,6,"Uber",153986,329,153656,211.6,456.3,7560,1729,0.0492,0.0113,19.75,14.56,29.55,4997,3546,166,166,737800.35,182465438,4550075.26
"2025-11-01",21,7,"Lyft",43693,129,43564,223.7,429.2,1565,445,0.0359,0.0102,17.57,17.3,28.83,0,0,92,92,221408.33,46072013,1259846.44
"2025-11-01",21,7,"Uber",104965,265,104696,225.5,559.2,8944,2680,0.0854,0.0256,17.93,18.1,29.96,3980,2670,100,100,567835.11,112925720,3144765.41
"2025-11-01",22,1,"Lyft",28376,96,28280,231.2,446.8,1217,330,0.043,0.0117,17.9,17.94,30.77,0,0,54,54,151832.31,30469039,873018.14
"2025-11-01",22,1,"Uber",78495,155,78340,232.5,561.5,6704,1863,0.0856,0.0238,17.56,18.25,31.91,2517,1610,86,86,419311.4,82703171,2504403.94
"2025-11-01",22,2,"Lyft",37391,115,37276,263.6,535.7,2707,641,0.0726,0.0172,18.33,16.88,31.5,0,0,68,68,192890.84,41133581,1177711.55
"2025-11-01",22,2,"Uber",92152,172,91979,256.3,578.6,8343,1970,0.0907,0.0214,18.26,17.74,35.57,3074,2043,86,86,497600.12,100951598,3277575.96
"2025-11-01",22,3,"Lyft",37887,119,37768,253.3,561.6,3218,891,0.0852,0.0236,19.35,16.95,33.28,0,0,71,71,207110.64,43989882,1260935.95
"2025-11-01",22,3,"Uber",95665,188,95475,244.9,567.6,8264,2140,0.0866,0.0224,19.35,17.69,38.22,3114,2097,80,80,545636.66,111067257,3656353.39
"2025-11-01",22,4,"Lyft",44728,150,44578,278.9,600.2,4461,1315,0.1001,0.0295,20.17,16.04,33.6,0,0,108,108,241126.88,54127910,1502894.96
"2025-11-01",22,4,"Uber",114424,270,114154,264.4,605.9,11683,3427,0.1023,0.03,20.46,16.8,38.01,4258,3145,124,124,655699.11,140486856,4349672.77
"2025-11-01",22,5,"Lyft",53189,140,53049,226.3,435.4,1895,471,0.0357,0.0089,20.15,15.17,30.61,0,0,83,83,270967.49,64300141,1628061.3
"2025-11-01",22,5,"Uber",119481,251,119229,220.1,499.7,7578,2028,0.0636,0.017,19.42,15.48,30.75,4607,3409,102,102,598777.78,139249793,3674373.94
"2025-11-01",22,6,"Lyft",71927,192,71735,243.5,465.5,2995,597,0.0418,0.0083,20.6,14.36,30.66,0,0,105,105,354635.01,88922960,2205346.37
"2025-11-01",22,6,"Uber",164372,369,164001,239.1,524.6,11478,2868,0.07,0.0175,20.15,14.88,30.96,5846,4371,168,168,821294.92,198710654,5088914.89
"2025-11-01",22,7,"Lyft",40991,140,40851,235.9,465.4,1990,585,0.0487,0.0143,17.71,18.63,29.33,0,0,85,85,225414.81,43547692,1202293.14
"2025-11-01",22,7,"Uber",96320,215,96100,239.8,585.1,9059,2564,0.0943,0.0267,17.46,18.94,29.02,4502,3203,93,93,530941.92,100893689,2795477.52
"2025-11-01",23,1,"Lyft",23036,95,22941,225,434.3,908,192,0.0396,0.0084,17.06,18.56,29.44,0,0,28,28,121581.16,23578373,678215.51
"2025-11-01",23,1,"Uber",63514,100,63414,231,582.7,5925,1453,0.0934,0.0229,17.03,18.86,29.55,2861,1946,48,48,339951.55,64903158,1876904.04
"2025-11-01",23,2,"Lyft",27930,85,27845,232.4,440.1,1077,236,0.0387,0.0085,17.6,18.11,30.21,0,0,40,40,148357.67,29496597,843831.13
"2025-11-01",23,2,"Uber",71323,126,71197,234.9,561.5,6019,1305,0.0845,0.0183,17.29,18.38,30.74,3261,2262,64,64,377687.43,73985563,2192380.57
"2025-11-01",23,3,"Lyft",30188,83,30105,226.8,440.2,1163,269,0.0386,0.0089,18.06,17.64,30.79,0,0,42,42,160327.84,32715461,929432.18
"2025-11-01",23,3,"Uber",78939,154,78785,229.2,545.9,6279,1537,0.0797,0.0195,17.88,18.05,31.6,3439,2428,52,52,424557.63,84698027,2494453.45
"2025-11-01",23,4,"Lyft",41116,134,40982,272.7,574,3617,978,0.0883,0.0239,19.6,16.34,32.37,0,0,94,94,219449.19,48344268,1330897.95
"2025-11-01",23,4,"Uber",100345,220,100125,262.1,613.3,10524,3103,0.1051,0.031,19.64,16.87,33.94,4837,3692,99,99,554209.81,118247980,3406148.02
"2025-11-01",23,5,"Lyft",52799,120,52679,246.6,470.6,2227,450,0.0423,0.0085,19.11,15.63,30.23,0,0,74,74,262764.27,60535719,1595965.35
"2025-11-01",23,5,"Uber",116142,229,115913,235.3,508.1,7614,1873,0.0657,0.0162,18.73,15.88,30.15,5457,4162,57,57,575828.04,130533901,3502174.65
"2025-11-01",23,6,"Lyft",69085,164,68921,285.4,554.9,5266,1198,0.0764,0.0174,20.14,14.45,31.48,0,0,106,106,334998.61,83470093,2174695.66
"2025-11-01",23,6,"Uber",167162,319,166843,284.2,595.2,16256,4001,0.0974,0.024,20.13,15.19,32.23,7133,5516,96,96,852247.67,201926245,5387660.12
"2025-11-01",23,7,"Lyft",34964,127,34837,244.4,541,2806,1061,0.0805,0.0305,17.36,19.86,29.58,0,0,67,67,200890.48,36418490,1034086.77
"2025-11-01",23,7,"Uber",77756,146,77607,246.7,634,8708,2812,0.1122,0.0362,16.97,20.05,28.78,4435,3110,64,64,441121.67,79193908,2237800.69
"2025-12-01",0,1,"Lyft",28992,107,28885,265.3,566.4,2503,911,0.0867,0.0315,16.42,19.81,26.46,0,0,43,43,157231.43,28570651,767180.41
"2025-12-01",0,1,"Uber",60191,130,60050,271,684.9,8350,2405,0.1391,0.04,16.3,20.28,27.85,2974,1953,34,34,331666.09,58876276,1676320.85
"2025-12-01",0,2,"Lyft",24305,88,24217,245.7,548.7,2001,704,0.0826,0.0291,16.76,19.64,29.6,0,0,30,30,133367.65,24446023,719515.67
"2025-12-01",0,2,"Uber",59458,113,59338,256.3,668.7,7681,2289,0.1294,0.0386,16.62,19.78,29.64,2553,1614,42,42,325705.06,59290431,1762579.39
"2025-12-01",0,3,"Lyft",27448,93,27355,238.2,484.9,1669,599,0.061,0.0219,16.78,18.93,29.19,0,0,58,58,145364.26,27638363,801262.07
"2025-12-01",0,3,"Uber",70127,133,69989,249.7,628.1,7843,2030,0.1121,0.029,17.01,19.15,29.82,2895,1895,44,44,380823.24,71572937,2091175.45
"2025-12-01",0,4,"Lyft",25678,68,25610,242.1,462.3,1059,217,0.0414,0.0085,17.18,17.92,28.89,0,0,43,43,131759.49,26472047,741812.57
"2025-12-01",0,4,"Uber",67076,129,66946,258.3,625.6,7413,1760,0.1107,0.0263,17.81,18.72,31.53,2624,1736,47,47,372740.3,71662221,2115181.09
"2025-12-01",0,5,"Lyft",30706,78,30628,290.9,605.9,3151,767,0.1029,0.025,18.18,17.31,33.74,0,0,48,48,161039.6,33493611,1036099.99
"2025-12-01",0,5,"Uber",78446,135,78298,274.9,651.3,9497,2377,0.1213,0.0304,19.81,18.13,39.32,3419,2332,47,47,469469.88,93220950,3084706.6
"2025-12-01",0,6,"Lyft",44948,97,44851,304.7,571.3,3772,654,0.0841,0.0146,17.11,15.34,29.45,0,0,51,51,196618.38,46143748,1323868.26
"2025-12-01",0,6,"Uber",102419,191,102223,289,663.8,13066,3338,0.1278,0.0327,18.83,16.67,33.95,4848,3457,51,51,535899.68,115733057,3476710.15
"2025-12-01",0,7,"Lyft",45149,102,45047,290.4,561.5,3630,851,0.0806,0.0189,17.23,15.5,30.65,0,0,54,54,201006.36,46684137,1383701.15
"2025-12-01",0,7,"Uber",121922,233,121689,304.6,700.9,17675,5013,0.1452,0.0412,19.03,16.17,34.12,5738,4508,62,62,625168.5,139196785,4160274.02
"2025-12-01",1,1,"Lyft",18107,81,18026,248.9,542.4,1467,682,0.0814,0.0378,16.7,21.09,27.87,0,0,30,30,106287.51,18138932,504688.66
"2025-12-01",1,1,"Uber",35786,123,35650,263.8,653.2,4447,1217,0.1247,0.0341,16.1,21.02,28.73,1603,941,24,24,201920.96,34578498,1028195.95
"2025-12-01",1,2,"Lyft",14148,58,14090,230.1,431.7,528,143,0.0375,0.0101,15.53,19.86,26.96,0,0,31,31,72707.52,13179413,381487.04
"2025-12-01",1,2,"Uber",34520,112,34403,249.4,605.9,3549,845,0.1032,0.0246,15.83,20.41,27.75,1491,873,20,20,185853.24,32779353,957839.64
"2025-12-01",1,3,"Lyft",16867,65,16802,218.5,391.9,338,44,0.0201,0.0026,15.32,19.38,26.52,0,0,29,29,83480.2,15507520,447341.54
"2025-12-01",1,3,"Uber",41644,104,41539,234.9,574.2,3647,771,0.0878,0.0186,15.7,19.81,27.65,1664,1030,30,30,215859.6,39227988,1151308.45
"2025-12-01",1,4,"Lyft",17058,57,17001,237.6,498.9,966,210,0.0568,0.0124,15.56,18.93,26.47,0,0,33,33,83735.63,15922179,451487.67
"2025-12-01",1,4,"Uber",44683,101,44578,261.9,638.9,5229,1298,0.1173,0.0291,16.01,19.61,28.46,1751,1171,29,29,233806.02,42929201,1271624.67
"2025-12-01",1,5,"Lyft",20146,62,20084,235.1,479.5,1094,353,0.0545,0.0176,16.87,18.58,29.81,0,0,31,31,105238.91,20386834,600481.14
"2025-12-01",1,5,"Uber",50904,97,50782,248.7,581.6,4658,1079,0.0917,0.0212,17.59,19.22,32.84,2135,1517,27,27,286795.72,53725055,1671628.36
"2025-12-01",1,6,"Lyft",36558,68,36490,289.8,556.8,2804,466,0.0768,0.0128,16.88,16.26,26.79,0,0,42,42,167266.32,37028748,979430.13
"2025-12-01",1,6,"Uber",78609,132,78468,266.3,602.8,7922,1909,0.101,0.0243,17.63,17.2,30.21,3733,2855,37,37,397392.28,83152043,2374499.45
"2025-12-01",1,7,"Lyft",40103,93,40010,277.8,519.6,2356,390,0.0589,0.0097,17.04,16.63,27.66,0,0,60,60,189372.89,41005500,1109113.83
"2025-12-01",1,7,"Uber",96518,158,96356,277.3,619.7,10442,2466,0.1084,0.0256,17.96,17.18,30.35,4499,3521,45,45,496457.75,104021964,2928995.93
"2025-12-01",2,1,"Lyft",12306,109,12197,256.2,482.7,591,109,0.0485,0.0089,16.11,21.06,26.39,0,0,21,21,69607.4,11898610,324704.26
"2025-12-01",2,1,"Uber",24653,226,24414,283,660.5,3146,804,0.1289,0.0329,16.12,21.95,28.8,1022,483,11,11,145361.23,23844683,710026.3
"2025-12-01",2,2,"Lyft",9327,93,9234,238.1,440.9,324,62,0.0351,0.0067,15.22,20.51,26.76,0,0,18,18,48542.67,8519201,249609.78
"2025-12-01",2,2,"Uber",23253,215,23033,269.2,641.9,2794,631,0.1213,0.0274,15.49,21.12,27.4,1023,507,13,13,126815.3,21615131,637061.86
"2025-12-01",2,3,"Lyft",11085,71,11014,229.2,415.7,289,45,0.0262,0.0041,15.25,19.86,26.28,0,0,16,16,55959.54,10141886,291354.41
"2025-12-01",2,3,"Uber",28164,202,27961,254.1,615.7,2979,667,0.1065,0.0239,15.58,20.75,27.67,1124,637,12,12,151779.02,26327345,779175.32
"2025-12-01",2,4,"Lyft",11753,65,11688,248,497,650,138,0.0556,0.0118,15.17,19.24,25.43,0,0,27,27,57169.15,10697571,298833.78
"2025-12-01",2,4,"Uber",30785,149,30635,275.6,668.6,3998,1043,0.1305,0.034,15.38,19.92,26.78,1051,581,12,12,157173.63,28404829,824296.91
"2025-12-01",2,5,"Lyft",13179,82,13097,231.6,454.6,604,164,0.0461,0.0125,16.35,20.02,29.63,0,0,26,26,71890.1,12927625,390517.3
"2025-12-01",2,5,"Uber",33469,175,33276,258.2,594.7,3233,747,0.0972,0.0224,16.61,20.22,30.89,1507,924,14,14,187290.89,33349216,1033808.31
"2025-12-01",2,6,"Lyft",28261,80,28181,287.8,563.2,2279,387,0.0809,0.0137,16.88,17.44,26.59,0,0,25,25,138634.81,28622381,751463.41
"2025-12-01",2,6,"Uber",58223,207,58007,274.2,620.7,6338,1578,0.1093,0.0272,17.35,18.19,29.75,3031,2285,23,23,306201.56,60602843,1731955.6
"2025-12-01",2,7,"Lyft",32733,105,32628,280.9,532.9,2218,427,0.068,0.0131,17.09,17.84,27.05,0,0,35,35,166334.66,33566839,885494.87
"2025-12-01",2,7,"Uber",70919,253,70664,275.1,612,7451,1618,0.1054,0.0229,17.55,18.32,29.77,3499,2653,29,29,379965.65,74676940,2111186.27
"2025-12-01",3,1,"Lyft",9911,615,9296,269.2,506.1,491,100,0.0528,0.0108,17.57,23.24,33.9,0,0,24,24,67435.35,10447251,335975.15
"2025-12-01",3,1,"Uber",22760,1126,21632,302,689.3,3090,779,0.1428,0.036,17.25,24.09,34.71,921,418,8,8,157663.89,23558174,790107.82
"2025-12-01",3,2,"Lyft",8517,448,8069,259.1,474.1,318,53,0.0394,0.0066,16.99,23.01,32.62,0,0,24,24,55493.16,8683831,277840.17
"2025-12-01",3,2,"Uber",20361,841,19518,287.5,661.2,2503,633,0.1282,0.0324,16.84,23.86,33.45,750,322,5,5,136387.04,20573996,681087.26
"2025-12-01",3,3,"Lyft",9744,429,9315,250.5,448.1,331,63,0.0355,0.0068,16.84,22.6,32.01,0,0,17,17,61793.98,9843694,311908.47
"2025-12-01",3,3,"Uber",23110,870,22240,287,661.2,2925,687,0.1315,0.0309,16.56,23.04,32.72,799,353,12,12,146969.72,22964277,756163.83
"2025-12-01",3,4,"Lyft",9658,335,9323,261,492.7,452,82,0.0485,0.0088,16.49,21.65,30.23,0,0,17,17,57469.26,9554318,291931.97
"2025-12-01",3,4,"Uber",24157,801,23356,292,689.8,3238,890,0.1386,0.0381,16.32,22.32,31.39,790,385,13,13,146613.83,23650173,758231.19
"2025-12-01",3,5,"Lyft",10059,357,9702,244.5,442.8,335,73,0.0345,0.0075,16.81,21.27,31.45,0,0,10,10,59949.98,10146285,316360.78
"2025-12-01",3,5,"Uber",25258,858,24400,272.9,633.3,2781,676,0.114,0.0277,17.25,22.2,34.04,1065,617,6,6,161202.53,26137275,859749.44
"2025-12-01",3,6,"Lyft",19830,304,19526,273.1,529.1,1327,228,0.068,0.0117,17.23,18.93,30.05,0,0,19,19,107780.07,20494811,595917.85
"2025-12-01",3,6,"Uber",43680,646,43030,290.3,646.1,5228,1385,0.1215,0.0322,17.58,19.77,31.4,2427,1737,18,18,253105.83,46077892,1371679.31
"2025-12-01",3,7,"Lyft",23906,409,23497,289.7,556.3,1811,369,0.0771,0.0157,17.53,19.11,31.1,0,0,24,24,133494.87,25149259,743396.33
"2025-12-01",3,7,"Uber",54129,902,53226,304.6,674.2,7262,1856,0.1364,0.0349,18.2,19.88,33.04,2840,2066,22,22,326416.53,59121762,1788486.64
"2025-12-01",4,1,"Lyft",14608,1588,13020,327.5,627.4,1514,295,0.1163,0.0227,18.79,23.49,40.38,0,0,24,24,107445.5,16464761,589818.92
"2025-12-01",4,1,"Uber",30645,1959,28686,330.8,736.5,4754,1427,0.1657,0.0497,19.27,24.91,45.23,1136,565,8,8,245078.98,35422572,1386011.08
"2025-12-01",4,2,"Lyft",13370,1307,12063,302.1,586.2,1123,233,0.0931,0.0193,18.47,23.41,38.31,0,0,13,13,96364.61,14817862,512149.65
"2025-12-01",4,2,"Uber",27762,1677,26085,302.8,694.9,3718,1014,0.1425,0.0389,18.73,24.79,42.14,959,487,7,7,214790.69,31195511,1169767.7
"2025-12-01",4,3,"Lyft",13789,1169,12620,294,573.5,1055,221,0.0836,0.0175,17.88,23.71,37.32,0,0,24,24,97435.77,14796798,514651.25
"2025-12-01",4,3,"Uber",29533,1722,27811,304.1,692.9,3942,1119,0.1417,0.0402,18.41,24.85,41.57,967,499,13,13,225195.13,32628750,1227812.25
"2025-12-01",4,4,"Lyft",12131,1002,11129,301.7,596.5,1085,219,0.0975,0.0197,18.12,23.11,37.83,0,0,15,15,84680.56,13190387,458889.51
"2025-12-01",4,4,"Uber",26941,1574,25367,312.9,713.4,3807,1124,0.1501,0.0443,18.26,24.47,41.6,912,487,14,14,200671.36,29523421,1120644.23
"2025-12-01",4,5,"Lyft",12612,1056,11556,298.8,578.8,1024,184,0.0886,0.0159,18.06,22.38,38.24,0,0,19,19,84946.88,13663975,482297.83
"2025-12-01",4,5,"Uber",29098,1762,27336,311.6,703.8,3938,1246,0.1441,0.0456,19.14,23.85,44.84,1157,650,10,10,221446.53,33423785,1304635.05
"2025-12-01",4,6,"Lyft",17010,749,16261,314.6,632.4,1920,433,0.1181,0.0266,17.51,20.26,34.95,0,0,28,28,100574.82,17874220,594414.53
"2025-12-01",4,6,"Uber",36581,1025,35556,324.9,744.4,5862,1852,0.1649,0.0521,18.54,21.56,37.7,2048,1350,15,15,243804.58,40703163,1379082.61
"2025-12-01",4,7,"Lyft",19772,1009,18763,355.3,689.4,2915,733,0.1554,0.0391,17.62,19.86,37.25,0,0,27,27,115348.69,20906384,736499.03
"2025-12-01",4,7,"Uber",45723,1447,44276,361.3,808.5,9158,3042,0.2068,0.0687,19.53,21.58,41.33,2644,1841,15,15,321232.56,53590410,1889829.51
"2025-12-01",5,1,"Lyft",19543,1446,18097,291,551.9,1354,258,0.0748,0.0143,19.83,21.15,39.31,0,0,25,25,136626.15,23257910,768204.48
"2025-12-01",5,1,"Uber",44403,2125,42277,288.3,632.2,4882,1251,0.1155,0.0296,20.19,22.08,43.35,1753,1090,28,28,329960.53,53794075,1924931.15
"2025-12-01",5,2,"Lyft",18726,1350,17376,274.3,523.3,1109,207,0.0638,0.0119,19.31,21.35,36.67,0,0,30,30,128658.29,21693769,686600.56
"2025-12-01",5,2,"Uber",42627,1753,40874,270.3,593,3939,938,0.0964,0.0229,19.2,22.06,39.16,1495,873,29,29,300849.85,49099748,1669465.01
"2025-12-01",5,3,"Lyft",18211,1232,16979,281,533.9,1112,221,0.0655,0.013,18.76,21.7,36.52,0,0,43,43,123578.72,20501880,665087.68
"2025-12-01",5,3,"Uber",42074,1864,40210,275.3,609.3,4164,978,0.1036,0.0243,18.69,22.61,39.34,1400,809,36,36,296410.46,47189618,1655093.46
"2025-12-01",5,4,"Lyft",14939,1018,13921,293.4,573.7,1216,230,0.0874,0.0165,19.27,21.51,38.3,0,0,24,24,103213.36,17271154,572101.52
"2025-12-01",5,4,"Uber",35069,1602,33467,290.2,630.8,3777,902,0.1129,0.027,19.62,22.28,42.17,1337,870,21,21,255493.74,41273751,1478736.06
"2025-12-01",5,5,"Lyft",15396,1052,14344,302.3,579.8,1278,235,0.0891,0.0164,19.08,21.19,38.03,0,0,27,27,103728.06,17621688,585580.85
"2025-12-01",5,5,"Uber",38484,1770,36714,301.4,649.8,4500,1134,0.1226,0.0309,20.28,22.09,43.64,1594,1019,25,25,287250.81,46820461,1679270.65
"2025-12-01",5,6,"Lyft",13989,817,13172,298.2,598.2,1301,328,0.0988,0.0249,18.69,21.24,36.6,0,0,23,23,92581.29,15689417,512018.58
"2025-12-01",5,6,"Uber",32824,1104,31720,297.6,675.4,4226,1245,0.1332,0.0392,19.21,22.12,39.6,1692,1045,6,6,232374.07,37823457,1299698.68
"2025-12-01",5,7,"Lyft",15143,929,14213,307.9,598.5,1401,337,0.0986,0.0237,19.39,20.89,37.91,0,0,23,23,102272.53,17620901,574128.89
"2025-12-01",5,7,"Uber",36138,1467,34671,318.4,708.6,5201,1483,0.15,0.0428,20.26,21.81,41.21,1912,1183,13,13,266034.31,43919585,1489289.3
"2025-12-01",6,1,"Lyft",31112,1148,29964,292.5,559.9,2336,425,0.078,0.0142,19.4,17.46,35.13,0,0,44,44,175616.56,36215857,1093077.18
"2025-12-01",6,1,"Uber",72934,2449,70480,288.7,639,8239,2281,0.1169,0.0324,20.45,18.59,38.97,2865,1847,45,45,462022.67,89486981,2842531.51
"2025-12-01",6,2,"Lyft",31654,1124,30530,277.4,530.1,1934,343,0.0633,0.0112,18.82,17.38,32.12,0,0,40,40,172533.8,35741377,1016721.24
"2025-12-01",6,2,"Uber",73580,2129,71451,273.5,607.7,7351,1954,0.1029,0.0273,19.51,18.19,34.87,2503,1584,42,42,435203.17,86131884,2565877
"2025-12-01",6,3,"Lyft",30083,994,29089,282.8,541.5,1969,333,0.0677,0.0114,18.64,18.09,32.65,0,0,45,45,169052.77,33642433,982170.65
"2025-12-01",6,3,"Uber",70795,2052,68743,273,596.3,6755,1775,0.0983,0.0258,19.37,18.86,36.01,2448,1509,47,47,431135.98,82285165,2548982.12
"2025-12-01",6,4,"Lyft",23093,810,22283,299.5,591,2121,472,0.0952,0.0212,19.12,17.57,34.4,0,0,25,25,129257.9,26490712,794448.26
"2025-12-01",6,4,"Uber",57247,1800,55447,286.2,607,5719,1415,0.1031,0.0255,20.31,18.53,38.43,2149,1405,20,20,359165.52,69776516,2199984.68
"2025-12-01",6,5,"Lyft",23622,900,22722,312.2,607.8,2359,467,0.1038,0.0206,18.26,17.49,34.68,0,0,22,22,125787.6,25885699,819236.28
"2025-12-01",6,5,"Uber",62717,1963,60754,309.8,664.3,7836,2033,0.129,0.0335,20.71,18.78,40.18,2683,1811,25,25,406594.58,77924121,2520101.28
"2025-12-01",6,6,"Lyft",16802,788,16014,317.8,657.6,2107,519,0.1316,0.0324,18.25,20.62,35.47,0,0,22,22,105395.88,18402213,595982.02
"2025-12-01",6,6,"Uber",42963,1100,41863,307.4,697.9,5908,1835,0.1411,0.0438,18.96,21.68,37.94,2402,1517,11,11,294292.12,48865785,1629827.59
"2025-12-01",6,7,"Lyft",15688,815,14873,346.6,698.9,2391,601,0.1608,0.0404,18.21,21.03,36.86,0,0,19,19,100140.54,17139065,578201.23
"2025-12-01",6,7,"Uber",43059,1343,41716,329.3,734.4,6675,2096,0.16,0.0502,19.6,21.86,39.82,2577,1704,13,13,307415.59,50633509,1714653.05
"2025-12-01",7,1,"Lyft",44265,1678,42587,314.8,655.7,5594,1241,0.1314,0.0291,19.57,13.8,32.85,0,0,100,100,199280.54,51973763,1454169.94
"2025-12-01",7,1,"Uber",116546,3060,113486,311.9,669.7,15032,4483,0.1325,0.0395,20.2,14.68,36.09,3686,2184,157,157,576008.98,141249377,4205929.53
"2025-12-01",7,2,"Lyft",47409,1753,45656,296.5,596.1,4450,823,0.0975,0.018,19.02,13.48,30.11,0,0,95,95,202615.35,54111380,1427449.4
"2025-12-01",7,2,"Uber",120057,3074,116983,298.8,648,14244,4019,0.1218,0.0344,19.76,14.16,33.31,3203,1900,172,172,559879.97,142365082,3998949.41
"2025-12-01",7,3,"Lyft",43153,1503,41650,288.7,578.6,3676,691,0.0883,0.0166,18.87,14.39,31,0,0,83,83,195349.69,48854898,1337739.31
"2025-12-01",7,3,"Uber",111518,2881,108637,293.1,625,12188,3186,0.1122,0.0293,19.51,14.79,33.89,3189,1798,154,154,536351.42,130515658,3779599.85
"2025-12-01",7,4,"Lyft",33045,1222,31823,324,636.7,3856,817,0.1212,0.0257,19.44,13.71,32.75,0,0,62,62,146834.72,38544890,1082133.24
"2025-12-01",7,4,"Uber",93571,2327,91244,309.7,645.5,11135,2983,0.122,0.0327,20.33,14.41,35.68,2817,1648,120,120,457087.41,114156312,3338813.45
"2025-12-01",7,5,"Lyft",32100,1386,30714,317.2,639.1,3743,790,0.1219,0.0257,18.06,13.82,33.95,0,0,58,58,133505.7,34785561,1089760.5
"2025-12-01",7,5,"Uber",101132,2437,98695,338.5,718.5,15639,4741,0.1585,0.048,20.4,14.69,37.44,3723,2342,105,105,505093.02,123804537,3786768.35
"2025-12-01",7,6,"Lyft",22251,784,21467,259.5,503.6,1266,357,0.059,0.0166,17.89,19.85,31.81,0,0,36,36,131680.26,23882123,707912.2
"2025-12-01",7,6,"Uber",57021,1050,55971,257.1,586.1,5252,1292,0.0938,0.0231,17.78,20.49,32.57,2568,1576,34,34,346286.85,60835301,1857094.74
"2025-12-01",7,7,"Lyft",19330,722,18608,267.5,546.2,1420,350,0.0763,0.0188,17.22,20.85,32.95,0,0,27,27,115680.92,19977385,636972.57
"2025-12-01",7,7,"Uber",52660,1167,51493,274.9,612.9,5445,1460,0.1057,0.0284,17.76,21.31,34.08,2607,1682,26,26,332168.55,56111457,1794581.91
"2025-12-01",8,1,"Lyft",51623,1655,49968,276.2,568.3,4269,1031,0.0854,0.0206,19.24,12.54,29.79,0,0,145,145,207691.92,59608859,1537689.55
"2025-12-01",8,1,"Uber",149094,3103,145991,278.9,607.4,15094,3932,0.1034,0.0269,19.64,13.25,31.86,3630,1858,341,341,646534.16,175674597,4749903.06
"2025-12-01",8,2,"Lyft",57898,1752,56146,277.1,568,4728,1043,0.0842,0.0186,19.07,12.05,28.21,0,0,172,172,221764.37,66243203,1633102.16
"2025-12-01",8,2,"Uber",151649,3060,148589,265,580.5,13542,3331,0.0911,0.0224,19.37,12.78,31.21,3033,1490,376,376,625848.01,176281067,4733664.71
"2025-12-01",8,3,"Lyft",52980,1568,51412,280.2,572,4430,964,0.0862,0.0188,18.45,12.97,28.82,0,0,147,147,211256.74,58644284,1526957.34
"2025-12-01",8,3,"Uber",139850,3069,136781,269.9,581.8,12504,2856,0.0914,0.0209,18.93,13.61,32.14,3036,1442,325,325,600489.54,158869941,4494995.51
"2025-12-01",8,4,"Lyft",39407,1215,38192,300.6,617.4,4147,906,0.1086,0.0237,19.29,12.21,30.65,0,0,130,130,154678.13,45616584,1207958.44
"2025-12-01",8,4,"Uber",112392,2395,109997,274.5,576.9,9825,2298,0.0893,0.0209,20.05,13.08,34.49,2602,1294,262,262,491234.66,135195456,3876135.92
"2025-12-01",8,5,"Lyft",42156,1316,40840,291.5,576.6,3593,722,0.088,0.0177,17.24,12.38,29.69,0,0,123,123,150014.01,43609848,1251766.18
"2025-12-01",8,5,"Uber",132224,2625,129599,308.1,680.9,17756,5272,0.137,0.0407,19.22,13.39,33.87,3600,2007,218,218,567187.57,152479198,4478400.97
"2025-12-01",8,6,"Lyft",26609,605,26004,238.8,424,716,138,0.0275,0.0053,17.12,18.35,28.94,0,0,61,61,139344.19,27331687,770041.39
"2025-12-01",8,6,"Uber",70136,1040,69096,238.6,528.9,4859,1071,0.0703,0.0155,17.07,19,29.83,2294,1306,87,87,379136.39,71819906,2092032.3
"2025-12-01",8,7,"Lyft",21721,611,21110,241.2,462.4,898,195,0.0425,0.0092,16.84,19.81,31.01,0,0,60,60,120778.7,21945828,673519.59
"2025-12-01",8,7,"Uber",61413,1124,60289,251.4,565,5106,1191,0.0847,0.0198,16.91,20.24,31.58,2209,1286,53,53,350379.96,62309724,1939394.48
"2025-12-01",9,1,"Lyft",47010,1625,45385,227.7,448.1,1814,396,0.04,0.0087,19.09,13.24,28.53,0,0,251,251,198064.08,53842578,1341012.32
"2025-12-01",9,1,"Uber",128663,2780,125883,226.9,503.2,7540,1660,0.0599,0.0132,19.68,13.98,31.15,2413,1012,533,533,589918.51,151891206,4008082.85
"2025-12-01",9,2,"Lyft",52795,1522,51273,231.1,446.5,1900,434,0.0371,0.0085,19.49,12.33,28.22,0,0,244,244,211391.83,61732898,1489906.19
"2025-12-01",9,2,"Uber",135104,2793,132311,225.9,498.5,7600,1610,0.0574,0.0122,19.65,12.96,31,2266,992,516,516,573289.06,159303975,4188700.86
"2025-12-01",9,3,"Lyft",48831,1481,47350,233.6,467.7,2329,617,0.0492,0.013,18.94,13.19,28.8,0,0,208,208,203296.4,55486342,1406396.57
"2025-12-01",9,3,"Uber",125667,2570,123097,228.9,504.8,7487,1514,0.0608,0.0123,19.11,13.72,31.26,2295,923,483,483,548973.18,144077797,3928817.68
"2025-12-01",9,4,"Lyft",36597,1103,35494,235,466.6,1604,378,0.0452,0.0106,19.61,12.62,29.61,0,0,141,141,150967.18,43049465,1083485.19
"2025-12-01",9,4,"Uber",96504,2132,94372,226.5,493.3,5289,1097,0.056,0.0116,20.19,13.45,33.03,1780,730,356,356,436737.72,116918339,3187292.33
"2025-12-01",9,5,"Lyft",41985,1138,40847,237.9,476.5,2065,484,0.0506,0.0118,17.93,12.89,27.49,0,0,161,161,161671.64,45157164,1153967.27
"2025-12-01",9,5,"Uber",114234,2208,112025,232.1,508.3,6954,1549,0.0621,0.0138,18.82,13.9,30.88,2288,1054,353,353,498089.45,128978572,3527993.91
"2025-12-01",9,6,"Lyft",31471,501,30970,235.6,427.9,816,130,0.0263,0.0042,16.82,16.79,27.59,0,0,96,96,148116.01,31759740,868266.1
"2025-12-01",9,6,"Uber",86400,1019,85380,233.5,508.3,5566,1183,0.0652,0.0139,16.93,17.28,28.85,1967,1000,138,138,421176.32,87764903,2493061.39
"2025-12-01",9,7,"Lyft",26512,456,26056,244.4,476.3,1275,306,0.0489,0.0117,16.34,18.21,29.47,0,0,77,77,131483.96,25989384,781326.1
"2025-12-01",9,7,"Uber",77752,985,76767,252,564.1,6553,1675,0.0854,0.0218,16.47,18.67,30.64,1919,1066,104,104,398600.44,76855056,2382008.38
"2025-12-01",10,1,"Lyft",43534,1309,42225,210,387,907,187,0.0215,0.0044,20.12,13.35,29.78,0,0,248,248,194916.09,52553163,1296430.75
"2025-12-01",10,1,"Uber",108517,2167,106349,213.8,482.9,5749,1240,0.0541,0.0117,20.26,14.11,33.47,1616,544,579,579,517027.74,131933631,3631736.66
"2025-12-01",10,2,"Lyft",46984,1282,45702,212.9,385.2,863,153,0.0189,0.0033,20.44,12.43,29.58,0,0,239,239,198943.4,57615967,1389610.5
"2025-12-01",10,2,"Uber",114819,2224,112594,215.5,487.5,6204,1308,0.0551,0.0116,20.41,13.06,33.1,1571,547,638,638,510146.59,140576618,3800025.62
"2025-12-01",10,3,"Lyft",43150,1232,41918,212.2,385.5,794,138,0.0189,0.0033,19.75,13.27,29.49,0,0,228,228,188454.6,51134929,1272661.42
"2025-12-01",10,3,"Uber",107816,2010,105806,214.7,482.4,5649,1181,0.0534,0.0112,19.88,13.8,32.92,1486,468,597,597,493188.72,128612002,3549356.06
"2025-12-01",10,4,"Lyft",32871,917,31954,211.8,385.8,546,92,0.0171,0.0029,20.59,13.14,30.72,0,0,155,155,148195.47,40614605,1009739.59
"2025-12-01",10,4,"Uber",84036,1641,82393,213.8,483.3,4387,856,0.0532,0.0104,20.89,13.78,35,1225,398,472,472,403093.29,105319076,2940868.2
"2025-12-01",10,5,"Lyft",36813,947,35866,212.3,383.9,613,113,0.0171,0.0032,19.39,13.08,28.94,0,0,197,197,155532.87,42818692,1065261.84
"2025-12-01",10,5,"Uber",96518,1679,94839,215.1,477.6,4964,992,0.0523,0.0105,19.92,14.04,32.93,1465,572,460,460,449844.15,115381622,3178430.61
"2025-12-01",10,6,"Lyft",33994,440,33554,232.7,424.8,932,153,0.0278,0.0046,17.24,15.67,27.77,0,0,84,84,153030.45,35163854,944001.98
"2025-12-01",10,6,"Uber",95312,871,94438,229.2,495.4,5680,1130,0.0601,0.012,17.27,16.1,28.89,1708,837,193,193,441856.9,98772638,2753599.83
"2025-12-01",10,7,"Lyft",30728,455,30273,254.4,507.2,1779,396,0.0588,0.0131,16.47,16.79,29.61,0,0,92,92,141602.94,30358093,909864.53
"2025-12-01",10,7,"Uber",92075,984,91091,263.3,583.4,8467,2160,0.093,0.0237,16.75,17.23,30.96,1935,998,157,157,443052.84,92553694,2850309.4
"2025-12-01",11,1,"Lyft",40336,1063,39273,212.7,393.6,910,203,0.0232,0.0052,20.97,13.44,31.23,0,0,261,261,189420.58,50753536,1259587.05
"2025-12-01",11,1,"Uber",103557,1954,101601,218.2,504,6201,1397,0.061,0.0137,20.77,13.79,34.68,1360,413,569,569,494216.37,129046956,3591804.92
"2025-12-01",11,2,"Lyft",43979,1063,42916,214.7,396,957,178,0.0223,0.0041,21.38,12.51,30.97,0,0,280,280,195991.85,56410485,1361834.44
"2025-12-01",11,2,"Uber",109284,1958,107326,219.6,502.8,6470,1406,0.0603,0.0131,20.93,12.85,34.48,1412,463,578,578,489732.46,137214467,3768430.8
"2025-12-01",11,3,"Lyft",41410,1022,40388,215.8,397.7,872,159,0.0216,0.0039,20.85,13.3,31.15,0,0,261,261,191426.26,51798754,1289957.09
"2025-12-01",11,3,"Uber",103868,1829,102038,217.8,501.2,6127,1307,0.06,0.0128,20.53,13.63,34.66,1262,374,595,595,484441.32,127966293,3600345.79
"2025-12-01",11,4,"Lyft",31236,788,30448,214,390.7,603,92,0.0198,0.003,21.54,13.27,32.4,0,0,204,204,148773.26,40366309,1012117.36
"2025-12-01",11,4,"Uber",81603,1454,80148,218.1,489.7,4609,970,0.0575,0.0121,21.41,13.8,36.79,1073,343,455,455,401734.35,104820750,3002266.12
"2025-12-01",11,5,"Lyft",35666,733,34933,224.1,412.8,923,174,0.0264,0.005,20.9,13.13,30.98,0,0,215,215,163202.42,44731861,1105085.16
"2025-12-01",11,5,"Uber",92623,1527,91092,226.8,512.9,5944,1298,0.0653,0.0142,20.79,13.49,34.39,1369,502,401,401,432941.39,115552539,3184865.98
"2025-12-01",11,6,"Lyft",36478,364,36114,241.2,441.5,1154,167,0.032,0.0046,18.38,14.7,28.83,0,0,90,90,164228.81,40231895,1051609.23
"2025-12-01",11,6,"Uber",100471,870,99601,234.5,508.1,6302,1340,0.0633,0.0135,18.47,14.96,30.17,1607,731,190,190,462477.31,111324669,3030947.93
"2025-12-01",11,7,"Lyft",32375,400,31975,254.8,488.2,1534,295,0.048,0.0092,17.3,15.68,30.64,0,0,97,97,146426.19,33610141,992131.43
"2025-12-01",11,7,"Uber",97897,905,96990,262.4,575.7,8697,2165,0.0897,0.0223,17.72,16.31,32.6,1756,805,155,155,471521.96,104059958,3191335.92
"2025-12-01",12,1,"Lyft",40578,1184,39394,226.7,421.8,1177,276,0.0299,0.007,21.23,13.42,32.06,0,0,324,324,192736.46,51684036,1300826.85
"2025-12-01",12,1,"Uber",104486,2048,102438,225.3,506.4,6390,1433,0.0624,0.014,20.86,13.74,34.86,1393,404,682,682,499356.31,130797112,3642250.82
"2025-12-01",12,2,"Lyft",43261,1092,42169,229.2,427.1,1281,267,0.0304,0.0063,21.52,12.73,31.79,0,0,304,304,197469.65,55850570,1375426.57
"2025-12-01",12,2,"Uber",109279,1948,107331,229.3,528.5,7643,1710,0.0712,0.0159,20.98,12.95,34.75,1371,411,679,679,495058.59,137578840,3797308.16
"2025-12-01",12,3,"Lyft",41231,1042,40189,232.2,435,1299,243,0.0323,0.006,21.02,13.35,31.8,0,0,319,319,192802.28,52002908,1311259.28
"2025-12-01",12,3,"Uber",105410,1803,103604,230.4,530.7,7434,1695,0.0718,0.0164,20.65,13.7,34.91,1306,390,695,695,497051.79,130617544,3679898.22
"2025-12-01",12,4,"Lyft",31404,740,30664,231.5,430.3,937,198,0.0306,0.0065,21.62,13.78,33.23,0,0,206,206,155927.68,40739327,1043614.18
"2025-12-01",12,4,"Uber",82199,1450,80747,228.8,521.3,5439,1190,0.0674,0.0147,21.51,13.97,37.17,1099,347,500,500,411854.23,106096301,3055134.41
"2025-12-01",12,5,"Lyft",36030,727,35303,266.3,518.7,2126,385,0.0602,0.0109,20.9,12.92,31.77,0,0,208,208,162163.56,45182274,1144554.88
"2025-12-01",12,5,"Uber",94840,1590,93246,258.4,579.2,8491,2199,0.0911,0.0236,21.31,13.22,35.94,1387,504,444,444,445295.28,121290631,3408293.77
"2025-12-01",12,6,"Lyft",36503,356,36147,254,474.5,1522,251,0.0421,0.0069,19.03,14.01,29.53,0,0,116,116,162192.98,41686506,1077931.74
"2025-12-01",12,6,"Uber",102370,868,101502,243.2,528.6,7179,1619,0.0707,0.016,19.17,14.18,30.88,1682,760,204,204,463880.55,117747304,3161560.04
"2025-12-01",12,7,"Lyft",32958,337,32621,260.9,488.8,1510,254,0.0463,0.0078,18.27,15.03,31.28,0,0,114,114,150819.93,36125856,1030923.46
"2025-12-01",12,7,"Uber",98074,836,97233,266.6,587.5,9153,2325,0.0941,0.0239,18.37,15.56,32.81,1610,665,194,194,467149.82,108104840,3217545.1
"2025-12-01",13,1,"Lyft",41826,988,40838,230.1,426.7,1140,219,0.0279,0.0054,21.73,13.38,32.71,0,0,301,301,202771.9,54544953,1367932.08
"2025-12-01",13,1,"Uber",108201,1970,106229,229.5,523.3,7365,1665,0.0693,0.0157,21.19,13.52,35.03,1591,482,699,699,516495.63,137554420,3790263.13
"2025-12-01",13,2,"Lyft",44300,1006,43294,232.9,436.6,1347,306,0.0311,0.0071,22.15,12.45,32.21,0,0,314,314,203666.34,58873900,1427025.41
"2025-12-01",13,2,"Uber",114841,1809,113030,232.7,536.8,8402,2075,0.0743,0.0184,21.61,12.59,34.82,1617,492,705,705,520821.24,148878613,3998271.09
"2025-12-01",13,3,"Lyft",42582,996,41586,240.5,449.8,1434,301,0.0345,0.0072,21.99,13.17,32.92,0,0,344,344,205544.4,56188547,1401755.8
"2025-12-01",13,3,"Uber",109840,1791,108048,237.6,550.9,8598,2066,0.0796,0.0191,21.45,13.29,35.2,1537,501,673,673,521799.13,141384234,3866508.92
"2025-12-01",13,4,"Lyft",32931,662,32269,235,445.3,1099,206,0.0341,0.0064,22.38,13.39,33.8,0,0,207,207,164557.59,44228249,1113017.89
"2025-12-01",13,4,"Uber",87004,1466,85537,233,528.1,6068,1455,0.0709,0.017,22.53,13.63,38.06,1178,404,548,548,445231.84,117586361,3311137.08
"2025-12-01",13,5,"Lyft",36078,668,35410,273.4,535.9,2461,567,0.0695,0.016,21.61,12.63,32.91,0,0,237,237,164194.04,46789422,1187247.59
"2025-12-01",13,5,"Uber",99309,1391,97914,261.9,589.2,9336,2289,0.0953,0.0234,21.88,12.87,35.47,1758,729,501,501,465911.71,130361663,3522575.35
"2025-12-01",13,6,"Lyft",37163,289,36874,249.2,473.3,1562,256,0.0424,0.0069,19.62,13.48,30.04,0,0,101,101,163874.2,43749137,1116531.99
"2025-12-01",13,6,"Uber",105833,799,105031,242.3,538.4,7767,1862,0.0739,0.0177,19.94,13.8,31.45,1827,821,234,234,485527.7,126625012,3328808.69
"2025-12-01",13,7,"Lyft",34131,318,33813,263.8,496.9,1683,277,0.0498,0.0082,18.93,14.57,31.35,0,0,135,135,156873.73,38772246,1070038.62
"2025-12-01",13,7,"Uber",101257,807,100446,268,592.7,9653,2400,0.0961,0.0239,19.32,15.09,32.69,1838,812,192,192,491978.93,117374496,3309768.39
"2025-12-01",14,1,"Lyft",45796,885,44911,253.5,491,2186,431,0.0487,0.0096,22.84,12.49,33.43,0,0,335,335,217854.31,62772348,1530744.91
"2025-12-01",14,1,"Uber",118768,1792,116975,247.3,568.4,10127,2729,0.0866,0.0233,22.03,12.56,35.44,1873,625,715,715,547625.22,156974469,4209249.23
"2025-12-01",14,2,"Lyft",49676,850,48826,262.3,508.6,2824,542,0.0578,0.0111,23.17,11.43,32.44,0,0,290,290,219326.79,69058412,1611249.59
"2025-12-01",14,2,"Uber",129011,1810,127197,258.2,591.6,12248,3274,0.0963,0.0257,22.75,11.57,35.04,1993,753,700,700,565675.55,176081790,4521068.03
"2025-12-01",14,3,"Lyft",46598,769,45829,261.9,503.3,2438,418,0.0532,0.0091,23.59,12.19,33.57,0,0,318,318,223293.66,65951794,1564264.12
"2025-12-01",14,3,"Uber",120212,1672,118540,250,577.1,10695,2635,0.0902,0.0222,23.11,12.11,36.39,1933,748,728,728,560548.91,166696335,4374285.3
"2025-12-01",14,4,"Lyft",36421,590,35831,257.8,498.5,1948,370,0.0544,0.0103,24.15,12.07,34.41,0,0,224,224,176947.37,52781379,1253365.87
"2025-12-01",14,4,"Uber",95861,1389,94470,252.5,574.8,8495,2188,0.0899,0.0232,24.35,12.13,38.77,1606,673,585,585,471833.08,140049576,3716763.34
"2025-12-01",14,5,"Lyft",38607,547,38060,282,561,3018,613,0.0793,0.0161,23.25,11.44,33.45,0,0,220,220,171158.13,53858270,1291467.73
"2025-12-01",14,5,"Uber",106870,1298,105559,271.9,598.2,10452,2773,0.099,0.0263,23.59,11.6,36.07,2129,974,472,472,487239.3,151276969,3855067.4
"2025-12-01",14,6,"Lyft",37883,300,37583,246.9,462.5,1373,259,0.0365,0.0069,20.25,13.47,30.92,0,0,148,148,172272.39,46036743,1171170.97
"2025-12-01",14,6,"Uber",108867,766,108098,240.6,537.7,8027,1752,0.0743,0.0162,20.63,13.68,32.08,2123,1056,219,219,512234.08,134753685,3492952.02
"2025-12-01",14,7,"Lyft",34844,275,34569,275.5,532.1,2268,401,0.0656,0.0116,20.23,14.09,32.44,0,0,132,132,165461.02,42283719,1130295.84
"2025-12-01",14,7,"Uber",103434,769,102652,273.5,602.7,10358,2640,0.1009,0.0257,20.59,14.49,33.65,2008,934,198,198,514425.31,127804357,3480287.36
"2025-12-01",15,1,"Lyft",45129,678,44451,261.6,524.7,2858,597,0.0643,0.0134,23.76,11.57,34.24,0,0,314,314,206764.13,64335331,1545024.79
"2025-12-01",15,1,"Uber",122913,1439,121470,253.4,585.5,11338,2958,0.0933,0.0244,23.21,11.72,35.96,2212,880,617,617,557414.26,171182799,4419612.86
"2025-12-01",15,2,"Lyft",51223,750,50473,278,564.3,4138,976,0.082,0.0193,23.75,10.51,32.79,0,0,287,287,213067.43,73005229,1679632.85
"2025-12-01",15,2,"Uber",132458,1482,130972,263.6,610.3,13628,3832,0.1041,0.0293,24.01,10.83,36.61,2317,958,569,569,573996.26,190850858,4848865.68
"2025-12-01",15,3,"Lyft",47682,592,47090,273.2,546.2,3491,786,0.0741,0.0167,24.21,11.21,34.22,0,0,300,300,215778.01,69266950,1631766.28
"2025-12-01",15,3,"Uber",126956,1475,125480,256.6,591,12061,3286,0.0961,0.0262,24.25,11.29,37.45,2254,991,613,613,579204.44,184754635,4754823.95
"2025-12-01",15,4,"Lyft",37159,478,36681,270.7,540.8,2712,708,0.0739,0.0193,24.91,11.19,35.71,0,0,230,230,172704.6,55548026,1327010.39
"2025-12-01",15,4,"Uber",101040,1243,99797,256.6,584.8,9300,2480,0.0932,0.0249,25.53,11.31,40.08,1902,869,458,458,486103.08,154783964,4049925.88
"2025-12-01",15,5,"Lyft",39723,452,39270,279.7,581.1,3586,874,0.0913,0.0223,22.76,10.89,33.11,0,0,205,205,164009.95,54237997,1315352.09
"2025-12-01",15,5,"Uber",110560,1152,109392,263.9,593.2,10611,3028,0.097,0.0277,24.28,11.19,37.37,2329,1111,369,369,500777.91,161091813,4131568.73
"2025-12-01",15,6,"Lyft",39594,277,39317,249.4,490.5,2064,473,0.0525,0.012,21.29,12.82,31.72,0,0,130,130,180053.35,50568305,1255847.5
"2025-12-01",15,6,"Uber",114902,761,114138,240.4,538.4,8553,2015,0.0749,0.0177,21.62,13.02,32.83,2282,1135,258,258,539192.52,149084116,3771815.38
"2025-12-01",15,7,"Lyft",35891,285,35606,272.2,524.5,2185,421,0.0614,0.0118,20.38,13.7,32.53,0,0,123,123,167027.69,43888288,1167701.67
"2025-12-01",15,7,"Uber",106044,834,105199,269.3,603.5,10638,2736,0.1011,0.026,20.93,14.17,33.7,2297,1136,219,219,524243.31,133153908,3573737.3
"2025-12-01",16,1,"Lyft",45885,486,45399,262.4,528.5,3075,714,0.0677,0.0157,23.73,10.73,33.15,0,0,238,238,194765.02,65336465,1521194.5
"2025-12-01",16,1,"Uber",128403,1358,127040,257.1,600.4,12685,3517,0.0999,0.0277,23.83,11.05,35.46,2470,1042,461,461,563567.44,183589915,4553439.74
"2025-12-01",16,2,"Lyft",50282,576,49706,268.8,525.7,3205,670,0.0645,0.0135,23.17,10.04,32.14,0,0,225,225,195036.35,69899388,1616004.02
"2025-12-01",16,2,"Uber",134746,1524,133220,261.1,595.1,12985,3306,0.0975,0.0248,23.94,10.55,36.18,2594,1104,442,442,567208.68,193570276,4875777.73
"2025-12-01",16,3,"Lyft",48698,491,48207,267.1,531.6,3317,894,0.0688,0.0185,23.55,10.57,33.17,0,0,263,263,202034.88,68811669,1615314.53
"2025-12-01",16,3,"Uber",133387,1419,131965,255.1,583.6,12272,3210,0.093,0.0243,24.6,10.78,37.32,2613,1111,469,469,589704.19,196891534,4978304.85
"2025-12-01",16,4,"Lyft",38244,398,37846,273.3,561.7,3094,771,0.0818,0.0204,23.57,10.36,33.54,0,0,202,202,155616.04,54083131,1282844.02
"2025-12-01",16,4,"Uber",106129,1226,104895,259.9,589.1,10014,2547,0.0955,0.0243,25.7,10.84,40.03,2259,1020,403,403,492698.43,163656691,4248676.73
"2025-12-01",16,5,"Lyft",45626,418,45208,284,606.8,4651,1261,0.1029,0.0279,22.19,10.71,29.81,0,0,185,185,180657.57,60744865,1359936.89
"2025-12-01",16,5,"Uber",116696,1199,115475,264.9,591.7,11051,2867,0.0957,0.0248,23.47,11.07,35.59,2695,1373,300,300,505338.37,164321801,4153024.49
"2025-12-01",16,6,"Lyft",41550,332,41218,267.9,557.8,3369,875,0.0817,0.0212,22.09,12,32.56,0,0,120,120,183508.41,55067617,1353045.64
"2025-12-01",16,6,"Uber",119295,857,118436,252,568.3,10286,2422,0.0868,0.0204,22.91,12.36,34.65,2537,1359,205,205,563025.97,164005655,4133846.18
"2025-12-01",16,7,"Lyft",36067,285,35782,283.6,549.2,2662,587,0.0744,0.0164,20.83,13.1,33.41,0,0,130,130,164074.92,45073076,1205044.81
"2025-12-01",16,7,"Uber",108714,771,107928,281.1,628.2,12150,3091,0.1126,0.0286,21.51,13.7,34.92,2259,1145,202,202,533873.46,140274927,3796571.59
"2025-12-01",17,1,"Lyft",51272,474,50798,283.1,578.2,4530,1110,0.0892,0.0219,21.24,10.6,30.82,0,0,238,238,192324.09,65327699,1580393.17
"2025-12-01",17,1,"Uber",141232,1387,139845,270.4,610.7,14574,4034,0.1042,0.0288,22.35,11.13,34.35,3056,1379,363,363,585401.39,189349879,4850890.7
"2025-12-01",17,2,"Lyft",55202,523,54679,283.6,588.4,5158,1336,0.0943,0.0244,21.38,10.1,30.86,0,0,217,217,198652.85,70806296,1703688.04
"2025-12-01",17,2,"Uber",148606,1550,147055,270.9,603.9,14961,3998,0.1017,0.0272,22.58,10.72,35.92,3121,1369,300,300,599533.1,201364700,5338051.23
"2025-12-01",17,3,"Lyft",55273,501,54772,292,626.5,6128,1813,0.1119,0.0331,21.45,10.37,31.06,0,0,208,208,204940.11,71132658,1716906.92
"2025-12-01",17,3,"Uber",151206,1471,149734,273.7,618.5,16115,4337,0.1076,0.029,23.32,10.76,37.15,3254,1506,400,400,632164.65,211591720,5617738.61
"2025-12-01",17,4,"Lyft",43715,405,43310,301.4,658,5476,1596,0.1264,0.0369,22.03,9.91,32.31,0,0,187,187,159152.62,57794956,1412223.65
"2025-12-01",17,4,"Uber",119335,1262,118059,279.2,625.9,13141,3433,0.1113,0.0291,24.43,10.75,39.85,2718,1285,282,282,522367.44,174893635,4755625.71
"2025-12-01",17,5,"Lyft",51959,434,51525,301.6,616.5,5601,1273,0.1087,0.0247,20.97,10.81,28.63,0,0,165,165,196215.71,65367535,1487803.45
"2025-12-01",17,5,"Uber",129217,1165,128041,274.1,602,12887,3485,0.1006,0.0272,22.25,11.36,34.13,2997,1503,252,252,544380.6,172503626,4409912.89
"2025-12-01",17,6,"Lyft",49763,381,49382,288,572.8,4281,1066,0.0867,0.0216,21.37,11.55,29.6,0,0,132,132,204746.69,63820671,1473147.13
"2025-12-01",17,6,"Uber",127382,914,126467,265.6,588.5,11963,3030,0.0946,0.024,22.5,12.13,34.33,2816,1560,264,264,579607.84,171959982,4372559.97
"2025-12-01",17,7,"Lyft",40220,304,39916,289.5,568.9,3394,827,0.085,0.0207,20.31,12.84,30.81,0,0,131,131,174729.45,49008522,1239360.49
"2025-12-01",17,7,"Uber",111340,769,110558,291.1,660.1,13960,3877,0.1263,0.0351,21.11,13.7,34.29,2534,1370,192,192,536461.61,140991058,3817649.89
"2025-12-01",18,1,"Lyft",49968,352,49616,252.4,498.4,2760,623,0.0556,0.0126,18.52,11.86,28.19,0,0,158,158,182924.36,55534950,1408779.52
"2025-12-01",18,1,"Uber",140687,796,139881,251.5,565.1,11827,2859,0.0846,0.0204,19.67,12.62,31.57,2630,1209,255,255,581857.61,166028532,4441851.47
"2025-12-01",18,2,"Lyft",55072,384,54688,257.5,525.7,3689,908,0.0675,0.0166,19.21,11.34,29.16,0,0,153,153,199981.72,63463452,1606007.52
"2025-12-01",18,2,"Uber",149782,979,148803,251.4,567.1,12708,3168,0.0854,0.0213,20.15,12.07,33.32,2832,1240,283,283,607171.41,181087126,4990971.04
"2025-12-01",18,3,"Lyft",58993,504,58488,278.7,582.7,5365,1506,0.0917,0.0257,19.2,11.36,29.81,0,0,195,195,214457.66,67961835,1758745.15
"2025-12-01",18,3,"Uber",163058,1276,161780,262.7,600,16121,4056,0.0996,0.0251,20.94,11.98,35.47,3408,1640,332,332,681734.42,204829695,5784279.29
"2025-12-01",18,4,"Lyft",45168,325,44843,286.3,612.9,4750,1273,0.1059,0.0284,19.87,10.68,31.24,0,0,149,149,159726.42,53859621,1411056.85
"2025-12-01",18,4,"Uber",125335,993,124319,267.3,589.9,11816,2917,0.095,0.0235,21.98,11.91,38.1,2685,1204,252,252,546917.14,165285128,4775502.1
"2025-12-01",18,5,"Lyft",54608,385,54223,287.2,572.8,4649,959,0.0857,0.0177,19.64,11.36,28.41,0,0,139,139,202997.45,64344091,1551373.34
"2025-12-01",18,5,"Uber",136296,896,135393,263.7,566,11465,2657,0.0847,0.0196,20.58,12.17,33.45,3080,1650,223,223,569018.06,168328481,4559382.5
"2025-12-01",18,6,"Lyft",53758,389,53369,288.5,555.3,4162,944,0.078,0.0177,20.74,11.76,29.47,0,0,137,137,218500.88,66895159,1584223
"2025-12-01",18,6,"Uber",134787,790,133996,273.8,604.4,13628,3449,0.1017,0.0257,21.94,12.39,33.97,2967,1764,245,245,610431.43,177416425,4579325.49
"2025-12-01",18,7,"Lyft",41425,291,41134,272.5,514.1,2431,569,0.0591,0.0138,19.21,13.35,27.93,0,0,123,123,177093.6,47742622,1157089.89
"2025-12-01",18,7,"Uber",110547,591,109945,275.7,635,12607,3342,0.1147,0.0304,19.9,14.25,31.23,2681,1487,197,197,522431.38,131999275,3452282.67
"2025-12-01",19,1,"Lyft",45991,287,45704,217.6,407.1,1179,249,0.0258,0.0054,17.16,14.07,26.75,0,0,175,175,185059.83,47355671,1230144.04
"2025-12-01",19,1,"Uber",128548,441,128106,225.7,526.6,9044,2107,0.0706,0.0164,17.93,14.91,29.94,2576,1232,194,194,572817.69,138310836,3848116
"2025-12-01",19,2,"Lyft",50222,266,49956,219.7,421,1598,379,0.032,0.0076,18.29,13.66,28.14,0,0,137,137,209111.94,55114504,1413334.96
"2025-12-01",19,2,"Uber",139872,614,139254,224.9,516.8,9200,2042,0.0661,0.0147,18.69,14.36,31.45,2745,1251,211,211,625869.16,156848998,4399460.8
"2025-12-01",19,3,"Lyft",61292,391,60901,254,511.3,3636,817,0.0597,0.0134,18.41,13.14,28.51,0,0,182,182,247184.28,67706707,1747401.91
"2025-12-01",19,3,"Uber",168209,996,167212,247.9,565.8,14177,3127,0.0848,0.0187,19.4,13.97,32.43,3486,1847,267,267,759854.13,195794521,5455635.64
"2025-12-01",19,4,"Lyft",46285,255,46030,247.7,505.4,2844,698,0.0618,0.0152,19.16,12.66,29.71,0,0,134,134,187113.37,53208333,1375342.91
"2025-12-01",19,4,"Uber",125981,577,125383,242.3,543.3,9625,2103,0.0768,0.0168,20.29,13.94,34.46,2760,1421,212,212,593985.44,153394810,4340784.45
"2025-12-01",19,5,"Lyft",57866,276,57590,271.6,520.5,3515,617,0.061,0.0107,19.2,12.32,26.64,0,0,133,133,228060.51,66652291,1541571.93
"2025-12-01",19,5,"Uber",140726,596,140119,256.2,558.3,11478,2606,0.0819,0.0186,19.28,13.05,29.89,3289,1877,185,185,590110.7,162762512,4206462.88
"2025-12-01",19,6,"Lyft",54991,290,54701,270.4,513,3136,661,0.0573,0.0121,19.96,12.12,28.44,0,0,137,137,221763.46,65843386,1563924.54
"2025-12-01",19,6,"Uber",141958,558,141397,268.2,590,13507,3367,0.0955,0.0238,20.81,12.73,31.51,3319,2023,184,184,626666.92,177228600,4472881.84
"2025-12-01",19,7,"Lyft",41886,183,41703,256.3,488.4,2204,554,0.0528,0.0133,18.6,14.35,26.81,0,0,100,100,186299.25,46746946,1122969.98
"2025-12-01",19,7,"Uber",107540,463,107065,265.4,623.2,11801,3139,0.1102,0.0293,19.07,15.19,29.54,2822,1631,159,159,519363.57,123075620,3177141.69
"2025-12-01",20,1,"Lyft",40784,198,40585,213.7,407.6,1258,344,0.031,0.0085,17.28,16.1,28.75,0,0,109,109,189069.03,42287487,1172683.36
"2025-12-01",20,1,"Uber",119693,364,119326,225.8,549,9489,2342,0.0795,0.0196,17.78,16.94,32.74,2515,1349,158,158,601034.45,127716496,3918987.92
"2025-12-01",20,2,"Lyft",44084,203,43881,216.2,429.6,1737,568,0.0396,0.0129,18.56,15.96,31,0,0,112,112,217653.39,49090759,1366796.54
"2025-12-01",20,2,"Uber",131056,443,130609,228.1,546.9,10243,2668,0.0784,0.0204,19.07,16.71,36.11,2533,1432,152,152,695880.31,149925739,4731941.49
"2025-12-01",20,3,"Lyft",60449,360,60089,251.9,504.3,3408,712,0.0567,0.0118,18.7,14.94,30.7,0,0,139,139,281555.43,67839876,1856048.14
"2025-12-01",20,3,"Uber",163908,790,163117,248.2,569.1,14198,3386,0.087,0.0208,19.29,16.02,35.56,3504,2109,205,205,844164.7,189676046,5828404.36
"2025-12-01",20,4,"Lyft",43278,187,43091,235.9,484.3,2337,595,0.0542,0.0138,19.82,14.86,32.18,0,0,111,111,212520.79,51473272,1392875.94
"2025-12-01",20,4,"Uber",120759,466,120279,239.2,565.6,10321,2373,0.0858,0.0197,20.82,16,38.32,2709,1634,193,193,670453.75,150856133,4627391.26
"2025-12-01",20,5,"Lyft",54590,205,54385,252,480.9,2637,590,0.0485,0.0108,19.35,13.11,27.1,0,0,83,83,230831.36,63365697,1479519.17
"2025-12-01",20,5,"Uber",127816,398,127408,239.5,551,10223,2714,0.0802,0.0213,19.04,13.82,29.04,3000,1827,136,136,560726.92,146022862,3711697.86
"2025-12-01",20,6,"Lyft",53053,182,52871,251.2,474.8,2314,518,0.0438,0.0098,19.44,13.12,27.71,0,0,98,98,225570.42,61892016,1469992
"2025-12-01",20,6,"Uber",133618,411,133203,250.2,570.3,11692,2759,0.0878,0.0207,20,13.61,29.05,3334,2112,172,172,606018.6,160337515,3882093.64
"2025-12-01",20,7,"Lyft",39296,153,39143,250.5,482.4,1897,414,0.0485,0.0106,18.17,15.54,27.82,0,0,85,85,184879.12,42838928,1093245.5
"2025-12-01",20,7,"Uber",100192,334,99847,264.6,649.9,12000,3231,0.1202,0.0324,18.56,16.16,28.87,2760,1729,132,132,500809.16,111598427,2892250.59
"2025-12-01",21,1,"Lyft",38893,202,38691,229,469.1,2004,619,0.0518,0.016,17.39,17.2,30.78,0,0,93,93,193960.92,40586345,1196938.04
"2025-12-01",21,1,"Uber",110712,305,110401,241.3,586.5,10381,2996,0.094,0.0271,17.77,18.06,36.12,2545,1505,123,123,592139.08,118032440,3999398.38
"2025-12-01",21,2,"Lyft",43191,211,42980,241.1,540,3277,977,0.0762,0.0227,18.25,16.96,33.48,0,0,123,123,222843.82,47302654,1445856.17
"2025-12-01",21,2,"Uber",122634,387,122239,249.1,577.3,11066,2933,0.0905,0.024,19.12,18.11,43.44,2692,1581,122,122,707639.12,140662854,5326995.73
"2025-12-01",21,3,"Lyft",60464,326,60138,272.3,580.4,5391,1177,0.0896,0.0196,18.71,15.8,32.71,0,0,128,128,297924.41,67871352,1978066.76
"2025-12-01",21,3,"Uber",156146,732,155413,266.1,602.9,15713,3797,0.1011,0.0244,19.47,17.04,40.84,3839,2632,240,240,863553.96,182402696,6377034.55
"2025-12-01",21,4,"Lyft",42340,178,42162,265.3,602.2,4247,1327,0.1007,0.0315,20.09,15.72,35.21,0,0,99,99,222908.26,51042649,1490644.93
"2025-12-01",21,4,"Uber",114497,487,113990,265.9,624.4,12556,3234,0.1102,0.0284,21.74,17.23,47.42,2813,1804,145,145,714554.92,149323523,5429334.56
"2025-12-01",21,5,"Lyft",53410,192,53218,243.6,483.2,2790,726,0.0524,0.0136,19.31,14.13,28.26,0,0,99,99,242875.45,61865708,1509496.42
"2025-12-01",21,5,"Uber",118095,388,117695,232.8,547,9307,2260,0.0791,0.0192,18.97,14.72,30.66,3338,2171,129,129,549643.07,134419979,3620299.54
"2025-12-01",21,6,"Lyft",53443,166,53277,240.3,455.2,2126,545,0.0399,0.0102,19.55,14.01,28.14,0,0,96,96,243904.79,62678493,1503764.17
"2025-12-01",21,6,"Uber",125990,335,125648,239.2,553.4,10124,2423,0.0806,0.0193,19.53,14.39,29.01,3366,2220,134,134,590417.22,147665789,3654836.46
"2025-12-01",21,7,"Lyft",38190,127,38063,252.1,492.2,1954,388,0.0513,0.0102,17.46,16.3,27.2,0,0,80,80,181129.37,40001406,1038658.92
"2025-12-01",21,7,"Uber",91518,217,91288,264.9,659.8,11380,3162,0.1247,0.0346,17.8,17,28.27,2866,1822,95,95,461531.92,97755235,2586894.27
"2025-12-01",22,1,"Lyft",35763,150,35613,246.2,496.4,2173,752,0.061,0.0211,17.55,17.8,30.94,0,0,80,80,186180.54,37649975,1106577.9
"2025-12-01",22,1,"Uber",103085,217,102862,256.3,635.9,11867,3332,0.1154,0.0324,17.5,18.28,32.96,3110,2008,100,100,549551.47,108212260,3397352.54
"2025-12-01",22,2,"Lyft",41607,187,41420,251.2,516.6,2711,673,0.0655,0.0162,18,17.26,32.98,0,0,80,80,215454.77,44947961,1372252.93
"2025-12-01",22,2,"Uber",115446,283,115159,258.8,610.2,11969,2991,0.1039,0.026,18.68,18.28,39.64,3408,2297,108,108,657267.38,129409329,4576136.1
"2025-12-01",22,3,"Lyft",57401,262,57139,288.8,613.9,6099,1536,0.1067,0.0269,18.44,15.82,32.87,0,0,104,104,279217.55,63523797,1886764.05
"2025-12-01",22,3,"Uber",147982,568,147412,279.8,635.4,17043,4331,0.1156,0.0294,19.43,17.25,40.76,4725,3350,143,143,826918.61,172524368,6032324.86
"2025-12-01",22,4,"Lyft",41270,151,41119,286.8,587,3823,988,0.093,0.024,19.3,15.41,37.03,0,0,81,81,204671.25,47799352,1528160.17
"2025-12-01",22,4,"Uber",113164,370,112763,302.8,706.8,16758,4771,0.1486,0.0423,22,17.48,52.97,3670,2612,115,115,725342.67,149407758,5993758.92
"2025-12-01",22,5,"Lyft",55139,174,54965,276.3,548.1,4184,1152,0.0761,0.021,19.32,14.57,29.71,0,0,72,72,258604.97,63907963,1638073.32
"2025-12-01",22,5,"Uber",121921,353,121556,261.6,605.4,12421,3054,0.1022,0.0251,19.44,15.36,32.9,4181,3013,84,84,606705.87,142208648,4010850.07
"2025-12-01",22,6,"Lyft",56357,150,56207,267.6,515.4,3417,871,0.0608,0.0155,19.96,14.14,29.98,0,0,96,96,265131.54,67498187,1689538.51
"2025-12-01",22,6,"Uber",129406,387,129015,269.3,627.8,14407,3818,0.1117,0.0296,20.22,14.81,32.14,4368,3094,95,95,645747.82,157004820,4158730.83
"2025-12-01",22,7,"Lyft",35820,126,35694,262.9,514,2220,546,0.0622,0.0153,17.14,17.43,27.45,0,0,68,68,178421.29,36842934,983326.1
"2025-12-01",22,7,"Uber",85578,185,85378,278.8,692.2,11831,3416,0.1386,0.04,17.2,17.91,27.52,3469,2438,94,94,439367.46,88308965,2355238.4
"2025-12-01",23,1,"Lyft",29680,135,29545,247.4,534.9,2287,903,0.0774,0.0306,17.2,18.91,30.42,0,0,63,63,160902.11,30631111,902806.01
"2025-12-01",23,1,"Uber",86309,203,86097,257.9,663.6,10872,3262,0.1263,0.0379,16.91,18.9,29.67,3411,2378,55,55,459803.41,87566612,2561170.44
"2025-12-01",23,2,"Lyft",34186,145,34041,243.5,495.8,2009,538,0.059,0.0158,17.68,18.03,31,0,0,58,58,181707.29,36274690,1059811.44
"2025-12-01",23,2,"Uber",99008,225,98779,253.3,621.4,10760,2596,0.1089,0.0263,17.68,18.44,32.1,3701,2627,54,54,537995.6,105007741,3177945.45
"2025-12-01",23,3,"Lyft",47296,172,47124,281.9,577.7,4154,885,0.0882,0.0188,18.01,16.74,31.53,0,0,71,71,237717.28,51121669,1491246.95
"2025-12-01",23,3,"Uber",125713,394,125315,270.6,621.6,13737,3204,0.1096,0.0256,18.52,17.41,34.81,4519,3300,111,111,675670.99,139695907,4375834.35
"2025-12-01",23,4,"Lyft",36656,150,36506,306.5,609.9,3831,871,0.1049,0.0239,18.25,16.12,34.95,0,0,72,72,179740.37,40148089,1281072.1
"2025-12-01",23,4,"Uber",104211,237,103960,303.3,705.8,15531,4143,0.1494,0.0399,21.06,17.67,46.83,4321,3258,76,76,646560.84,131706165,4880457.65
"2025-12-01",23,5,"Lyft",51615,161,51454,304.5,573,4342,781,0.0844,0.0152,18.04,14.72,30.16,0,0,68,68,228507.89,55878483,1556830.24
"2025-12-01",23,5,"Uber",117819,335,117473,296.9,671.4,15453,4057,0.1315,0.0345,19.44,16.01,34.66,5067,3877,51,51,611382.26,137441497,4083039.05
"2025-12-01",23,6,"Lyft",53113,179,52934,306.1,592.8,5080,1250,0.096,0.0236,18.88,14.33,31.85,0,0,79,79,239538.01,60175767,1691789.74
"2025-12-01",23,6,"Uber",130942,374,130567,315,716.1,19830,6344,0.1519,0.0486,20.38,15.32,36.41,5454,4144,65,65,681576.63,160133122,4767885.15
"2025-12-01",23,7,"Lyft",30742,125,30617,265.7,528.1,2159,580,0.0705,0.0189,16.78,18.39,27.28,0,0,56,56,158111.37,30956353,838698.81
"2025-12-01",23,7,"Uber",72657,179,72467,288.3,720.7,11353,3335,0.1567,0.046,16.79,18.98,26.85,3634,2545,52,52,385836.09,73194473,1950681.6
"2026-01-01",0,1,"Lyft",16610,103,16507,296.6,860.3,2931,1491,0.1776,0.0903,16.34,19.75,30.17,0,0,46,46,89336.57,16280219,501063.48
"2026-01-01",0,1,"Uber",42929,108,42812,325.7,818,8938,3194,0.2088,0.0746,16.02,19.62,28.54,2383,1555,24,24,224884.79,41253870,1225090.11
"2026-01-01",0,2,"Lyft",15228,65,15163,266.2,677.5,1868,834,0.1232,0.055,16.66,20.05,30.05,0,0,25,25,84785.48,15221990,457622.12
"2026-01-01",0,2,"Uber",39465,107,39352,287.5,734.8,6594,1940,0.1676,0.0493,16.37,19.79,28.83,1992,1206,17,17,213167.81,38769943,1137869.36
"2026-01-01",0,3,"Lyft",16304,59,16245,231.2,487.2,1060,429,0.0653,0.0264,16.1,18.95,28,0,0,27,27,82890.99,15750857,456568.11
"2026-01-01",0,3,"Uber",43782,93,43686,253.3,642.3,5218,1379,0.1194,0.0316,16.01,18.78,27.86,2006,1262,22,22,219490.61,42064950,1219782.92
"2026-01-01",0,4,"Lyft",31218,376,30842,254.9,646.5,3705,1172,0.1201,0.038,16.75,16.41,30.81,0,0,63,63,143004.43,31377799,961883.4
"2026-01-01",0,4,"Uber",90590,463,90123,268.9,652.5,11157,2929,0.1238,0.0325,17.7,16.77,32.53,3680,2537,85,85,448123.91,96209610,2947087.69
"2026-01-01",0,5,"Lyft",29728,81,29647,227.1,436.5,1180,290,0.0398,0.0098,16.55,18.14,27.97,0,0,48,48,148715.88,29511032,831523.94
"2026-01-01",0,5,"Uber",73507,113,73391,246.6,630.6,8355,2061,0.1138,0.0281,16.97,18.71,29.98,3341,2266,30,30,388893.55,74832584,2203617.19
"2026-01-01",0,6,"Lyft",54423,121,54302,258.6,495.6,2763,428,0.0509,0.0079,16.34,15.63,27.65,0,0,58,58,231635.61,53350634,1504983.49
"2026-01-01",0,6,"Uber",122425,238,122183,265.7,622.1,13441,3093,0.11,0.0253,17.48,16.85,29.76,5705,4116,58,58,600968.38,128388924,3643906.82
"2026-01-01",0,7,"Lyft",43815,95,43720,260.8,514.4,2599,460,0.0594,0.0105,16.28,16.51,27.62,0,0,57,57,196211.95,42795648,1210087.53
"2026-01-01",0,7,"Uber",109082,165,108914,264.2,612.2,11484,2504,0.1054,0.023,16.96,17.21,28.51,4713,3741,41,41,530595.91,110979813,3109440.86
"2026-01-01",1,1,"Lyft",10157,52,10105,257.4,591.4,979,402,0.0969,0.0398,15.27,19.27,26.22,0,0,14,14,49800.87,9305441,266323.21
"2026-01-01",1,1,"Uber",25856,86,25768,296.5,695.9,3922,1030,0.1522,0.04,15.55,19.58,25.88,1211,694,18,18,131166.32,24120353,669197.92
"2026-01-01",1,2,"Lyft",8614,46,8568,243.4,533,662,236,0.0773,0.0275,15.83,20.46,28.16,0,0,19,19,46494.58,8181866,242605.86
"2026-01-01",1,2,"Uber",22201,59,22135,275.3,675.4,3087,793,0.1395,0.0358,15.79,20.49,28.03,996,570,15,15,119708.1,21027215,622196.35
"2026-01-01",1,3,"Lyft",9033,36,8997,220,411.7,295,101,0.0328,0.0112,15.27,19.09,26.19,0,0,21,21,43896.19,8276898,236596.16
"2026-01-01",1,3,"Uber",24690,69,24619,253,625.4,2779,721,0.1129,0.0293,15.42,19.57,27.15,1091,647,12,12,124179.24,22838212,670394.15
"2026-01-01",1,4,"Lyft",24675,146,24529,368,983,7139,3165,0.291,0.129,16.3,15.7,37.46,0,0,33,33,105255.24,24135204,924337.11
"2026-01-01",1,4,"Uber",74916,335,74579,307.3,690.6,10848,3129,0.1455,0.042,17.87,16.74,40.21,3597,2491,71,71,373390,80321119,3012630.24
"2026-01-01",1,5,"Lyft",18204,50,18154,214.7,392.6,392,67,0.0216,0.0037,15.53,18.43,26.01,0,0,26,26,86798.77,16957880,473451.56
"2026-01-01",1,5,"Uber",44143,98,44043,237.8,575.6,3863,818,0.0877,0.0186,15.79,18.89,27.77,2014,1318,28,28,219399.95,41809576,1225871.38
"2026-01-01",1,6,"Lyft",42408,90,42318,251,494.7,2168,356,0.0512,0.0084,16.06,16.26,27.1,0,0,54,54,184559.95,40852777,1149234.61
"2026-01-01",1,6,"Uber",93250,187,93057,258.8,599.8,9292,2091,0.0999,0.0225,16.86,17.21,28.85,4471,3487,44,44,450920.84,94318298,2690434.33
"2026-01-01",1,7,"Lyft",35680,84,35596,248.9,484.8,1775,360,0.0499,0.0101,16.18,17.19,27.24,0,0,42,42,165432.52,34637523,971823.74
"2026-01-01",1,7,"Uber",81775,148,81627,252.2,583.7,7523,1633,0.0922,0.02,16.55,17.88,28.73,3882,3071,41,41,403196.93,81188272,2349730.62
"2026-01-01",2,1,"Lyft",6894,58,6836,261.7,546.2,566,204,0.0828,0.0298,15.07,19.02,25.26,0,0,5,5,32941.36,6234286,174131.13
"2026-01-01",2,1,"Uber",17635,121,17512,304.7,720.8,2877,759,0.1643,0.0433,15.48,20.22,26.24,804,415,15,15,91987.98,16379316,462680.25
"2026-01-01",2,2,"Lyft",5747,55,5692,249.9,494.3,290,61,0.0509,0.0107,15.65,20.62,27.55,0,0,9,9,30926.36,5398064,158352.89
"2026-01-01",2,2,"Uber",15209,100,15101,294.6,707.1,2355,597,0.1559,0.0395,15.85,20.9,27.74,674,325,8,8,83981.15,14464988,421922.22
"2026-01-01",2,3,"Lyft",6060,44,6016,229.7,423.9,180,40,0.0299,0.0066,15.13,19.76,26.12,0,0,8,8,30197.16,5501273,158274.64
"2026-01-01",2,3,"Uber",16342,107,16231,265.5,645.4,1967,455,0.1212,0.028,15.12,19.8,26.34,708,345,10,10,81550.63,14823933,430482.13
"2026-01-01",2,4,"Lyft",22557,117,22440,357.2,857.1,5099,1937,0.2272,0.0863,16.12,16.15,38.09,0,0,43,43,97896.44,21816889,859135.72
"2026-01-01",2,4,"Uber",61901,349,61551,301.8,672,8384,2206,0.1362,0.0358,17.67,17.72,38.78,3084,2195,53,53,322907.87,65610506,2400785.71
"2026-01-01",2,5,"Lyft",12425,69,12356,224.5,414.5,328,58,0.0265,0.0047,15.67,19.16,26.56,0,0,23,23,62180.17,11683842,330039.55
"2026-01-01",2,5,"Uber",29960,178,29781,257.3,623.8,3332,776,0.1119,0.0261,15.68,19.63,27.58,1392,829,10,10,153768.89,28193207,826228.93
"2026-01-01",2,6,"Lyft",32180,102,32078,248.3,473.9,1451,359,0.0452,0.0112,16.03,17.09,27.07,0,0,45,45,146967.05,30953282,871037.35
"2026-01-01",2,6,"Uber",70114,216,69891,268.9,627.4,7902,1926,0.1131,0.0276,16.76,18,28.79,3620,2777,34,34,352479.18,70493707,2018302.39
"2026-01-01",2,7,"Lyft",27461,108,27353,249.8,471,1159,218,0.0424,0.008,16.25,17.93,27.7,0,0,37,37,133330.1,26772330,760775.55
"2026-01-01",2,7,"Uber",61985,226,61754,265.5,610,6450,1399,0.1044,0.0227,16.6,18.51,28.91,3226,2588,31,31,317453.24,61747091,1791814.78
"2026-01-01",3,1,"Lyft",6042,346,5696,279.6,579.9,519,179,0.0911,0.0314,16.49,21.47,31.1,0,0,14,14,35656.94,5977654,187878
"2026-01-01",3,1,"Uber",15364,448,14916,324.5,746.4,2661,756,0.1784,0.0507,16.22,22.11,30.77,686,334,11,11,91828.99,14949890,472788.5
"2026-01-01",3,2,"Lyft",5449,287,5162,272,550.7,406,112,0.0787,0.0217,17.07,22.35,31.84,0,0,8,8,34637.12,5579520,173495.95
"2026-01-01",3,2,"Uber",13661,444,13213,310.9,735,2198,659,0.1664,0.0499,16.71,22.92,32.23,563,229,3,3,87199.06,13693645,440339.03
"2026-01-01",3,3,"Lyft",5516,251,5265,249.2,447.9,183,41,0.0348,0.0078,16.49,21.54,30.28,0,0,10,10,32663.23,5458299,167019.21
"2026-01-01",3,3,"Uber",14631,390,14239,298.1,677.7,2010,471,0.1412,0.0331,16.12,22.16,30.34,566,261,3,3,87099.85,14149890,443893.95
"2026-01-01",3,4,"Lyft",19198,364,18834,310.7,693.1,2627,926,0.1395,0.0492,17.19,18.36,34.35,0,0,20,20,100983.97,19797819,659355.82
"2026-01-01",3,4,"Uber",52826,656,52169,297.3,676.6,7087,1768,0.1358,0.0339,17.53,19.05,33.12,2167,1419,28,28,294148.57,55574276,1749765.86
"2026-01-01",3,5,"Lyft",10947,358,10589,253.2,473.4,448,84,0.0423,0.0079,16.66,21.3,30.29,0,0,24,24,64752.56,10942791,331611.64
"2026-01-01",3,5,"Uber",25490,678,24807,283.1,665.8,3198,786,0.1289,0.0317,16.48,21.93,31.54,1098,638,9,9,153481.05,25198896,803957.38
"2026-01-01",3,6,"Lyft",23979,348,23631,245.7,458.2,882,153,0.0373,0.0065,16.61,18.97,29.01,0,0,29,29,125915.61,23900434,695597.07
"2026-01-01",3,6,"Uber",53394,641,52751,285.6,652,6625,1709,0.1256,0.0324,17.03,19.65,30.06,2894,2094,16,16,297760.89,54542299,1604974.43
"2026-01-01",3,7,"Lyft",20911,449,20462,246.6,456.1,693,107,0.0339,0.0052,16.88,19.69,29.96,0,0,24,24,115824.02,21174509,626562.67
"2026-01-01",3,7,"Uber",45527,546,44981,274.6,626,5058,1162,0.1124,0.0258,16.86,19.95,30.74,2502,1843,18,18,255175.03,46056644,1399689.62
"2026-01-01",4,1,"Lyft",8544,868,7676,329.4,704,1153,404,0.1502,0.0526,17.19,22.66,36.51,0,0,14,14,55482.34,8813639,311939
"2026-01-01",4,1,"Uber",19341,882,18459,341.6,782.4,3590,1140,0.1945,0.0618,17.5,23.61,39.24,792,364,12,12,133160,20307454,758970.92
"2026-01-01",4,2,"Lyft",8398,831,7567,293,681.2,1005,348,0.1328,0.046,17.1,22.64,35.1,0,0,12,12,54197.18,8616837,294800.39
"2026-01-01",4,2,"Uber",20554,1104,19450,312.2,729.6,3190,910,0.164,0.0468,17.8,24.11,39.54,794,354,7,7,147008.68,21946851,812741.65
"2026-01-01",4,3,"Lyft",9168,812,8356,279,531.1,563,93,0.0674,0.0111,17.01,22.51,33.25,0,0,10,10,58492.67,9355669,304847.25
"2026-01-01",4,3,"Uber",20654,982,19672,289.4,683.1,2726,684,0.1386,0.0348,17.37,23.61,36.99,765,396,5,5,141211.52,21528210,764086.6
"2026-01-01",4,4,"Lyft",20802,1019,19783,299.5,586,1824,386,0.0922,0.0195,17.73,20.93,33.64,0,0,21,21,128652.43,22126184,699818.97
"2026-01-01",4,4,"Uber",46624,1405,45219,300.9,693.1,6547,1698,0.1448,0.0376,17.61,21.25,34.64,1723,1052,23,23,290826.87,49271463,1615198.84
"2026-01-01",4,5,"Lyft",14952,1248,13704,300.9,575.5,1202,288,0.0877,0.021,17.54,22.78,34.93,0,0,24,24,99558.29,15733346,522257.16
"2026-01-01",4,5,"Uber",31743,1562,30181,310.6,712,4609,1296,0.1527,0.0429,17.78,23.77,38.47,1263,704,15,15,223567.79,33866737,1221075.91
"2026-01-01",4,6,"Lyft",21514,938,20576,278.1,523.6,1291,252,0.0627,0.0122,17,20.72,31.71,0,0,27,27,126336.26,21948221,682256.8
"2026-01-01",4,6,"Uber",44565,1126,43438,306.2,697.2,6362,1756,0.1465,0.0404,17.42,21.41,33.38,2400,1597,20,20,277128.52,46589499,1487577.78
"2026-01-01",4,7,"Lyft",18575,785,17790,281.5,530.7,1140,206,0.0641,0.0116,17.09,20.98,32.07,0,0,19,19,110997.55,19044779,595782.44
"2026-01-01",4,7,"Uber",35688,846,34842,305.5,678.1,4637,1370,0.1331,0.0393,17.5,21.61,34.95,1930,1272,21,21,224904.03,37466360,1247383.63
"2026-01-01",5,1,"Lyft",11270,957,10313,292.6,623,1131,402,0.1097,0.039,18.67,21.61,37.22,0,0,20,20,75770.19,12623371,419493.47
"2026-01-01",5,1,"Uber",29428,1166,28262,304.3,726.7,4541,1301,0.1607,0.046,18.48,22.01,39.12,1293,759,21,21,199516.53,32626019,1151091.05
"2026-01-01",5,2,"Lyft",12448,1046,11402,271.4,635.6,1294,430,0.1135,0.0377,18.69,21.16,36.52,0,0,14,14,82040.55,13958025,454606.13
"2026-01-01",5,2,"Uber",35695,1421,34274,285.2,655.2,4310,1060,0.1258,0.0309,18.7,21.59,38.76,1375,804,20,20,240088.7,40039247,1383386.97
"2026-01-01",5,3,"Lyft",13752,1029,12723,260.5,506.2,774,134,0.0608,0.0105,17.97,20.81,33.94,0,0,29,29,85698.52,14827761,466802.61
"2026-01-01",5,3,"Uber",34886,1345,33541,268.8,615.7,3570,814,0.1064,0.0243,18.12,21.64,36.58,1251,723,27,27,227958.5,37923785,1276130.98
"2026-01-01",5,4,"Lyft",21946,1278,20668,280.6,553.8,1578,289,0.0763,0.014,18.66,20.86,34.77,0,0,34,34,142421.92,24573864,763165.82
"2026-01-01",5,4,"Uber",52285,1781,50504,289.1,661.9,6434,1605,0.1274,0.0318,18.46,21.19,36.16,1981,1251,23,23,340901.85,57924090,1890870.87
"2026-01-01",5,5,"Lyft",19600,1475,18125,298,584.7,1656,337,0.0914,0.0186,18.76,21.54,36.75,0,0,31,31,131940.24,22056025,720213.58
"2026-01-01",5,5,"Uber",45661,1897,43764,295.9,658.4,5564,1404,0.1271,0.0321,19.05,22.23,39.73,1805,1137,36,36,322321.44,52193535,1813981.06
"2026-01-01",5,6,"Lyft",18045,1088,16957,258.9,463.5,641,92,0.0378,0.0054,18.52,21.98,34.53,0,0,25,25,122404.58,20051867,623046.12
"2026-01-01",5,6,"Uber",39959,1178,38781,276.6,633,4442,1133,0.1145,0.0292,18.02,22.28,34.88,1865,1127,16,16,267292.08,43194906,1393792.9
"2026-01-01",5,7,"Lyft",13114,753,12361,265,487.6,573,90,0.0464,0.0073,18.08,21.9,33.68,0,0,16,16,86516.31,14223747,441649.76
"2026-01-01",5,7,"Uber",29729,889,28840,292.9,657.3,3657,1015,0.1268,0.0352,18.05,22.23,35.86,1518,943,11,11,198841.89,32202402,1066046.7
"2026-01-01",6,1,"Lyft",18302,912,17390,306,646.8,2137,559,0.1229,0.0321,18.63,18.4,33.48,0,0,23,23,104579.42,20458290,612773.2
"2026-01-01",6,1,"Uber",48804,1545,47259,314,778.5,8531,2920,0.1805,0.0618,19.04,18.9,36.79,2401,1518,23,23,292629.32,55749874,1795696.39
"2026-01-01",6,2,"Lyft",21723,1031,20692,296.6,700.4,2952,977,0.1427,0.0472,18.7,17.04,32.98,0,0,32,32,115394.65,24374509,716457.91
"2026-01-01",6,2,"Uber",63383,2146,61237,302.7,708.6,9187,2762,0.15,0.0451,19.78,17.47,37.49,2595,1654,35,35,365096.94,75238798,2376087.45
"2026-01-01",6,3,"Lyft",24386,1039,23347,289.7,597,2290,525,0.0981,0.0225,18.46,16.55,31.99,0,0,31,31,124197.57,27008076,780175.28
"2026-01-01",6,3,"Uber",64269,2238,62031,285.7,670,8107,2412,0.1307,0.0389,19.77,17.23,35.15,2562,1626,41,41,364782.03,76238217,2259170.16
"2026-01-01",6,4,"Lyft",30367,1217,29150,307.1,671.7,3940,1097,0.1352,0.0376,18.94,17.12,33.79,0,0,37,37,164029.81,34501192,1026077.32
"2026-01-01",6,4,"Uber",78570,2409,76161,298.8,682.9,10421,3056,0.1368,0.0401,20.05,17.57,36.23,3539,2257,49,49,461426.44,94519489,2846954.83
"2026-01-01",6,5,"Lyft",31415,1216,30199,308.5,621.9,3380,723,0.1119,0.0239,18.17,17.7,32.61,0,0,44,44,168374.93,34244673,1024511.27
"2026-01-01",6,5,"Uber",76684,2453,74231,305.2,694.4,10467,3068,0.141,0.0413,19.85,18.49,36.64,3344,2245,37,37,469203.62,91333775,2809975.79
"2026-01-01",6,6,"Lyft",22104,956,21148,281,531.9,1375,215,0.065,0.0102,17.4,21.16,31.99,0,0,31,31,135686.67,23080038,707177.31
"2026-01-01",6,6,"Uber",52187,1171,51016,285.5,663.4,6526,1769,0.1279,0.0347,17.67,22.03,33.12,2710,1803,17,17,338462.36,55319079,1728479.63
"2026-01-01",6,7,"Lyft",15193,694,14499,333.3,699,2273,606,0.1568,0.0418,17.16,20.96,32.97,0,0,23,23,91064.9,15638254,500950.97
"2026-01-01",6,7,"Uber",35278,858,34420,329.3,764,6013,1949,0.1747,0.0566,18.14,21.92,35.92,2255,1460,10,10,233791.47,38389229,1267237.73
"2026-01-01",7,1,"Lyft",27692,1265,26427,318.9,748.2,4590,1435,0.1737,0.0543,18.63,15.08,30.61,0,0,66,66,129690.77,30951176,847737.78
"2026-01-01",7,1,"Uber",76956,1889,75066,317,756.6,12791,4427,0.1704,0.059,18.8,15.42,33.74,3102,1871,95,95,371975.98,86826237,2596815.19
"2026-01-01",7,2,"Lyft",33346,1561,31785,356,806.2,6660,2245,0.2095,0.0706,19.55,12.82,30.52,0,0,64,64,139264.83,39113870,1017660.65
"2026-01-01",7,2,"Uber",105954,2975,102978,340,776.8,19121,6421,0.1857,0.0624,20.55,13.12,36.56,3598,2018,136,136,476159.25,130643283,3873473.51
"2026-01-01",7,3,"Lyft",37233,1735,35498,362.7,787.6,7510,2274,0.2116,0.0641,19.37,12.31,30.66,0,0,82,82,147987.68,43275462,1141690.78
"2026-01-01",7,3,"Uber",108486,3310,105176,329.7,751.4,17811,5964,0.1693,0.0567,20.71,12.92,35.05,3662,2128,180,180,483761.83,134818763,3802313.62
"2026-01-01",7,4,"Lyft",44537,1877,42660,343.9,739.5,7588,2201,0.1779,0.0516,19.38,13.24,30.59,0,0,99,99,190521.47,51787114,1362248.98
"2026-01-01",7,4,"Uber",122396,3603,118793,318.3,714.1,17962,5741,0.1512,0.0483,20.59,13.53,34.54,4462,2664,160,160,568376.08,151205836,4227835.93
"2026-01-01",7,5,"Lyft",47224,1885,45339,330.7,734.7,7870,2252,0.1736,0.0497,18.41,13.79,29.85,0,0,77,77,199824.54,52165254,1409794.83
"2026-01-01",7,5,"Uber",123440,3580,119859,320.8,733.9,19085,6375,0.1592,0.0532,19.92,14.26,33.95,4395,2670,170,170,584609.33,147559708,4191382.03
"2026-01-01",7,6,"Lyft",27641,838,26803,228.6,399.6,562,116,0.021,0.0043,16.49,20.34,28.8,0,0,37,37,154504.07,27349129,795967.43
"2026-01-01",7,6,"Uber",67621,1149,66472,237.4,551.6,5173,983,0.0778,0.0148,16.57,20.77,29.36,2952,1872,41,41,387798.56,67216715,1985689.72
"2026-01-01",7,7,"Lyft",18271,572,17699,266.4,563.7,1505,473,0.085,0.0267,16.67,20.29,29.7,0,0,27,27,102985.09,18271018,542691.6
"2026-01-01",7,7,"Uber",44500,767,43733,274.2,653.2,5338,1514,0.1221,0.0346,16.97,20.71,31.17,2323,1409,28,28,260595.72,45305848,1387276.39
"2026-01-01",8,1,"Lyft",34850,1146,33704,285.5,656.4,4202,1330,0.1247,0.0395,18.04,13.59,28.21,0,0,94,94,142407.86,37722020,983209.21
"2026-01-01",8,1,"Uber",96907,2054,94853,271,617.7,10221,2758,0.1078,0.0291,18.21,14.2,30.5,2625,1334,183,183,417587.58,105871015,2955995.58
"2026-01-01",8,2,"Lyft",41609,1206,40403,314.5,810.9,7260,3120,0.1797,0.0772,19.91,11.59,29.76,0,0,123,123,160089.9,49711551,1238291.83
"2026-01-01",8,2,"Uber",132899,2974,129923,307.9,739.3,21523,7113,0.1657,0.0547,20.49,11.63,35.23,3726,1689,297,297,527765.64,163390119,4682015.6
"2026-01-01",8,3,"Lyft",45574,1507,44067,319.8,802.3,8099,3291,0.1838,0.0747,19.36,11.11,28.95,0,0,119,119,163453.36,52947751,1319139.91
"2026-01-01",8,3,"Uber",136334,3369,132965,296,690.7,18730,5791,0.1409,0.0436,20.24,11.62,33.36,3380,1545,320,320,534188.33,165540407,4547573.69
"2026-01-01",8,4,"Lyft",54059,1592,52467,305.9,714.5,7960,2917,0.1517,0.0556,19.39,12.02,28.98,0,0,131,131,210097.5,62899190,1566686.06
"2026-01-01",8,4,"Uber",144834,3475,141359,284.5,658.5,17733,5223,0.1254,0.0369,20.08,12.19,32.68,3684,1754,296,296,590837.41,174460057,4733021.37
"2026-01-01",8,5,"Lyft",59259,1577,57682,274.7,652.4,6915,2480,0.1199,0.043,17.98,12.77,27.2,0,0,144,144,226707.41,63920802,1611814.95
"2026-01-01",8,5,"Uber",149586,3421,146165,272.4,637.5,16997,4850,0.1163,0.0332,18.9,13.23,30.45,3755,1874,330,330,623192.78,169622869,4554974.59
"2026-01-01",8,6,"Lyft",34276,726,33550,216.3,379.4,493,62,0.0147,0.0018,16.12,18.34,26.86,0,0,62,62,168881.61,33156269,920482.88
"2026-01-01",8,6,"Uber",86875,1212,85658,227.2,521.1,5620,1056,0.0656,0.0123,16.12,19.01,27.5,2676,1550,95,95,443734.09,84016199,2388836.8
"2026-01-01",8,7,"Lyft",19734,425,19309,239.2,504.9,1241,354,0.0643,0.0183,16.32,18.71,28.25,0,0,37,37,100427.42,19322144,557401.36
"2026-01-01",8,7,"Uber",49874,702,49172,243,590.3,4719,1228,0.096,0.025,16.46,19.17,29.66,1964,1105,48,48,262279.2,49242139,1479374.18
"2026-01-01",9,1,"Lyft",31177,989,30188,228.3,473.6,1645,482,0.0545,0.016,17.75,14.4,27.64,0,0,122,122,132858.85,33208783,861801.25
"2026-01-01",9,1,"Uber",85436,1807,83629,233.5,555,6737,1702,0.0806,0.0204,17.92,15.11,29.61,1732,807,316,316,385526.6,91876031,2529359.66
"2026-01-01",9,2,"Lyft",38010,1243,36767,244.2,662.7,4316,2009,0.1174,0.0546,19.89,12.11,30,0,0,166,166,152603.79,45353091,1140245.57
"2026-01-01",9,2,"Uber",111008,2570,108437,248,601.6,10898,3006,0.1005,0.0277,20.29,12.3,33.25,2347,1026,391,391,461900.59,135150103,3691517.77
"2026-01-01",9,3,"Lyft",41336,1426,39910,237.3,543.5,3278,1289,0.0821,0.0323,19.49,11.84,28.71,0,0,158,158,158958.29,48336437,1186718.2
"2026-01-01",9,3,"Uber",108854,2648,106206,235,559.1,8721,2205,0.0821,0.0208,20.01,12.39,32.29,2135,846,418,418,449774.41,130669729,3514523.74
"2026-01-01",9,4,"Lyft",48592,1514,47078,235.1,493.3,2698,747,0.0573,0.0159,19.36,12.61,28.61,0,0,197,197,197630.69,56438393,1389986.81
"2026-01-01",9,4,"Uber",118094,2786,115308,232.5,544,8799,2141,0.0763,0.0186,19.64,12.97,31.5,2422,1019,429,429,501380.62,139189422,3720178.32
"2026-01-01",9,5,"Lyft",53386,1553,51833,218.7,426.9,1814,479,0.035,0.0092,18.33,13.43,26.75,0,0,215,215,219045.05,58698418,1428209.51
"2026-01-01",9,5,"Uber",122907,2720,120187,220,511.4,7640,1765,0.0636,0.0147,18.51,14.01,29.85,2339,1062,434,434,531190.52,136484018,3668262.04
"2026-01-01",9,6,"Lyft",41055,643,40412,216.5,395.3,851,115,0.0211,0.0028,15.93,16.95,26.22,0,0,90,90,184682.06,39233607,1076455.88
"2026-01-01",9,6,"Uber",106299,1097,105201,220.5,500.3,6076,1217,0.0578,0.0116,15.92,17.47,26.95,2343,1234,129,129,492861.79,101534940,2864541.46
"2026-01-01",9,7,"Lyft",22954,376,22578,231.2,442.3,889,267,0.0394,0.0118,16.01,17.82,27.45,0,0,50,50,109156.27,22046363,630101.58
"2026-01-01",9,7,"Uber",61076,580,60495,234.4,542.8,4570,1046,0.0755,0.0173,15.78,18.42,28.3,1572,819,74,74,295822.67,57826656,1728253.13
"2026-01-01",10,1,"Lyft",27835,810,27025,213,400.2,727,161,0.0269,0.006,17.85,14.95,28.03,0,0,154,154,123812.24,29810518,780327.19
"2026-01-01",10,1,"Uber",74934,1474,73459,222,530.3,5218,1251,0.071,0.017,17.9,15.55,30.33,1188,435,326,326,347705.13,80475633,2272405.78
"2026-01-01",10,2,"Lyft",33283,1075,32208,219.2,464.2,1697,608,0.0527,0.0189,20.45,12.77,30.07,0,0,213,213,144918.63,40844236,1000891.52
"2026-01-01",10,2,"Uber",87256,1862,85388,225.4,540.5,6412,1613,0.0751,0.0189,20.44,13.19,33.1,1320,470,504,504,392114.85,107008829,2888153.28
"2026-01-01",10,3,"Lyft",33930,1089,32841,209.3,407.4,986,262,0.03,0.008,20.27,12.51,29.3,0,0,201,201,143427.2,41271770,994068.74
"2026-01-01",10,3,"Uber",86313,1979,84334,215.9,509.3,5293,1193,0.0628,0.0141,20.3,13.15,32.87,1164,340,538,538,384014.8,105138964,2836959.51
"2026-01-01",10,4,"Lyft",41359,1204,40155,216.7,424.7,1321,231,0.0329,0.0058,19.68,13.33,28.67,0,0,219,219,180819.48,48837834,1185818.9
"2026-01-01",10,4,"Uber",98679,2137,96540,220.3,511.5,6107,1376,0.0633,0.0143,19.68,13.74,32.07,1499,520,437,437,444566.7,116510859,3165064.72
"2026-01-01",10,5,"Lyft",46075,1193,44882,210,385.1,892,164,0.0199,0.0037,18.98,13.79,27.85,0,0,258,258,200972.37,52473456,1283229
"2026-01-01",10,5,"Uber",108663,2007,106653,212.6,489.8,5754,1220,0.054,0.0114,18.77,14.21,30.51,1665,611,543,543,483162.34,122392516,3315186.41
"2026-01-01",10,6,"Lyft",44556,536,44020,211.6,390.6,951,177,0.0216,0.004,16.04,15.59,25.86,0,0,122,122,185744.86,42888492,1152260.38
"2026-01-01",10,6,"Uber",116830,853,115976,215.3,486.8,6232,1189,0.0537,0.0103,16.05,16.24,26.84,1947,869,219,219,507408.62,112509768,3136238
"2026-01-01",10,7,"Lyft",25991,333,25658,228.1,449.5,1181,400,0.046,0.0156,16.1,17.04,27.69,0,0,71,71,118823.72,25108396,719623.75
"2026-01-01",10,7,"Uber",67293,461,66832,227.5,517.7,4430,901,0.0663,0.0135,15.29,17.79,27.43,1302,621,134,134,305128.7,61729685,1845900.95
"2026-01-01",11,1,"Lyft",26027,670,25357,211.9,397.5,554,107,0.0218,0.0042,18.26,15.21,29.73,0,0,142,142,120451.52,28509862,773663.97
"2026-01-01",11,1,"Uber",72863,1307,71555,221.6,521.1,4688,1072,0.0655,0.015,18.06,15.68,30.86,981,290,350,350,343894.23,78947828,2248881.83
"2026-01-01",11,2,"Lyft",28799,868,27931,211.6,417.4,871,194,0.0312,0.0069,20.45,13.18,30.57,0,0,180,180,129387.27,35341296,880265.94
"2026-01-01",11,2,"Uber",79553,1588,77965,219.3,519.6,5143,1185,0.066,0.0152,20.17,13.51,32.75,1136,352,440,440,361390.6,96277539,2605750.98
"2026-01-01",11,3,"Lyft",29024,867,28157,204.8,390.3,649,135,0.023,0.0048,20.47,12.98,30.4,0,0,183,183,128528.22,35640029,882349.96
"2026-01-01",11,3,"Uber",80802,1669,79133,213,502.8,4630,1016,0.0585,0.0128,20.17,13.35,32.89,988,268,462,462,362628.89,97803259,2657388.02
"2026-01-01",11,4,"Lyft",36917,957,35960,220.2,445.1,1353,227,0.0376,0.0063,20.21,13.82,30.76,0,0,208,208,171844.04,44761519,1135650.39
"2026-01-01",11,4,"Uber",96648,1826,94820,221.1,517.8,6254,1388,0.066,0.0146,20.08,13.89,33.14,1321,457,467,467,449469.26,116460608,3202670.28
"2026-01-01",11,5,"Lyft",42163,935,41228,216.2,411,1098,196,0.0266,0.0048,19.68,13.71,29.55,0,0,269,269,189687.26,49798699,1245936.61
"2026-01-01",11,5,"Uber",107377,1765,105612,221.4,518,6884,1505,0.0652,0.0143,19.42,13.91,31.43,1542,544,556,556,483505.59,125125358,3375098.64
"2026-01-01",11,6,"Lyft",47579,498,47081,211.7,385.6,807,136,0.0171,0.0029,16.96,14.86,26.83,0,0,152,152,199899.4,48416759,1276652.77
"2026-01-01",11,6,"Uber",124237,930,123306,212.8,481.1,6367,1202,0.0516,0.0097,16.69,15.26,27.24,1936,822,230,230,527467.57,124417165,3383662.55
"2026-01-01",11,7,"Lyft",27184,314,26870,225.6,477.3,1641,611,0.0611,0.0227,16.51,16.08,28.27,0,0,78,78,120252.85,26925710,768598.19
"2026-01-01",11,7,"Uber",67420,404,67016,217.1,481.2,3490,583,0.0521,0.0087,16.08,16.94,28.2,1109,509,121,121,306184.81,65058580,1900979.2
"2026-01-01",12,1,"Lyft",25682,703,24979,221.5,416.6,649,122,0.026,0.0049,18.54,15.36,30.58,0,0,175,175,121858.1,28564693,785269.3
"2026-01-01",12,1,"Uber",74589,1357,73229,227.7,531.5,5196,1152,0.071,0.0157,18.34,15.84,31.24,1080,343,393,393,361133.82,82065240,2330108.84
"2026-01-01",12,2,"Lyft",27955,919,27036,215.3,419.9,803,195,0.0297,0.0072,20.28,13.59,30.83,0,0,207,207,128384.44,34009032,861985.08
"2026-01-01",12,2,"Uber",80050,1584,78463,224.3,532,5582,1346,0.0711,0.0172,19.79,13.86,32.48,1075,327,513,513,365854.75,95054015,2600320.14
"2026-01-01",12,3,"Lyft",28275,1007,27268,214.2,417.7,849,207,0.0311,0.0076,20.47,13.19,30.75,0,0,253,253,127245.97,34730472,869360.05
"2026-01-01",12,3,"Uber",80946,1638,79308,222.1,522.1,5317,1291,0.067,0.0163,20.3,13.63,33.06,1062,337,612,612,373348.9,98600400,2675864.89
"2026-01-01",12,4,"Lyft",37060,987,36073,234.2,484.5,1802,385,0.05,0.0107,20.32,13.92,31.77,0,0,288,288,174756.13,45187839,1177425.58
"2026-01-01",12,4,"Uber",98563,1871,96689,231.7,545.8,7439,1860,0.0769,0.0192,20.26,14.26,34.18,1280,410,602,602,474711.76,119812801,3368789.09
"2026-01-01",12,5,"Lyft",42614,964,41650,243.1,505.3,2475,671,0.0594,0.0161,19.85,13.5,30.32,0,0,303,303,190380.02,50760923,1292132
"2026-01-01",12,5,"Uber",113543,1897,111644,243.3,584.5,10436,2761,0.0935,0.0247,19.71,13.89,32.29,1719,617,581,581,518068.73,134292030,3666751.7
"2026-01-01",12,6,"Lyft",50487,451,50036,229.1,428.4,1368,210,0.0273,0.0042,17.82,13.82,27.29,0,0,151,151,207180.94,53984769,1377581.45
"2026-01-01",12,6,"Uber",134774,847,133927,224.8,514.4,8745,1854,0.0653,0.0138,17.66,14.21,27.92,2039,860,247,247,563657.33,142805235,3763227.25
"2026-01-01",12,7,"Lyft",27963,256,27707,234.4,496.9,1909,803,0.0689,0.029,17.05,15.49,28.93,0,0,76,76,123109.47,28604480,808920.26
"2026-01-01",12,7,"Uber",74167,450,73715,224.4,510.1,4688,988,0.0636,0.0134,17.05,16.22,29.45,1238,515,139,139,341738.97,75850802,2184339.78
"2026-01-01",13,1,"Lyft",26334,626,25708,221.9,418.8,673,117,0.0262,0.0046,18.8,15.26,30.82,0,0,166,166,125875.47,29699826,811604.78
"2026-01-01",13,1,"Uber",78819,1244,77575,228.7,538.5,5764,1359,0.0743,0.0175,18.44,15.47,31.14,1175,382,398,398,374695.12,87200507,2454466.1
"2026-01-01",13,2,"Lyft",28353,825,27528,219.4,433.2,900,190,0.0327,0.0069,20.44,13.43,30.91,0,0,232,232,129681.26,34768831,876308.77
"2026-01-01",13,2,"Uber",84197,1470,82726,225.6,537.8,6129,1496,0.0741,0.0181,20.07,13.76,32.47,1144,380,548,548,387473.55,101372727,2733605.23
"2026-01-01",13,3,"Lyft",28903,846,28057,218.9,432.7,1014,204,0.0361,0.0073,20.79,13.27,31.51,0,0,246,246,132948.92,36057679,910865.23
"2026-01-01",13,3,"Uber",84656,1524,83130,226.4,541.8,6282,1500,0.0756,0.018,20.61,13.48,33.48,1219,397,594,594,392186.35,104702804,2834400.92
"2026-01-01",13,4,"Lyft",39183,942,38241,236.5,476.6,1781,385,0.0466,0.0101,20.56,13.76,31.69,0,0,270,270,184764.51,48326057,1241722.45
"2026-01-01",13,4,"Uber",105166,1769,103395,234.6,555.5,8399,2085,0.0812,0.0202,20.66,13.93,34.25,1507,487,602,602,504446.66,130383832,3601832.97
"2026-01-01",13,5,"Lyft",44135,870,43265,252.8,531.6,3114,790,0.072,0.0183,20.52,13.11,31.15,0,0,299,299,197785.91,54327580,1374815.27
"2026-01-01",13,5,"Uber",120268,1686,118581,248.7,602.9,11964,3297,0.1009,0.0278,20.38,13.39,32.89,1993,788,629,629,547178.81,147071471,3955425.08
"2026-01-01",13,6,"Lyft",53378,407,52971,239.6,461.8,2183,415,0.0412,0.0078,18.23,13.21,27.95,0,0,139,139,214184.49,58371335,1491739.89
"2026-01-01",13,6,"Uber",143749,816,142933,234.6,548.6,11142,2642,0.078,0.0185,18.24,13.66,28.7,2355,1115,282,282,597108.92,157335771,4125413.6
"2026-01-01",13,7,"Lyft",27381,267,27114,233.5,490.5,1837,811,0.0678,0.0299,17.93,15.02,29.69,0,0,92,92,122862.47,29451540,813003.39
"2026-01-01",13,7,"Uber",79994,468,79525,236.5,576.8,7168,1958,0.0901,0.0246,17.86,15.29,30.31,1592,673,155,155,364121.63,85709191,2424507.43
"2026-01-01",14,1,"Lyft",30203,504,29699,231.4,437.8,962,155,0.0324,0.0052,19.57,14.51,31.41,0,0,158,158,142928.06,35468145,948663.73
"2026-01-01",14,1,"Uber",86872,1195,85675,236.1,562.6,7207,1738,0.0841,0.0203,19.15,14.8,32.03,1353,514,408,408,410443.77,99820963,2782450.86
"2026-01-01",14,2,"Lyft",32462,708,31754,244.1,526.3,2152,503,0.0678,0.0158,21.47,12.16,31.21,0,0,230,230,141250.57,41816281,1013014.15
"2026-01-01",14,2,"Uber",96522,1475,95045,251.2,633.4,10847,3384,0.1141,0.0356,21.53,12.46,33,1572,524,560,560,431374.79,124664464,3185027.02
"2026-01-01",14,3,"Lyft",32211,710,31501,239.5,519.3,2130,573,0.0676,0.0182,21.81,12.11,31.9,0,0,248,248,141844.24,42150839,1027383.5
"2026-01-01",14,3,"Uber",96186,1498,94685,243.4,603.2,9574,2850,0.1011,0.0301,21.73,12.37,33.6,1569,582,576,576,430818.46,125393962,3231396.18
"2026-01-01",14,4,"Lyft",43372,748,42624,255.4,536.6,2982,659,0.07,0.0155,21.85,12.62,32.23,0,0,284,284,199313,56857168,1397873.37
"2026-01-01",14,4,"Uber",118254,1777,116475,252.6,601.4,11693,3318,0.1004,0.0285,22.26,12.74,35.19,1965,772,626,626,559082.22,157931013,4161407.72
"2026-01-01",14,5,"Lyft",47997,716,47281,259.3,559.4,3910,989,0.0827,0.0209,21.99,11.78,31.88,0,0,259,259,207328.41,63334052,1530115.71
"2026-01-01",14,5,"Uber",132149,1606,130538,256.8,622.6,14234,4195,0.109,0.0321,22.15,12.09,33.59,2530,1100,611,611,589763.14,175629221,4438908.36
"2026-01-01",14,6,"Lyft",52434,395,52039,227.1,425.7,1523,277,0.0293,0.0053,18.27,13.32,28.03,0,0,172,172,212723.42,57473865,1469959.24
"2026-01-01",14,6,"Uber",144023,773,143249,225,528.1,10045,2228,0.0701,0.0156,18.44,13.82,28.79,2709,1378,287,287,611609.4,159330798,4146062.24
"2026-01-01",14,7,"Lyft",27283,208,27075,236.4,509,1944,870,0.0718,0.0321,19.02,14.92,31.31,0,0,95,95,129003.03,31136606,854298.76
"2026-01-01",14,7,"Uber",83924,477,83447,245.4,616.6,8916,2659,0.1068,0.0319,18.61,15.02,31.17,1947,968,131,131,390999.89,93696778,2615782.33
"2026-01-01",15,1,"Lyft",30179,396,29783,231.8,448.7,1089,226,0.0366,0.0076,20.27,14.08,32.23,0,0,165,165,143613.52,36707371,972662.55
"2026-01-01",15,1,"Uber",92039,898,91138,239.5,578.2,8247,2100,0.0905,0.023,19.83,14.17,32.15,1556,614,367,367,431101.15,109530652,2959339.86
"2026-01-01",15,2,"Lyft",34035,513,33522,252.6,589.4,3204,925,0.0956,0.0276,21.72,11.24,31.47,0,0,199,199,138452.24,44347957,1071235.14
"2026-01-01",15,2,"Uber",97598,1211,96385,248.9,614,10185,2984,0.1057,0.031,22.06,11.8,34.43,1838,685,435,435,423417.19,129173225,3359952.63
"2026-01-01",15,3,"Lyft",32931,488,32443,246.4,570.5,2853,944,0.0879,0.0291,22.18,11.46,32.67,0,0,233,233,139427.27,43814854,1075855.9
"2026-01-01",15,3,"Uber",97715,1310,96405,243.9,614,10149,3144,0.1053,0.0326,22.53,11.9,35.08,1893,771,492,492,436603.88,132096462,3428126.65
"2026-01-01",15,4,"Lyft",45570,575,44995,265.4,588,4250,1171,0.0945,0.026,22.5,11.79,32.75,0,0,249,249,201545.3,61526450,1492453.95
"2026-01-01",15,4,"Uber",123305,1596,121709,252.8,608.6,12552,3611,0.1031,0.0297,23.08,12.15,36.35,2280,938,524,524,576637.72,170789380,4481737.2
"2026-01-01",15,5,"Lyft",48505,494,48011,253.9,559.4,4032,1230,0.084,0.0256,22.28,11.17,32.44,0,0,270,270,201290.99,64850011,1573283.87
"2026-01-01",15,5,"Uber",135907,1402,134505,253.9,625,14845,4495,0.1104,0.0334,23.15,11.48,34.65,2919,1412,466,466,601940.41,188809892,4709057.73
"2026-01-01",15,6,"Lyft",54206,346,53860,222.7,412.5,1290,217,0.024,0.004,18.76,13.1,28.38,0,0,141,141,222010.91,61010847,1538499.23
"2026-01-01",15,6,"Uber",153031,830,152201,224.5,526.5,10505,2235,0.069,0.0147,18.88,13.61,28.73,3050,1581,253,253,655429.69,173382327,4396294.29
"2026-01-01",15,7,"Lyft",26976,223,26753,228.7,493.8,1817,886,0.0679,0.0331,18.84,14.92,31.16,0,0,75,75,126384.6,30486056,840638.33
"2026-01-01",15,7,"Uber",84748,520,84228,242.8,619.7,9093,2681,0.108,0.0318,18.72,14.99,31.12,2173,1079,152,152,396399.44,95201775,2637028.1
"2026-01-01",16,1,"Lyft",31237,319,30918,229.7,437.2,1060,211,0.0343,0.0068,19.99,13.38,30.6,0,0,148,148,139244.68,37464514,955726.52
"2026-01-01",16,1,"Uber",94274,767,93500,237.8,569.8,8120,1922,0.0868,0.0206,19.95,13.7,31.43,1686,684,276,276,429334.59,112844013,2962816.58
"2026-01-01",16,2,"Lyft",35972,431,35541,242.1,533.6,2545,752,0.0716,0.0212,21.57,10.95,30.54,0,0,159,159,141539.49,46552135,1098692.01
"2026-01-01",16,2,"Uber",101485,1067,100416,241.8,599.4,9986,2994,0.0994,0.0298,22.02,11.51,33.62,1963,786,373,373,428555.79,134057571,3411611.57
"2026-01-01",16,3,"Lyft",35648,444,35204,239.2,523.1,2372,684,0.0674,0.0194,21.94,10.97,31.18,0,0,185,185,143033.19,46919003,1111419.59
"2026-01-01",16,3,"Uber",102352,1239,101111,237.7,581.4,9337,2751,0.0923,0.0272,22.62,11.55,34.41,2129,889,373,373,445889.97,138933779,3522311.61
"2026-01-01",16,4,"Lyft",48517,460,48057,249.7,538,3625,1053,0.0754,0.0219,22.21,11.23,31.54,0,0,200,200,201704.32,64647892,1530367.84
"2026-01-01",16,4,"Uber",127282,1473,125805,242.7,583.3,11660,3281,0.0927,0.0261,23.12,11.7,35.84,2609,1141,416,416,573767.98,176592886,4561531.73
"2026-01-01",16,5,"Lyft",51996,525,51471,242.9,528.4,3727,991,0.0724,0.0193,21.43,10.77,30.56,0,0,247,247,199987.73,66871161,1588857.72
"2026-01-01",16,5,"Uber",141795,1278,140511,244.2,586.8,13277,3766,0.0945,0.0268,22.37,11.41,33.08,3224,1583,418,418,603023.3,190340715,4690368.65
"2026-01-01",16,6,"Lyft",56248,384,55864,223.9,417.3,1560,300,0.0279,0.0054,19.26,12.68,28.89,0,0,154,154,228974.01,65010181,1625108.52
"2026-01-01",16,6,"Uber",158762,814,157944,225.3,527.9,11008,2258,0.0697,0.0143,19.46,13.28,29.52,2936,1560,240,240,683858.96,185404360,4686191.82
"2026-01-01",16,7,"Lyft",27715,210,27505,224.6,482.6,1837,819,0.0668,0.0298,19.13,14.77,31.24,0,0,79,79,130557.02,31814080,865874.1
"2026-01-01",16,7,"Uber",84233,409,83824,232.7,562.7,6983,1730,0.0833,0.0206,18.55,14.84,30.17,1796,838,136,136,386428.75,93771218,2540962.38
"2026-01-01",17,1,"Lyft",34938,289,34649,249.4,494.4,1867,421,0.0539,0.0122,18.77,13.02,28.94,0,0,110,110,142381.43,39354421,1011243.78
"2026-01-01",17,1,"Uber",102618,785,101823,250.6,596.4,10019,2611,0.0984,0.0256,18.95,13.53,30.22,1915,772,204,204,438633.45,116668127,3101078.12
"2026-01-01",17,2,"Lyft",41803,387,41416,270,605.4,4229,1204,0.1021,0.0291,20.16,10.61,29.11,0,0,144,144,149078.01,50574649,1216899.74
"2026-01-01",17,2,"Uber",117119,1062,116054,263.8,639.8,13596,4184,0.1172,0.0361,20.99,11.24,32.34,2443,998,258,258,460667.62,147497336,3787573.74
"2026-01-01",17,3,"Lyft",41394,396,40998,263.1,573,3578,1052,0.0873,0.0257,20.7,10.51,29.82,0,0,172,172,150120.87,51416387,1234488.62
"2026-01-01",17,3,"Uber",117135,1236,115895,258.3,612,12172,3484,0.105,0.0301,21.63,11.13,33.5,2583,1143,273,273,469967.22,152009721,3924464.36
"2026-01-01",17,4,"Lyft",55846,493,55353,269.7,564,4592,1180,0.083,0.0213,20.81,10.88,30.32,0,0,224,224,210764.71,69745641,1693206.44
"2026-01-01",17,4,"Uber",143969,1452,142514,262.2,618.9,15366,4434,0.1078,0.0311,22.16,11.39,34.62,3027,1329,331,331,605390.95,191401326,4984361
"2026-01-01",17,5,"Lyft",58987,529,58458,255.3,544.9,4417,1161,0.0756,0.0199,20.53,10.89,29.69,0,0,195,195,219851.12,72668406,1751374.07
"2026-01-01",17,5,"Uber",159696,1274,158416,254,604.2,16099,4520,0.1016,0.0285,21.45,11.44,31.64,3723,1913,352,352,653035.08,205562513,5053029.83
"2026-01-01",17,6,"Lyft",62599,415,62184,246.7,464.9,2538,503,0.0408,0.0081,19.52,12.16,28.49,0,0,140,140,247520.24,73302952,1783247.74
"2026-01-01",17,6,"Uber",168756,831,167922,245.2,567,14282,3164,0.0851,0.0188,19.7,12.9,29.47,3511,2064,269,269,714768.7,199451373,4973971.49
"2026-01-01",17,7,"Lyft",29793,220,29573,243,514.6,2147,867,0.0726,0.0293,18.55,14.14,29.42,0,0,87,87,130239.3,33163337,876496.1
"2026-01-01",17,7,"Uber",82550,381,82164,239.8,560.1,6762,1449,0.0823,0.0176,18.54,14.8,29.12,1598,881,147,147,377575.31,91817082,2404092.95
"2026-01-01",18,1,"Lyft",36331,229,36102,247,503.9,2082,480,0.0577,0.0133,17.12,13.7,27.16,0,0,106,106,142002.34,37312808,986787.05
"2026-01-01",18,1,"Uber",102523,510,102002,250,604.8,10401,2638,0.102,0.0259,17.61,14.59,29.37,1965,839,152,152,439048.02,108325759,3011047.15
"2026-01-01",18,2,"Lyft",42855,287,42568,257.7,582.4,3920,1047,0.0921,0.0246,18.02,11.73,27.74,0,0,127,127,150915.85,46328634,1188793.79
"2026-01-01",18,2,"Uber",115989,648,115338,250.3,598.2,11405,3152,0.0989,0.0273,18.82,12.58,31.31,2476,1055,185,185,457718.14,130974488,3631887.29
"2026-01-01",18,3,"Lyft",44155,277,43878,247.4,530,3048,786,0.0695,0.0179,18.37,11.74,28.47,0,0,140,140,158643.91,48659575,1257108.84
"2026-01-01",18,3,"Uber",117434,822,116608,245.1,581.7,10654,2816,0.0914,0.0241,19.46,12.6,32.52,2621,1234,179,179,480116.28,137134161,3818592.4
"2026-01-01",18,4,"Lyft",58696,320,58376,254.2,537,4189,1109,0.0718,0.019,18.96,11.81,29.19,0,0,190,190,218948.48,66766921,1713281.19
"2026-01-01",18,4,"Uber",146003,960,145043,250.4,584.9,13532,3584,0.0933,0.0247,19.95,12.62,33.59,3009,1383,258,258,612631.03,174796859,4903830.22
"2026-01-01",18,5,"Lyft",66062,400,65662,254.5,540.4,4865,1147,0.0741,0.0175,19.08,11.53,28.74,0,0,202,202,242170.51,75633457,1898943.56
"2026-01-01",18,5,"Uber",171576,1025,170546,252.4,589,16207,4605,0.095,0.027,19.68,12.36,31.05,3781,1985,296,296,695398.38,202551631,5326729.24
"2026-01-01",18,6,"Lyft",69088,432,68656,257.4,481.6,2980,518,0.0434,0.0075,19.13,12.16,28.39,0,0,144,144,267864.59,79290196,1961072.32
"2026-01-01",18,6,"Uber",180064,864,179199,256.6,590.2,17098,3927,0.0954,0.0219,19.25,12.99,29.6,3896,2394,251,251,750150.43,207973190,5329991.88
"2026-01-01",18,7,"Lyft",31039,198,30841,245.1,502.1,2085,910,0.0676,0.0295,17.64,14.11,27.89,0,0,74,74,128708.86,32842493,865524.87
"2026-01-01",18,7,"Uber",84768,293,84474,245.7,577.8,7598,1643,0.0899,0.0194,17.79,14.9,28.11,1895,1103,137,137,374521.91,90506583,2382688.54
"2026-01-01",19,1,"Lyft",32482,195,32287,227.9,472.9,1608,390,0.0498,0.0121,16.4,15.51,26.44,0,0,84,84,137665.5,31954540,858849.63
"2026-01-01",19,1,"Uber",91922,366,91547,242,600.4,9160,2383,0.1001,0.026,16.78,16.21,28.67,1950,912,123,123,416686.19,92528610,2635034.75
"2026-01-01",19,2,"Lyft",38661,235,38426,225,479.3,1932,375,0.0503,0.0098,17.04,14.31,27.13,0,0,99,99,157056.82,39515626,1048983.11
"2026-01-01",19,2,"Uber",106978,463,106509,230.4,558.1,8700,2196,0.0817,0.0206,17.65,15.15,30.65,2424,1170,107,107,476706.51,113306904,3278506.61
"2026-01-01",19,3,"Lyft",40843,241,40602,224.2,454.2,1652,354,0.0407,0.0087,17.45,14.3,27.7,0,0,115,115,169866.08,42751951,1131279.83
"2026-01-01",19,3,"Uber",111401,434,110965,230,550.2,8678,1991,0.0782,0.0179,18.1,15.02,31.3,2516,1301,154,154,504788.39,120987210,3486526.19
"2026-01-01",19,4,"Lyft",53406,274,53132,224.7,460.5,2375,497,0.0447,0.0094,17.57,13.81,27.66,0,0,133,133,215954.08,56307076,1477106.33
"2026-01-01",19,4,"Uber",143291,604,142685,230.6,547,10979,2521,0.0769,0.0177,18.42,14.66,31.49,3150,1612,188,188,644781.22,158390228,4511555.1
"2026-01-01",19,5,"Lyft",64112,320,63792,239.9,497.4,3612,748,0.0566,0.0117,17.71,12.59,27.25,0,0,140,140,238247.81,68124276,1746777.41
"2026-01-01",19,5,"Uber",175374,687,174682,244.6,571.7,15290,3873,0.0875,0.0222,18.36,13.43,28.83,4100,2327,206,206,720716.97,193241879,5056845.99
"2026-01-01",19,6,"Lyft",69046,413,68633,258,499,3502,537,0.051,0.0078,18.29,12.41,27.7,0,0,158,158,261136.79,75750740,1912317.93
"2026-01-01",19,6,"Uber",188083,631,187449,260.5,591.8,18022,4269,0.0961,0.0228,18.61,13.18,28.49,4306,2732,198,198,768816.33,209966680,5358832.77
"2026-01-01",19,7,"Lyft",29136,194,28942,238.3,509.4,2026,818,0.07,0.0283,17.29,14.93,27.45,0,0,72,72,125375.91,30222656,799834.81
"2026-01-01",19,7,"Uber",79855,237,79616,241.5,593.9,7710,1828,0.0968,0.023,17.31,15.69,27.09,2166,1310,101,101,361419.79,82943627,2163646.06
"2026-01-01",20,1,"Lyft",29178,166,29012,227.3,510.7,2006,723,0.0691,0.0249,16.85,17.1,28.64,0,0,70,70,140105.28,29491567,835595.38
"2026-01-01",20,1,"Uber",83599,234,83361,244.4,635.5,9555,2975,0.1146,0.0357,16.9,17.58,30.65,1955,1090,115,115,414080.2,84775586,2562679.78
"2026-01-01",20,2,"Lyft",36200,161,36039,222.7,454.6,1674,477,0.0464,0.0132,17.54,16.52,29.95,0,0,87,87,174816.96,38097160,1084338.67
"2026-01-01",20,2,"Uber",102225,339,101875,234.4,573.8,9053,2356,0.0889,0.0231,17.87,17.22,34.79,2253,1262,98,98,524388.68,109602459,3556320.85
"2026-01-01",20,3,"Lyft",38116,182,37934,220.4,452.9,1645,401,0.0434,0.0106,17.8,16.5,30.77,0,0,91,91,186620.17,40709140,1172999.46
"2026-01-01",20,3,"Uber",103727,322,103402,228.5,555.6,8336,1832,0.0806,0.0177,18.37,17.48,36.89,2343,1336,113,113,555153.14,114337512,3826816.3
"2026-01-01",20,4,"Lyft",47662,193,47469,221.8,455.8,2132,584,0.0449,0.0123,17.94,15.88,30.15,0,0,95,95,226335.92,51298151,1437059.6
"2026-01-01",20,4,"Uber",136786,413,136370,230.4,567.4,11774,2953,0.0863,0.0217,18.53,16.84,34.98,3099,1862,147,147,711406.76,152060357,4784549.39
"2026-01-01",20,5,"Lyft",55432,238,55194,225.1,452.9,2279,465,0.0413,0.0084,17.55,13.89,27.42,0,0,133,133,225255.2,58368003,1520063.06
"2026-01-01",20,5,"Uber",159312,451,158860,231.9,557.6,12945,2982,0.0815,0.0188,17.79,14.67,28.22,4107,2618,157,157,692857.27,170032518,4496102.2
"2026-01-01",20,6,"Lyft",63273,246,63027,238,457.4,2434,448,0.0386,0.0071,17.89,13.45,27.52,0,0,116,116,253706.34,67924277,1741476.96
"2026-01-01",20,6,"Uber",175852,461,175387,244.8,583.3,16209,3591,0.0924,0.0205,18.17,14.15,27.31,4505,3077,173,173,753479.98,191743540,4802097
"2026-01-01",20,7,"Lyft",26103,127,25976,240.1,584.4,2482,1205,0.0955,0.0464,16.8,16,28.18,0,0,56,56,116903.03,26305706,735535.52
"2026-01-01",20,7,"Uber",74979,199,74778,255.2,690.3,10202,3500,0.1364,0.0468,17.24,16.85,27.5,2326,1462,94,94,362940.7,77560862,2062072.9
"2026-01-01",21,1,"Lyft",27772,154,27618,237.3,544.3,2220,831,0.0804,0.0301,17.07,17.98,30.04,0,0,62,62,142027.99,28437777,834344.08
"2026-01-01",21,1,"Uber",77634,207,77418,254.3,651.2,9429,2657,0.1218,0.0343,16.6,18.02,31.02,2087,1247,77,77,387139.31,77321686,2408193.98
"2026-01-01",21,2,"Lyft",34734,167,34567,244.9,518.6,2330,671,0.0674,0.0194,17.56,17.28,31.54,0,0,75,75,175611.21,36590763,1095683.95
"2026-01-01",21,2,"Uber",95553,283,95263,253.5,608.3,9840,2639,0.1033,0.0277,17.75,17.83,37,2361,1436,85,85,503902.33,101735633,3534991.53
"2026-01-01",21,3,"Lyft",36540,162,36378,239.5,494.5,2003,489,0.0551,0.0134,17.94,17.39,32.58,0,0,81,81,189900.3,39320708,1190338.88
"2026-01-01",21,3,"Uber",100340,268,100069,249.4,594.1,9736,2616,0.0973,0.0261,18.42,18.31,39.35,2471,1535,90,90,563857.73,110879269,3948062.13
"2026-01-01",21,4,"Lyft",45901,207,45694,232.2,473.9,2229,527,0.0488,0.0115,18.02,16.87,31.77,0,0,118,118,232504.02,49619524,1458083.24
"2026-01-01",21,4,"Uber",129384,401,128978,243.6,592.7,12478,3422,0.0967,0.0265,18.39,17.77,37.09,3304,2127,138,138,704735.36,142766953,4798688.27
"2026-01-01",21,5,"Lyft",54364,256,54108,219.8,439.2,2020,439,0.0373,0.0081,17.59,14.8,28.11,0,0,133,133,235894.21,57365713,1527988.11
"2026-01-01",21,5,"Uber",148208,429,147776,227.3,557.1,12028,2757,0.0814,0.0187,17.57,15.52,28.94,4163,2873,158,158,673815.13,156269937,4289481.33
"2026-01-01",21,6,"Lyft",61085,221,60864,225.3,439.9,2085,415,0.0343,0.0068,17.71,14.26,27.84,0,0,105,105,257109.88,64926553,1700477.69
"2026-01-01",21,6,"Uber",159697,373,159318,232,567.4,13734,3171,0.0862,0.0199,17.83,14.9,27.7,4475,3222,133,133,707196.64,170887637,4423529.72
"2026-01-01",21,7,"Lyft",25651,97,25554,246,645.4,2812,1493,0.11,0.0584,16.69,17.26,28.67,0,0,40,40,123116.06,25681722,735455.24
"2026-01-01",21,7,"Uber",69229,193,69033,258.6,696.2,9681,3250,0.1402,0.0471,16.72,17.57,27.62,2437,1587,68,68,338852.16,69433470,1911982.31
"2026-01-01",22,1,"Lyft",24781,115,24666,259.9,655,2973,1145,0.1205,0.0464,17.09,18.39,30.37,0,0,55,55,129827.75,25409390,752638.71
"2026-01-01",22,1,"Uber",70464,163,70292,276.5,720.7,10851,3469,0.1544,0.0494,16.69,18.43,30.34,2668,1761,44,44,361272.26,70552189,2137678.08
"2026-01-01",22,2,"Lyft",29880,132,29748,248.3,528.3,2108,521,0.0709,0.0175,17.32,17.46,30.81,0,0,55,55,150610.87,31050800,920571.74
"2026-01-01",22,2,"Uber",84772,236,84527,259.5,636,9794,2661,0.1159,0.0315,17.34,17.81,33.22,2641,1756,68,68,436166.57,88176909,2815789.94
"2026-01-01",22,3,"Lyft",33089,154,32935,241.9,487.7,1719,287,0.0522,0.0087,17.64,17.44,31.41,0,0,59,59,169702.95,35026790,1039451.9
"2026-01-01",22,3,"Uber",91350,200,91149,253.9,603,9221,1955,0.1012,0.0214,17.92,18.19,35.09,2929,2021,60,60,496264.7,98194347,3205446.53
"2026-01-01",22,4,"Lyft",43918,167,43751,247.4,498.2,2468,572,0.0564,0.0131,17.68,17.06,31.28,0,0,93,93,220724.8,46579636,1373542.61
"2026-01-01",22,4,"Uber",122506,291,122213,257.3,624.2,13558,3278,0.1109,0.0268,18.2,17.93,35.35,4055,2838,95,95,666477.88,133783115,4330418.6
"2026-01-01",22,5,"Lyft",56605,181,56424,233.9,461.7,2476,590,0.0439,0.0105,17.61,15.04,28.88,0,0,103,103,249848.47,59803976,1634829.96
"2026-01-01",22,5,"Uber",152456,368,152087,243.2,589.2,14498,3309,0.0953,0.0218,17.98,15.84,30.08,5213,3829,125,125,723745.6,164444777,4586347.44
"2026-01-01",22,6,"Lyft",65396,200,65196,243.4,472.6,2868,574,0.044,0.0088,17.87,14.86,29.01,0,0,96,96,289475.33,70128898,1896900.16
"2026-01-01",22,6,"Uber",165816,389,165426,254.7,613.6,17465,4319,0.1056,0.0261,18.01,15.55,29.34,5707,4266,113,113,774161.65,179226379,4865834.65
"2026-01-01",22,7,"Lyft",23618,119,23499,278.2,694.1,3115,1272,0.1326,0.0541,16.36,17.62,28.54,0,0,43,43,113511.98,23187403,674164.28
"2026-01-01",22,7,"Uber",69814,176,69635,301,760.5,12419,3855,0.1783,0.0554,16.54,18,28.08,3187,2244,58,58,346413.13,69273063,1960561.19
"2026-01-01",23,1,"Lyft",21261,138,21123,270.3,702,2969,1084,0.1406,0.0513,16.89,19.28,30.64,0,0,46,46,115357.45,21543529,651459.56
"2026-01-01",23,1,"Uber",60776,187,60586,292.7,752.1,10571,3171,0.1745,0.0523,16.72,18.93,29.37,2893,2012,36,36,320494.29,60963984,1784716.4
"2026-01-01",23,2,"Lyft",23428,126,23302,233.4,486.1,1315,304,0.0564,0.013,16.65,17.97,28.75,0,0,41,41,116819.84,23404410,673631.11
"2026-01-01",23,2,"Uber",67375,163,67210,258.1,657,8387,2110,0.1248,0.0314,16.71,18.19,28.88,2934,2040,35,35,341280.11,67548755,1945686.26
"2026-01-01",23,3,"Lyft",25796,106,25690,226,448.8,1051,207,0.0409,0.0081,16.97,17.97,29.45,0,0,47,47,131055.61,26259553,759590.52
"2026-01-01",23,3,"Uber",73161,183,72975,245.8,628,8241,1997,0.1129,0.0274,17.09,18.45,30.19,3167,2289,48,48,384544.56,75023916,2208565.91
"2026-01-01",23,4,"Lyft",36471,144,36327,241.6,488.4,1994,445,0.0549,0.0122,17.41,17.62,30.08,0,0,62,62,186491.64,38099350,1097144.54
"2026-01-01",23,4,"Uber",105463,251,105212,257.8,639.6,12415,2877,0.118,0.0273,17.64,18.05,31.31,4428,3248,69,69,559581.32,111593276,3302025.87
"2026-01-01",23,5,"Lyft",55972,195,55777,248.4,477.7,2493,465,0.0447,0.0083,17.2,15.24,28.92,0,0,86,86,244584.73,57762621,1618804.73
"2026-01-01",23,5,"Uber",148231,349,147880,263.3,628.4,16622,3960,0.1124,0.0268,17.78,16.18,30.03,6227,4879,71,71,710767.13,158100958,4451607.68
"2026-01-01",23,6,"Lyft",64630,196,64434,275,533.4,4283,848,0.0665,0.0132,17.07,15.08,28.8,0,0,95,95,277288.16,66186767,1861647.03
"2026-01-01",23,6,"Uber",162361,398,161961,287.3,671.1,21440,5850,0.1324,0.0361,17.68,16.13,29.87,6525,5072,84,84,771617.13,172239950,4850218.23
"2026-01-01",23,7,"Lyft",20891,122,20769,286.8,794.3,3262,1563,0.1571,0.0753,16.21,18.66,28.9,0,0,38,38,105274.36,20313860,603807.02
"2026-01-01",23,7,"Uber",61607,188,61416,318.6,822.5,12949,4528,0.2108,0.0737,16.35,18.81,27.71,3546,2532,42,42,315784.19,60432433,1707210.87
"2026-02-01",0,1,"Lyft",22657,83,22574,321.3,758.4,3768,1432,0.1669,0.0634,15.92,18.01,27.49,0,0,34,34,108293.72,21648195,622733.44
"2026-02-01",0,1,"Uber",46574,198,46373,352.5,882.1,11179,4363,0.2411,0.0941,16.55,18.6,29.19,2372,1564,20,20,238993.3,46258198,1359647.28
"2026-02-01",0,2,"Lyft",15444,67,15377,275.4,622.2,1652,551,0.1074,0.0358,15.61,18.68,26.44,0,0,31,31,75034.13,14462765,408386.94
"2026-02-01",0,2,"Uber",36696,165,36531,294.1,733.4,6055,1682,0.1657,0.046,16,19.44,28.52,1668,906,18,18,190242.36,35224958,1046505.06
"2026-02-01",0,3,"Lyft",18875,61,18814,240.2,499.3,1225,375,0.0651,0.0199,15.94,18.36,26.8,0,0,20,20,92053.46,18048399,505784.4
"2026-02-01",0,3,"Uber",45871,128,45743,258.7,633.3,5201,1350,0.1137,0.0295,16.26,18.82,28.9,2009,1210,26,26,233858.05,44744171,1325538.6
"2026-02-01",0,4,"Lyft",20498,76,20422,222.8,425.7,819,243,0.0401,0.0119,15.99,17.96,26.64,0,0,28,28,98108.72,19666482,545969.21
"2026-02-01",0,4,"Uber",50362,119,50243,242.2,618.8,5423,1413,0.1079,0.0281,16.72,18.66,29.39,2306,1501,26,26,261895.03,50517943,1480051.49
"2026-02-01",0,5,"Lyft",25653,86,25567,232.7,434.4,970,213,0.0379,0.0083,16.51,17.48,27.67,0,0,37,37,123406.16,25409387,709854.1
"2026-02-01",0,5,"Uber",66444,129,66315,250.9,623,7300,1661,0.1101,0.025,17.51,18.42,31.03,2629,1745,33,33,357269.11,69820847,2061839.01
"2026-02-01",0,6,"Lyft",49014,120,48894,278.7,517.7,2818,435,0.0576,0.0089,16.35,14.87,28.27,0,0,71,71,198557.85,48069369,1385765.46
"2026-02-01",0,6,"Uber",103504,210,103294,295.6,679.6,14416,3417,0.1396,0.0331,17.92,16.71,31.81,4372,3090,50,50,516509.08,111268399,3292618.79
"2026-02-01",0,7,"Lyft",56220,93,56127,294.9,552.1,4170,712,0.0743,0.0127,16.29,14.08,29.76,0,0,54,54,214957.56,54964968,1673341.49
"2026-02-01",0,7,"Uber",115887,263,115623,334.9,762.7,20886,6330,0.1806,0.0547,18.23,16.42,34.01,5112,3859,52,52,578300.9,126754012,3941467.65
"2026-02-01",1,1,"Lyft",12977,45,12932,278.1,564.2,1086,282,0.084,0.0218,15.31,17.98,24.69,0,0,22,22,59543.82,11924190,320394.91
"2026-02-01",1,1,"Uber",26849,89,26759,315.7,796.8,5187,1886,0.1938,0.0705,15.99,19,27.1,1227,678,19,19,135903.34,25752562,727661.2
"2026-02-01",1,2,"Lyft",8367,44,8323,245.4,476.9,393,81,0.0472,0.0097,14.74,18.83,24.36,0,0,21,21,38696.23,7399047,203824.24
"2026-02-01",1,2,"Uber",20702,65,20636,277,672.4,2812,712,0.1363,0.0345,15.29,19.62,26.28,863,446,12,12,103539.14,18994970,544134.48
"2026-02-01",1,3,"Lyft",10645,34,10611,229.6,417.9,283,56,0.0267,0.0053,14.95,18.28,24.73,0,0,16,16,48487.15,9547620,263267.54
"2026-02-01",1,3,"Uber",26211,84,26127,248.9,601.7,2624,570,0.1004,0.0218,15.57,19.27,27.85,1117,636,13,13,131075.55,24481972,729920.28
"2026-02-01",1,4,"Lyft",11925,58,11867,212.5,384.8,274,88,0.0231,0.0074,15.21,18.4,25.38,0,0,27,27,55613.63,10879993,302691.79
"2026-02-01",1,4,"Uber",28770,80,28689,234.1,583.9,2665,690,0.0929,0.0241,16,19.31,28.58,1235,728,8,8,148154.3,27613676,822258.19
"2026-02-01",1,5,"Lyft",16389,50,16339,213.4,384.6,309,58,0.0189,0.0035,15.38,17.69,25.83,0,0,27,27,74333.02,15126517,423310.83
"2026-02-01",1,5,"Uber",40613,105,40508,238,577.2,3603,780,0.0889,0.0193,16.37,18.87,29.13,1743,1186,16,16,209020.91,39879668,1182973.08
"2026-02-01",1,6,"Lyft",39002,58,38944,266.8,507.5,2081,285,0.0534,0.0073,16.19,15.36,27.16,0,0,47,47,161654.97,37876498,1059225.47
"2026-02-01",1,6,"Uber",81456,150,81306,278.4,636.6,9503,2181,0.1169,0.0268,17.48,16.99,30.59,3639,2881,42,42,403185.31,85433773,2491335.05
"2026-02-01",1,7,"Lyft",45330,90,45240,285.2,541.4,3178,624,0.0702,0.0138,16.24,14.98,28.54,0,0,59,59,183850.45,44170449,1293786.43
"2026-02-01",1,7,"Uber",93576,216,93358,305.5,719.8,14400,4098,0.1542,0.0439,17.77,17.16,32.76,4058,3180,53,53,475647.48,99787344,3065193.3
"2026-02-01",2,1,"Lyft",8542,58,8484,290,572.3,728,185,0.0858,0.0218,15.2,18.25,24.58,0,0,12,12,39491.49,7790938,209948.08
"2026-02-01",2,1,"Uber",17943,133,17810,337.1,824,3811,1311,0.214,0.0736,15.86,19.44,27,794,379,12,12,92214.95,17078194,484494.92
"2026-02-01",2,2,"Lyft",5798,62,5736,262.7,516.9,356,89,0.0621,0.0155,14.64,18.82,24.11,0,0,17,17,26627.87,5093543,139810.19
"2026-02-01",2,2,"Uber",14002,92,13910,299.2,716.9,2193,617,0.1577,0.0444,14.97,19.85,25.78,599,268,4,4,69339.41,12574494,360976.23
"2026-02-01",2,3,"Lyft",6997,68,6929,236.6,453.2,256,53,0.0369,0.0076,15.17,19.45,25.84,0,0,19,19,34417.66,6368806,180780.17
"2026-02-01",2,3,"Uber",16881,156,16725,265.3,640.9,1956,482,0.117,0.0288,15.46,19.99,28.54,706,338,13,13,86944.54,15657559,481867.01
"2026-02-01",2,4,"Lyft",7800,63,7737,221.7,402.5,176,43,0.0227,0.0056,15.06,18.74,25.34,0,0,24,24,36687.12,7046279,197642.59
"2026-02-01",2,4,"Uber",19414,150,19264,251.5,602.5,1942,453,0.1008,0.0235,15.52,19.74,27.62,891,460,7,7,99124.49,18073031,536224.01
"2026-02-01",2,5,"Lyft",10971,50,10921,225.7,399.7,236,48,0.0216,0.0044,15.28,18.15,25.7,0,0,18,18,50711.41,10060502,281954.37
"2026-02-01",2,5,"Uber",27512,146,27366,260.3,602.3,2762,622,0.1009,0.0227,16.23,19.22,28.46,1218,715,13,13,143092.57,26795509,783064.06
"2026-02-01",2,6,"Lyft",30442,61,30381,280.8,528.1,1847,263,0.0608,0.0087,16.28,16.1,27.8,0,0,31,31,132959.8,29736278,846403.36
"2026-02-01",2,6,"Uber",60167,212,59955,291.7,662.6,7766,1947,0.1295,0.0325,17.6,17.79,31.53,3131,2469,14,14,313851.97,63526720,1897285.69
"2026-02-01",2,7,"Lyft",34987,84,34903,285.5,530.5,2202,318,0.0631,0.0091,16.26,16.05,28.12,0,0,41,41,152220.08,34137685,983679.57
"2026-02-01",2,7,"Uber",71594,260,71333,313,707.7,10819,3093,0.1517,0.0434,17.66,17.92,32.08,3541,2763,35,35,377461.54,75841940,2297007.21
"2026-02-01",3,1,"Lyft",6835,262,6573,321,641,791,225,0.1203,0.0342,16.7,20.57,31.04,0,0,6,6,39137.16,6848455,212127.65
"2026-02-01",3,1,"Uber",15682,488,15193,361.4,837.8,3397,1205,0.2236,0.0793,16.92,21.89,32.21,649,301,7,7,96792.8,15921115,505092.42
"2026-02-01",3,2,"Lyft",5368,192,5176,285.9,580.8,468,103,0.0904,0.0199,16,21.26,28.74,0,0,8,8,30442.25,5154351,154256.86
"2026-02-01",3,2,"Uber",12686,380,12306,318.1,747,2074,591,0.1685,0.048,15.82,21.94,29.32,525,197,3,3,73366.19,12038806,371979.79
"2026-02-01",3,3,"Lyft",6631,276,6355,276.9,512.4,351,68,0.0552,0.0107,16.44,21.5,30.22,0,0,13,13,39068.67,6542374,200388.71
"2026-02-01",3,3,"Uber",15052,610,14442,317.4,722.3,2270,625,0.1572,0.0433,16.64,22.57,32.91,656,306,5,5,94240.98,15028466,495359.69
"2026-02-01",3,4,"Lyft",7199,283,6916,259.5,476.4,270,38,0.039,0.0055,16.37,21.48,30.26,0,0,16,16,42186.68,7070110,217875.07
"2026-02-01",3,4,"Uber",17142,585,16557,281.3,666.2,2079,510,0.1256,0.0308,16.48,22.46,32.4,684,317,8,8,105726.58,16946594,555382.09
"2026-02-01",3,5,"Lyft",9340,274,9066,253.5,458.5,331,53,0.0365,0.0058,16.61,20.42,29.97,0,0,17,17,52811.79,9310144,279911.9
"2026-02-01",3,5,"Uber",22561,696,21865,292.9,657.7,2788,692,0.1275,0.0316,16.86,21.67,31.91,985,558,10,10,137356.45,22819668,719896.25
"2026-02-01",3,6,"Lyft",22977,236,22741,306.5,590.4,2133,421,0.0938,0.0185,16.3,17.35,30.99,0,0,31,31,108315.04,22471150,712010.34
"2026-02-01",3,6,"Uber",44584,479,44105,326.2,734.9,7550,2110,0.1712,0.0478,17.86,19.35,34.39,2581,1897,18,18,256857.9,47778685,1533219.34
"2026-02-01",3,7,"Lyft",26401,400,26001,306.7,583,2341,415,0.09,0.016,16.69,17.81,31.26,0,0,33,33,130800.31,26433381,825260.39
"2026-02-01",3,7,"Uber",52894,773,52121,332.1,748.3,9159,2700,0.1757,0.0518,17.88,19.65,35.22,2717,1988,16,16,309794.62,56744169,1863039.94
"2026-02-01",4,1,"Lyft",9021,706,8315,391.4,733.4,1612,404,0.1939,0.0486,16.7,21.51,36.64,0,0,5,5,54008.93,9039923,330547.47
"2026-02-01",4,1,"Uber",19055,1106,17949,393.6,867.9,4306,1593,0.2399,0.0888,18.46,24.01,42.71,799,398,7,7,140772.53,21103994,813813.87
"2026-02-01",4,2,"Lyft",8889,706,8183,332,675.6,1131,329,0.1382,0.0402,16.11,21.93,31.65,0,0,13,13,52343.94,8591300,281337.4
"2026-02-01",4,2,"Uber",19750,1000,18750,330.8,763.7,3246,998,0.1731,0.0532,17.21,23.5,35.91,819,392,11,11,133128.69,20392102,709211.88
"2026-02-01",4,3,"Lyft",10426,868,9558,350.2,694.4,1504,381,0.1574,0.0399,17.17,22.43,36.69,0,0,10,10,66918.34,10739945,382533.51
"2026-02-01",4,3,"Uber",21161,1473,19688,343.3,783.8,3725,1174,0.1892,0.0596,18.42,24.49,43.12,805,402,12,12,159108.84,23391066,912367.14
"2026-02-01",4,4,"Lyft",11025,1001,10024,341.1,633.4,1209,217,0.1206,0.0216,17.42,22.88,36.25,0,0,21,21,73215.36,11522167,399678.73
"2026-02-01",4,4,"Uber",23539,1513,22026,337.5,754.8,3745,1167,0.17,0.053,18.55,24.51,41.52,879,463,14,14,178338.3,26198700,977264.66
"2026-02-01",4,5,"Lyft",12197,911,11286,352.8,632,1395,225,0.1236,0.0199,17.4,21.93,37.18,0,0,13,13,77573.72,12731587,453486.47
"2026-02-01",4,5,"Uber",27173,1565,25608,363,799.1,5023,1703,0.1961,0.0665,18.96,23.95,42.53,1146,679,14,14,205628.38,30906165,1155533.64
"2026-02-01",4,6,"Lyft",19202,629,18573,350.3,692.5,2878,674,0.155,0.0363,16.08,18.99,35.55,0,0,23,23,97743.21,18525656,682575.69
"2026-02-01",4,6,"Uber",36924,955,35969,372.4,842.7,8034,2856,0.2234,0.0794,18.26,21.59,40.28,2123,1454,10,10,242524.61,40446187,1487126.98
"2026-02-01",4,7,"Lyft",21007,845,20162,362.4,727.2,3646,913,0.1808,0.0453,16.42,19.14,35.53,0,0,25,25,110075.81,20702116,746322.31
"2026-02-01",4,7,"Uber",43406,1355,42051,380,844.2,9576,3389,0.2277,0.0806,18.36,21.66,41.86,2329,1638,9,9,287707.27,47829043,1816776.83
"2026-02-01",5,1,"Lyft",11534,898,10636,369.4,700.7,1777,402,0.1671,0.0378,17.74,20.35,37.1,0,0,18,18,69394.78,12275258,427944.97
"2026-02-01",5,1,"Uber",29346,1438,27908,351.5,789.5,5238,1796,0.1877,0.0644,19.63,22.14,42.62,1415,875,12,12,212616.39,34568552,1250657.46
"2026-02-01",5,2,"Lyft",14182,969,13213,307.5,607,1358,308,0.1028,0.0233,17.46,19.99,32.61,0,0,22,22,82475.97,14853950,462448.62
"2026-02-01",5,2,"Uber",35382,1661,33721,297.9,684.3,4528,1313,0.1343,0.0389,18.2,21.21,36.23,1504,970,12,12,227666.16,38635991,1281990.44
"2026-02-01",5,3,"Lyft",15910,1090,14820,325.7,646.8,1864,452,0.1258,0.0305,18.36,20.03,36.48,0,0,25,25,97493.46,17522164,580434.53
"2026-02-01",5,3,"Uber",36011,1938,34073,304.5,670,4522,1180,0.1327,0.0346,19.53,21.66,42.04,1407,866,26,26,253865.28,42188681,1513939.39
"2026-02-01",5,4,"Lyft",16230,1214,15016,327.8,603.4,1530,254,0.1019,0.0169,18.78,20.6,37.47,0,0,22,22,104650.01,18284023,608158.93
"2026-02-01",5,4,"Uber",38332,1912,36420,313.4,679,4986,1334,0.1369,0.0366,20.09,22.07,43.23,1378,878,14,14,283182.42,46200372,1657168.5
"2026-02-01",5,5,"Lyft",16133,1224,14909,341.8,620,1709,248,0.1146,0.0166,18.39,20.18,37.38,0,0,39,39,99783.4,17801227,603010.77
"2026-02-01",5,5,"Uber",40554,1969,38585,325.5,708.1,5759,1597,0.1493,0.0414,20.66,21.79,43.66,1525,980,26,26,304250.43,50265466,1770584.24
"2026-02-01",5,6,"Lyft",15246,749,14497,301.3,568.5,1209,260,0.0834,0.0179,17.75,20.83,34.81,0,0,20,20,93956.45,16237059,530730.15
"2026-02-01",5,6,"Uber",35452,1066,34385,312.6,704.8,5189,1422,0.1509,0.0414,18.63,22.22,37.12,1731,1089,8,8,244628.71,39635915,1316023.16
"2026-02-01",5,7,"Lyft",16122,882,15240,324.7,676.7,2072,606,0.136,0.0398,17.82,20.63,36,0,0,17,17,98806.16,17242149,580463.43
"2026-02-01",5,7,"Uber",36960,1423,35537,336.3,764.8,6306,1993,0.1774,0.0561,19.41,22.29,40.78,1885,1214,6,6,266433.69,43035932,1507086.73
"2026-02-01",6,1,"Lyft",18015,783,17232,346.4,698.1,2663,679,0.1545,0.0394,17.62,17.03,34.99,0,0,25,25,90104.18,19047653,630361.49
"2026-02-01",6,1,"Uber",47722,2120,45602,342.1,789,8407,2946,0.1844,0.0646,20.21,18.75,40.35,2500,1632,23,23,301373.27,57857150,1925687.86
"2026-02-01",6,2,"Lyft",26492,1147,25345,317.7,637,3101,670,0.1224,0.0264,17.91,16.11,30.67,0,0,38,38,127436.89,28472281,812391.43
"2026-02-01",6,2,"Uber",64177,3272,60905,296.4,687.9,8439,2413,0.1386,0.0396,19.2,17.4,35.01,2984,2009,39,39,357451.44,73938216,2246542.12
"2026-02-01",6,3,"Lyft",29095,1045,28050,306.4,603.2,2844,567,0.1014,0.0202,19.41,15.48,32.32,0,0,31,31,145662.05,33882751,940280.13
"2026-02-01",6,3,"Uber",63518,3229,60289,287.2,653,7390,2197,0.1226,0.0364,20.76,16.91,38.13,2674,1671,28,28,371566.18,79116105,2421761.5
"2026-02-01",6,4,"Lyft",29150,1037,28113,300.3,583.4,2530,441,0.09,0.0157,18.97,16.53,33.21,0,0,34,34,152327.7,33171741,968007.54
"2026-02-01",6,4,"Uber",66084,2968,63116,284.9,626.7,7036,1867,0.1115,0.0296,20.13,17.81,37.77,2622,1686,53,53,394731.06,79804283,2496060.17
"2026-02-01",6,5,"Lyft",27142,851,26291,292.8,566.6,2139,400,0.0814,0.0152,18.37,16.78,32.28,0,0,35,35,139429.77,29918867,876248.69
"2026-02-01",6,5,"Uber",67413,2839,64574,290.8,651.6,7924,2038,0.1227,0.0316,20.27,18.25,37.01,2619,1713,37,37,415731.3,81993049,2494758.68
"2026-02-01",6,6,"Lyft",18559,707,17852,264.5,477.7,734,101,0.0411,0.0057,16.87,20.62,31.44,0,0,28,28,107573.43,18783487,583442.69
"2026-02-01",6,6,"Uber",46884,1169,45715,277.2,631,5184,1316,0.1134,0.0288,17.77,21.97,33.39,2212,1507,16,16,305014.29,49980125,1565236.81
"2026-02-01",6,7,"Lyft",17926,940,16986,313.8,600.6,1704,300,0.1003,0.0177,16.73,20.47,32.33,0,0,34,34,102271.97,17989447,579560.7
"2026-02-01",6,7,"Uber",45217,1510,43706,319.2,739.9,7047,2158,0.1612,0.0494,18.6,22.16,36.66,2554,1765,8,8,310620.92,50453625,1657873.88
"2026-02-01",7,1,"Lyft",24754,1168,23586,373.2,816.7,5370,1705,0.2277,0.0723,18.54,12.97,35.48,0,0,51,51,99215.38,27531906,878341.95
"2026-02-01",7,1,"Uber",71325,3051,68274,357.7,832.1,14366,5365,0.2104,0.0786,20.72,14.41,39.1,3284,1898,74,74,355066,88677446,2788458.27
"2026-02-01",7,2,"Lyft",40205,1811,38394,363.3,790.8,8164,2407,0.2126,0.0627,19.24,12.18,30.91,0,0,76,76,157107.6,46419136,1242791.84
"2026-02-01",7,2,"Uber",99290,4522,94768,321,734.7,15380,5096,0.1623,0.0538,19.98,13.32,35.01,3826,2119,125,125,440188.52,119010721,3475776.5
"2026-02-01",7,3,"Lyft",44072,1675,42397,375.6,823.9,9697,3115,0.2287,0.0735,20.59,11.6,33.58,0,0,89,89,175432.94,54456041,1479960.7
"2026-02-01",7,3,"Uber",95193,4963,90230,311.9,714.4,13565,4395,0.1503,0.0487,21.15,13.02,39.06,3436,1673,123,123,436805.32,120782036,3718703.31
"2026-02-01",7,4,"Lyft",44489,1650,42839,335.6,697.4,6834,1571,0.1595,0.0367,19.72,12.27,31.99,0,0,70,70,179323.46,52629285,1423040.19
"2026-02-01",7,4,"Uber",100770,4446,96324,305.8,664.1,12470,3682,0.1295,0.0382,20.46,13.49,36.03,3312,1701,130,130,463470.09,123728108,3630532.16
"2026-02-01",7,5,"Lyft",41129,1270,39859,331,688.5,6032,1425,0.1513,0.0358,18.89,12.8,30.33,0,0,56,56,165690.69,46612013,1247290.31
"2026-02-01",7,5,"Uber",108270,3915,104355,308.6,696.8,14908,4592,0.1429,0.044,20.13,13.98,33.38,3618,2184,124,124,507693.24,130740504,3614090.08
"2026-02-01",7,6,"Lyft",22539,578,21961,224.7,392.7,357,48,0.0163,0.0022,16.22,19.69,28.58,0,0,29,29,119948.58,21930585,644243.78
"2026-02-01",7,6,"Uber",58418,1086,57332,241.1,550.1,4464,911,0.0779,0.0159,16.95,20.6,29.84,2382,1482,40,40,339905.42,59393854,1743156.52
"2026-02-01",7,7,"Lyft",22362,748,21614,261.1,467.1,839,151,0.0388,0.007,15.9,20.74,29.1,0,0,38,38,122902.62,21330872,650675.7
"2026-02-01",7,7,"Uber",57123,1393,55730,270.8,624.7,6123,1567,0.1099,0.0281,16.78,21.73,31.52,2672,1735,27,27,347109.8,57500503,1800503.13
"2026-02-01",8,1,"Lyft",31303,1049,30254,338,777.8,5749,1915,0.19,0.0633,18.17,11.68,31.89,0,0,76,76,110692.19,34129771,998305.92
"2026-02-01",8,1,"Uber",91960,2553,89407,333.3,765.9,15845,5439,0.1772,0.0608,20.25,12.81,34.89,3152,1578,176,176,397449.99,111714350,3208497.83
"2026-02-01",8,2,"Lyft",48719,1398,47321,322.7,684.7,6878,1923,0.1453,0.0406,19.31,10.9,28.78,0,0,125,125,170867.01,56448293,1402096.11
"2026-02-01",8,2,"Uber",126570,3586,122984,302.5,671.2,16269,4847,0.1323,0.0394,20.31,11.96,32.81,3614,1740,238,238,512398.01,154221207,4152408.76
"2026-02-01",8,3,"Lyft",53302,1560,51742,344.2,773.8,9590,3264,0.1853,0.0631,19.99,10.41,30.41,0,0,148,148,184793.22,63916482,1620649.07
"2026-02-01",8,3,"Uber",124168,3943,120224,302.6,665.6,15730,4451,0.1308,0.037,20.92,11.66,35.1,3277,1434,286,286,504529.81,155829584,4358115.96
"2026-02-01",8,4,"Lyft",52253,1544,50709,306.4,630.4,5826,1381,0.1149,0.0272,19.65,10.92,29.06,0,0,144,144,186951.67,61608317,1518404.68
"2026-02-01",8,4,"Uber",128201,3607,124594,285.2,622.7,13722,3627,0.1101,0.0291,20.42,12.13,33.03,3323,1450,277,277,529082.05,157069712,4234981.64
"2026-02-01",8,5,"Lyft",51328,1395,49933,301.8,597.3,4901,1097,0.0982,0.022,18.36,11.65,26.74,0,0,129,129,182968.82,56547712,1372329.24
"2026-02-01",8,5,"Uber",134038,3188,130850,288.2,639.5,15357,4251,0.1174,0.0325,19.63,12.79,29.75,3089,1541,256,256,560895.48,157904024,3987917.07
"2026-02-01",8,6,"Lyft",28136,554,27582,222,387.4,417,44,0.0151,0.0016,16.01,17.46,26.52,0,0,67,67,131044.49,27022429,746283.85
"2026-02-01",8,6,"Uber",74852,1086,73766,236.2,530.4,5159,1001,0.0699,0.0136,16.58,18.54,27.79,2256,1329,84,84,383530.48,74454130,2079764.32
"2026-02-01",8,7,"Lyft",26051,554,25497,235.9,410.6,512,84,0.0201,0.0033,15.26,19.07,26.48,0,0,40,40,126360.57,23849614,689798.04
"2026-02-01",8,7,"Uber",66450,1209,65241,246.3,549.3,5090,1067,0.078,0.0164,15.84,20.14,28.71,2139,1302,55,55,353237.63,63147744,1907913.46
"2026-02-01",9,1,"Lyft",32006,962,31044,263.1,581.4,2862,921,0.0922,0.0297,18.07,12.44,27.4,0,0,123,123,119959.21,34709134,877033.61
"2026-02-01",9,1,"Uber",81421,1822,79599,255.3,620.3,8595,2701,0.108,0.0339,19.5,13.38,31.2,2002,912,264,264,353997.3,95273819,2540165.94
"2026-02-01",9,2,"Lyft",42339,1361,40978,260.4,532.8,2834,718,0.0692,0.0175,19.34,11.7,27.85,0,0,165,165,159607.83,49121456,1179016.73
"2026-02-01",9,2,"Uber",111600,2663,108937,257.1,586.6,10247,2772,0.0941,0.0254,20.01,12.46,30.53,2368,1074,414,414,463928.06,133996208,3407027.24
"2026-02-01",9,3,"Lyft",45036,1416,43620,259.3,524.8,2806,642,0.0643,0.0147,19.5,11.23,27.97,0,0,199,199,164470.34,52704752,1259768.64
"2026-02-01",9,3,"Uber",115571,2918,112653,253.5,566.1,9569,2504,0.0849,0.0222,20.51,12.22,31.48,2504,1086,422,422,482860.72,142230075,3638489.7
"2026-02-01",9,4,"Lyft",44088,1512,42576,242.8,477.9,2029,438,0.0477,0.0103,19.69,11.71,28.39,0,0,180,180,169474.47,52083732,1251695.65
"2026-02-01",9,4,"Uber",112681,2761,109920,242.1,537.3,8157,1948,0.0742,0.0177,20.43,12.65,31.29,2314,1005,425,425,485235.4,138110002,3525533.71
"2026-02-01",9,5,"Lyft",43638,1391,42247,230.9,436.6,1397,284,0.0331,0.0067,18.61,12.27,26.81,0,0,188,188,166118.69,48736674,1170138.1
"2026-02-01",9,5,"Uber",115690,2541,113149,237.5,536,8336,1970,0.0737,0.0174,19.7,13.33,29.57,2206,1037,401,401,506343.28,136744440,3420557.99
"2026-02-01",9,6,"Lyft",35042,489,34553,229.8,420.8,827,131,0.0239,0.0038,16.04,15.92,25.93,0,0,90,90,149122.12,33730326,908537.92
"2026-02-01",9,6,"Uber",92556,978,91578,235.8,532.3,6669,1473,0.0728,0.0161,16.57,17.05,27.73,2115,1177,143,143,435678.55,92002083,2566161.2
"2026-02-01",9,7,"Lyft",32657,476,32181,242.4,437.9,917,132,0.0285,0.0041,15.08,17.45,25.53,0,0,58,58,143223.83,29555106,833635.03
"2026-02-01",9,7,"Uber",82439,1070,81369,244.9,537.3,6048,1329,0.0743,0.0163,15.68,18.65,28.15,1853,984,104,104,401842.03,77580982,2320551.66
"2026-02-01",10,1,"Lyft",29119,728,28391,229.3,455.9,1376,426,0.0485,0.015,19.01,13.24,28.2,0,0,132,132,122174.17,33219566,821077.35
"2026-02-01",10,1,"Uber",68308,1343,66965,232.9,562.9,5733,2032,0.0856,0.0303,19.83,13.88,32.31,1309,481,329,329,313332.2,81276153,2206884.8
"2026-02-01",10,2,"Lyft",35978,1080,34898,225.6,428.6,1066,200,0.0305,0.0057,19.86,12.25,27.94,0,0,207,207,145805.08,42865013,1005125.83
"2026-02-01",10,2,"Uber",89017,2047,86970,231.1,528.7,6131,1383,0.0705,0.0159,20.36,13.13,31.93,1415,507,456,456,396776.13,108749818,2842053.99
"2026-02-01",10,3,"Lyft",37817,1184,36633,220.4,415,994,174,0.0271,0.0047,20.23,12.02,28.62,0,0,197,197,153212.35,45902775,1082421
"2026-02-01",10,3,"Uber",92760,2133,90627,225.4,510.4,5743,1268,0.0634,0.014,20.97,12.79,33.18,1482,519,479,479,414567.06,116695044,3077794.76
"2026-02-01",10,4,"Lyft",37370,1204,36166,213.9,395.2,778,131,0.0215,0.0036,20.23,12.15,28.66,0,0,218,218,153045.83,45364170,1070995.22
"2026-02-01",10,4,"Uber",91605,1992,89613,221.3,502.7,5421,1191,0.0605,0.0133,20.86,13.11,33.05,1354,471,492,492,417622.88,114664260,3027610.19
"2026-02-01",10,5,"Lyft",38103,1094,37009,217.9,401.3,797,135,0.0215,0.0036,19.41,12.56,27.93,0,0,200,200,154804.19,44378543,1064347.64
"2026-02-01",10,5,"Uber",98704,1818,96886,224.6,506.5,6059,1295,0.0625,0.0134,20.26,13.51,31.37,1549,583,526,526,450195.59,119959774,3096695.85
"2026-02-01",10,6,"Lyft",38108,386,37722,223.2,406.2,805,109,0.0213,0.0029,16.3,14.61,25.73,0,0,96,96,151272.05,37261850,980511.45
"2026-02-01",10,6,"Uber",101076,786,100290,227.7,506,6216,1322,0.062,0.0132,16.71,15.69,27.52,1747,823,169,169,441685.33,101350340,2781195.44
"2026-02-01",10,7,"Lyft",39267,459,38808,251.1,453.5,1299,195,0.0335,0.005,15.06,16.14,24.97,0,0,115,115,158997.37,35474523,980572.4
"2026-02-01",10,7,"Uber",98560,860,97700,250.9,551.7,7817,1849,0.08,0.0189,15.68,17.36,27.86,1895,931,132,132,447159.56,92712366,2745522.67
"2026-02-01",11,1,"Lyft",27213,655,26558,230.6,451.3,1218,352,0.0459,0.0133,19.29,13.5,29.05,0,0,134,134,118092.2,31500090,790643.38
"2026-02-01",11,1,"Uber",63843,1163,62679,236.1,589.4,6000,2155,0.0957,0.0344,20.04,14.13,33.54,1112,386,289,289,301217.65,76749350,2141087.57
"2026-02-01",11,2,"Lyft",32081,836,31245,217.5,406.8,816,160,0.0261,0.0051,20.09,12.73,29.07,0,0,186,186,136733.67,38662662,932510.89
"2026-02-01",11,2,"Uber",80336,1691,78645,224.6,518.8,5177,1148,0.0658,0.0146,20.39,13.52,33.03,1194,409,470,470,369133.55,98298508,2653336.32
"2026-02-01",11,3,"Lyft",34255,1000,33255,213.6,399.3,820,162,0.0247,0.0049,20.69,12.27,29.66,0,0,209,209,144893.7,42514147,1016124.59
"2026-02-01",11,3,"Uber",83197,1791,81406,220.1,495.2,4656,994,0.0572,0.0122,21.32,12.99,34.81,1153,359,448,448,384166.02,106442957,2896100.82
"2026-02-01",11,4,"Lyft",34370,980,33390,208.4,389.1,708,135,0.0212,0.004,20.74,12.61,30.14,0,0,220,220,149765.41,42771117,1035971.05
"2026-02-01",11,4,"Uber",85528,1690,83838,217.9,488.2,4695,958,0.056,0.0114,21.23,13.2,34.82,1210,418,503,503,399298.15,108932058,2978316.41
"2026-02-01",11,5,"Lyft",35629,885,34744,227.6,422.8,959,172,0.0276,0.005,20.11,12.43,29.2,0,0,229,229,148361.11,42985458,1040260.25
"2026-02-01",11,5,"Uber",94413,1616,92797,235.3,535.6,6730,1492,0.0725,0.0161,21.03,13.32,32.87,1315,441,444,444,440663.15,119106989,3103310.39
"2026-02-01",11,6,"Lyft",40529,338,40191,229.4,416.7,916,122,0.0228,0.003,17.24,13.8,26.56,0,0,88,88,160695.19,41929146,1076444.15
"2026-02-01",11,6,"Uber",107366,689,106677,228.7,512,6993,1503,0.0656,0.0141,17.62,14.77,28.25,1736,786,211,211,465562.53,113499551,3032599.92
"2026-02-01",11,7,"Lyft",41726,418,41308,255.3,459.1,1354,191,0.0328,0.0046,15.55,15.16,25.39,0,0,93,93,163941.46,38928000,1059586.13
"2026-02-01",11,7,"Uber",104893,787,104106,252.6,551,8332,1850,0.08,0.0178,16.18,16.47,28.41,1764,810,141,141,465888.57,101827185,2979675.47
"2026-02-01",12,1,"Lyft",27091,760,26331,248.7,506.5,1670,490,0.0634,0.0186,19.47,13.65,29.95,0,0,174,174,119967.71,31639634,811293.3
"2026-02-01",12,1,"Uber",66501,1278,65223,252.1,635.9,7382,2744,0.1132,0.0421,20.12,14.41,33.78,1250,424,296,296,321215.51,80266342,2246437.41
"2026-02-01",12,2,"Lyft",31579,966,30613,224.5,428.3,907,194,0.0296,0.0063,20.23,13.02,29.63,0,0,240,240,138663.87,38332307,935680.21
"2026-02-01",12,2,"Uber",81372,1672,79700,231.3,529.9,5743,1291,0.0721,0.0162,20.43,13.76,33.33,1189,395,511,511,381423.17,99761817,2712316.81
"2026-02-01",12,3,"Lyft",33379,1070,32309,225.1,426,951,182,0.0294,0.0056,21.02,12.61,30.56,0,0,235,235,147500.16,42103403,1019925.7
"2026-02-01",12,3,"Uber",82485,1834,80651,226.6,513.7,5188,1158,0.0643,0.0144,21.47,13.3,35.24,1191,374,563,563,392474.99,106267765,2906428.38
"2026-02-01",12,4,"Lyft",33691,1021,32670,219.6,415.8,882,165,0.027,0.0051,21.05,12.81,30.9,0,0,272,272,151398.81,42545696,1041143.59
"2026-02-01",12,4,"Uber",88245,1841,86404,224.9,507.7,5494,1248,0.0636,0.0144,21.48,13.52,35.03,1239,385,570,570,427045.97,113746201,3091225.45
"2026-02-01",12,5,"Lyft",38239,920,37319,281.9,544.4,2637,457,0.0707,0.0122,20.12,12.14,29.67,0,0,259,259,155650.59,46167806,1134531.42
"2026-02-01",12,5,"Uber",99584,1679,97905,277.6,635.2,11202,3144,0.1144,0.0321,21.65,13.13,34.41,1505,590,485,485,471786.04,129342937,3426273.94
"2026-02-01",12,6,"Lyft",41824,364,41460,247.3,454.9,1429,230,0.0345,0.0055,17.82,13.1,27.33,0,0,129,129,162813.31,44726250,1142916.51
"2026-02-01",12,6,"Uber",112284,733,111551,241,540.9,8496,2036,0.0762,0.0183,18.47,14.06,29.33,1833,849,242,242,486082.51,124441940,3293259.87
"2026-02-01",12,7,"Lyft",41675,395,41280,267.7,492.1,1941,327,0.047,0.0079,16.27,14.61,26.72,0,0,122,122,165096.82,40692075,1113420.93
"2026-02-01",12,7,"Uber",106054,747,105307,260.1,567.7,9132,2118,0.0867,0.0201,17.03,15.97,29.67,1749,770,176,176,480634.9,108378842,3146898.35
"2026-02-01",13,1,"Lyft",28363,638,27725,259.8,523,1925,531,0.0694,0.0192,19.74,13.43,30.13,0,0,158,158,125330.85,33593275,854570.62
"2026-02-01",13,1,"Uber",69020,1132,67888,257,650.8,7989,3063,0.1177,0.0451,20.61,14.07,33.92,1406,537,355,355,333653.51,85356313,2341022.27
"2026-02-01",13,2,"Lyft",32350,856,31494,231.5,441.8,1082,199,0.0344,0.0063,20.51,12.91,29.86,0,0,223,223,142715.37,39810177,965841.94
"2026-02-01",13,2,"Uber",87694,1578,86116,239.9,550.8,6869,1779,0.0798,0.0207,20.97,13.72,33.64,1393,493,523,523,420325.22,110328185,2950400.19
"2026-02-01",13,3,"Lyft",34151,926,33225,230,435.6,1063,216,0.032,0.0065,21.39,12.63,31.24,0,0,253,253,153812.3,43827923,1066891.51
"2026-02-01",13,3,"Uber",87738,1727,86010,235.1,537.9,6359,1427,0.0739,0.0166,21.9,13.29,35.51,1363,466,548,548,425578.39,115278675,3115270.64
"2026-02-01",13,4,"Lyft",34999,996,34003,225.5,424.3,988,180,0.0291,0.0053,21.51,12.64,31.55,0,0,246,246,158602.51,45165403,1104302.54
"2026-02-01",13,4,"Uber",92783,1728,91055,229.6,521.1,6145,1396,0.0675,0.0153,22.17,13.26,35.85,1389,479,543,543,454618.7,123414784,3325923.69
"2026-02-01",13,5,"Lyft",39881,791,39090,289.8,565.8,3239,707,0.0829,0.0181,20.77,11.75,30.48,0,0,257,257,162160.08,49693553,1215595.57
"2026-02-01",13,5,"Uber",103229,1564,101664,276,637.9,11798,3421,0.116,0.0337,22.4,12.71,35.42,1813,730,530,530,489841.19,138752067,3656044.04
"2026-02-01",13,6,"Lyft",43088,361,42727,248.4,465.8,1586,287,0.0371,0.0067,18.64,12.7,28.24,0,0,145,145,169989.44,48179351,1216806.4
"2026-02-01",13,6,"Uber",116944,724,116220,250.3,565.9,9852,2310,0.0848,0.0199,19.4,13.75,30.25,1938,868,246,246,520068.92,136137250,3537756.79
"2026-02-01",13,7,"Lyft",41980,352,41628,263.8,488.1,1865,310,0.0448,0.0074,16.94,14.25,27.07,0,0,132,132,168880.48,42657082,1136505.21
"2026-02-01",13,7,"Uber",107171,679,106492,261.4,588,10107,2413,0.0949,0.0227,17.68,15.58,29.96,1926,857,164,164,491856.98,113662215,3210607.78
"2026-02-01",14,1,"Lyft",30986,531,30455,281.5,577.5,2721,674,0.0893,0.0221,20.22,12.79,30.23,0,0,193,193,133546.23,37587294,936566.75
"2026-02-01",14,1,"Uber",74356,997,73359,278.5,721.4,10780,4182,0.1469,0.057,21.4,13.32,34.57,1615,648,316,316,353216.25,95471201,2570236.96
"2026-02-01",14,2,"Lyft",36432,846,35586,252.8,510.4,2047,410,0.0575,0.0115,21.88,12.11,30.93,0,0,225,225,160934.18,47832871,1126725.84
"2026-02-01",14,2,"Uber",95678,1565,94113,257.7,609.7,9795,2848,0.1041,0.0303,22.02,12.72,34.51,1704,693,503,503,446512.65,126387739,3301460.21
"2026-02-01",14,3,"Lyft",37561,782,36779,249.3,497.5,1934,359,0.0526,0.0098,22.61,11.71,32,0,0,228,228,165794.29,50955607,1202123.67
"2026-02-01",14,3,"Uber",96921,1695,95226,247.9,578,8635,2248,0.0907,0.0236,22.94,12.11,35.81,1683,608,585,585,448634.62,133400587,3470677
"2026-02-01",14,4,"Lyft",39315,811,38504,245.7,482.8,1824,334,0.0474,0.0087,23.11,11.59,32.67,0,0,251,251,175428.82,54510321,1284565.24
"2026-02-01",14,4,"Uber",99933,1634,98298,245.4,555.6,8027,2008,0.0817,0.0204,23.54,12.16,37.2,1690,690,620,620,476771.12,141124814,3718007.24
"2026-02-01",14,5,"Lyft",42709,720,41989,287.4,570.3,3504,747,0.0835,0.0178,22.75,10.68,31.65,0,0,259,259,172860.65,58285770,1351843.35
"2026-02-01",14,5,"Uber",111321,1395,109926,279.2,638.9,12860,3763,0.117,0.0342,24.26,11.37,36.12,2132,980,454,454,511978.28,162042871,4020876.71
"2026-02-01",14,6,"Lyft",43582,328,43254,244.8,459.6,1654,306,0.0382,0.0071,19.17,12.48,28.52,0,0,150,150,173838.23,50127528,1242939.58
"2026-02-01",14,6,"Uber",119573,603,118970,243.6,558.5,9828,2308,0.0826,0.0194,20.03,13.34,30.48,2264,1128,243,243,532503.11,143684476,3644239.89
"2026-02-01",14,7,"Lyft",42135,326,41809,259.1,479.9,1775,339,0.0425,0.0081,17.51,14.08,27.38,0,0,105,105,173149.68,44277873,1153561.05
"2026-02-01",14,7,"Uber",109177,646,108531,260.1,592.2,10486,2651,0.0966,0.0244,18.3,15.3,30.21,2129,1039,164,164,509497.62,119871088,3297751.04
"2026-02-01",15,1,"Lyft",31991,448,31543,294.4,607.8,3262,820,0.1034,0.026,20.92,12.27,30.87,0,0,163,163,136865.96,40161992,987528.5
"2026-02-01",15,1,"Uber",76769,969,75799,290.9,765,12627,4906,0.1666,0.0647,22.46,12.74,35.79,1815,765,258,258,366221.43,103468528,2747819.82
"2026-02-01",15,2,"Lyft",36308,619,35689,260.9,527.4,2378,505,0.0666,0.0142,22.03,11.47,31.26,0,0,245,245,152981.72,47998299,1135045.35
"2026-02-01",15,2,"Uber",98270,1325,96945,260.4,622.9,10574,3019,0.1091,0.0311,22.6,12.08,34.91,1910,799,440,440,447253.83,133246809,3430276.98
"2026-02-01",15,3,"Lyft",37301,572,36729,258.2,526.6,2507,627,0.0683,0.0171,23.11,11.14,32.6,0,0,226,226,160017.2,51729335,1216139.53
"2026-02-01",15,3,"Uber",100066,1303,98763,250.7,589.7,9439,2647,0.0956,0.0268,23.7,11.6,36.53,1873,724,478,478,458478.9,142323259,3655269.08
"2026-02-01",15,4,"Lyft",39648,626,39022,261,528.1,2521,513,0.0646,0.0131,24.07,10.92,34,0,0,251,251,173647.57,57250580,1348031.2
"2026-02-01",15,4,"Uber",105451,1382,104068,256.4,595.4,10169,2746,0.0977,0.0264,24.74,11.43,38.31,1910,781,455,455,496987.23,156557666,4039633.95
"2026-02-01",15,5,"Lyft",41842,517,41325,295.5,608.9,4302,1073,0.1041,0.026,23.41,9.96,32.51,0,0,233,233,162618.62,58780398,1360390.85
"2026-02-01",15,5,"Uber",112946,1212,111734,281.3,648.2,13526,4058,0.1211,0.0363,25.58,10.87,37.36,2345,1122,396,396,523460.7,173333495,4220066.8
"2026-02-01",15,6,"Lyft",45050,271,44779,245.8,462.1,1722,319,0.0385,0.0071,19.62,12.03,28.88,0,0,156,156,177173.32,53024880,1300971.86
"2026-02-01",15,6,"Uber",122868,620,122247,246.7,572.5,10855,2648,0.0888,0.0217,20.73,13.18,31.28,2430,1219,227,227,559544.45,152818959,3842927.77
"2026-02-01",15,7,"Lyft",42023,323,41700,259.8,483.6,1945,338,0.0466,0.0081,17.72,14.18,27.7,0,0,111,111,175975.45,44685829,1163925.7
"2026-02-01",15,7,"Uber",107184,667,106515,262,595.5,10422,2560,0.0978,0.024,18.55,15.23,30.45,2315,1213,151,151,504716.79,119268588,3263417.54
"2026-02-01",16,1,"Lyft",33253,338,32915,287.4,587.3,3084,775,0.0937,0.0235,20.83,11.82,30.1,0,0,152,152,136484.89,41553565,1001073.42
"2026-02-01",16,1,"Uber",78168,880,77286,282.5,753.9,12140,5127,0.1571,0.0663,22.6,12.41,35.44,1925,761,221,221,365231.17,105988841,2770521.75
"2026-02-01",16,2,"Lyft",37420,439,36981,257.2,513.5,2262,506,0.0612,0.0137,21.73,11.12,30.43,0,0,166,166,150773.21,48793151,1138701.68
"2026-02-01",16,2,"Uber",100595,1263,99332,261,616.7,10545,3105,0.1062,0.0313,22.69,11.98,34.3,2133,934,358,358,455557.84,136922188,3450903.06
"2026-02-01",16,3,"Lyft",39189,445,38744,261.8,515.8,2368,566,0.0611,0.0146,22.86,10.68,31.96,0,0,213,213,159450.98,53755571,1252538.95
"2026-02-01",16,3,"Uber",104208,1296,102912,249.4,584.6,9633,2609,0.0936,0.0254,23.75,11.2,35.93,2211,901,360,360,461787.32,148482885,3744261.56
"2026-02-01",16,4,"Lyft",40747,451,40296,263.3,516.3,2411,444,0.0598,0.011,23.88,10.51,33.42,0,0,201,201,170403.7,58391013,1361855.16
"2026-02-01",16,4,"Uber",111198,1299,109899,256.2,584.1,10203,2718,0.0928,0.0247,24.71,11,37.1,2138,961,404,404,503711.82,164833906,4125444.35
"2026-02-01",16,5,"Lyft",45237,361,44876,284.5,568.2,3820,873,0.0851,0.0195,22.56,9.87,30.38,0,0,175,175,167796.53,61221523,1374340.29
"2026-02-01",16,5,"Uber",117385,1123,116261,273,625.5,12948,3660,0.1114,0.0315,24.77,10.74,35.25,2766,1429,356,356,520187.8,174426544,4138098.47
"2026-02-01",16,6,"Lyft",47267,309,46958,254.9,477.9,2078,370,0.0443,0.0079,19.9,11.75,29.41,0,0,132,132,184242.49,56449454,1389974.93
"2026-02-01",16,6,"Uber",127254,663,126591,254.1,578.3,11387,2610,0.09,0.0206,21.14,12.79,31.91,2464,1248,280,280,573368.78,161419286,4060397.46
"2026-02-01",16,7,"Lyft",43359,325,43034,258.4,476.6,1851,354,0.043,0.0082,18.07,13.81,27.71,0,0,119,119,180375.75,47007365,1201678.93
"2026-02-01",16,7,"Uber",108591,671,107919,262.8,612.7,11311,2760,0.1048,0.0256,18.83,14.96,30.47,2238,1189,166,166,509959.41,122700264,3309190.87
"2026-02-01",17,1,"Lyft",35854,288,35566,308.9,620.5,3942,901,0.1108,0.0253,19.08,11.7,28.6,0,0,123,123,133403.12,41048768,1025370.4
"2026-02-01",17,1,"Uber",84738,865,83872,296.2,747.1,13147,5124,0.1568,0.0611,21.21,12.45,34,2167,953,172,172,373032.28,107831328,2881089.46
"2026-02-01",17,2,"Lyft",43572,371,43201,299.8,593.7,4142,902,0.0959,0.0209,19.79,10.86,28.88,0,0,142,142,156113.63,51731428,1258525.74
"2026-02-01",17,2,"Uber",108355,1229,107126,287.2,645.1,12755,3696,0.1191,0.0345,21.34,11.93,34.41,2399,965,252,252,459599.8,138714085,3728870.72
"2026-02-01",17,3,"Lyft",44708,388,44320,325.1,627.7,5136,1042,0.1159,0.0235,20.74,10.27,30.19,0,0,174,174,158649.6,55632297,1349748.15
"2026-02-01",17,3,"Uber",114521,1197,113324,288,637.7,13150,3647,0.116,0.0322,22.18,11.14,35.77,2605,1133,289,289,471437.41,152411755,4096794.91
"2026-02-01",17,4,"Lyft",44909,452,44457,324.6,635.5,5336,1114,0.12,0.0251,21.47,10.12,31.66,0,0,203,203,162646.42,57850321,1421910.97
"2026-02-01",17,4,"Uber",120572,1305,119267,294.8,652.1,14662,4104,0.1229,0.0344,23.47,11.12,37.64,2621,1162,268,268,524452.34,169755743,4538244.18
"2026-02-01",17,5,"Lyft",49577,407,49170,328.4,637.1,5952,1310,0.121,0.0266,20.34,10.04,29.35,0,0,182,182,168715.39,60504705,1455207.98
"2026-02-01",17,5,"Uber",128117,1123,126992,304,666.5,16523,4758,0.1301,0.0375,22.81,11.15,34.35,3040,1566,315,315,543201.21,175355053,4400573.99
"2026-02-01",17,6,"Lyft",51826,306,51520,310.1,584.3,4664,928,0.0905,0.018,19.04,11.39,29.44,0,0,148,148,187258.18,59211899,1525805.22
"2026-02-01",17,6,"Uber",131154,803,130351,295.2,660.4,16588,4456,0.1273,0.0342,21.01,12.8,33.44,2763,1580,238,238,587670.39,165297716,4385858.9
"2026-02-01",17,7,"Lyft",45264,226,45038,306.9,557.7,3412,652,0.0758,0.0145,17.65,13,29.27,0,0,90,90,173128.44,47932197,1325065.87
"2026-02-01",17,7,"Uber",108715,730,107983,324,765.6,18726,6160,0.1734,0.057,19.09,14.39,32.87,2465,1341,137,137,497793.97,124493074,3573318.78
"2026-02-01",18,1,"Lyft",38177,221,37956,310.9,634.6,4438,1179,0.1169,0.0311,17.34,12.38,27.17,0,0,114,114,136622.18,39713585,1037203.07
"2026-02-01",18,1,"Uber",88933,592,88340,301.9,761.9,14705,5446,0.1665,0.0616,19.1,13.51,31.43,2245,972,131,131,382549.09,101928973,2795001.47
"2026-02-01",18,2,"Lyft",45918,276,45642,293.7,564.1,3695,693,0.081,0.0152,17.78,11.65,27.4,0,0,125,125,158467.03,48982861,1258260.78
"2026-02-01",18,2,"Uber",116247,824,115423,291.2,650.3,14203,3987,0.1231,0.0345,19.67,12.93,32.45,2482,1070,224,224,492825.66,137206210,3771755.38
"2026-02-01",18,3,"Lyft",46355,283,46072,323.2,636.1,5530,1219,0.12,0.0265,18.18,11.15,28.53,0,0,144,144,156585.71,50554292,1322593.46
"2026-02-01",18,3,"Uber",125642,945,124697,295.6,647.1,15114,4056,0.1212,0.0325,20.21,12.45,34.05,2626,1143,206,206,526713.74,152342598,4278078.95
"2026-02-01",18,4,"Lyft",48147,308,47839,314.5,601.3,4807,927,0.1005,0.0194,18.74,11.02,29.46,0,0,185,185,165625.56,54126287,1418384.86
"2026-02-01",18,4,"Uber",130375,911,129464,297,648.9,15814,4419,0.1221,0.0341,21.08,12.43,35.16,2640,1205,237,237,569219.91,164904096,4583889.23
"2026-02-01",18,5,"Lyft",54581,347,54234,327.8,617.6,5956,1196,0.1098,0.0221,18.4,10.73,28.39,0,0,163,163,179571.15,60241955,1549590.29
"2026-02-01",18,5,"Uber",140299,845,139453,311.8,683.4,19223,5533,0.1378,0.0397,21.28,12.18,33.63,2931,1522,233,233,606040.82,179141228,4717835.56
"2026-02-01",18,6,"Lyft",57407,337,57070,324.3,597.3,5610,1029,0.0983,0.018,18.3,11.11,30.15,0,0,148,148,194557.16,63044882,1730786.8
"2026-02-01",18,6,"Uber",146224,833,145389,327.8,728.5,23170,6877,0.1594,0.0473,20.88,12.81,34.41,3211,1979,215,215,651875.52,183207962,5031255.83
"2026-02-01",18,7,"Lyft",49670,220,49450,318.3,634.2,5847,1507,0.1182,0.0305,16.78,12.68,28.43,0,0,99,99,176189.14,50003563,1411921.84
"2026-02-01",18,7,"Uber",107994,612,107380,345.1,879.8,23702,10117,0.2207,0.0942,18.6,14.43,32.54,3083,1769,131,131,482841.22,120492588,3513809.87
"2026-02-01",19,1,"Lyft",36514,211,36303,269.8,546,2748,742,0.0757,0.0204,16.58,14.39,26.55,0,0,91,91,145243.89,36324498,969450.93
"2026-02-01",19,1,"Uber",82936,419,82516,279.5,741.1,12762,5048,0.1547,0.0612,17.77,15.46,30.75,2147,1033,101,101,379909.3,88450576,2550230.54
"2026-02-01",19,2,"Lyft",42543,195,42348,255.9,487.4,2051,414,0.0484,0.0098,17.28,13.93,26.78,0,0,96,96,170676.62,44111567,1139144.07
"2026-02-01",19,2,"Uber",108452,522,107930,267.6,614.2,11472,2940,0.1063,0.0272,18.27,15.14,31.25,2366,1046,133,133,499973.97,118872496,3389077.89
"2026-02-01",19,3,"Lyft",44462,231,44231,264.9,512.5,2539,508,0.0574,0.0115,17.78,13.73,27.94,0,0,123,123,180871.02,47431680,1242319.87
"2026-02-01",19,3,"Uber",116908,572,116336,261.2,598,11499,2681,0.0988,0.023,18.97,14.86,32.49,2586,1262,168,168,549050.99,133035557,3798294.91
"2026-02-01",19,4,"Lyft",47491,208,47283,263.7,499.5,2430,442,0.0514,0.0093,18.11,13.23,27.88,0,0,119,119,189660.86,51593002,1323854.4
"2026-02-01",19,4,"Uber",128291,606,127685,266.8,602.3,12865,2996,0.1008,0.0235,19.56,14.44,32.67,2719,1373,182,182,604060.13,150582426,4191441.39
"2026-02-01",19,5,"Lyft",58095,229,57866,300.9,564.6,4623,802,0.0799,0.0139,17.9,11.77,27.02,0,0,134,134,204016.84,62411261,1569494.95
"2026-02-01",19,5,"Uber",145751,570,145180,291.9,653.7,17921,4831,0.1234,0.0333,19.82,13.16,31.05,3201,1725,176,176,633822.18,173341770,4525013.15
"2026-02-01",19,6,"Lyft",59576,244,59332,314.5,573.9,4986,792,0.084,0.0133,17.85,11.22,28.88,0,0,112,112,198976.4,63823048,1720512.17
"2026-02-01",19,6,"Uber",154959,700,154258,323.7,714.7,23800,6817,0.1543,0.0442,20.37,12.98,32.9,3706,2322,204,204,682945.99,189414681,5098065.57
"2026-02-01",19,7,"Lyft",43363,208,43155,289.1,642.2,5134,1419,0.119,0.0329,16.76,13.88,25.82,0,0,101,101,168167.51,43612394,1119636.87
"2026-02-01",19,7,"Uber",91864,570,91291,299.2,810.7,16577,6977,0.1816,0.0764,17.92,15.17,28.82,3227,1866,98,98,416220.56,98761713,2647528.95
"2026-02-01",20,1,"Lyft",33661,146,33515,263.2,521.9,2207,478,0.0659,0.0143,16.64,15.9,27.17,0,0,72,72,148448.38,33603635,914652.35
"2026-02-01",20,1,"Uber",76825,311,76514,277.9,751.6,12368,4798,0.1616,0.0627,17.49,16.79,32.32,1954,994,86,86,376007.22,80615072,2483151.45
"2026-02-01",20,2,"Lyft",39561,180,39381,249.5,480.9,1932,410,0.0491,0.0104,17.79,15.92,29.19,0,0,83,83,186683.74,42216234,1154774.17
"2026-02-01",20,2,"Uber",100669,349,100320,263.1,611,10502,2450,0.1047,0.0244,18.46,16.95,35.25,2202,1205,99,99,524734.17,111479643,3548717.56
"2026-02-01",20,3,"Lyft",43603,193,43410,253.6,496.8,2417,573,0.0557,0.0132,17.93,15.67,29.95,0,0,93,93,204227.12,46909181,1305999.72
"2026-02-01",20,3,"Uber",109493,375,109117,258.7,600.4,10901,2664,0.0999,0.0244,19.07,16.92,37.38,2519,1499,125,125,588868.07,125288297,4092634.69
"2026-02-01",20,4,"Lyft",44824,213,44611,244.9,480.6,2198,466,0.0493,0.0104,18.44,15.35,30.37,0,0,102,102,211477.28,49599111,1361099.31
"2026-02-01",20,4,"Uber",119595,371,119223,255.5,595.7,11695,2577,0.0981,0.0216,19.41,16.64,36.18,2501,1458,130,130,643677.83,139260981,4326887.93
"2026-02-01",20,5,"Lyft",54093,195,53898,256.1,490.7,2650,504,0.0492,0.0094,17.84,12.95,26.86,0,0,101,101,208300.96,57905141,1452874.78
"2026-02-01",20,5,"Uber",135402,366,135035,260.8,608.1,13977,3438,0.1035,0.0255,19.13,14.11,29.89,3152,1885,148,148,609226.86,155453287,4046523.05
"2026-02-01",20,6,"Lyft",59288,192,59096,284.9,531.7,3755,661,0.0635,0.0112,17.95,12.14,27.13,0,0,111,111,215290.78,63847204,1608617.29
"2026-02-01",20,6,"Uber",149196,438,148758,294,674.4,20031,5365,0.1347,0.0361,19.51,13.59,29.96,3697,2418,175,175,659260.38,174661129,4469492.98
"2026-02-01",20,7,"Lyft",39014,157,38857,277.5,718.7,5541,2194,0.1426,0.0565,16.89,14.8,26.81,0,0,75,75,162509.99,39542253,1046117
"2026-02-01",20,7,"Uber",81935,387,81548,288.8,796.7,14695,5907,0.1802,0.0724,17.66,16.09,28.71,3329,2143,79,79,387978.06,86825097,2352219.37
"2026-02-01",21,1,"Lyft",30772,153,30619,274.1,575.4,2721,688,0.0889,0.0225,16.67,16.83,28.25,0,0,75,75,143910.94,30780747,869245.72
"2026-02-01",21,1,"Uber",72806,283,72522,290.3,726.8,11504,3680,0.1586,0.0507,17.09,17.55,32.97,2034,1113,64,64,363991.29,74670325,2400550.17
"2026-02-01",21,2,"Lyft",38226,216,38010,266.2,518,2324,470,0.0611,0.0124,17.48,16.39,30.44,0,0,101,101,182488.6,40081792,1163609.46
"2026-02-01",21,2,"Uber",93338,316,93021,278.7,646.9,11283,2684,0.1213,0.0289,18.26,17.67,38.16,2357,1463,89,89,501964.2,102262407,3562044.71
"2026-02-01",21,3,"Lyft",42336,163,42173,270.4,550,3243,718,0.0769,0.017,17.47,16.11,30.58,0,0,72,72,198516.67,44370767,1294526.42
"2026-02-01",21,3,"Uber",104644,328,104315,271.9,621.7,11459,2377,0.1098,0.0228,18.7,17.72,39.93,2708,1728,98,98,577856.82,117425549,4178236.38
"2026-02-01",21,4,"Lyft",44122,179,43943,255.5,519.3,2907,728,0.0662,0.0166,18.49,16.14,31.93,0,0,115,115,219419.69,48955263,1408786.69
"2026-02-01",21,4,"Uber",114591,343,114247,263.4,631.4,13021,3071,0.114,0.0269,19.52,17.56,39.14,2789,1802,107,107,654517.04,134211449,4485367.77
"2026-02-01",21,5,"Lyft",51886,177,51709,234.7,441.7,1721,326,0.0333,0.0063,17.97,14.02,27.52,0,0,105,105,217919.65,55949154,1428013.8
"2026-02-01",21,5,"Uber",129721,313,129406,249.7,596.6,12693,2964,0.0981,0.0229,18.76,14.86,29.76,3217,2144,136,136,602825.04,146008919,3860325.89
"2026-02-01",21,6,"Lyft",57190,186,57004,261.5,485.6,2525,444,0.0443,0.0078,18.06,12.91,27.35,0,0,118,118,222219.38,61955663,1564111.65
"2026-02-01",21,6,"Uber",144045,384,143657,273.7,639,16756,4147,0.1166,0.0289,19.17,14.26,29.32,4127,2934,141,141,656390.22,165711003,4224054.4
"2026-02-01",21,7,"Lyft",39315,127,39188,310.2,670.5,5126,1676,0.1308,0.0428,16.6,15.15,26.84,0,0,71,71,164784.22,39155422,1055136.5
"2026-02-01",21,7,"Uber",82291,317,81972,338.6,841.3,17692,6569,0.2158,0.0801,17.58,16.45,29.76,3150,2046,67,67,396605.15,86788570,2448771.88
"2026-02-01",22,1,"Lyft",26613,155,26458,281.3,610.1,2753,857,0.1041,0.0324,16.51,17.34,27.97,0,0,52,52,126971.7,26357319,744249.84
"2026-02-01",22,1,"Uber",66652,298,66354,297.4,716.1,10319,2971,0.1555,0.0448,16.73,18,30.16,2471,1550,44,44,334482.04,66894169,2010051.43
"2026-02-01",22,2,"Lyft",35156,162,34994,269.1,530.7,2451,642,0.07,0.0183,17.45,16.95,29.96,0,0,63,63,173354.98,36814394,1053120.12
"2026-02-01",22,2,"Uber",85298,279,85019,285.5,669.9,11314,2864,0.1331,0.0337,17.91,17.97,34.6,2808,1868,50,50,457519.69,91652881,2951483.27
"2026-02-01",22,3,"Lyft",37615,135,37480,260.4,518.9,2446,566,0.0653,0.0151,17.74,16.83,30.63,0,0,69,69,187113.05,40032786,1152073.66
"2026-02-01",22,3,"Uber",96299,268,96031,271.3,640.7,11450,2715,0.1192,0.0283,18.39,17.96,35.5,3116,2079,80,80,530234.33,106272183,3418643.59
"2026-02-01",22,4,"Lyft",41868,145,41723,268.2,542.9,3111,862,0.0746,0.0207,18.27,16.12,31.54,0,0,69,69,205556.36,45899922,1320380.01
"2026-02-01",22,4,"Uber",109425,279,109146,278.1,646.7,13402,3275,0.1228,0.03,19.34,17.58,36.95,3163,2207,67,67,619837.52,126963085,4043182.02
"2026-02-01",22,5,"Lyft",54480,141,54339,254.9,481.2,2525,473,0.0465,0.0087,18.05,14.36,28.39,0,0,70,70,235239.6,58987015,1546591.92
"2026-02-01",22,5,"Uber",131801,337,131464,268.4,625.1,14619,3329,0.1112,0.0253,18.89,15.56,30.64,4441,3240,95,95,645530.94,149368647,4038675.82
"2026-02-01",22,6,"Lyft",58410,158,58252,281.3,527.6,3676,728,0.0631,0.0125,18.09,13.32,29.2,0,0,94,94,234586.25,63414309,1705399.71
"2026-02-01",22,6,"Uber",144975,443,144531,309.5,704.4,21958,5629,0.1519,0.0389,19.52,14.93,31.85,4921,3594,105,105,704045.39,169781879,4617495.59
"2026-02-01",22,7,"Lyft",38468,149,38319,329.8,644.7,4855,1086,0.1267,0.0283,15.93,14.96,29.2,0,0,62,62,152811.97,36775987,1123194.78
"2026-02-01",22,7,"Uber",80316,450,79862,413.5,976.2,24323,10348,0.3046,0.1296,17.45,16.69,35.51,3499,2386,55,55,389701.03,84068262,2851989.19
"2026-02-01",23,1,"Lyft",21553,124,21429,282.4,622.7,2364,581,0.1103,0.0271,15.91,18.22,27.44,0,0,37,37,104157.04,20579838,591387.46
"2026-02-01",23,1,"Uber",54442,294,54148,299.8,735.7,9052,2552,0.1672,0.0471,16.42,18.81,28.66,2554,1689,26,26,280314.73,53642340,1560444.63
"2026-02-01",23,2,"Lyft",28112,117,27995,253.5,516.5,1787,444,0.0638,0.0159,16.81,17.87,28.63,0,0,45,45,140741.76,28359191,804715.39
"2026-02-01",23,2,"Uber",69984,271,69713,277.2,679,9520,2613,0.1366,0.0375,17.17,18.5,30.71,3010,2085,55,55,370520.22,72098897,2149259.48
"2026-02-01",23,3,"Lyft",29518,118,29400,236.5,460.7,1362,319,0.0463,0.0109,16.88,17.39,28.57,0,0,47,47,144431.42,29902544,843225.68
"2026-02-01",23,3,"Uber",78324,243,78081,259.1,648.7,9494,2315,0.1216,0.0296,17.55,18.32,31.14,3251,2306,50,50,419518.18,82454982,2438957.47
"2026-02-01",23,4,"Lyft",34768,130,34638,248.1,486.4,1873,354,0.0541,0.0102,17.67,16.73,30.05,0,0,52,52,171351.9,36863922,1044885.11
"2026-02-01",23,4,"Uber",93468,247,93220,269.8,645,11427,2417,0.1226,0.0259,18.42,17.83,32.68,3516,2540,54,54,511593.06,103297584,3054108.75
"2026-02-01",23,5,"Lyft",54079,116,53963,285.3,532,3496,572,0.0648,0.0106,17.46,14.52,29.01,0,0,64,64,228555.77,56652629,1568579.28
"2026-02-01",23,5,"Uber",125453,339,125114,299.2,681.4,17378,4197,0.1389,0.0335,18.68,16.15,31.9,5024,3847,65,65,631023.19,140623381,4001732.54
"2026-02-01",23,6,"Lyft",58217,128,58089,300.8,566.4,4757,1050,0.0819,0.0181,17.3,13.48,30.24,0,0,79,79,226321.79,60442012,1760240.72
"2026-02-01",23,6,"Uber",136331,438,135893,344.5,773.3,25702,7768,0.1891,0.0572,19.39,15.73,34.7,5369,4123,95,95,693180.33,158592798,4730914.84
"2026-02-01",23,7,"Lyft",32388,142,32246,328.4,722.8,5153,1763,0.1598,0.0547,16.13,16.29,28.08,0,0,51,51,141773.38,31338493,909461.73
"2026-02-01",23,7,"Uber",69117,448,68662,377.8,927.3,18668,7564,0.2719,0.1102,17.5,17.49,32.59,4049,2941,38,38,352707.34,72585036,2252226.71
"2026-03-01",0,1,"Lyft",26640,99,26541,250.2,540.7,2084,712,0.0785,0.0268,16.36,19.74,29.2,0,0,54,54,143409.05,26154971,777871.19
"2026-03-01",0,1,"Uber",57961,180,57781,313.5,759,10919,2978,0.189,0.0515,16.34,20.36,29.17,2344,1556,58,58,321321.61,56809610,1690644.42
"2026-03-01",0,2,"Lyft",20855,73,20782,234.2,497.1,1384,353,0.0666,0.017,16.32,19.48,30.21,0,0,35,35,110487.38,20419923,630079.44
"2026-03-01",0,2,"Uber",54553,149,54403,270.8,677.6,7667,1812,0.1409,0.0333,16.22,19.88,30.5,1892,1083,30,30,293178.86,53093445,1663823.33
"2026-03-01",0,3,"Lyft",19699,70,19629,219.1,465.2,1177,395,0.06,0.0201,16.58,18.87,30.23,0,0,39,39,102709.45,19595750,595538.05
"2026-03-01",0,3,"Uber",50373,131,50242,254.8,640.3,6026,1308,0.1199,0.026,16.61,19.33,31.46,1769,1108,39,39,269621.67,50206149,1584899.47
"2026-03-01",0,4,"Lyft",21631,66,21565,227.5,443.7,933,270,0.0433,0.0125,16.3,17.77,29.01,0,0,44,44,104418.74,21152232,627553.04
"2026-03-01",0,4,"Uber",58539,140,58399,266.4,658.1,7619,1741,0.1305,0.0298,16.77,18.6,30.32,2101,1344,30,30,304450.5,58912743,1774817.59
"2026-03-01",0,5,"Lyft",30573,96,30477,263.5,553,2507,733,0.0823,0.0241,17.74,17.76,32.12,0,0,45,45,160585.27,32543301,981944.24
"2026-03-01",0,5,"Uber",69678,169,69508,295.9,735,11857,3083,0.1706,0.0444,18.01,18.33,34.54,2415,1641,38,38,383380.44,75281740,2406983.98
"2026-03-01",0,6,"Lyft",46565,100,46465,295.6,612.3,4944,1151,0.1064,0.0248,16.82,15.62,31.01,0,0,76,76,203864.81,46993581,1444104.02
"2026-03-01",0,6,"Uber",101607,204,101403,311.4,740.4,17392,4732,0.1715,0.0467,17.74,16.73,32.8,3676,2661,68,68,502772.15,108174988,3332919.29
"2026-03-01",0,7,"Lyft",65363,119,65244,320.3,613.2,7011,1569,0.1075,0.024,17,15.11,32.59,0,0,87,87,279899.2,66686888,2130042.58
"2026-03-01",0,7,"Uber",151103,335,150766,345.3,792.9,31449,8817,0.2086,0.0585,18.31,17.05,34.26,5466,4290,91,91,786309.75,166041780,5177422.79
"2026-03-01",1,1,"Lyft",16549,107,16442,241.1,513.7,1144,384,0.0696,0.0234,16.43,21.03,30.36,0,0,46,46,95291.09,16311947,502383.62
"2026-03-01",1,1,"Uber",33954,157,33796,305.8,736.6,6040,1565,0.1787,0.0463,16.07,21.42,30.69,1199,676,40,40,194857.86,32746937,1041954.59
"2026-03-01",1,2,"Lyft",12397,71,12326,228.7,460.3,590,149,0.0479,0.0121,15.59,20.28,29.77,0,0,23,23,65329.64,11597259,369104.97
"2026-03-01",1,2,"Uber",31713,149,31564,269.1,669.3,4291,950,0.1359,0.0301,15.7,20.79,30.46,1106,610,25,25,172570,29882395,966077.22
"2026-03-01",1,3,"Lyft",11779,55,11724,215.1,417.3,361,97,0.0308,0.0083,15.68,19.75,29.28,0,0,26,26,60798.34,11080587,344940.34
"2026-03-01",1,3,"Uber",29785,122,29663,253.9,630.9,3431,745,0.1157,0.0251,15.71,20.15,30.06,1025,605,20,20,157227.29,28083353,895242.87
"2026-03-01",1,4,"Lyft",12463,71,12392,213,409.8,440,125,0.0355,0.0101,16.15,20.04,30.26,0,0,25,25,67216.67,12074098,377101.65
"2026-03-01",1,4,"Uber",32461,113,32347,261.3,633.3,3819,746,0.1181,0.0231,16.26,20.07,30.81,1167,737,23,23,176555.89,31666964,1000055
"2026-03-01",1,5,"Lyft",18878,81,18797,228,451,930,373,0.0495,0.0198,16.65,19.38,31.13,0,0,33,33,101518.56,18855428,587747
"2026-03-01",1,5,"Uber",43127,147,42980,271.7,684.5,6009,1652,0.1398,0.0384,16.71,19.64,33.06,1492,972,17,17,235926.52,43241731,1425920.12
"2026-03-01",1,6,"Lyft",38395,98,38297,260.1,491.8,1825,300,0.0477,0.0078,16.56,16.41,29.46,0,0,73,73,173927.11,38150311,1131297.99
"2026-03-01",1,6,"Uber",78682,220,78462,293.3,693.9,11544,2911,0.1471,0.0371,17.16,17.25,30.81,3160,2462,27,27,388130.83,81012890,2424573.47
"2026-03-01",1,7,"Lyft",55291,100,55191,285.9,540.3,3756,608,0.0681,0.011,16.54,16.38,30.64,0,0,76,76,249693.76,54863779,1693876.83
"2026-03-01",1,7,"Uber",119259,289,118969,313.8,726.9,19817,4967,0.1666,0.0418,17.58,18,32.76,4493,3540,74,74,629101.8,125818479,3906599.65
"2026-03-01",2,1,"Lyft",11219,131,11088,254.2,512.5,706,184,0.0637,0.0166,16.06,20.82,29.59,0,0,34,34,62518.46,10811864,331979.64
"2026-03-01",2,1,"Uber",24218,328,23890,323.4,736.8,4274,1043,0.1789,0.0437,15.99,21.55,30.32,896,455,38,38,139081.21,23234638,734188.3
"2026-03-01",2,2,"Lyft",8479,94,8385,240.8,481.6,422,77,0.0503,0.0092,15.4,20.92,29.71,0,0,12,12,45506.44,7832311,251907.26
"2026-03-01",2,2,"Uber",21485,302,21183,291.5,692.8,3223,682,0.1522,0.0322,15.55,21.6,30.88,667,240,14,14,120283.95,20045059,663395.51
"2026-03-01",2,3,"Lyft",7861,84,7777,227.6,415.1,191,23,0.0246,0.003,15.22,19.94,28.67,0,0,13,13,39750.41,7176707,225382.29
"2026-03-01",2,3,"Uber",20289,237,20052,270.6,646.7,2517,536,0.1255,0.0267,15.57,20.85,29.62,701,343,16,16,109775.39,18957806,600868.91
"2026-03-01",2,4,"Lyft",8157,116,8041,225.3,428,291,57,0.0362,0.0071,16.02,20.75,30.76,0,0,18,18,45210.05,7842936,250893.24
"2026-03-01",2,4,"Uber",22125,287,21838,278.6,648.1,2751,568,0.126,0.026,16.11,21.15,30.67,815,441,9,9,125669.15,21390152,678520.19
"2026-03-01",2,5,"Lyft",12044,120,11924,228.8,419.5,326,64,0.0273,0.0054,16.17,19.62,30.25,0,0,23,23,63687.08,11687300,364331.75
"2026-03-01",2,5,"Uber",28639,314,28325,287.1,668.8,3755,869,0.1326,0.0307,16.22,20.36,31.36,1023,593,16,16,157576.2,27863517,897979.68
"2026-03-01",2,6,"Lyft",29126,118,29008,274.9,509.5,1523,223,0.0525,0.0077,16.56,17.48,30.08,0,0,47,47,140545.61,28941445,876055.28
"2026-03-01",2,6,"Uber",60111,350,59761,316,725.8,9892,2595,0.1655,0.0434,17.15,18.36,31.61,2616,2013,28,28,315560.53,61871391,1899858.84
"2026-03-01",2,7,"Lyft",34379,127,34252,287.4,540.8,2306,329,0.0673,0.0096,16.6,17.02,31.26,0,0,53,53,161886.22,34244342,1074541.85
"2026-03-01",2,7,"Uber",72925,430,72495,329.5,750.8,13167,3504,0.1816,0.0483,17.55,18.79,32.97,3029,2398,38,38,400956.69,76805870,2404456.51
"2026-03-01",3,1,"Lyft",9549,447,9102,282.2,514.7,527,99,0.0579,0.0109,17.26,22.46,34.87,0,0,18,18,61703.96,9890527,333012.39
"2026-03-01",3,1,"Uber",21888,1039,20849,352.3,807.7,4495,1365,0.2156,0.0655,17.16,23.71,35.84,715,301,25,25,148416.76,22532836,784467.58
"2026-03-01",3,2,"Lyft",7915,381,7534,272.9,512.7,427,74,0.0567,0.0098,16.86,22.56,34.67,0,0,15,15,50172.62,8006425,274422.02
"2026-03-01",3,2,"Uber",19598,917,18681,319.9,740.6,3203,846,0.1715,0.0453,16.78,23.71,35.51,602,239,13,13,129926.47,19725880,695979.99
"2026-03-01",3,3,"Lyft",7201,301,6900,261.2,468.8,245,32,0.0355,0.0046,16.68,22.08,33.92,0,0,14,14,44215.69,7207483,244287.51
"2026-03-01",3,3,"Uber",17863,827,17036,304.9,715.4,2686,647,0.1577,0.038,16.94,23.65,35.61,557,226,11,11,119297.95,18161087,636035.12
"2026-03-01",3,4,"Lyft",7690,481,7209,257.5,463.4,275,44,0.0381,0.0061,17.28,22.71,35.88,0,0,14,14,50278.96,7971110,275931.49
"2026-03-01",3,4,"Uber",19864,1061,18802,307.7,716.4,2915,742,0.155,0.0395,17.41,23.69,36.56,614,260,6,6,136555.32,20747008,726168.17
"2026-03-01",3,5,"Lyft",10092,464,9628,275.2,493,432,77,0.0449,0.008,17.26,21.96,35.29,0,0,16,16,63733.05,10448682,356165.95
"2026-03-01",3,5,"Uber",24155,1181,22974,335.3,761.1,4258,1208,0.1853,0.0526,17.37,23.17,37.08,766,424,7,7,162073.37,25178090,895559.18
"2026-03-01",3,6,"Lyft",21807,334,21473,297.1,556.9,1617,252,0.0753,0.0117,16.46,18.62,33.51,0,0,41,41,111413.56,21540801,730699.12
"2026-03-01",3,6,"Uber",46585,915,45670,346.3,792,9172,2903,0.2008,0.0636,17.78,20.32,35.63,2210,1663,23,23,280576.94,49697216,1659965.06
"2026-03-01",3,7,"Lyft",35786,496,35290,318.3,639.7,4213,1525,0.1194,0.0432,16.79,18.23,35.48,0,0,47,47,182542.56,36051128,1269543.94
"2026-03-01",3,7,"Uber",73776,1197,72578,367.2,877.5,17373,6702,0.2394,0.0923,18.09,20.21,37.35,3491,2658,34,34,449469.01,80080210,2755501.94
"2026-03-01",4,1,"Lyft",12979,1080,11899,373,710.2,2058,433,0.173,0.0364,17.53,22.42,39.84,0,0,19,19,85040.42,13652018,517103.73
"2026-03-01",4,1,"Uber",29756,1862,27894,386.9,874.3,6891,2542,0.247,0.0911,19.18,24.36,45.17,1010,488,11,11,231719.58,34244201,1343968.7
"2026-03-01",4,2,"Lyft",11676,930,10746,307.3,575.4,903,134,0.084,0.0125,16.85,23.33,37.3,0,0,23,23,76517.3,11807594,435528.05
"2026-03-01",4,2,"Uber",27227,1682,25545,325,759.9,4525,1343,0.1771,0.0526,17.87,24.81,41.34,811,332,8,8,201203.25,29189763,1125479.33
"2026-03-01",4,3,"Lyft",10374,842,9532,320.4,586.2,868,136,0.0911,0.0143,17.65,23.17,38.88,0,0,18,18,70688.65,10984782,403315.5
"2026-03-01",4,3,"Uber",23787,1490,22297,345,790.3,4345,1320,0.1949,0.0592,18.59,24.4,42.78,792,408,11,11,179858.07,26534753,1017555.79
"2026-03-01",4,4,"Lyft",11333,1056,10277,343.3,611.7,1102,181,0.1072,0.0176,18.27,23.14,42.49,0,0,11,11,79867.72,12426581,481498.43
"2026-03-01",4,4,"Uber",24882,1847,23035,358.9,818.2,4919,1582,0.2135,0.0687,19.59,24.75,47.36,762,389,9,9,201002.9,29239851,1178330.01
"2026-03-01",4,5,"Lyft",13021,1106,11915,388.1,703.3,2093,411,0.1757,0.0345,17.63,22.64,44.04,0,0,14,14,86617.8,13774612,573448.78
"2026-03-01",4,5,"Uber",26645,2060,24585,393.1,880.2,6278,2268,0.2554,0.0923,19.38,25.17,51.92,900,489,10,10,216690.65,30989089,1383512.44
"2026-03-01",4,6,"Lyft",18237,636,17601,352,682,2664,611,0.1514,0.0347,16.45,19.47,37.51,0,0,32,32,97373.95,18001635,684159.02
"2026-03-01",4,6,"Uber",39173,1234,37939,394.1,888.8,9921,3611,0.2615,0.0952,18.55,22.2,42.12,1814,1256,17,17,268773.96,43592267,1650065.77
"2026-03-01",4,7,"Lyft",28988,875,28113,366.3,719.9,4902,1172,0.1744,0.0417,16.44,19.21,39.17,0,0,27,27,152552.77,28593099,1135377.16
"2026-03-01",4,7,"Uber",57139,1657,55482,422.1,931.9,16477,6303,0.297,0.1136,18.65,22.01,43.47,2976,2136,29,29,391070.77,63950142,2483589.84
"2026-03-01",5,1,"Lyft",17277,1315,15962,336.8,649.4,2105,418,0.1319,0.0262,18.16,20.57,38.79,0,0,39,39,107532.07,18821633,670176.45
"2026-03-01",5,1,"Uber",48074,1986,46088,334.6,770.8,8444,2631,0.1832,0.0571,19.9,21.86,42.45,1685,1074,40,40,348448.04,57393685,2040744.25
"2026-03-01",5,2,"Lyft",17139,1149,15990,268.6,493.9,771,107,0.0482,0.0067,17.81,21.53,37,0,0,43,43,109572.43,18318609,634102.86
"2026-03-01",5,2,"Uber",44407,2025,42382,283.5,665.8,5582,1320,0.1317,0.0311,18.15,22.25,38.52,1456,856,22,22,298914.33,48355445,1710765.63
"2026-03-01",5,3,"Lyft",14622,1035,13587,291.1,531.2,824,118,0.0606,0.0087,18.5,21.31,38.98,0,0,36,36,96089.21,16229125,570027.97
"2026-03-01",5,3,"Uber",37313,1813,35500,299.2,685.6,4930,1214,0.1389,0.0342,18.85,22.18,41.1,1284,758,28,28,260043.79,42199549,1533663.32
"2026-03-01",5,4,"Lyft",15146,1151,13995,317.6,602,1418,256,0.1013,0.0183,18.9,20.93,41.47,0,0,23,23,99833.84,17175597,628051.38
"2026-03-01",5,4,"Uber",38076,1955,36121,321.6,726.4,5876,1590,0.1627,0.044,20.14,22.28,45.6,1171,673,14,14,284763.27,46006220,1736321.43
"2026-03-01",5,5,"Lyft",16199,1174,15025,347.5,683.3,2259,464,0.1503,0.0309,18.84,21.25,43.05,0,0,34,34,108080.97,18314071,697362.72
"2026-03-01",5,5,"Uber",36908,1927,34981,334.7,759.2,6288,1765,0.1798,0.0505,19.99,22.68,48.34,1295,812,34,34,278852.5,44258255,1784016.38
"2026-03-01",5,6,"Lyft",15329,655,14674,305,589.2,1384,308,0.0943,0.021,17.47,21.27,36.66,0,0,22,22,94952.56,16072397,561952.35
"2026-03-01",5,6,"Uber",35615,1235,34380,328.1,764.2,6231,1897,0.1812,0.0552,18.58,22.81,39.26,1394,808,19,19,251626.69,39708951,1398154.18
"2026-03-01",5,7,"Lyft",19745,868,18877,341.5,675.3,2721,661,0.1441,0.035,17.24,20.72,37.91,0,0,25,25,117534.96,20421608,748568.54
"2026-03-01",5,7,"Uber",47951,1757,46194,367.1,844.3,10588,3665,0.2292,0.0793,18.9,22.73,41.53,2169,1431,28,28,343221.68,54363866,1991516.22
"2026-03-01",6,1,"Lyft",29809,1296,28513,331.2,667,3972,859,0.1393,0.0301,18.56,16.76,34.6,0,0,43,43,154513.36,33189276,1031273.05
"2026-03-01",6,1,"Uber",82933,2788,80145,321.5,757.9,13692,4395,0.1708,0.0548,20.36,17.88,37.9,2968,1900,46,46,503149.87,101290700,3143212.95
"2026-03-01",6,2,"Lyft",31630,1078,30552,266.1,493.4,1437,203,0.047,0.0066,18.57,16.87,32.14,0,0,40,40,165200.56,35247458,1016507.19
"2026-03-01",6,2,"Uber",79363,2691,76672,274.6,644.8,9194,2249,0.1199,0.0293,19.21,17.79,34.68,2545,1558,57,57,452100.73,91477355,2752033.62
"2026-03-01",6,3,"Lyft",25829,981,24848,274.8,516.1,1424,186,0.0573,0.0075,18.72,17.06,33.5,0,0,42,42,137471.5,29014286,865379.82
"2026-03-01",6,3,"Uber",65803,2385,63418,279,643.2,7546,1828,0.119,0.0288,19.45,17.84,35.97,2204,1363,53,53,380458.03,76776039,2366816.08
"2026-03-01",6,4,"Lyft",26614,971,25643,294.7,564.1,2055,336,0.0801,0.0131,19.12,16.8,35.46,0,0,27,27,142440.03,30529073,943757.04
"2026-03-01",6,4,"Uber",67641,2482,65159,300.8,685.7,9112,2441,0.1398,0.0375,20.38,17.74,38.01,2266,1450,56,56,407636.8,82711491,2570728.9
"2026-03-01",6,5,"Lyft",26868,937,25931,314.7,621.4,2900,614,0.1118,0.0237,18.6,17.69,35.72,0,0,29,29,147313.6,29982419,959700.69
"2026-03-01",6,5,"Uber",61162,2402,58759,307.3,709.6,8828,2478,0.1502,0.0422,20.04,19.08,40.93,2124,1327,49,49,389770.36,73542058,2503146.66
"2026-03-01",6,6,"Lyft",18041,502,17539,265.2,494.3,840,114,0.0479,0.0065,16.99,21.15,33.7,0,0,30,30,108038.93,18391784,607976.43
"2026-03-01",6,6,"Uber",44299,1075,43224,292.9,706.1,6479,1802,0.1499,0.0417,17.76,22.41,35.17,1730,1105,21,21,293839.48,47208665,1557836.84
"2026-03-01",6,7,"Lyft",21196,802,20394,313.9,640.5,2514,604,0.1233,0.0296,17.1,21.18,36.2,0,0,29,29,127932.03,21748231,767308.05
"2026-03-01",6,7,"Uber",55211,1665,53545,331.5,779.4,10064,3181,0.188,0.0594,18.25,22.65,38.23,2525,1681,21,21,380287.2,60448613,2110691.3
"2026-03-01",7,1,"Lyft",46201,1975,44226,396.3,829.6,10993,3261,0.2486,0.0737,19.05,12.76,32.74,0,0,104,104,187069.58,52798126,1512756.42
"2026-03-01",7,1,"Uber",131871,3988,127883,341.1,786.8,23825,8068,0.1863,0.0631,20.44,13.86,35.79,4039,2287,201,201,622905.88,161738573,4720177.06
"2026-03-01",7,2,"Lyft",51888,1791,50097,316.2,636.7,6067,1143,0.1211,0.0228,19.46,12.69,30.42,0,0,101,101,213575.3,60594277,1578555.92
"2026-03-01",7,2,"Uber",127932,3919,124013,299.6,699.5,17818,5314,0.1437,0.0429,20.11,13.62,33.8,3514,1835,211,211,583992.87,154376525,4323921.07
"2026-03-01",7,3,"Lyft",42345,1472,40873,330.5,664.1,5687,1101,0.1391,0.0269,19.28,12.66,30.26,0,0,85,85,172329.34,48995917,1281565.3
"2026-03-01",7,3,"Uber",106331,3393,102938,304.3,701.8,14753,4461,0.1433,0.0433,20.1,13.6,34.04,2917,1533,183,183,484603.34,128264242,3619170.78
"2026-03-01",7,4,"Lyft",41577,1655,39922,337.7,656.1,5475,1001,0.1371,0.0251,19.41,12.53,33.02,0,0,78,78,168463.6,48411861,1372824.82
"2026-03-01",7,4,"Uber",109752,3510,106242,320.3,728,16610,5161,0.1563,0.0486,20.57,13.45,36.16,3017,1676,162,162,506252.32,135471766,3968336.88
"2026-03-01",7,5,"Lyft",40888,1333,39555,347.9,706.7,6556,1432,0.1657,0.0362,18.73,14.03,31.83,0,0,79,79,179009.12,45942387,1301591.43
"2026-03-01",7,5,"Uber",96863,3114,93749,322.5,749.4,15631,4934,0.1667,0.0526,19.85,15.09,35.52,2726,1512,145,145,483735.19,115372009,3440942.96
"2026-03-01",7,6,"Lyft",22153,455,21698,228.9,406.1,446,74,0.0206,0.0034,16.77,20.03,31.37,0,0,29,29,124002.6,22290469,694981.13
"2026-03-01",7,6,"Uber",58453,1092,57361,255.6,612,6044,1340,0.1054,0.0234,17.02,20.92,30.98,2008,1247,55,55,346910,59684973,1810901.81
"2026-03-01",7,7,"Lyft",24731,538,24193,248.1,461.2,972,184,0.0402,0.0076,16.33,21.22,31.96,0,0,36,36,142824.36,24227918,790413.03
"2026-03-01",7,7,"Uber",65907,1387,64520,271.1,657.5,8054,1958,0.1248,0.0303,16.91,22.2,32.33,2628,1730,42,42,412491.88,66885168,2130696.99
"2026-03-01",8,1,"Lyft",59971,1925,58046,330.1,708.7,9027,2657,0.1555,0.0458,18.35,11.67,29.65,0,0,203,203,213984.31,66032431,1777947.27
"2026-03-01",8,1,"Uber",167211,3675,163536,309.3,710.6,24568,7345,0.1502,0.0449,19.49,12.65,31.56,3725,1828,363,363,687069.08,195542444,5276831.95
"2026-03-01",8,2,"Lyft",65752,1777,63975,284.2,563.5,5204,1068,0.0813,0.0167,19.07,11.36,28.77,0,0,180,180,237364.81,75246742,1891417.39
"2026-03-01",8,2,"Uber",154998,3737,151260,273.7,625.9,16776,4345,0.1109,0.0287,19.55,12.31,32.5,3101,1276,389,389,621539.79,181797932,5037672.43
"2026-03-01",8,3,"Lyft",53744,1640,52104,302.2,624.4,5856,1331,0.1124,0.0255,18.83,11.4,28.94,0,0,152,152,192333.03,60711912,1555522.68
"2026-03-01",8,3,"Uber",127540,3177,124363,273.5,609.8,12934,3259,0.104,0.0262,19.42,12.48,33.43,2636,1152,278,278,515305.22,148613672,4263830.81
"2026-03-01",8,4,"Lyft",52408,1544,50864,313.9,652.4,6472,1577,0.1272,0.031,18.5,11.11,31.04,0,0,140,140,179551.63,58175007,1626620.63
"2026-03-01",8,4,"Uber",142341,3433,138908,307,674.1,18566,4975,0.1337,0.0358,19.55,12.27,35.17,3060,1358,296,296,568815.12,166941497,5005883.05
"2026-03-01",8,5,"Lyft",49792,1349,48443,291.5,593,4654,990,0.0961,0.0204,18.13,12.96,29,0,0,144,144,195080.66,54173116,1444039.46
"2026-03-01",8,5,"Uber",118733,2934,115799,287.7,675.2,15313,4460,0.1322,0.0385,18.79,14.05,31.89,2478,1180,280,280,522585.86,133877877,3786025.56
"2026-03-01",8,6,"Lyft",27512,457,27055,225.9,399.2,457,63,0.0169,0.0023,16.46,17.88,28.91,0,0,75,75,135010.63,27177669,795327.6
"2026-03-01",8,6,"Uber",74892,1047,73845,250.2,592.8,7097,1501,0.0961,0.0203,16.62,18.84,28.57,1798,1010,92,92,390811.63,74686796,2139507.7
"2026-03-01",8,7,"Lyft",27898,514,27384,220.3,379.8,366,62,0.0134,0.0023,16.24,19.87,30.32,0,0,74,74,150031.91,27176129,845829.59
"2026-03-01",8,7,"Uber",78064,1235,76829,242.9,574.9,6694,1271,0.0871,0.0165,16.36,20.65,30.13,2135,1268,84,84,439579.73,76649341,2352218.22
"2026-03-01",9,1,"Lyft",49457,1886,47571,223.9,422.2,1463,307,0.0308,0.0065,18.66,12.72,28.67,0,0,243,243,195621.1,55368330,1418101.43
"2026-03-01",9,1,"Uber",134470,3132,131338,238.4,555.7,10549,2286,0.0803,0.0174,19.04,13.52,30.21,2219,930,561,561,576875.3,153638814,4062923.97
"2026-03-01",9,2,"Lyft",55613,1799,53814,226.4,421,1458,251,0.0271,0.0047,19.19,11.92,28.62,0,0,243,243,212092.58,64038004,1591405.84
"2026-03-01",9,2,"Uber",130907,3205,127702,231.1,533.8,8974,1934,0.0703,0.0151,19.46,12.9,32.25,2113,798,647,647,547534.39,152834949,4222065.31
"2026-03-01",9,3,"Lyft",47641,1655,45986,228.8,438.5,1627,335,0.0354,0.0073,19.12,12.28,29.17,0,0,249,249,186407.54,54645208,1389823.55
"2026-03-01",9,3,"Uber",106899,2718,104181,228.5,519.9,6738,1318,0.0647,0.0127,19.24,13.2,33.19,1831,709,513,513,452695.59,123429275,3547710.39
"2026-03-01",9,4,"Lyft",48917,1489,47428,246.8,514.8,2984,714,0.0629,0.0151,18.96,11.64,29.18,0,0,195,195,179847.85,55640288,1427408.4
"2026-03-01",9,4,"Uber",122947,2897,120050,245.9,559.9,9860,2174,0.0821,0.0181,19.42,12.71,32.55,2048,789,441,441,506008.59,143287200,4002036.14
"2026-03-01",9,5,"Lyft",44393,1338,43055,230.5,463.2,1947,416,0.0452,0.0097,18.36,13.48,28.54,0,0,221,221,183076.66,48903134,1267185.49
"2026-03-01",9,5,"Uber",104788,2518,102270,240.4,572.5,8975,2273,0.0878,0.0222,18.58,14.38,31.45,1688,713,437,437,466793.65,116837118,3295630.95
"2026-03-01",9,6,"Lyft",33026,474,32552,223.7,396.1,525,60,0.0161,0.0018,16.46,16.19,27.92,0,0,83,83,146687.51,32608149,922152.71
"2026-03-01",9,6,"Uber",89725,971,88754,242.3,575.8,7907,1768,0.0891,0.0199,16.68,16.98,28.03,1518,750,139,139,423628.7,89810767,2514954.85
"2026-03-01",9,7,"Lyft",35238,463,34775,228.6,399.8,631,94,0.0181,0.0027,15.94,18.18,29,0,0,119,119,170177.47,33700711,1022026.64
"2026-03-01",9,7,"Uber",98297,1100,97197,247.8,579.3,8770,1761,0.0902,0.0181,16.06,18.88,29,1861,967,185,185,496777.74,94736578,2850630.87
"2026-03-01",10,1,"Lyft",40159,1362,38797,199.9,359.6,522,81,0.0135,0.0021,19.41,13.56,29.95,0,0,269,269,176148.35,46774868,1202921.73
"2026-03-01",10,1,"Uber",110370,2350,108020,220.4,513.3,6511,1160,0.0603,0.0107,19.47,14.25,31.65,1324,439,702,702,510250.43,128943854,3493025.07
"2026-03-01",10,2,"Lyft",43559,1420,42139,203.9,372.4,625,99,0.0148,0.0023,19.87,12.89,30.05,0,0,289,289,185938.58,51932664,1309013.21
"2026-03-01",10,2,"Uber",108690,2443,106247,218.3,508.2,6242,1171,0.0587,0.011,19.82,13.52,33.17,1417,497,699,699,485567.11,129253589,3605105.53
"2026-03-01",10,3,"Lyft",35131,1148,33983,201.5,364.2,461,75,0.0136,0.0022,19.92,13.06,30.5,0,0,212,212,152303.64,41979551,1071344.38
"2026-03-01",10,3,"Uber",91177,2121,89056,215.1,499.6,5016,940,0.0563,0.0106,19.77,13.73,33.51,1064,328,586,586,412260.69,108131963,3055751.29
"2026-03-01",10,4,"Lyft",39486,1218,38268,208.9,383.6,749,159,0.0196,0.0042,20.08,12.51,30.35,0,0,239,239,165368.27,47578169,1198376.24
"2026-03-01",10,4,"Uber",101606,2073,99533,221.4,517.9,6288,1218,0.0632,0.0122,20.03,13.19,32.93,1251,404,588,588,447488.15,122116704,3346235.88
"2026-03-01",10,5,"Lyft",37098,1021,36077,210.8,389.6,708,129,0.0196,0.0036,19.63,13.96,30.67,0,0,226,226,169472.84,43689398,1137926.96
"2026-03-01",10,5,"Uber",93766,1899,91867,228.5,544.8,6983,1655,0.076,0.018,19.39,14.58,32.76,1114,377,476,476,441734.64,109071513,3071792.62
"2026-03-01",10,6,"Lyft",34910,306,34604,214.7,382.2,523,96,0.0151,0.0028,16.92,15.17,28.19,0,0,113,113,149297.32,35437939,983983.67
"2026-03-01",10,6,"Uber",98404,788,97616,230.5,547,7453,1585,0.0764,0.0162,17.08,15.85,28.25,1442,682,224,224,444054.62,100865964,2780247.07
"2026-03-01",10,7,"Lyft",42205,403,41802,233.1,414.3,903,134,0.0216,0.0032,16.51,16.96,29.24,0,0,143,143,197029.05,41810239,1233949.31
"2026-03-01",10,7,"Uber",117871,892,116979,253,593.5,11337,2515,0.0969,0.0215,16.56,17.71,29.44,1738,851,237,237,576155.18,117143643,3469847.13
"2026-03-01",11,1,"Lyft",35265,1127,34138,197.2,359.1,492,88,0.0144,0.0026,19.71,13.76,31.82,0,0,301,301,159404.48,41708839,1122290.82
"2026-03-01",11,1,"Uber",101602,1987,99615,219.6,517.6,6160,1148,0.0618,0.0115,19.92,14.45,33.17,1176,373,623,623,487139.6,121404596,3370388.18
"2026-03-01",11,2,"Lyft",37938,1047,36891,199.8,366.5,599,107,0.0162,0.0029,20.28,13.17,32.14,0,0,309,309,168932.61,46160822,1219176.64
"2026-03-01",11,2,"Uber",100637,2081,98556,217.7,511.1,5866,1158,0.0595,0.0117,20.35,13.81,35.04,1202,351,749,749,471267.73,122861395,3526103.96
"2026-03-01",11,3,"Lyft",31167,965,30202,197.6,360.3,448,80,0.0148,0.0026,20.55,13.4,32.67,0,0,256,256,143018.15,38432560,1018312.27
"2026-03-01",11,3,"Uber",85144,1774,83370,211.4,492.8,4433,804,0.0532,0.0096,20.45,13.85,35.21,970,274,636,636,401961.88,104454705,2998081.6
"2026-03-01",11,4,"Lyft",35802,1000,34802,205.1,376.4,605,105,0.0174,0.003,20.95,12.67,32.17,0,0,236,236,158415.81,45011491,1151799.3
"2026-03-01",11,4,"Uber",96651,1945,94706,221.6,521.2,6101,1192,0.0644,0.0126,21.05,13.1,34.86,1040,336,571,571,444183.56,122062025,3369091.96
"2026-03-01",11,5,"Lyft",34026,828,33198,218.2,404.2,715,123,0.0215,0.0037,20.45,13.68,32.42,0,0,240,240,158605.44,41753395,1103215.28
"2026-03-01",11,5,"Uber",90311,1591,88720,232.7,557,7259,1632,0.0818,0.0184,20.3,14.16,34.05,1007,311,507,507,432708.14,110024282,3075070.37
"2026-03-01",11,6,"Lyft",36970,322,36648,218.3,389.4,593,93,0.0162,0.0025,17.82,14.15,28.96,0,0,120,120,155450.1,39536722,1070833.74
"2026-03-01",11,6,"Uber",103939,703,103236,232,547.8,7984,1643,0.0773,0.0159,18.11,14.9,29.31,1277,561,224,224,467681.72,112960827,3046030.42
"2026-03-01",11,7,"Lyft",46063,401,45662,232.4,413.3,1012,190,0.0222,0.0042,17.32,15.94,29.85,0,0,155,155,211933.18,47871287,1375097.34
"2026-03-01",11,7,"Uber",120465,851,119614,246.6,577.9,10737,2253,0.0898,0.0188,17.35,16.64,30.61,1627,711,244,244,579436.29,125369351,3687107.38
"2026-03-01",12,1,"Lyft",35158,1204,33954,203.4,373.4,559,95,0.0165,0.0028,19.84,14.09,32.59,0,0,309,309,163811.18,41843348,1145674.79
"2026-03-01",12,1,"Uber",100475,2109,98366,225.2,531.3,6678,1245,0.0679,0.0127,20.19,14.74,34.42,1151,344,731,731,498357.37,121714939,3458731.52
"2026-03-01",12,2,"Lyft",37029,1164,35865,205,380.9,674,138,0.0188,0.0038,20.25,13.27,32.45,0,0,365,365,165815.83,44996639,1201561.39
"2026-03-01",12,2,"Uber",99598,2042,97556,223.2,524.6,6466,1366,0.0663,0.014,20.4,14.09,35.32,1157,321,821,821,476973.13,121880141,3518028.71
"2026-03-01",12,3,"Lyft",30901,1075,29826,204.4,376.8,536,112,0.018,0.0038,20.87,13.46,33.61,0,0,311,311,144649.43,38697328,1038703.49
"2026-03-01",12,3,"Uber",85361,1806,83555,216.8,506.6,4907,923,0.0587,0.011,20.9,14.08,36.4,976,315,675,675,418712.91,107054563,3107392.77
"2026-03-01",12,4,"Lyft",35606,1076,34530,212.1,391.7,791,175,0.0229,0.0051,21.48,13.16,34.28,0,0,304,304,167694.89,45882201,1220479.52
"2026-03-01",12,4,"Uber",94973,1846,93127,227.7,539.6,6852,1406,0.0736,0.0151,21.52,13.53,37.16,1006,335,649,649,461127.22,122654289,3529552.22
"2026-03-01",12,5,"Lyft",34476,794,33682,244.2,450.1,1100,199,0.0327,0.0059,20.87,13.6,33.41,0,0,251,251,163059.09,43166510,1151861.99
"2026-03-01",12,5,"Uber",92063,1595,90468,254.5,609.6,9403,2293,0.1039,0.0253,21,14.01,35.64,1094,374,556,556,451457.66,115977541,3280820.05
"2026-03-01",12,6,"Lyft",37958,313,37645,227.8,408.7,811,133,0.0215,0.0035,18.87,13.4,30.14,0,0,131,131,159931.24,42971468,1143864.8
"2026-03-01",12,6,"Uber",108333,654,107679,240.1,575.3,9571,2121,0.0889,0.0197,18.99,14.11,29.94,1299,566,274,274,483987.63,123466548,3243095.33
"2026-03-01",12,7,"Lyft",46578,378,46200,236,418.6,1084,163,0.0235,0.0035,18.33,15.37,31.3,0,0,171,171,218742.09,51237425,1457846.07
"2026-03-01",12,7,"Uber",122307,807,121499,249,580.3,11052,2327,0.091,0.0192,18.41,16.1,32.1,1620,674,300,300,604285.31,135136480,3926660.54
"2026-03-01",13,1,"Lyft",35906,1105,34801,211.1,387.3,618,100,0.0178,0.0029,19.82,13.73,32.16,0,0,344,344,162832.62,42689055,1154895.45
"2026-03-01",13,1,"Uber",106996,1862,105134,232.7,554,8292,1698,0.0789,0.0162,20.35,14.41,33.47,1320,452,757,757,523027.88,130664768,3580929.63
"2026-03-01",13,2,"Lyft",38864,1035,37829,212.5,390.9,780,162,0.0206,0.0043,20.34,13,32.48,0,0,345,345,171294.07,47432519,1262494.02
"2026-03-01",13,2,"Uber",108437,1831,106606,227.6,538.1,7689,1639,0.0721,0.0154,20.68,13.53,34.92,1414,443,873,873,505875.33,134573319,3787035.49
"2026-03-01",13,3,"Lyft",31516,920,30596,210.9,388.3,558,94,0.0182,0.0031,21.03,13.03,33.36,0,0,295,295,143992.13,39771923,1051216.91
"2026-03-01",13,3,"Uber",89992,1605,88387,226.4,537,6305,1253,0.0713,0.0142,21.5,13.67,36.48,1109,353,714,714,440631.23,116074995,3282920.75
"2026-03-01",13,4,"Lyft",35484,926,34558,218.1,398.9,764,158,0.0221,0.0046,21.4,12.9,34.05,0,0,266,266,163275.6,45554545,1208229.38
"2026-03-01",13,4,"Uber",98854,1750,97104,232.5,548.2,7364,1553,0.0758,0.016,21.89,13.35,37.11,1152,371,690,690,481517.65,129861539,3668754.25
"2026-03-01",13,5,"Lyft",34872,765,34107,261.3,493.6,1584,272,0.0464,0.008,21.43,12.85,33.78,0,0,261,261,160049.41,44844995,1177845.81
"2026-03-01",13,5,"Uber",98118,1406,96712,273.3,657.3,12086,3307,0.125,0.0342,21.57,13.28,35.28,1083,379,578,578,468513.56,127000928,3461592.81
"2026-03-01",13,6,"Lyft",38390,283,38107,234.7,429,961,163,0.0252,0.0043,19.24,13.07,30.7,0,0,153,153,160913.22,44324009,1178695
"2026-03-01",13,6,"Uber",110957,599,110358,247.6,590.9,10550,2493,0.0956,0.0226,19.69,13.76,30.94,1443,649,339,339,500915.43,131054952,3432794.98
"2026-03-01",13,7,"Lyft",46261,398,45863,244.2,439.3,1224,193,0.0267,0.0042,19.06,14.86,32.08,0,0,203,203,218377.1,52891635,1484009.13
"2026-03-01",13,7,"Uber",123549,721,122828,258.1,606.3,12586,2894,0.1025,0.0236,19.18,15.49,32.71,1667,691,342,342,611936.07,142184698,4041301.55
"2026-03-01",14,1,"Lyft",40239,814,39425,224.7,423.1,1117,196,0.0283,0.005,20.37,12.77,31.76,0,0,286,286,174397.16,49176233,1277893.52
"2026-03-01",14,1,"Uber",119903,1586,118317,245.4,586.5,11072,2613,0.0936,0.0221,21.11,13.49,33.89,1490,497,792,792,569180.75,151893651,4063479.01
"2026-03-01",14,2,"Lyft",44011,904,43107,226.6,424.2,1240,237,0.0288,0.0055,21.37,11.83,32.56,0,0,397,397,185464.87,56437612,1432786.79
"2026-03-01",14,2,"Uber",121762,1649,120113,241.8,577,10784,2602,0.0898,0.0217,21.8,12.23,34.94,1665,578,801,801,541259.54,159267221,4254169.14
"2026-03-01",14,3,"Lyft",35358,786,34572,221.9,416.1,886,131,0.0256,0.0038,22,12,33.48,0,0,292,292,155528.02,46675150,1183882.91
"2026-03-01",14,3,"Uber",99611,1375,98236,239.1,563.4,8248,1842,0.084,0.0188,22.6,12.52,36.58,1238,418,699,699,469626.39,135043844,3644256.5
"2026-03-01",14,4,"Lyft",39413,721,38692,230.4,434,1150,177,0.0297,0.0046,22.7,11.83,34.45,0,0,284,284,176373.66,53691427,1357946.52
"2026-03-01",14,4,"Uber",110197,1503,108693,245.4,583.4,10062,2332,0.0926,0.0215,23.27,12.29,37.45,1391,522,698,698,525266.61,153829647,4126987.68
"2026-03-01",14,5,"Lyft",39360,575,38785,267.7,521.3,2319,435,0.0598,0.0112,23.15,11.51,34.44,0,0,275,275,174874.11,54675552,1355418.06
"2026-03-01",14,5,"Uber",109273,1210,108063,274.1,658.2,13410,3716,0.1241,0.0344,23.23,12.01,35.87,1538,659,537,537,508270.79,152333391,3919896.57
"2026-03-01",14,6,"Lyft",39183,294,38889,221.6,408.2,879,168,0.0226,0.0043,19.81,12.92,31.16,0,0,186,186,167103.15,46577738,1221119.87
"2026-03-01",14,6,"Uber",111935,574,111361,242.1,579,10069,2297,0.0904,0.0206,20.23,13.62,31.28,1639,765,272,272,514213.05,135867092,3501518.39
"2026-03-01",14,7,"Lyft",47501,331,47170,239.1,439.8,1388,218,0.0294,0.0046,20.23,14.33,33.12,0,0,205,205,229535.03,57651585,1573189.07
"2026-03-01",14,7,"Uber",126010,729,125281,262.3,623.1,13824,3338,0.1103,0.0266,20.57,15.14,34.24,1914,898,324,324,653774.76,155491875,4314230.44
"2026-03-01",15,1,"Lyft",39569,626,38943,225.2,430.4,1222,297,0.0314,0.0076,21.62,12.04,33.34,0,0,259,259,171692.37,51331480,1319248.25
"2026-03-01",15,1,"Uber",122806,1244,121561,240.8,581.9,11165,2705,0.0918,0.0223,22.21,12.67,34.69,1791,675,639,639,576313.44,163687238,4260718.77
"2026-03-01",15,2,"Lyft",44309,631,43678,230.7,446.2,1539,319,0.0352,0.0073,22.21,11.07,33.51,0,0,320,320,181516.42,59041824,1484622.06
"2026-03-01",15,2,"Uber",124862,1239,123623,247.8,600.3,12356,3164,0.0999,0.0256,22.93,11.59,36.33,1720,642,658,658,552893.13,171802815,4536298.81
"2026-03-01",15,3,"Lyft",34693,569,34124,222,424.9,977,179,0.0286,0.0052,23.28,11.28,35.05,0,0,268,268,151912.24,48464701,1216007.84
"2026-03-01",15,3,"Uber",101532,1072,100460,238.2,566.5,8544,1923,0.085,0.0191,23.84,11.83,38.21,1386,534,604,604,477318.27,145213668,3879344.41
"2026-03-01",15,4,"Lyft",40527,617,39910,237.4,453.3,1394,268,0.0349,0.0067,23.79,10.86,35.38,0,0,242,242,174447.93,57839529,1433770.15
"2026-03-01",15,4,"Uber",111869,1204,110664,251.3,596.9,10882,2725,0.0983,0.0246,24.61,11.49,38.97,1423,593,535,535,527400.64,165202434,4359289.5
"2026-03-01",15,5,"Lyft",40268,452,39816,264.5,528.1,2646,612,0.0665,0.0154,23.25,10.91,34.83,0,0,232,232,170216.39,56181972,1402671.76
"2026-03-01",15,5,"Uber",110208,881,109327,268,637.7,12712,3463,0.1163,0.0317,24.06,11.56,37.49,1746,767,440,440,510873.4,159086151,4132209.75
"2026-03-01",15,6,"Lyft",39554,224,39330,219.6,409.3,936,186,0.0238,0.0047,20.23,12.75,31.8,0,0,153,153,169986.54,48008215,1257815.64
"2026-03-01",15,6,"Uber",116418,524,115894,241.3,575.2,10282,2269,0.0887,0.0196,20.54,13.35,31.4,1654,766,298,298,532068,143444834,3655448.06
"2026-03-01",15,7,"Lyft",48201,278,47923,241.1,455.6,1807,419,0.0377,0.0087,20.79,14.06,33.79,0,0,170,170,234857.08,60116127,1628658.95
"2026-03-01",15,7,"Uber",127293,741,126552,264,633.9,14598,3538,0.1154,0.028,21.31,14.88,35.43,2037,936,303,303,672528.31,162760887,4510496.22
"2026-03-01",16,1,"Lyft",42606,463,42143,231.4,448.9,1547,311,0.0367,0.0074,21.6,11.07,31.36,0,0,213,213,169737.21,55216388,1336200.31
"2026-03-01",16,1,"Uber",127749,1076,126673,247.8,606,12963,3386,0.1023,0.0267,22.23,11.87,33.3,1997,781,476,476,561854.55,170386343,4254077.7
"2026-03-01",16,2,"Lyft",48447,489,47958,239.1,468.7,2076,429,0.0433,0.0089,21.88,10.6,31.75,0,0,227,227,187327.23,63602130,1538409.07
"2026-03-01",16,2,"Uber",125657,1121,124536,243.4,583,11470,2920,0.0921,0.0234,22.66,11.22,35.7,1980,793,511,511,532284.31,170812569,4485749.7
"2026-03-01",16,3,"Lyft",35889,480,35409,220.6,414.5,925,168,0.0261,0.0047,22.7,10.8,33.16,0,0,211,211,146617.11,48890765,1190212.46
"2026-03-01",16,3,"Uber",104634,977,103657,236.9,563.3,8586,1946,0.0828,0.0188,23.58,11.42,36.75,1479,549,469,469,469538.17,148066210,3845492.65
"2026-03-01",16,4,"Lyft",42333,532,41801,252.8,502.2,2358,529,0.0564,0.0127,23.64,10.2,34.09,0,0,219,219,170149.75,60055540,1442994.37
"2026-03-01",16,4,"Uber",115366,1108,114257,257.9,609.5,11853,3080,0.1037,0.027,24.79,10.86,38.37,1784,746,430,430,517630.63,171622913,4426822.17
"2026-03-01",16,5,"Lyft",43095,430,42665,253.4,497.8,2208,384,0.0518,0.009,21.82,10.76,31.5,0,0,211,211,168691.81,56432776,1357452.39
"2026-03-01",16,5,"Uber",113244,814,112429,262.2,623.8,12362,3255,0.11,0.029,22.75,11.52,34.46,1960,913,358,358,494627.92,154581416,3902861.48
"2026-03-01",16,6,"Lyft",40290,242,40048,218.6,401.6,879,193,0.0219,0.0048,20.39,12.58,32.1,0,0,184,184,172290.44,49292689,1293446.86
"2026-03-01",16,6,"Uber",120728,590,120138,240.4,573.7,10513,2234,0.0875,0.0186,20.63,13.11,31.33,1797,913,244,244,544215,149405144,3782856.99
"2026-03-01",16,7,"Lyft",46519,278,46241,238.4,447.3,1746,512,0.0378,0.0111,20.55,14.11,33.89,0,0,165,165,224816.92,57361423,1576505.92
"2026-03-01",16,7,"Uber",124036,673,123363,260.8,625.1,13709,3451,0.1111,0.028,21.04,14.84,35.08,1991,974,267,267,645263.88,156551138,4350844.52
"2026-03-01",17,1,"Lyft",49956,416,49540,279.3,602.3,4999,1239,0.1009,0.025,18.77,11.06,29.16,0,0,207,207,172729.28,56245839,1456960.06
"2026-03-01",17,1,"Uber",146956,1054,145902,272.9,661.9,18504,5041,0.1268,0.0346,19.97,11.93,31.94,2261,941,395,395,583697.56,176073179,4693406.92
"2026-03-01",17,2,"Lyft",53335,493,52842,262,533.5,3692,800,0.0699,0.0151,20.24,10.7,30.53,0,0,253,253,192505.99,64772221,1628486.94
"2026-03-01",17,2,"Uber",135392,1057,134334,255.9,605.5,13723,3439,0.1022,0.0256,21.04,11.36,34.66,2347,941,424,424,539201.15,170889824,4692279.8
"2026-03-01",17,3,"Lyft",41752,420,41332,250.8,495.6,2073,364,0.0502,0.0088,20.96,10.85,31.3,0,0,189,189,158287.87,52512168,1306868.15
"2026-03-01",17,3,"Uber",114435,888,113547,255.9,601,11385,2800,0.1003,0.0247,21.86,11.48,35.07,1759,620,305,305,478520.06,150064751,4012833.51
"2026-03-01",17,4,"Lyft",45923,489,45434,289,604.4,4638,1182,0.1021,0.026,21.21,10.28,32.44,0,0,156,156,166844.49,58452219,1489902.95
"2026-03-01",17,4,"Uber",122063,1071,120992,276.6,641.6,14270,3827,0.1179,0.0316,23.05,11,37.83,2048,862,357,357,515581.8,168794871,4617189.14
"2026-03-01",17,5,"Lyft",48138,413,47725,277.1,545.8,3397,688,0.0712,0.0144,20.19,11.03,30.09,0,0,217,217,178712.61,58327779,1448313.03
"2026-03-01",17,5,"Uber",125162,762,124400,277.1,651.9,15169,4182,0.1219,0.0336,21.38,12.04,32.93,2085,1017,322,322,536877.04,160584226,4122142.21
"2026-03-01",17,6,"Lyft",45887,248,45639,240.1,452,1582,250,0.0347,0.0055,20.06,12.46,30.86,0,0,172,172,191176,55229071,1416289.14
"2026-03-01",17,6,"Uber",125126,524,124601,251.4,598.2,12330,2749,0.099,0.0221,20.12,13.22,31.28,1906,973,274,274,554927.75,151086483,3913988.62
"2026-03-01",17,7,"Lyft",48967,291,48676,243.5,455.4,1858,392,0.0382,0.0081,19.4,14.24,31.5,0,0,165,165,225512.73,57010005,1542331.72
"2026-03-01",17,7,"Uber",121161,592,120569,265.8,631.4,13765,3316,0.1142,0.0275,19.9,15.27,33.99,2033,1012,270,270,613795.58,144668647,4118489.26
"2026-03-01",18,1,"Lyft",48070,329,47741,265,533,3289,744,0.0689,0.0156,17.11,12.8,28.15,0,0,165,165,175483.13,49344961,1353027.56
"2026-03-01",18,1,"Uber",139476,664,138812,258.6,610.4,14502,3372,0.1045,0.0243,18.01,13.73,30.52,2241,988,268,268,574867.38,150718919,4257455.77
"2026-03-01",18,2,"Lyft",52693,327,52366,261.1,555.5,4189,1011,0.08,0.0193,17.99,12.2,30.35,0,0,167,167,192659.8,56873251,1599052.06
"2026-03-01",18,2,"Uber",139790,778,139012,261.7,618.9,15067,3730,0.1084,0.0268,18.82,13.06,34.06,2123,793,289,289,572537.49,157824794,4761915.72
"2026-03-01",18,3,"Lyft",42611,266,42345,255.7,497.5,2177,403,0.0514,0.0095,18.32,12.19,29.54,0,0,157,157,158634.4,46832117,1258856.22
"2026-03-01",18,3,"Uber",115688,594,115094,259.2,599.2,11454,2683,0.0995,0.0233,19.4,13.04,33.51,1585,595,257,257,487977.62,134672132,3876569.94
"2026-03-01",18,4,"Lyft",46997,313,46684,289.5,582,4222,961,0.0904,0.0206,18.45,11.51,30.91,0,0,143,143,166317.03,52027265,1452879.01
"2026-03-01",18,4,"Uber",126563,741,125822,283.4,652,15478,4017,0.123,0.0319,20.34,12.56,36.11,1911,767,268,268,538962.24,154493425,4569962.11
"2026-03-01",18,5,"Lyft",51624,298,51326,288.1,548.3,3691,665,0.0719,0.013,17.96,11.96,29.21,0,0,169,169,184839.93,55615631,1508026.87
"2026-03-01",18,5,"Uber",132896,707,132189,286.7,664.2,16824,4552,0.1273,0.0344,19.3,13.04,32.07,2004,947,291,291,557442.5,153902303,4261597.06
"2026-03-01",18,6,"Lyft",49637,217,49420,269.4,535.1,3237,499,0.0655,0.0101,19.25,12.35,30.62,0,0,126,126,196677.31,57342269,1519980.92
"2026-03-01",18,6,"Uber",135309,607,134701,283.2,675.9,18101,4888,0.1344,0.0363,19.81,13.4,31.4,1777,915,256,256,598402.8,160803062,4248793.33
"2026-03-01",18,7,"Lyft",50127,229,49898,282.9,566.4,4118,865,0.0825,0.0173,18.42,14.37,30.51,0,0,158,158,221170.82,55412773,1529407.42
"2026-03-01",18,7,"Uber",123530,502,123028,303.4,730.3,19717,5836,0.1603,0.0474,19.14,15.59,32.76,2162,1080,245,245,614588.07,141875751,4046661.07
"2026-03-01",19,1,"Lyft",43666,212,43454,244.7,469.8,1829,332,0.0421,0.0076,16.61,15.31,27.8,0,0,139,139,185087.2,43510758,1213987.84
"2026-03-01",19,1,"Uber",126761,454,126306,257.1,623.6,13939,3054,0.1104,0.0242,16.82,16.04,29.8,2009,831,186,186,570117.65,127928557,3776992.58
"2026-03-01",19,2,"Lyft",51793,233,51560,256.2,502.7,2829,586,0.0549,0.0114,17.32,14.48,29.37,0,0,151,151,216519.92,53820608,1521156.16
"2026-03-01",19,2,"Uber",133730,520,133210,258.5,617.2,14327,3340,0.1076,0.0251,17.8,15.35,33.09,2255,1004,216,216,608818.56,142794020,4425567.12
"2026-03-01",19,3,"Lyft",41854,205,41649,250.7,472.1,1655,319,0.0397,0.0077,17.85,14.86,30.14,0,0,131,131,185064.84,44837782,1261472.26
"2026-03-01",19,3,"Uber",114493,411,114082,260.7,618.1,12302,2709,0.1078,0.0237,18.06,15.53,33.19,1746,742,180,180,535333.77,124095805,3799632.59
"2026-03-01",19,4,"Lyft",47885,248,47637,284,545,3313,570,0.0695,0.012,17.55,13.64,30.1,0,0,145,145,190952.69,50410468,1441227.42
"2026-03-01",19,4,"Uber",126295,489,125806,279.4,654.4,15643,3853,0.1243,0.0306,18.54,14.67,34.22,1991,892,178,178,572594.11,140472678,4322391.7
"2026-03-01",19,5,"Lyft",53308,201,53107,293.9,574.9,4540,739,0.0855,0.0139,17.46,13.29,29.24,0,0,147,147,206194.5,55846068,1558843.62
"2026-03-01",19,5,"Uber",137102,422,136680,290.4,684.8,18858,5150,0.138,0.0377,18.04,13.99,30.79,2212,1188,207,207,576748.37,148400569,4220819.79
"2026-03-01",19,6,"Lyft",52173,191,51982,311.6,618.3,5714,1088,0.1099,0.0209,18.6,12.47,30.65,0,0,141,141,201646.81,58215066,1598939.44
"2026-03-01",19,6,"Uber",142842,482,142359,306.4,728.6,22558,6662,0.1585,0.0468,19.46,13.64,31.52,2361,1404,193,193,632014.42,166807144,4502381.27
"2026-03-01",19,7,"Lyft",48289,201,48088,298.4,630.9,5548,1350,0.1154,0.0281,17.8,15.2,30.06,0,0,153,153,217694.41,51566334,1451398.89
"2026-03-01",19,7,"Uber",120664,401,120263,317.1,765.9,21743,6769,0.1808,0.0563,18.37,16.24,31.68,2441,1339,206,206,599945.36,132988130,3822427.83
"2026-03-01",20,1,"Lyft",40716,162,40554,237,447,1440,225,0.0355,0.0055,16.77,16.72,28.91,0,0,105,105,190254.68,40958071,1177143.44
"2026-03-01",20,1,"Uber",119867,293,119573,254.5,618.3,13031,2602,0.109,0.0218,17.01,17.47,32.18,1877,878,143,143,593442.39,122321307,3857676.27
"2026-03-01",20,2,"Lyft",50702,188,50514,246.4,485.8,2462,403,0.0487,0.008,17.58,16.27,31.11,0,0,160,160,241668.5,53489467,1577542.44
"2026-03-01",20,2,"Uber",129760,365,129395,256.2,607,13354,2835,0.1032,0.0219,18.17,17.31,37.77,2198,1133,158,158,680318.49,141455099,4901323.37
"2026-03-01",20,3,"Lyft",40533,209,40324,243.4,470.8,1683,267,0.0417,0.0066,18.02,16.72,32.44,0,0,123,123,203462.4,43817176,1315059.56
"2026-03-01",20,3,"Uber",111415,305,111110,261.1,619.4,12145,2384,0.1093,0.0215,18.53,17.73,37.77,1724,869,143,143,609867.85,123858847,4207824.23
"2026-03-01",20,4,"Lyft",45909,210,45699,262,504.4,2496,410,0.0546,0.009,18.02,15.45,32.01,0,0,123,123,213046.77,49636723,1469623.97
"2026-03-01",20,4,"Uber",119538,323,119215,271.5,638.4,14095,3101,0.1182,0.026,19.04,16.79,38.73,2098,1233,142,142,636978.87,136546646,4629332.95
"2026-03-01",20,5,"Lyft",51255,171,51084,258.8,507.4,2814,467,0.0551,0.0091,17.42,14.37,28.55,0,0,126,126,213919.18,53574557,1463504.37
"2026-03-01",20,5,"Uber",131145,322,130823,272,660.7,16519,4302,0.1263,0.0329,17.67,14.91,29.45,2209,1258,163,163,575629.75,139016962,3861985.59
"2026-03-01",20,6,"Lyft",53646,162,53484,283.4,550.6,3951,694,0.0739,0.013,18.1,13.29,29.17,0,0,128,128,215031.75,58243715,1564931.76
"2026-03-01",20,6,"Uber",143383,353,143030,294.5,714.4,21811,6207,0.1525,0.0434,18.84,14.41,30,2754,1790,173,173,648636.04,162092194,4301370.58
"2026-03-01",20,7,"Lyft",48945,166,48779,276.5,574.8,4306,1087,0.0883,0.0223,17.5,16.05,29.07,0,0,154,154,229216.93,51402571,1422849.23
"2026-03-01",20,7,"Uber",119594,296,119298,306.8,758.9,21560,6003,0.1807,0.0503,17.88,16.78,30.16,2626,1561,140,140,598078.81,128277597,3607293.8
"2026-03-01",21,1,"Lyft",36816,174,36642,235.3,453.3,1532,364,0.0418,0.0099,17.28,17.71,31.6,0,0,116,116,187738.76,38160188,1163565.02
"2026-03-01",21,1,"Uber",113481,311,113170,263.6,638,13442,2864,0.1188,0.0253,17.27,18.17,33.53,2076,1133,134,134,593587.32,117613960,3805326.48
"2026-03-01",21,2,"Lyft",47705,190,47515,257.5,529.3,3195,601,0.0672,0.0126,17.38,16.82,33.28,0,0,129,129,232472.96,49746929,1587807.77
"2026-03-01",21,2,"Uber",126555,359,126196,276.1,637.8,15039,3077,0.1192,0.0244,18.31,18.29,41.37,2256,1283,128,128,706312.87,139046606,5235963.95
"2026-03-01",21,3,"Lyft",38717,147,38570,253.6,516.9,2475,483,0.0642,0.0125,17.98,17.15,34.54,0,0,96,96,198929.47,41767511,1337412.87
"2026-03-01",21,3,"Uber",108450,301,108149,270.8,633.3,12559,2607,0.1161,0.0241,18.71,18.44,41.08,1804,1029,109,109,623582.74,121720921,4455104.34
"2026-03-01",21,4,"Lyft",43577,152,43425,264.2,537.9,3160,650,0.0728,0.015,18.36,16.01,34.43,0,0,97,97,213466.86,48000792,1500474.03
"2026-03-01",21,4,"Uber",115560,330,115229,282.8,664.8,15159,3370,0.1316,0.0292,19.57,17.59,42.32,2054,1176,136,136,663115.73,135708122,4890944.63
"2026-03-01",21,5,"Lyft",50938,160,50778,245.5,471.9,2245,428,0.0442,0.0084,17.84,15.19,30.26,0,0,115,115,229992.91,54513593,1541572.56
"2026-03-01",21,5,"Uber",125723,288,125435,267.3,653.4,15659,3999,0.1248,0.0319,17.9,15.53,30.68,2532,1634,139,139,582433.63,135030544,3856708.68
"2026-03-01",21,6,"Lyft",54534,140,54394,254.8,477.4,2346,414,0.0431,0.0076,18.38,14.15,29.69,0,0,110,110,236395.26,60154122,1618872.44
"2026-03-01",21,6,"Uber",140730,322,140408,280.1,681.5,19373,4867,0.138,0.0347,18.52,15.02,29.66,2763,1844,131,131,652623.46,156398296,4174431.44
"2026-03-01",21,7,"Lyft",48650,175,48475,273.2,562.7,4104,1204,0.0847,0.0248,17.83,17.02,30.61,0,0,117,117,246048.91,52039799,1489098.31
"2026-03-01",21,7,"Uber",112899,324,112575,311.8,756.3,20579,5632,0.1828,0.05,17.58,17.46,30.36,2830,1779,136,136,577783.14,119112567,3427907.21
"2026-03-01",22,1,"Lyft",32923,131,32792,232.7,452,1415,320,0.0432,0.0098,17.22,17.98,31.34,0,0,77,77,169911.21,34024726,1031883.08
"2026-03-01",22,1,"Uber",100784,243,100541,271.7,667.4,13545,3009,0.1347,0.0299,17.23,18.57,31.94,2310,1401,93,93,537479.67,104194667,3219416.02
"2026-03-01",22,2,"Lyft",43502,141,43361,249.5,507.3,2712,554,0.0625,0.0128,17.76,17.28,33.1,0,0,75,75,222501.8,46362398,1439888.42
"2026-03-01",22,2,"Uber",116083,304,115779,275.1,653.9,14824,3156,0.128,0.0273,18,18.2,36.55,2620,1627,118,118,633859.75,125363243,4243377.29
"2026-03-01",22,3,"Lyft",36145,132,36013,253.1,511,2184,386,0.0606,0.0107,18.15,17.07,33.84,0,0,75,75,186556.12,39354468,1223277.22
"2026-03-01",22,3,"Uber",100939,257,100682,278.4,648.7,12621,2648,0.1254,0.0263,18.37,18.2,36.77,2282,1430,90,90,562188.86,111229594,3711230.09
"2026-03-01",22,4,"Lyft",43694,155,43539,291.8,600.9,4363,931,0.1002,0.0214,18.1,16.07,34.74,0,0,92,92,211790.77,47450970,1518126.91
"2026-03-01",22,4,"Uber",112035,330,111705,304.3,709.8,17555,4196,0.1572,0.0376,19.38,17.64,41.38,2606,1728,108,108,638225.43,130262502,4635559.36
"2026-03-01",22,5,"Lyft",53555,144,53411,262.3,507.1,3041,580,0.0569,0.0109,18.3,14.94,31.89,0,0,98,98,243983.12,58802293,1707719.21
"2026-03-01",22,5,"Uber",127689,351,127338,291.1,704.6,19119,5145,0.1501,0.0404,18.65,15.76,32.72,3323,2373,120,120,625756.72,142919309,4178307.97
"2026-03-01",22,6,"Lyft",55905,145,55760,275.3,510.9,3023,479,0.0542,0.0086,18.52,14.4,30.61,0,0,106,106,248445.72,62106512,1711191.21
"2026-03-01",22,6,"Uber",144463,363,144100,302.8,719.9,22889,5936,0.1588,0.0412,18.84,15.57,30.87,3424,2474,119,119,706016.91,163268609,4459970.46
"2026-03-01",22,7,"Lyft",44478,153,44325,280.4,606,4523,1411,0.102,0.0318,17.57,17.74,30.73,0,0,95,95,231109.12,46894834,1366764.46
"2026-03-01",22,7,"Uber",104816,270,104546,333.7,795.8,21991,6308,0.2103,0.0603,17.34,18.25,30.13,3369,2299,111,111,552862.61,109031365,3157942.68
"2026-03-01",23,1,"Lyft",27520,124,27396,230.2,469,1411,260,0.0515,0.0095,16.66,18.52,30.26,0,0,53,53,141540.37,27514488,832695.62
"2026-03-01",23,1,"Uber",80828,236,80591,273.8,682.4,11497,2623,0.1427,0.0325,16.72,19.12,30.35,2500,1624,70,70,430714.25,81103034,2452726.56
"2026-03-01",23,2,"Lyft",33632,109,33523,220.2,421.9,1242,250,0.037,0.0075,17.01,17.97,30.73,0,0,56,56,171393.89,34332615,1033530.74
"2026-03-01",23,2,"Uber",92041,280,91761,258.7,638.7,10967,2182,0.1195,0.0238,17.12,18.58,31.72,3028,2067,76,76,487918.59,94539125,2919364.1
"2026-03-01",23,3,"Lyft",28047,90,27957,220.9,419.9,938,145,0.0336,0.0052,17.84,17.54,31.85,0,0,60,60,146264.83,30027130,893246.5
"2026-03-01",23,3,"Uber",82541,202,82339,263,644,10091,1951,0.1226,0.0237,17.85,18.31,32.42,2394,1632,64,64,449828.25,88418446,2675856.34
"2026-03-01",23,4,"Lyft",38212,113,38099,281.1,565.6,3219,798,0.0845,0.0209,17.75,16.43,32.93,0,0,63,63,185766.32,40698341,1258387.49
"2026-03-01",23,4,"Uber",96175,251,95923,305.6,726,15943,4005,0.1662,0.0418,18.65,17.61,36.66,3146,2245,63,63,526387.5,107591874,3525631.74
"2026-03-01",23,5,"Lyft",51698,131,51567,294.1,579.9,4592,866,0.089,0.0168,17.66,14.93,31.83,0,0,69,69,227237.68,54781841,1645490.34
"2026-03-01",23,5,"Uber",120083,334,119749,312.5,740.2,20656,5584,0.1725,0.0466,18.58,16.27,33.71,3652,2710,72,72,604978.06,133842438,4047788.5
"2026-03-01",23,6,"Lyft",54169,140,54029,319.1,600.3,5404,895,0.1,0.0166,17.8,14.44,31.47,0,0,117,117,232133.35,57859975,1704744.84
"2026-03-01",23,6,"Uber",140260,366,139894,342.6,783.8,28053,7848,0.2005,0.0561,19.1,16.23,33.65,4224,3195,116,116,724722.65,160777296,4719727.04
"2026-03-01",23,7,"Lyft",37239,143,37096,284.5,711.2,5378,2024,0.145,0.0546,16.76,18.66,30.17,0,0,84,84,194149.62,37451999,1123408.31
"2026-03-01",23,7,"Uber",88989,284,88705,343.8,810.5,19459,5901,0.2194,0.0665,16.83,19.32,29.71,3647,2664,76,76,482385.5,89882297,2643900.38
"2026-04-01",0,1,"Lyft",20132,87,20045,250.3,638.6,2239,977,0.1117,0.0487,16.7,20.54,30.76,0,0,51,51,115082.87,20166795,619161.81
"2026-04-01",0,1,"Uber",48835,86,48749,308.4,781.3,9383,3037,0.1925,0.0623,16.55,20.82,29.32,2326,1516,37,37,280445.91,48490744,1431723.13
"2026-04-01",0,2,"Lyft",17057,67,16990,234.9,537.8,1390,466,0.0818,0.0274,16.57,19.52,30.48,0,0,36,36,91966.6,16960321,519833.58
"2026-04-01",0,2,"Uber",44733,83,44650,274.3,725.3,7400,2128,0.1657,0.0477,16.78,20.11,31.29,2066,1269,31,31,251552.93,45032647,1399671.87
"2026-04-01",0,3,"Lyft",22958,74,22884,213.9,413.9,886,159,0.0387,0.0069,16.17,18.77,29.63,0,0,46,46,116121.56,22269775,680328.37
"2026-04-01",0,3,"Uber",60944,130,60814,249.1,642.6,7415,1650,0.1219,0.0271,16.6,19.5,30.91,2766,1732,43,43,328793.25,60707906,1883701.57
"2026-04-01",0,4,"Lyft",25897,103,25794,214.1,407.4,776,159,0.0301,0.0062,16.26,17.98,28.97,0,0,63,63,126203.64,25262893,750175.08
"2026-04-01",0,4,"Uber",71457,122,71335,248.5,628.5,8129,1884,0.114,0.0264,16.85,18.76,30.34,3142,2087,46,46,376301.63,72224704,2168013.9
"2026-04-01",0,5,"Lyft",26257,83,26174,216.8,419.9,1016,263,0.0388,0.01,17.12,17.11,30.31,0,0,45,45,128148.86,26969166,795950.31
"2026-04-01",0,5,"Uber",67941,125,67815,246.2,638.3,8070,1956,0.119,0.0288,17.97,18.25,32.56,3147,2138,41,41,371365.35,73256227,2212490.2
"2026-04-01",0,6,"Lyft",45673,113,45560,255.7,484.3,2098,308,0.046,0.0068,17.81,15.54,29.89,0,0,87,87,210725.54,48801783,1365081.17
"2026-04-01",0,6,"Uber",104939,159,104779,276,654,13305,3189,0.127,0.0304,18.14,16.36,31,4876,3611,55,55,519072.98,114241535,3252921.19
"2026-04-01",0,7,"Lyft",45139,99,45040,306.1,581.9,4047,746,0.0899,0.0166,16.79,15.16,30.19,0,0,76,76,191441.45,45465623,1362669.54
"2026-04-01",0,7,"Uber",127072,174,126898,327.2,761,23678,6586,0.1866,0.0519,17.98,16.66,30.51,5668,4438,70,70,634351.13,137090575,3876613.39
"2026-04-01",1,1,"Lyft",11265,56,11209,227,443.8,547,287,0.0488,0.0256,15.8,20.2,28.04,0,0,30,30,59942.81,10680711,315850.09
"2026-04-01",1,1,"Uber",28528,73,28455,293.8,721,4648,1334,0.1633,0.0469,15.99,21.07,27.22,1271,741,36,36,160179.56,27361864,776653.26
"2026-04-01",1,2,"Lyft",9746,44,9702,221.2,419.8,363,132,0.0374,0.0136,15.15,19.61,27.43,0,0,25,25,48266.19,8861455,267301.9
"2026-04-01",1,2,"Uber",25514,54,25460,261.6,669.9,3486,913,0.1369,0.0359,15.71,20.43,28.8,1198,720,8,8,136504,24053064,734846.61
"2026-04-01",1,3,"Lyft",14086,69,14017,216,408.4,371,75,0.0265,0.0054,15.29,19.48,28.71,0,0,37,37,69906.44,12919279,404354.95
"2026-04-01",1,3,"Uber",35039,113,34926,247,619.6,3846,905,0.1101,0.0259,15.61,19.96,29.65,1592,945,20,20,181960.39,32818825,1039020.19
"2026-04-01",1,4,"Lyft",14723,50,14673,205.9,372.4,288,65,0.0196,0.0044,15.38,18.84,28.07,0,0,20,20,71088.87,13583123,413323.36
"2026-04-01",1,4,"Uber",41010,102,40908,248.6,617.9,4433,997,0.1084,0.0244,15.85,19.77,28.84,1830,1126,27,27,214222.26,39003324,1182766.39
"2026-04-01",1,5,"Lyft",16710,64,16646,202.3,370.7,322,142,0.0193,0.0085,15.95,18,29.1,0,0,29,29,79961.49,15995663,486211.29
"2026-04-01",1,5,"Uber",43295,87,43208,235.9,597.5,4251,1162,0.0984,0.0269,16.54,19.03,30.29,2145,1492,18,18,227094.8,42970446,1311241.28
"2026-04-01",1,6,"Lyft",37121,58,37063,237.1,457.7,1395,244,0.0376,0.0066,17.28,16.7,28.91,0,0,57,57,178528.41,38475940,1073247.38
"2026-04-01",1,6,"Uber",82417,131,82286,264.4,623.1,9075,2203,0.1103,0.0268,17.3,17.24,29.37,4067,3175,43,43,409729.06,85546699,2420240.32
"2026-04-01",1,7,"Lyft",37205,94,37111,269.5,518.5,2252,346,0.0607,0.0093,16.85,16.4,28.73,0,0,67,67,171387.68,37610925,1068763.6
"2026-04-01",1,7,"Uber",97643,135,97508,295,688.5,14233,3470,0.146,0.0356,17.33,17.5,28.21,4450,3503,56,56,493490.31,101517037,2754039.6
"2026-04-01",2,1,"Lyft",7377,92,7285,227.5,408.5,191,39,0.0262,0.0054,15.47,20.45,27.2,0,0,21,21,38901.7,6849208,200668
"2026-04-01",2,1,"Uber",18834,159,18675,298.5,694.3,2851,707,0.1527,0.0379,15.73,21.5,26.44,885,448,15,15,106137.78,17772433,498046.3
"2026-04-01",2,2,"Lyft",6079,58,6021,218.1,398.5,122,25,0.0203,0.0042,14.5,19.44,26.15,0,0,11,11,28563.48,5289325,158967.18
"2026-04-01",2,2,"Uber",16402,106,16296,278.6,662.7,2176,506,0.1335,0.0311,15.2,20.67,27.07,731,348,10,10,85886.89,14961746,444070.84
"2026-04-01",2,3,"Lyft",8879,105,8774,220.4,408.6,218,36,0.0248,0.0041,15.14,19.98,28.21,0,0,26,26,44753.69,8063731,250436.79
"2026-04-01",2,3,"Uber",23775,238,23537,266.9,641.2,2856,658,0.1213,0.028,15.57,21.02,29.06,1097,580,17,17,129674.49,22203509,690911.23
"2026-04-01",2,4,"Lyft",9831,127,9704,216.7,397.5,203,41,0.0209,0.0042,15.41,19.69,28.46,0,0,28,28,49701.69,9086817,279766.84
"2026-04-01",2,4,"Uber",26828,261,26567,266,627.3,3015,711,0.1135,0.0268,15.87,20.67,28.94,1255,665,18,18,146662.02,25542488,776471.12
"2026-04-01",2,5,"Lyft",11455,98,11357,210.3,385.3,229,53,0.0202,0.0047,15.67,19.1,29.22,0,0,16,16,57138.82,10772067,334716.13
"2026-04-01",2,5,"Uber",28532,194,28337,253.9,601.4,2847,652,0.1005,0.023,16.16,20.12,30.07,1504,976,23,23,154643.58,27665573,858075.73
"2026-04-01",2,6,"Lyft",29070,103,28967,243.3,458.1,1041,130,0.0359,0.0045,17.35,17.58,29.49,0,0,47,47,147821.21,30270531,857341.37
"2026-04-01",2,6,"Uber",62703,205,62498,276.4,632.2,7254,1770,0.1161,0.0283,17.17,17.88,29.43,3699,2890,21,21,320887.42,64591897,1845444.63
"2026-04-01",2,7,"Lyft",29261,122,29139,267.5,513.6,1628,266,0.0559,0.0091,17.24,17.58,30.01,0,0,47,47,147821.41,30262409,877988.36
"2026-04-01",2,7,"Uber",72997,237,72760,312.8,710,11529,3041,0.1585,0.0418,17.38,18.32,28.69,3712,2929,31,31,387412.89,76122943,2094241.69
"2026-04-01",3,1,"Lyft",6596,425,6171,251.2,449.6,203,31,0.0329,0.005,16.47,22.65,33.08,0,0,13,13,41023.98,6519637,218190.98
"2026-04-01",3,1,"Uber",17310,698,16612,325.8,737.2,2980,799,0.1794,0.0481,16.59,23.76,32.68,677,313,10,10,113679.95,17225518,565610.21
"2026-04-01",3,2,"Lyft",5871,306,5565,243.1,438.5,148,26,0.0266,0.0047,16.71,22.43,32.36,0,0,21,21,36677.33,5887199,189963.83
"2026-04-01",3,2,"Uber",14659,448,14211,293.8,684.6,2057,482,0.1447,0.0339,16.02,22.82,31.7,580,214,7,7,89296.25,14088689,464730.83
"2026-04-01",3,3,"Lyft",8398,382,8016,242,432.1,219,31,0.0273,0.0039,16.47,22.13,32.4,0,0,16,16,50996.45,8296480,272133.3
"2026-04-01",3,3,"Uber",20500,811,19689,281.8,670,2661,632,0.1352,0.0321,16.56,23.32,34.17,857,376,10,10,131951.5,20372487,700521.52
"2026-04-01",3,4,"Lyft",9412,556,8856,243.9,442.5,274,42,0.0309,0.0047,17.37,22.38,34.8,0,0,15,15,60983.38,9811054,327579.73
"2026-04-01",3,4,"Uber",24286,1022,23264,286.2,681.2,3284,850,0.1412,0.0365,17.18,23.15,34.86,1037,498,6,6,161019.95,25039859,846506.71
"2026-04-01",3,5,"Lyft",10012,487,9525,237,429.5,262,60,0.0275,0.0063,16.82,21.1,32.95,0,0,22,22,59241.49,10106316,329892.42
"2026-04-01",3,5,"Uber",24505,790,23715,288.5,664.3,3186,800,0.1343,0.0337,17.05,22.32,34.17,1221,701,5,5,155422.12,25073583,837312.9
"2026-04-01",3,6,"Lyft",21979,339,21640,251.8,490.2,1090,188,0.0504,0.0087,17.24,18.73,32.09,0,0,28,28,118309.3,22740635,705197.97
"2026-04-01",3,6,"Uber",48908,559,48349,295.2,681.8,6716,1865,0.1389,0.0386,17.59,19.48,32.26,2936,2262,18,18,279350.06,51630685,1577864
"2026-04-01",3,7,"Lyft",22602,407,22195,278.9,534.8,1482,282,0.0668,0.0127,17.17,18.38,31.88,0,0,40,40,118876.49,23281483,720502.97
"2026-04-01",3,7,"Uber",57686,715,56971,334.6,756.8,10534,3099,0.1849,0.0544,17.95,19.68,32.18,3106,2421,16,16,339535.46,62125746,1856302.86
"2026-04-01",4,1,"Lyft",9987,1102,8885,298.9,534.9,572,90,0.0644,0.0101,17.34,23.41,37.17,0,0,11,11,67569.99,10392574,371208.54
"2026-04-01",4,1,"Uber",24576,1397,23179,335.9,793.2,4595,1564,0.1982,0.0675,18.04,24.77,39.9,1008,535,13,13,183032.98,26602159,980686.27
"2026-04-01",4,2,"Lyft",9120,786,8334,273.4,499.1,379,57,0.0455,0.0068,16.91,22.84,34.26,0,0,14,14,58693.46,9251263,312415.13
"2026-04-01",4,2,"Uber",20962,1110,19852,294.8,707.9,3012,834,0.1517,0.042,17.44,24.1,38.14,844,428,15,15,146861.74,21938347,799461.75
"2026-04-01",4,3,"Lyft",12363,1079,11284,269.1,486.6,479,84,0.0424,0.0074,17.16,22.87,35.5,0,0,25,25,80863.73,12727633,438853.41
"2026-04-01",4,3,"Uber",27993,1603,26389,298,702.7,3970,1094,0.1504,0.0415,17.92,24.56,40.5,1072,523,16,16,205275.49,30090334,1133619.13
"2026-04-01",4,4,"Lyft",13562,1406,12156,283.6,506,622,81,0.0512,0.0067,18.42,23.2,38.56,0,0,34,34,96579.86,14986876,522991.77
"2026-04-01",4,4,"Uber",32156,1926,30230,309.1,732,4987,1529,0.165,0.0506,19.02,24.32,42.17,1258,690,26,26,247901.61,36694608,1355981.58
"2026-04-01",4,5,"Lyft",12763,1091,11672,286.2,504.6,533,82,0.0457,0.007,18.18,22.39,37.34,0,0,23,23,86586.42,13923260,476518.72
"2026-04-01",4,5,"Uber",28324,1645,26679,316.9,744.3,4495,1343,0.1685,0.0503,19.11,23.81,42.04,1207,749,17,17,214821.66,32480993,1190607.2
"2026-04-01",4,6,"Lyft",19033,744,18289,281.9,564.6,1539,392,0.0841,0.0214,17.07,19.9,33.41,0,0,41,41,107762.48,19492455,635815.22
"2026-04-01",4,6,"Uber",40046,954,39092,326,765.5,7099,2255,0.1816,0.0577,18.08,21.14,35.6,2509,1852,19,19,255070.72,43431994,1425805.23
"2026-04-01",4,7,"Lyft",18958,810,18148,305.6,592.3,1726,370,0.0951,0.0204,17,19.79,33.45,0,0,27,27,106288.04,19332319,634082.68
"2026-04-01",4,7,"Uber",45487,1143,44344,378.1,862.8,10917,3841,0.2462,0.0866,18.33,21.53,35.81,2511,1812,18,18,299177.55,50028227,1628781.12
"2026-04-01",5,1,"Lyft",13361,1136,12225,278.5,498,540,72,0.0442,0.0059,18.21,21.9,37.57,0,0,31,31,88833.48,14600825,501944.72
"2026-04-01",5,1,"Uber",39055,1566,37489,296.7,712.1,5684,1687,0.1516,0.045,18.99,22.87,39.48,1520,988,30,30,282582.93,44488127,1541875
"2026-04-01",5,2,"Lyft",13753,997,12756,250.6,438.9,340,50,0.0267,0.0039,18.05,21.42,35.17,0,0,22,22,88600.84,14891037,483673.72
"2026-04-01",5,2,"Uber",35868,1484,34383,262.9,637,4005,969,0.1165,0.0282,18.12,22.08,37.37,1404,884,8,8,239149.26,38986749,1340547.79
"2026-04-01",5,3,"Lyft",18303,1205,17098,256.9,454.4,485,56,0.0284,0.0033,18.3,21.18,36.16,0,0,40,40,118265.68,20101919,661805.05
"2026-04-01",5,3,"Uber",46372,1986,44386,269.5,646.6,5437,1402,0.1225,0.0316,18.54,22.04,38.97,1753,1087,34,34,315855.97,51593252,1806933
"2026-04-01",5,4,"Lyft",18887,1465,17422,287.7,510.1,878,109,0.0504,0.0063,19.29,21.28,39.08,0,0,28,28,129185.43,21858246,738102.35
"2026-04-01",5,4,"Uber",49531,2273,47258,299.2,701.5,6947,2026,0.147,0.0429,19.75,21.96,41.76,1857,1192,12,12,357994.11,58683156,2068586.63
"2026-04-01",5,5,"Lyft",15348,1104,14244,298.8,535.4,907,145,0.0637,0.0102,18.42,21.24,37.59,0,0,27,27,100038.53,16958377,576937.84
"2026-04-01",5,5,"Uber",38769,1794,36975,311.6,732,5912,1829,0.1599,0.0495,20.12,22.36,43.54,1610,1047,34,34,290646.9,46799826,1687972.6
"2026-04-01",5,6,"Lyft",15341,679,14662,262.4,475.6,660,148,0.045,0.0101,17.65,21.69,34.57,0,0,27,27,97913.21,16249078,530350.49
"2026-04-01",5,6,"Uber",34862,1016,33846,286.3,675.5,4640,1301,0.1371,0.0384,18.11,22.54,36.33,1919,1275,19,19,237152.99,37871910,1266693.23
"2026-04-01",5,7,"Lyft",13795,957,12838,277.8,502.6,611,71,0.0476,0.0055,17.59,21.74,35.48,0,0,25,25,87922.1,14556559,489507.07
"2026-04-01",5,7,"Uber",36428,1394,35034,318,743.4,6067,1793,0.1732,0.0512,18.42,23.02,37.4,1955,1318,15,15,257483.71,40265309,1362554.73
"2026-04-01",6,1,"Lyft",22645,953,21692,259.1,478.7,870,124,0.0401,0.0057,19.01,18,34.28,0,0,34,34,129099.32,25825957,776356.34
"2026-04-01",6,1,"Uber",66994,1841,65153,275.5,674.7,8730,2550,0.134,0.0391,19.42,18.55,34.35,2575,1784,56,56,402232.91,78047846,2301078.67
"2026-04-01",6,2,"Lyft",24186,857,23329,231.2,410.5,419,38,0.018,0.0016,19.19,17.47,33,0,0,33,33,135175.52,27853116,798104.94
"2026-04-01",6,2,"Uber",63470,1794,61676,247.5,592.4,5927,1351,0.0961,0.0219,18.77,17.92,33.68,2447,1723,42,42,355765.6,71473099,2137671.46
"2026-04-01",6,3,"Lyft",31204,1111,30093,243.8,431.6,674,88,0.0224,0.0029,19.12,17.61,34.12,0,0,59,59,175125.59,35792653,1064718.51
"2026-04-01",6,3,"Uber",81200,2529,78671,254.9,607.3,8106,1921,0.103,0.0244,18.87,18.01,34.73,2772,1822,64,64,460059,91938030,2819897.53
"2026-04-01",6,4,"Lyft",30783,1127,29656,257.4,459.8,954,130,0.0322,0.0044,19.34,17.92,35.49,0,0,41,41,177809.48,35719738,1092345.99
"2026-04-01",6,4,"Uber",83067,2457,80610,273.4,637.8,9483,2421,0.1176,0.03,19.78,18.23,36.35,3039,2088,52,52,499310.94,98589335,3019147.56
"2026-04-01",6,5,"Lyft",24372,800,23572,267.9,489.2,996,131,0.0423,0.0056,18.35,18.49,33.68,0,0,34,34,137843.83,26835660,820776.89
"2026-04-01",6,5,"Uber",61757,1947,59810,277.1,665.6,7696,2143,0.1287,0.0358,19.56,19.35,37.12,2449,1697,37,37,389539.34,72478767,2292609.01
"2026-04-01",6,6,"Lyft",18344,680,17664,246.4,434.8,463,69,0.0262,0.0039,17.08,21.57,32.92,0,0,27,27,112617.51,18799309,603926.83
"2026-04-01",6,6,"Uber",43733,1007,42726,268.5,646.8,5230,1389,0.1224,0.0325,17.51,22.43,33.73,2257,1584,26,26,286351.16,45953939,1475010.06
"2026-04-01",6,7,"Lyft",16127,820,15307,280.6,524.2,903,149,0.059,0.0097,16.71,21.88,34.01,0,0,27,27,98310.84,16172628,548402.69
"2026-04-01",6,7,"Uber",43926,1180,42746,304.2,740.1,7084,2232,0.1657,0.0522,17.7,23.17,35.3,2532,1806,22,22,300359.57,46659147,1550383.51
"2026-04-01",7,1,"Lyft",33613,1237,32376,290.9,612,3435,708,0.1061,0.0219,19.55,13.74,31.45,0,0,79,79,150523.02,39430241,1057187.33
"2026-04-01",7,1,"Uber",100402,2411,97991,295.8,719.1,14922,5053,0.1523,0.0516,20.25,14.45,32.6,3333,2124,140,140,489441.64,121961975,3272866.1
"2026-04-01",7,2,"Lyft",36826,1278,35548,265.6,532.9,2351,370,0.0661,0.0104,20.21,13.13,30.86,0,0,93,93,162890.06,44666150,1136466.86
"2026-04-01",7,2,"Uber",99196,2466,96730,274,665.7,12485,3856,0.1291,0.0399,19.92,13.59,32.68,2859,1699,175,175,447458.91,118575122,3241261.46
"2026-04-01",7,3,"Lyft",47598,1484,46114,274,536.4,3062,517,0.0664,0.0112,19.78,13.42,31.21,0,0,104,104,210472.82,56481343,1485660.4
"2026-04-01",7,3,"Uber",127854,3441,124413,279.8,674.7,16425,5313,0.132,0.0427,19.74,13.77,32.98,3579,2121,195,195,579310.71,151448687,4216161.1
"2026-04-01",7,4,"Lyft",44990,1463,43527,268.6,547.8,3174,489,0.0729,0.0112,19.42,13.89,32.18,0,0,109,109,202299.72,52414426,1447565.17
"2026-04-01",7,4,"Uber",125732,3301,122431,283,676.5,16159,5499,0.132,0.0449,20.19,14.27,34.17,3864,2408,175,175,603743.24,152281746,4296444.85
"2026-04-01",7,5,"Lyft",34742,1063,33679,267.8,568.9,2856,595,0.0848,0.0177,18.53,15.01,30.6,0,0,95,95,161073.55,38629510,1063057.91
"2026-04-01",7,5,"Uber",90240,2405,87835,274.6,660.7,11118,3477,0.1266,0.0396,19.49,15.72,33.31,3294,2181,132,132,460784.2,105511996,3005631.18
"2026-04-01",7,6,"Lyft",22520,594,21926,222.8,385.2,312,45,0.0142,0.0021,16.89,20.09,30.77,0,0,43,43,127374.79,22820465,692970.77
"2026-04-01",7,6,"Uber",54530,1031,53499,241.4,582.1,4878,1050,0.0912,0.0196,17.12,20.86,31.29,2580,1776,67,67,324691.86,56021726,1706334.57
"2026-04-01",7,7,"Lyft",19510,617,18893,242,436,536,83,0.0284,0.0044,16.2,20.93,30.87,0,0,38,38,110255.1,18959653,602278.17
"2026-04-01",7,7,"Uber",54110,1074,53035,262.6,633.3,6042,1651,0.1139,0.0311,17.01,22.01,31.84,2696,1865,37,37,337780.89,55240254,1722642.89
"2026-04-01",8,1,"Lyft",41201,1415,39786,264.6,516.7,2375,441,0.0597,0.0111,19.14,12.52,29.35,0,0,146,146,164503.19,47311213,1209093.76
"2026-04-01",8,1,"Uber",122155,2667,119488,263.5,624.1,13161,3901,0.1101,0.0326,19.88,13.32,30.62,3316,1954,267,267,539086.87,145673203,3740812.46
"2026-04-01",8,2,"Lyft",45579,1326,44253,259.9,525.8,2908,644,0.0657,0.0146,20.05,11.74,29.93,0,0,138,138,178696.01,54818157,1364151.77
"2026-04-01",8,2,"Uber",121084,2709,118375,254.5,593,11451,3055,0.0967,0.0258,19.91,12.36,32.2,3135,1733,306,306,496642.49,144664768,3899115.96
"2026-04-01",8,3,"Lyft",58758,1800,56958,264.9,525.3,3657,714,0.0642,0.0125,19.37,11.97,29.83,0,0,207,207,227094.53,68305277,1752866.38
"2026-04-01",8,3,"Uber",156396,3603,152793,259.3,599.1,15198,4222,0.0995,0.0276,19.4,12.57,32.19,3633,1874,378,378,635929.04,182067162,5034822.46
"2026-04-01",8,4,"Lyft",56581,1758,54823,262.1,524.9,3503,659,0.0639,0.012,19.16,12.31,30.12,0,0,187,187,222369.03,65043272,1704125.1
"2026-04-01",8,4,"Uber",156609,3522,153087,260.6,600.8,15350,4088,0.1003,0.0267,19.84,13.02,32.77,4210,2372,359,359,673865.84,186390614,5132775.35
"2026-04-01",8,5,"Lyft",43799,1258,42541,250.2,468.9,1787,318,0.042,0.0075,18.12,13.68,28.27,0,0,135,135,180943.73,47621262,1238201.29
"2026-04-01",8,5,"Uber",108677,2561,106116,247.2,584.2,9873,2509,0.093,0.0236,18.6,14.48,30.74,2976,1734,266,266,487790.92,121302732,3340857.35
"2026-04-01",8,6,"Lyft",27914,536,27378,216.5,373.2,341,50,0.0125,0.0018,16.68,17.87,28.67,0,0,89,89,138705.78,27944312,800174.59
"2026-04-01",8,6,"Uber",70428,969,69459,229.5,536,4987,948,0.0718,0.0136,16.9,18.68,29.37,2453,1574,95,95,370483.46,71396412,2068752.9
"2026-04-01",8,7,"Lyft",22585,540,22045,218.9,374.3,291,42,0.0132,0.0019,16.25,19.54,29.67,0,0,64,64,119490.55,22014022,670041.17
"2026-04-01",8,7,"Uber",63098,912,62186,234.5,551.5,4828,952,0.0776,0.0153,16.57,20.47,30.33,2387,1536,91,91,356690.81,62725120,1913974.72
"2026-04-01",9,1,"Lyft",34091,1418,32673,210.1,386,599,115,0.0183,0.0035,18.71,13.47,29.57,0,0,192,192,143152.06,38268836,1008044.85
"2026-04-01",9,1,"Uber",102560,2435,100125,226.1,531.2,7042,1585,0.0703,0.0158,19.26,14.15,30.96,2217,1165,428,428,465902.62,118502786,3175385.56
"2026-04-01",9,2,"Lyft",38736,1459,37277,217,414.5,1162,282,0.0312,0.0076,19.66,12.56,30.24,0,0,209,209,159472.66,45701848,1171561.11
"2026-04-01",9,2,"Uber",102273,2484,99789,226.6,528,6819,1519,0.0683,0.0152,19.81,13.05,32.63,2219,1077,492,492,440605.51,121568641,3336944.57
"2026-04-01",9,3,"Lyft",51350,1807,49543,222.2,427.5,1575,312,0.0318,0.0063,19.11,12.58,29.99,0,0,265,265,205661.64,58875704,1539993.94
"2026-04-01",9,3,"Uber",133263,3344,129919,224.8,517.2,8365,1802,0.0644,0.0139,19.35,13.13,32.49,2728,1275,610,610,564498.71,154741965,4329315.8
"2026-04-01",9,4,"Lyft",49933,1801,48132,218.4,412.6,1304,237,0.0271,0.0049,19.25,13.03,30.6,0,0,221,221,208788.49,57665324,1527890.65
"2026-04-01",9,4,"Uber",137594,3182,134412,226.4,524.7,9121,1961,0.0679,0.0146,19.65,13.43,32.38,3200,1671,538,538,604866.74,162184609,4455392.13
"2026-04-01",9,5,"Lyft",40082,1217,38865,210.8,381.6,591,93,0.0152,0.0024,18.24,14.19,29.06,0,0,220,220,172906.16,43867248,1164805.54
"2026-04-01",9,5,"Uber",99049,2250,96799,220.2,517.1,6310,1300,0.0652,0.0134,18.61,14.82,31.33,2211,1144,387,387,455288.5,110593985,3103194.77
"2026-04-01",9,6,"Lyft",33782,504,33278,219.4,380.5,432,47,0.013,0.0014,16.66,16.28,27.85,0,0,99,99,152701.47,33759348,940815.37
"2026-04-01",9,6,"Uber",85768,863,84905,226.9,519.8,5633,1149,0.0663,0.0135,16.87,16.96,28.71,2422,1462,198,198,409004.06,86827817,2462264.53
"2026-04-01",9,7,"Lyft",28132,443,27689,223.2,390.6,425,83,0.0153,0.003,16.01,17.99,28.43,0,0,96,96,135022.32,27025563,799813.7
"2026-04-01",9,7,"Uber",79864,783,79081,238,548.1,6084,1309,0.0769,0.0166,16.43,19,29.58,2163,1324,163,163,415439.44,78722527,2362374.63
"2026-04-01",10,1,"Lyft",28802,1074,27728,194.2,352.6,443,81,0.016,0.0029,19.82,14.29,31.67,0,0,206,206,135961.81,34256391,912285.76
"2026-04-01",10,1,"Uber",84031,1856,82174,214.9,509.6,4764,872,0.058,0.0106,19.87,14.64,33.33,1436,696,546,546,407476.52,100205620,2800517.94
"2026-04-01",10,2,"Lyft",30920,1138,29782,195.6,354,379,60,0.0127,0.002,20.05,13.41,31.49,0,0,271,271,138566.17,37205280,973534.23
"2026-04-01",10,2,"Uber",82680,1901,80779,212.1,497.4,4356,838,0.0539,0.0104,20.18,13.63,34.41,1311,555,608,608,378963.51,100102096,2844857.16
"2026-04-01",10,3,"Lyft",41301,1478,39823,196,355.7,529,94,0.0133,0.0024,20.02,13.39,31.64,0,0,303,303,184559.54,49602043,1306798.02
"2026-04-01",10,3,"Uber",108480,2593,105887,209.5,492.9,5598,1113,0.0529,0.0105,20.12,13.69,34.47,1596,660,731,731,497707.21,130927348,3739353.64
"2026-04-01",10,4,"Lyft",40937,1460,39477,195.2,356.8,528,94,0.0134,0.0024,20.17,13.61,32.38,0,0,261,261,187260.38,49548534,1325742.48
"2026-04-01",10,4,"Uber",115538,2559,112979,213,496.7,6274,1214,0.0555,0.0107,20.37,13.76,34.18,2071,949,705,705,539937.65,141238775,3948892.93
"2026-04-01",10,5,"Lyft",34202,991,33211,199,355.1,384,46,0.0116,0.0014,19.37,14.23,30.79,0,0,232,232,157073.9,39746654,1053190.67
"2026-04-01",10,5,"Uber",90590,1829,88761,213.9,493.6,4810,888,0.0542,0.01,19.78,14.63,33.33,1529,690,512,512,437141.32,107532177,3018931.91
"2026-04-01",10,6,"Lyft",36559,429,36130,221.2,389.6,596,87,0.0165,0.0024,17.41,15,28.34,0,0,134,134,159138.86,38195617,1036154.49
"2026-04-01",10,6,"Uber",96778,775,96003,225.1,516.1,6129,1251,0.0638,0.013,17.62,15.78,29.43,1905,1012,232,232,448349.86,102309999,2848163.86
"2026-04-01",10,7,"Lyft",33588,422,33166,231.5,414.1,759,135,0.0229,0.0041,16.59,16.78,28.63,0,0,110,110,155823.91,33437923,961600.79
"2026-04-01",10,7,"Uber",96154,746,95408,246.8,567.2,8159,1832,0.0855,0.0192,16.86,17.48,29.41,2034,1183,213,213,472383.47,97273856,2827650.97
"2026-04-01",11,1,"Lyft",27169,868,26301,194.9,353.6,386,67,0.0147,0.0025,20.43,14.24,32.36,0,0,212,212,131753.81,33306259,879225.43
"2026-04-01",11,1,"Uber",76135,1535,74600,213.6,509.7,4356,891,0.0584,0.0119,20.53,14.77,35.27,1154,445,558,558,384718.77,93797379,2685022.92
"2026-04-01",11,2,"Lyft",28701,919,27782,195.1,356.2,393,51,0.0141,0.0018,20.52,13.66,32.14,0,0,264,264,134155.64,35344354,922439.91
"2026-04-01",11,2,"Uber",77859,1567,76292,210.2,493.7,4045,748,0.053,0.0098,20.54,13.88,35.56,1077,375,625,625,369983.05,95951787,2768393.4
"2026-04-01",11,3,"Lyft",36706,1060,35646,195.3,354.9,472,80,0.0132,0.0022,20.45,13.54,32.58,0,0,310,310,169395.67,45039328,1195854.96
"2026-04-01",11,3,"Uber",102407,2131,100276,207.9,483.6,5058,949,0.0504,0.0095,20.87,13.87,36.09,1437,483,718,718,493908.52,128232898,3695678.17
"2026-04-01",11,4,"Lyft",38950,1142,37808,196.2,354.5,484,74,0.0128,0.002,20.88,13.33,32.89,0,0,331,331,180742.35,48797080,1281169.57
"2026-04-01",11,4,"Uber",106477,2091,104386,208,486.5,5347,1035,0.0512,0.0099,21.32,13.71,36.37,1650,667,711,711,518601.39,136205743,3872377.91
"2026-04-01",11,5,"Lyft",31918,760,31158,207.1,375.8,448,60,0.0144,0.0019,19.97,13.92,32.14,0,0,245,245,147903.59,38240688,1025803.35
"2026-04-01",11,5,"Uber",87782,1503,86279,220.3,514.7,5382,1131,0.0624,0.0131,20.49,14.4,34.75,1357,581,493,493,431744.3,107930047,3050824.83
"2026-04-01",11,6,"Lyft",38881,421,38460,228.6,411,832,128,0.0216,0.0033,18.34,13.78,28.95,0,0,132,132,163773.66,42780551,1125506.06
"2026-04-01",11,6,"Uber",105757,713,105044,231.8,525.1,7196,1566,0.0685,0.0149,18.94,14.49,30.57,2067,1185,276,276,483553.57,120175155,3233219.34
"2026-04-01",11,7,"Lyft",36188,381,35807,237.3,424.7,960,174,0.0268,0.0049,17.64,15.82,29.94,0,0,121,121,168322.84,38308659,1083558.69
"2026-04-01",11,7,"Uber",101441,643,100798,247.2,574.1,8941,2033,0.0887,0.0202,18.18,16.51,31.5,1984,1099,251,251,507529.39,110663103,3195413.82
"2026-04-01",12,1,"Lyft",27235,1007,26228,200.3,367.3,398,66,0.0152,0.0025,20.22,14.4,32.63,0,0,274,274,132200.9,33043993,888739.59
"2026-04-01",12,1,"Uber",76335,1687,74648,220.6,520.4,4709,953,0.0631,0.0128,20.64,14.81,35.3,1191,481,601,601,389010.2,94537804,2694975.93
"2026-04-01",12,2,"Lyft",27816,879,26937,199.6,362.7,429,82,0.0159,0.003,20.35,13.53,31.82,0,0,272,272,127653,33967613,885100.72
"2026-04-01",12,2,"Uber",77395,1664,75731,215.4,505.4,4401,893,0.0581,0.0118,20.67,14.08,35.89,1177,421,660,660,375403.38,95971063,2778023.22
"2026-04-01",12,3,"Lyft",36564,1235,35329,202.5,372.5,589,92,0.0167,0.0026,20.67,13.45,32.79,0,0,376,376,169423.98,45346539,1198785.09
"2026-04-01",12,3,"Uber",104048,2203,101845,215.2,501.4,5747,1192,0.0564,0.0117,21.24,13.84,36.46,1413,491,801,801,509931.76,132621617,3793088.31
"2026-04-01",12,4,"Lyft",39139,1228,37911,203.6,372.8,610,112,0.0161,0.003,21.13,13.47,33.54,0,0,328,328,185743.3,49631427,1312844.53
"2026-04-01",12,4,"Uber",107977,2214,105763,214.1,499.5,5998,1157,0.0567,0.0109,21.8,13.8,37.33,1673,656,859,859,541256.27,141245702,4031149.76
"2026-04-01",12,5,"Lyft",32550,859,31691,228.7,413.9,718,104,0.0227,0.0033,20.13,13.7,32.54,0,0,278,278,149663.17,39315294,1059304.91
"2026-04-01",12,5,"Uber",90420,1467,88952,239,561.6,7349,1703,0.0826,0.0191,20.96,14.18,35.08,1483,674,528,528,448087.39,113727421,3171618.1
"2026-04-01",12,6,"Lyft",39273,372,38901,243.6,443.7,1243,230,0.032,0.0059,18.78,12.82,29.44,0,0,150,150,157648.91,44262657,1156107.02
"2026-04-01",12,6,"Uber",109993,675,109317,241.2,556.8,8891,2087,0.0813,0.0191,19.78,13.66,31.45,2128,1162,313,313,495312.02,130551716,3459004.82
"2026-04-01",12,7,"Lyft",37812,364,37448,255.3,476.3,1572,299,0.042,0.008,18.14,14.4,30.22,0,0,150,150,164620.52,41148199,1142595.3
"2026-04-01",12,7,"Uber",107717,690,107027,259.2,599.1,10633,2676,0.0993,0.025,19.07,15.14,32.62,2066,1101,286,286,518201.14,123253653,3513411.85
"2026-04-01",13,1,"Lyft",27858,861,26997,209.3,376,434,77,0.0161,0.0029,20.69,14.01,32.85,0,0,268,268,134630.92,34584052,915074.95
"2026-04-01",13,1,"Uber",81082,1422,79659,224.3,527.6,5446,1113,0.0684,0.014,20.97,14.37,35.27,1308,514,617,617,407197.64,102014901,2859822.47
"2026-04-01",13,2,"Lyft",28738,884,27854,207.8,377.5,486,91,0.0174,0.0033,20.47,13.38,32.16,0,0,292,292,131193.16,35292280,924199.36
"2026-04-01",13,2,"Uber",82816,1460,81356,220.7,519.4,5274,1121,0.0648,0.0138,20.94,13.84,35.82,1322,489,719,719,399901.6,104052432,2966695.35
"2026-04-01",13,3,"Lyft",37915,1146,36769,211,386.2,697,136,0.019,0.0037,21.13,13.32,33.58,0,0,383,383,177805.81,48068937,1273293.35
"2026-04-01",13,3,"Uber",108400,1965,106434,220.4,518.7,6827,1413,0.0641,0.0133,21.58,13.63,36.85,1570,579,832,832,531493.54,140377120,3994773.16
"2026-04-01",13,4,"Lyft",40484,1079,39405,212.1,388.2,710,126,0.018,0.0032,21.56,13.18,34.27,0,0,341,341,191690.35,52366256,1387376.15
"2026-04-01",13,4,"Uber",113014,2043,110971,221,515.5,7067,1475,0.0637,0.0133,22.33,13.5,37.99,1980,861,841,841,567796.2,151435508,4293659.89
"2026-04-01",13,5,"Lyft",33266,666,32600,253.1,461.1,1102,191,0.0338,0.0059,20.55,13.16,32.76,0,0,267,267,149914.59,41015259,1089870.54
"2026-04-01",13,5,"Uber",96091,1297,94791,253,589.1,9034,2386,0.0953,0.0252,21.46,13.6,35.17,1864,940,580,580,467210.42,123718791,3379540.16
"2026-04-01",13,6,"Lyft",39941,353,39588,251.6,458,1347,226,0.034,0.0057,19.17,12.38,29.82,0,0,169,169,157984.62,45933293,1190959.04
"2026-04-01",13,6,"Uber",113328,642,112686,250.2,579.8,10214,2591,0.0906,0.023,20.41,13.2,32.04,2342,1371,336,336,508870.96,138812482,3631294.99
"2026-04-01",13,7,"Lyft",37762,371,37391,271.7,501.2,1945,384,0.052,0.0103,19.37,13.57,31.72,0,0,172,172,165476.2,43886982,1197694.74
"2026-04-01",13,7,"Uber",110051,599,109452,273.4,634.4,12589,3458,0.115,0.0316,20.66,14.44,33.91,2120,1183,288,288,547329.66,136427370,3731385.36
"2026-04-01",14,1,"Lyft",31513,748,30765,220.7,409.8,699,115,0.0227,0.0037,21.58,12.96,33.1,0,0,270,270,146853.87,40795942,1043045.04
"2026-04-01",14,1,"Uber",89810,1118,88692,234.9,562.5,7339,1644,0.0827,0.0185,22.14,13.36,36.1,1561,692,616,616,442725.74,119307148,3242184.83
"2026-04-01",14,2,"Lyft",31934,705,31229,217.5,406.5,703,115,0.0225,0.0037,21.4,12.36,32.39,0,0,290,290,140833.13,41006218,1034273.25
"2026-04-01",14,2,"Uber",92215,1200,91015,229.8,539.2,6644,1572,0.073,0.0173,22.06,12.72,36.16,1651,695,740,740,431327.13,122042017,3334895.69
"2026-04-01",14,3,"Lyft",42180,924,41256,222,413,949,175,0.023,0.0042,22.15,12.24,33.8,0,0,372,372,190549.54,56049206,1425503.88
"2026-04-01",14,3,"Uber",121213,1597,119616,230.7,541.7,8985,2071,0.0751,0.0173,22.86,12.58,37.12,1986,856,812,812,581173.35,166290406,4499681.26
"2026-04-01",14,4,"Lyft",42677,892,41785,220.1,420,1033,159,0.0247,0.0038,22.62,12.23,34.68,0,0,339,339,196810.96,57917037,1480058.45
"2026-04-01",14,4,"Uber",126013,1576,124437,230.8,533.3,8919,2115,0.0717,0.017,23.9,12.48,38.61,2484,1254,838,838,626450.85,180739202,4865853.77
"2026-04-01",14,5,"Lyft",36493,594,35899,265.7,529.8,2403,484,0.0669,0.0135,21.2,11.81,32.1,0,0,262,262,152269.72,46410251,1171332.85
"2026-04-01",14,5,"Uber",108336,1080,107255,262.7,618.7,11588,3224,0.108,0.0301,22.8,12.25,35.51,2292,1257,548,548,504129.84,148205417,3847413.19
"2026-04-01",14,6,"Lyft",42128,331,41797,249.3,468.4,1626,329,0.0389,0.0079,19.7,12.18,30.3,0,0,163,163,168447.25,49794538,1276558.49
"2026-04-01",14,6,"Uber",117276,550,116726,252.1,593.2,11292,3054,0.0967,0.0262,21.05,13.03,32.36,2786,1710,311,311,536215.99,148092873,3794507.2
"2026-04-01",14,7,"Lyft",38997,369,38628,275.2,515.7,2164,417,0.056,0.0108,19.52,12.79,31.64,0,0,195,195,162248.74,45679982,1233737.97
"2026-04-01",14,7,"Uber",115184,530,114654,285.6,660.3,14498,4096,0.1265,0.0357,21.69,13.87,34.99,2709,1676,279,279,577538.95,149903400,4029967.43
"2026-04-01",15,1,"Lyft",30595,521,30074,216.6,402.9,602,106,0.02,0.0035,22.15,12.14,33.56,0,0,210,210,137161.71,40663747,1026849.66
"2026-04-01",15,1,"Uber",91860,818,91042,231.5,548,6979,1589,0.0767,0.0175,22.91,12.6,36.67,1642,772,464,464,441808.4,126254118,3368139.46
"2026-04-01",15,2,"Lyft",33062,574,32488,219,413.9,856,158,0.0263,0.0049,22.09,11.78,33.22,0,0,264,264,143342.21,43810861,1098215.96
"2026-04-01",15,2,"Uber",94039,860,93179,226.4,541.5,6814,1561,0.0731,0.0168,22.67,12.11,36.9,1738,862,543,543,430348.66,127902985,3469985.49
"2026-04-01",15,3,"Lyft",42174,682,41492,224.1,431.3,1320,245,0.0318,0.0059,23.2,11.57,35.05,0,0,317,317,188618.69,58712796,1478192.23
"2026-04-01",15,3,"Uber",126248,1231,125017,229.6,547,9599,2326,0.0768,0.0186,23.93,11.93,38.32,2185,1021,667,667,600863.67,181246265,4837261.1
"2026-04-01",15,4,"Lyft",43227,710,42517,225,434.6,1365,279,0.0321,0.0066,23.55,11.43,35.3,0,0,277,277,193935.59,61073237,1525726.19
"2026-04-01",15,4,"Uber",129847,1300,128547,230.6,533.8,9215,2315,0.0717,0.018,25.05,11.86,39.58,2567,1262,703,703,643202.48,195177298,5139188.27
"2026-04-01",15,5,"Lyft",37164,434,36730,240.3,477.6,1717,356,0.0467,0.0097,21.66,11.34,32.76,0,0,240,240,152202.92,48307905,1217338.26
"2026-04-01",15,5,"Uber",106826,842,105983,246.5,592.4,10209,2837,0.0963,0.0268,23.6,12.01,36.22,2426,1326,447,447,504666.73,151267720,3869624.34
"2026-04-01",15,6,"Lyft",43483,246,43237,243.2,460.8,1668,326,0.0386,0.0075,20.04,11.87,30.42,0,0,161,161,172423.39,52277931,1322760.24
"2026-04-01",15,6,"Uber",123853,515,123338,246.4,575.6,11008,2712,0.0893,0.022,21.36,12.64,32.24,3133,1943,341,341,557250.49,158719637,3992619.04
"2026-04-01",15,7,"Lyft",38828,334,38494,248.1,453.9,1332,250,0.0346,0.0065,20.13,13.04,32.14,0,0,151,151,169972.05,46906882,1247936.72
"2026-04-01",15,7,"Uber",111571,534,111037,261.1,607,11468,2914,0.1033,0.0262,21.83,13.93,35,2861,1736,271,271,565413.16,146161810,3904747.03
"2026-04-01",16,1,"Lyft",30191,395,29796,213.8,400.4,655,110,0.022,0.0037,22.45,11.72,33.76,0,0,175,175,132384.72,40672767,1019210.2
"2026-04-01",16,1,"Uber",95577,709,94868,229.7,557.1,7630,1805,0.0804,0.019,22.89,12.17,35.64,1908,900,411,411,443622.89,131243191,3406547.44
"2026-04-01",16,2,"Lyft",33554,449,33105,212.2,400.3,738,118,0.0223,0.0036,21.83,11.58,33.15,0,0,205,205,141383.05,43958404,1112228.77
"2026-04-01",16,2,"Uber",97535,818,96717,221.3,526.1,6513,1437,0.0673,0.0149,22.15,11.91,35.91,1948,937,460,460,428648.92,129601614,3502513.36
"2026-04-01",16,3,"Lyft",43288,598,42690,218.2,413.4,1139,213,0.0267,0.005,23.16,11.32,35.12,0,0,274,274,189131.3,60155914,1520468.8
"2026-04-01",16,3,"Uber",130617,1149,129468,225,529,8931,2065,0.069,0.0159,23.65,11.62,37.58,2472,1222,542,542,598117.93,185369466,4909034.3
"2026-04-01",16,4,"Lyft",43985,577,43408,220,435.6,1487,286,0.0343,0.0066,23.55,11.19,35.61,0,0,253,253,193266.24,62157988,1566173.7
"2026-04-01",16,4,"Uber",136579,1272,135306,228.2,530.9,9530,2255,0.0704,0.0167,24.75,11.5,38.73,2994,1544,523,523,647611.83,202783693,5290022.22
"2026-04-01",16,5,"Lyft",42001,475,41526,231.2,454.8,1642,315,0.0395,0.0076,21.7,11.13,31.82,0,0,251,251,169127.3,54683892,1336344.52
"2026-04-01",16,5,"Uber",110015,801,109214,232.8,543.1,8206,2005,0.0751,0.0184,22.9,11.99,35.05,2704,1502,421,421,503323.81,151176336,3855970.44
"2026-04-01",16,6,"Lyft",45398,333,45065,239.3,459,1762,388,0.0391,0.0086,20.05,11.44,30.54,0,0,191,191,173615.4,54622430,1386417.03
"2026-04-01",16,6,"Uber",128468,624,127844,243.2,570.5,11052,2645,0.0864,0.0207,21.52,12.45,32.87,3096,1978,283,283,573424.67,165869729,4222195.08
"2026-04-01",16,7,"Lyft",34709,347,34362,225.9,418.5,917,175,0.0267,0.0051,20.01,13.56,32.44,0,0,133,133,156949.68,41663735,1126011.78
"2026-04-01",16,7,"Uber",107852,514,107338,244.6,576,9539,2172,0.0889,0.0202,21.41,14.44,34.24,2651,1591,257,257,555672.44,138571542,3692541.93
"2026-04-01",17,1,"Lyft",32683,374,32309,215.3,401.1,664,113,0.0206,0.0035,20.49,11.82,31.39,0,0,185,185,131919.47,40174187,1025930.98
"2026-04-01",17,1,"Uber",103420,641,102779,230.2,546.5,7814,1699,0.076,0.0165,20.94,12.48,33.17,2142,1062,302,302,450484.95,129922559,3430646.07
"2026-04-01",17,2,"Lyft",37187,405,36782,218,412.7,905,133,0.0246,0.0036,20.48,11.47,31.45,0,0,190,190,145604.71,45690989,1169699.38
"2026-04-01",17,2,"Uber",111294,758,110536,226.2,534.2,7877,1752,0.0713,0.0159,20.69,11.93,33.63,2272,1128,338,338,458065.78,138189834,3742726.04
"2026-04-01",17,3,"Lyft",47916,524,47392,225.2,435.7,1597,322,0.0337,0.0068,21.39,11.19,32.68,0,0,239,239,191079.53,61482150,1565983.49
"2026-04-01",17,3,"Uber",146522,1001,145521,229.9,537.9,10627,2499,0.073,0.0172,21.87,11.63,35.01,2819,1363,467,467,621008.63,192226293,5129148.15
"2026-04-01",17,4,"Lyft",47746,519,47227,228.1,452.5,1861,386,0.0394,0.0082,21.57,11.02,33.44,0,0,244,244,189168.23,61784521,1596790.64
"2026-04-01",17,4,"Uber",155668,1123,154545,238.5,552.1,12223,2990,0.0791,0.0193,22.79,11.51,35.78,3432,1863,478,478,680467.19,212863382,5569858.1
"2026-04-01",17,5,"Lyft",47335,439,46896,233.1,448.1,1639,328,0.0349,0.007,21.04,11.4,31.2,0,0,213,213,189157.81,59757603,1476716.96
"2026-04-01",17,5,"Uber",118814,765,118049,232.8,544.3,8954,2193,0.0758,0.0186,21.54,12.24,33.02,2883,1629,290,290,521915.45,153542541,3922862.73
"2026-04-01",17,6,"Lyft",53698,366,53332,257.3,496.3,2796,562,0.0524,0.0105,20.44,11.45,30.58,0,0,182,182,209398.42,65841746,1642137.09
"2026-04-01",17,6,"Uber",137339,559,136779,253.3,593.4,13225,3122,0.0967,0.0228,20.92,12.33,32.42,3040,1979,318,318,590384.46,172422551,4452959.24
"2026-04-01",17,7,"Lyft",36283,275,36008,222.7,411,1049,267,0.0291,0.0074,20,14.13,31.48,0,0,128,128,170839.39,43538803,1142169.14
"2026-04-01",17,7,"Uber",101290,446,100844,240.7,577.9,8966,2231,0.0889,0.0221,20.52,14.96,33.21,2182,1237,260,260,518375.01,124717419,3363430.16
"2026-04-01",18,1,"Lyft",33538,276,33262,201.8,371.6,572,100,0.0172,0.003,18.13,13.48,29.64,0,0,153,153,136595.65,36485211,994168.37
"2026-04-01",18,1,"Uber",101386,459,100927,221.1,535.3,7013,1414,0.0695,0.014,18.67,14.23,31.95,1890,915,221,221,448798.89,113574513,3239219.76
"2026-04-01",18,2,"Lyft",37743,276,37467,201.9,371.8,562,83,0.015,0.0022,18.21,13.09,29.88,0,0,149,149,149962.74,41228550,1127573.77
"2026-04-01",18,2,"Uber",113321,562,112759,216.1,511.9,6835,1358,0.0606,0.012,18.47,13.39,31.9,2076,969,227,227,467356.6,125612053,3615038.47
"2026-04-01",18,3,"Lyft",47497,372,47125,206.5,394.6,1191,239,0.0253,0.0051,19.11,12.54,30.97,0,0,193,193,189624.31,54454933,1471186.58
"2026-04-01",18,3,"Uber",145969,635,145333,221,517.2,9172,1898,0.0631,0.0131,19.67,13.11,33.12,2430,1138,357,357,627534.48,172265179,4835178.81
"2026-04-01",18,4,"Lyft",52366,426,51940,218,425.6,1662,361,0.032,0.007,19.45,12.34,31.22,0,0,230,230,209497.54,61113804,1634954.31
"2026-04-01",18,4,"Uber",157351,725,156626,227,521.7,10152,2059,0.0648,0.0131,20.36,12.94,34.05,3054,1570,372,372,690968.05,192249961,5358124.55
"2026-04-01",18,5,"Lyft",52210,368,51842,223.2,416.1,1291,192,0.0249,0.0037,19.69,12.35,30.38,0,0,176,176,211543.17,61680723,1586379.43
"2026-04-01",18,5,"Uber",128331,553,127778,228.3,539.7,9346,1942,0.0731,0.0152,19.8,13.01,31.75,2468,1354,299,299,550973.71,152463113,4074899.6
"2026-04-01",18,6,"Lyft",57313,404,56909,247.8,458,1957,300,0.0344,0.0053,20.13,11.66,30.06,0,0,197,197,224099.28,69212082,1722754.93
"2026-04-01",18,6,"Uber",141116,552,140564,251.5,582.6,12982,2949,0.0924,0.021,20.29,12.55,31.53,2950,1949,294,294,598853.78,171806792,4448964.67
"2026-04-01",18,7,"Lyft",38425,292,38133,217,401.6,1057,308,0.0277,0.0081,19.31,14.67,30.53,0,0,163,163,181490.2,44530040,1173033.95
"2026-04-01",18,7,"Uber",97751,359,97392,241.6,600,9704,2582,0.0996,0.0265,19.62,15.58,32.55,2055,1185,238,238,497997.18,115085276,3181394.5
"2026-04-01",19,1,"Lyft",31298,207,31091,194.5,364.8,592,120,0.019,0.0039,17.4,16.05,29.56,0,0,111,111,145638.14,32668154,925292.65
"2026-04-01",19,1,"Uber",92389,308,92081,213.3,545.7,7032,1426,0.0764,0.0155,17.32,16.27,31.31,1700,846,168,168,434024.86,96012098,2892359.88
"2026-04-01",19,2,"Lyft",35396,184,35212,192,350.2,502,96,0.0143,0.0027,17.7,15.47,29.8,0,0,113,113,161523.82,37585221,1054915.48
"2026-04-01",19,2,"Uber",102720,331,102388,205.6,501.9,5898,1038,0.0576,0.0101,17.58,15.77,32.48,1940,897,164,164,474657.55,108322089,3336684.23
"2026-04-01",19,3,"Lyft",45557,258,45299,193.8,354.8,654,136,0.0144,0.003,18.5,14.74,31.08,0,0,146,146,206993.11,50566196,1415909.6
"2026-04-01",19,3,"Uber",134017,495,133522,209.6,511.9,8211,1611,0.0615,0.0121,18.58,15.15,33.27,2321,1073,248,248,628713.29,149374025,4458343.42
"2026-04-01",19,4,"Lyft",50275,286,49989,197.3,362,696,130,0.0139,0.0026,18.76,14.24,30.33,0,0,171,171,223803.27,56580984,1524845.5
"2026-04-01",19,4,"Uber",144313,468,143845,213.8,510.4,8696,1564,0.0605,0.0109,19.12,14.78,33.36,2688,1371,246,246,679669.7,165573143,4814664.69
"2026-04-01",19,5,"Lyft",53543,255,53288,218.1,395,948,148,0.0178,0.0028,18.91,13.22,29.21,0,0,152,152,223209.75,60765731,1563837.27
"2026-04-01",19,5,"Uber",128044,384,127660,223.1,530.5,8969,1747,0.0703,0.0137,18.53,13.67,29.88,2601,1488,203,203,540590.8,142352153,3825697.29
"2026-04-01",19,6,"Lyft",57179,267,56912,261.7,485.9,2451,371,0.0431,0.0065,19.51,11.99,29.57,0,0,137,137,222853.28,66916928,1690681.67
"2026-04-01",19,6,"Uber",146358,364,145994,264.5,623.3,16055,3893,0.11,0.0267,19.61,12.74,30.28,3249,2136,210,210,609526.11,172229123,4432275.62
"2026-04-01",19,7,"Lyft",36601,189,36412,223.3,426.6,1171,298,0.0322,0.0082,18.78,15.23,29.57,0,0,126,126,174386.61,41232553,1082289.69
"2026-04-01",19,7,"Uber",96516,249,96267,255.2,653.7,12034,3389,0.125,0.0352,19.18,16.12,31.07,2188,1265,164,164,497275.77,111047667,2998768.28
"2026-04-01",20,1,"Lyft",30500,143,30357,207.3,396.7,942,236,0.031,0.0078,17.75,17.01,30.86,0,0,95,95,153497.79,32481681,941128.93
"2026-04-01",20,1,"Uber",96640,204,96436,224.7,584.7,8989,2194,0.0932,0.0228,17.78,17.32,33.42,2104,1142,144,144,495955.18,103077623,3229437.02
"2026-04-01",20,2,"Lyft",35159,192,34967,202.2,368.2,604,105,0.0173,0.003,18.25,16.88,31.98,0,0,94,94,180566.05,38505690,1124306.84
"2026-04-01",20,2,"Uber",106290,228,106062,218.9,536.7,7647,1443,0.0721,0.0136,18.15,17.17,35.82,2225,1161,141,141,552032.16,115761958,3807381.5
"2026-04-01",20,3,"Lyft",46685,210,46475,200.8,371,774,113,0.0167,0.0024,18.75,16.37,32.93,0,0,147,147,238854.38,52515748,1537471.38
"2026-04-01",20,3,"Uber",137011,320,136690,218.5,531.7,9413,1691,0.0689,0.0124,18.94,16.74,36.57,2695,1526,215,215,724161.19,155711536,5009980.63
"2026-04-01",20,4,"Lyft",50666,255,50411,203.4,376.5,949,196,0.0188,0.0039,19.34,15.68,32.38,0,0,169,169,256106.53,58790114,1640340.67
"2026-04-01",20,4,"Uber",146551,337,146214,219.1,540.4,10815,2219,0.074,0.0152,19.49,15.95,35.64,3097,1831,219,219,759205.48,171369124,5222360.64
"2026-04-01",20,5,"Lyft",49132,188,48944,213.6,391.5,875,145,0.0179,0.003,18.68,13.86,29.13,0,0,118,118,212002.33,55075517,1431135.98
"2026-04-01",20,5,"Uber",124002,248,123754,224.2,537.9,8972,1809,0.0725,0.0146,18.55,14.24,29.55,3121,1935,171,171,545908.18,138020029,3663893.11
"2026-04-01",20,6,"Lyft",56297,214,56083,257.6,477,2240,336,0.0399,0.006,18.71,12.84,28.95,0,0,143,143,225355.84,63189008,1629595.73
"2026-04-01",20,6,"Uber",146690,285,146405,266.6,637.1,17037,4439,0.1164,0.0303,18.83,13.54,28.97,4194,2922,183,183,623272.42,165702217,4249129.34
"2026-04-01",20,7,"Lyft",36556,180,36376,239.8,470.9,1686,393,0.0463,0.0108,18.28,15.93,29.58,0,0,136,136,177377.03,40088738,1081492.43
"2026-04-01",20,7,"Uber",99256,185,99071,272.4,701.4,14701,4157,0.1484,0.042,18.5,16.51,29.81,2742,1724,137,137,505288.53,110170244,2958339.71
"2026-04-01",21,1,"Lyft",30358,133,30225,224.9,438.9,1265,344,0.0419,0.0114,17.76,17.6,31.99,0,0,84,84,158098.84,32344190,971288.57
"2026-04-01",21,1,"Uber",92237,173,92064,249.5,632.8,10616,2737,0.1153,0.0297,17.93,17.84,34.43,2414,1506,115,115,491804.91,99216772,3176125.16
"2026-04-01",21,2,"Lyft",36960,147,36813,232,454.8,1559,336,0.0423,0.0091,18.32,17.41,33.23,0,0,107,107,196425.39,40616975,1228203.32
"2026-04-01",21,2,"Uber",102976,221,102755,252.8,609.3,10721,2211,0.1043,0.0215,18.49,17.97,38.67,2647,1661,123,123,570250.33,114243670,3981800.16
"2026-04-01",21,3,"Lyft",46379,225,46154,226.5,453.5,2030,460,0.044,0.01,18.85,16.64,33.64,0,0,142,142,242382.64,52451302,1560175.58
"2026-04-01",21,3,"Uber",138997,309,138688,251.3,616.4,14898,3430,0.1074,0.0247,19.55,17.17,38.77,3274,2121,153,153,777693.44,163040352,5388805.93
"2026-04-01",21,4,"Lyft",51914,252,51662,219.8,424.7,1865,478,0.0361,0.0093,19.87,16.09,33.99,0,0,170,170,276531.75,61878730,1764540.77
"2026-04-01",21,4,"Uber",145089,325,144764,239.3,598.1,14323,3389,0.0989,0.0234,20.26,16.55,38.2,3725,2472,188,188,810468.71,176343112,5542894.04
"2026-04-01",21,5,"Lyft",47118,198,46920,213.2,395.3,1049,178,0.0224,0.0038,18.98,14.75,30.72,0,0,133,133,219840.34,53653816,1447604.13
"2026-04-01",21,5,"Uber",120261,235,120025,230.5,567.8,10236,2225,0.0853,0.0185,18.69,15.22,31.06,3454,2314,152,152,570304.49,134891054,3735510.89
"2026-04-01",21,6,"Lyft",56462,184,56278,259.3,473.3,2279,367,0.0405,0.0065,18.96,13.68,30.07,0,0,123,123,244193.43,64238424,1697701.83
"2026-04-01",21,6,"Uber",144427,276,144151,270.2,639.6,17073,4154,0.1184,0.0288,18.91,14.39,29.68,4647,3459,160,160,654952.12,163862339,4286086.36
"2026-04-01",21,7,"Lyft",36569,148,36421,250,512.3,2448,832,0.0672,0.0228,18.01,17.07,30.73,0,0,92,92,187377.33,39517011,1123900.22
"2026-04-01",21,7,"Uber",92960,154,92806,282.1,736.8,15430,4652,0.1663,0.0501,17.91,17.38,29.89,3107,2143,110,110,482410.5,99914329,2778991.32
"2026-04-01",22,1,"Lyft",27936,116,27820,237.4,472.1,1509,522,0.0542,0.0188,17.7,17.82,31.64,0,0,57,57,146851.99,29670537,883915.44
"2026-04-01",22,1,"Uber",81736,148,81587,261.7,675,11129,3064,0.1364,0.0376,17.72,18.16,32.52,2834,1910,101,101,438547.93,86914230,2658354.22
"2026-04-01",22,2,"Lyft",35492,128,35364,248,497.2,1995,373,0.0564,0.0105,18.06,17.21,32.15,0,0,76,76,183846.69,38453845,1141077.9
"2026-04-01",22,2,"Uber",94691,215,94476,266.5,640.9,11401,2551,0.1207,0.027,18.38,18.11,37.09,3268,2322,102,102,525102.06,104400832,3511733.55
"2026-04-01",22,3,"Lyft",45563,195,45368,250.5,507.2,2902,705,0.064,0.0155,18.67,16.58,33.22,0,0,110,110,235105.64,51052992,1513572.63
"2026-04-01",22,3,"Uber",131658,262,131396,270.5,660.2,17134,4077,0.1304,0.031,19.24,17.27,37.06,4001,2811,127,127,729316.08,151994687,4879314.89
"2026-04-01",22,4,"Lyft",52915,187,52728,253.1,523.6,3696,1102,0.0701,0.0209,19.58,15.83,33.91,0,0,114,114,273369.72,62161713,1794325.46
"2026-04-01",22,4,"Uber",140370,289,140081,271.5,672.8,18816,5238,0.1343,0.0374,20.53,16.76,39.06,4714,3399,185,185,805221.31,172948421,5482999.89
"2026-04-01",22,5,"Lyft",50844,179,50665,240.8,454.8,2101,449,0.0415,0.0089,20.26,14.47,32.18,0,0,120,120,248327.13,61802283,1636146.77
"2026-04-01",22,5,"Uber",128435,267,128168,252.8,621.6,14068,3366,0.1098,0.0263,19.59,15.06,32.02,4605,3370,139,139,631393.78,150967641,4112452.14
"2026-04-01",22,6,"Lyft",55617,163,55454,287.1,528.7,3474,635,0.0626,0.0115,19.1,13.84,31.54,0,0,101,101,245036.69,63743480,1754030.83
"2026-04-01",22,6,"Uber",149868,315,149552,305.1,714.9,23311,6341,0.1559,0.0424,19.48,14.73,31.79,5609,4317,139,139,716612.68,175123373,4764573.29
"2026-04-01",22,7,"Lyft",32908,144,32764,256.2,540.3,2544,951,0.0776,0.029,17.67,17.93,30.66,0,0,84,84,173716.52,34886126,1009073.15
"2026-04-01",22,7,"Uber",85320,146,85174,304.3,773.9,15956,5169,0.1873,0.0607,17.35,18.36,28.4,3497,2498,103,103,452918.19,88814344,2423359.63
"2026-04-01",23,1,"Lyft",23047,118,22929,238.5,479,1291,332,0.0563,0.0145,17.31,18.18,30.94,0,0,48,48,120891.2,23935842,713066.2
"2026-04-01",23,1,"Uber",68924,136,68787,272.2,703.3,10575,2823,0.1537,0.041,17.42,18.69,31.05,2855,1960,49,49,373978.68,72023121,2139861.34
"2026-04-01",23,2,"Lyft",26878,88,26790,229.1,452.7,1211,247,0.0452,0.0092,17.25,17.51,30.55,0,0,54,54,135295.02,27821135,821105.39
"2026-04-01",23,2,"Uber",75477,154,75323,260.8,657,9714,2222,0.129,0.0295,17.62,18.44,32.62,3169,2316,57,57,408593.44,79778346,2462105.53
"2026-04-01",23,3,"Lyft",38435,151,38284,237.1,472.4,1935,396,0.0505,0.0103,17.47,17.01,31.06,0,0,84,84,190376.7,40290644,1193812.72
"2026-04-01",23,3,"Uber",110781,235,110546,263.6,673,14945,3540,0.1352,0.032,17.98,17.77,32.39,4623,3351,100,100,589942.3,119543069,3588242.66
"2026-04-01",23,4,"Lyft",45330,184,45146,240.3,458.3,1921,439,0.0426,0.0097,18.49,16.27,32.28,0,0,99,99,227226.5,50280633,1463462.66
"2026-04-01",23,4,"Uber",117617,232,117385,262.9,657.2,15051,3563,0.1282,0.0304,19.3,17.22,35.14,4959,3636,95,95,651382.02,136170753,4133290.15
"2026-04-01",23,5,"Lyft",47526,155,47371,263.3,498.3,2426,391,0.0512,0.0083,19.21,14.61,31.66,0,0,94,94,222264.55,54769802,1504685.44
"2026-04-01",23,5,"Uber",125079,236,124843,282.7,671.4,16944,3888,0.1357,0.0311,19.33,15.63,32.47,5583,4360,76,76,629998.31,145094635,4060836.81
"2026-04-01",23,6,"Lyft",51008,143,50865,317.9,604,5193,1063,0.1021,0.0209,17.75,14.13,31.24,0,0,91,91,213208.97,54336145,1593348.9
"2026-04-01",23,6,"Uber",147479,270,147209,338.7,782.4,28934,8503,0.1966,0.0578,19.21,15.54,33.33,6398,4958,123,123,734044.52,170022172,4915424.94
"2026-04-01",23,7,"Lyft",26355,117,26238,245.2,519.6,1834,601,0.0699,0.0229,16.99,18.86,29.88,0,0,65,65,140735.26,26859624,787599.14
"2026-04-01",23,7,"Uber",70911,161,70750,306.4,770.6,13595,4038,0.1922,0.0571,17.06,19.44,27.67,3520,2489,70,70,391907.67,72566834,1961949.21
